variant_id,source_kb_id,category,subcategory,original_question,variant_question,review_status,review_notes
v1,1,حيض جي صحت ۽ مدت,سائيڪل جي بنياديات ۽ ڇا عام آهي,حيض جي چڪر ڇا آهي؟,ماهواري ڇا هوندي آهي؟,auto_ok,genuine reword - ماهواري vocabulary - needs native-speaker review
v2,1,حيض جي صحت ۽ مدت,سائيڪل جي بنياديات ۽ ڇا عام آهي,حيض جي چڪر ڇا آهي؟,عورت جي ماهواري جو مطلب ڪهڙو آهي؟,auto_ok,genuine reword - ماهواري vocabulary - needs native-speaker review
v3,2,حيض جي صحت ۽ مدت,سائيڪل جي بنياديات ۽ ڇا عام آهي,هڪ عام حيض وارو چڪر ڪيترو ڊگهو آهي؟,ماهواري جو چڪر عام طور ڪيترن ڏينهن جو هوندو آهي؟,auto_ok,genuine reword - ماهواري vocabulary - needs native-speaker review
v4,2,حيض جي صحت ۽ مدت,سائيڪل جي بنياديات ۽ ڇا عام آهي,هڪ عام حيض وارو چڪر ڪيترو ڊگهو آهي؟,ماهواري ڪيترا ڏينهن بعد ٻيهر ايندي آهي؟,auto_ok,genuine reword - ماهواري vocabulary - needs native-speaker review
v5,3,حيض جي صحت ۽ مدت,سائيڪل جي بنياديات ۽ ڇا عام آهي,هڪ عرصو عام طور تي ڪيترا ڏينهن گذري ٿو؟,ماهواري ڪيترا ڏينهن هلندي آهي؟,auto_ok,genuine reword - ماهواري vocabulary - needs native-speaker review
v6,3,حيض جي صحت ۽ مدت,سائيڪل جي بنياديات ۽ ڇا عام آهي,هڪ عرصو عام طور تي ڪيترا ڏينهن گذري ٿو؟,عام طور ماهواري ڪيترن ڏينهن ۾ ختم ٿي ويندي آهي؟,auto_ok,genuine reword - ماهواري vocabulary - needs native-speaker review
v7,4,حيض جي صحت ۽ مدت,سائيڪل جي بنياديات ۽ ڇا عام آهي,هڪ دور ۾ توهان ڪيترو رت وڃائي ڇڏيو آهي؟,ماهواري ۾ ڪيترو رت وڃائجي ٿو؟,auto_ok,genuine reword - ماهواري vocabulary - needs native-speaker review
v8,4,حيض جي صحت ۽ مدت,سائيڪل جي بنياديات ۽ ڇا عام آهي,هڪ دور ۾ توهان ڪيترو رت وڃائي ڇڏيو آهي؟,هڪ ماهواري ۾ رت جي مقدار ڪيتري هوندي آهي؟,auto_ok,genuine reword - ماهواري vocabulary - needs native-speaker review
v9,5,حيض جي صحت ۽ مدت,سائيڪل جي بنياديات ۽ ڇا عام آهي,ڇا اهو عام آهي چڪر جي ڊيگهه لاءِ مهيني کان مهيني تائين؟,ڇا ماهواري هر مهيني ٿورو اڳتي پوئتي ٿي سگهي ٿي؟,auto_ok,genuine reword - ماهواري vocabulary - needs native-speaker review
v10,5,حيض جي صحت ۽ مدت,سائيڪل جي بنياديات ۽ ڇا عام آهي,ڇا اهو عام آهي چڪر جي ڊيگهه لاءِ مهيني کان مهيني تائين؟,ماهواري جي تاريخ هر مهيني بدلجي وڃي ته ڇا اهو ٺيڪ آهي؟,auto_ok,genuine reword - ماهواري vocabulary - needs native-speaker review
v11,6,حيض جي صحت ۽ مدت,سائيڪل جي بنياديات ۽ ڇا عام آهي,حيض جي چڪر جا مکيه مرحلو ڇا آهن؟,ماهواري جا مکيه مرحلا ڪهڙا آهن؟,auto_ok,genuine reword - ماهواري vocabulary - needs native-speaker review
v12,6,حيض جي صحت ۽ مدت,سائيڪل جي بنياديات ۽ ڇا عام آهي,حيض جي چڪر جا مکيه مرحلو ڇا آهن؟,ماهواري جو چڪر ڪهڙن حصن ۾ ورهايل آهي؟,auto_ok,genuine reword - ماهواري vocabulary - needs native-speaker review
v13,7,حيض جي صحت ۽ مدت,سائيڪل جي بنياديات ۽ ڇا عام آهي,ڪهڙا هارمونز حيض واري چڪر کي ڪنٽرول ڪن ٿا؟,ماهواري کي ڪهڙا هارمون ڪنٽرول ڪن ٿا؟,auto_ok,genuine reword - ماهواري vocabulary - needs native-speaker review
v14,7,حيض جي صحت ۽ مدت,سائيڪل جي بنياديات ۽ ڇا عام آهي,ڪهڙا هارمونز حيض واري چڪر کي ڪنٽرول ڪن ٿا؟,ماهواري جي پويان ڪهڙا هارمون ڪم ڪن ٿا؟,auto_ok,genuine reword - ماهواري vocabulary - needs native-speaker review
v15,8,حيض جي صحت ۽ مدت,سائيڪل جي بنياديات ۽ ڇا عام آهي,روشني چڪر ۾ اووليشن ٿورڙي؟,ماهواري جي چڪر ۾ اووليشن ڪڏهن ٿيندي آهي؟,auto_ok,genuine reword - ماهواري vocabulary - needs native-speaker review
v16,8,حيض جي صحت ۽ مدت,سائيڪل جي بنياديات ۽ ڇا عام آهي,روشني چڪر ۾ اووليشن ٿورڙي؟,اووليشن ماهواري جي ڪهڙي حصي ۾ ٿئي ٿي؟,auto_ok,genuine reword - ماهواري vocabulary - needs native-speaker review
v17,9,حيض جي صحت ۽ مدت,سائيڪل جي بنياديات ۽ ڇا عام آهي,ڇا توهان توهان جي حملن کي صرف حاصل ڪري سگهو ٿا ڇو ته؟,ڇا حمل صرف مخصوص ڏينهن ۾ ئي رهي سگهي ٿو؟,auto_ok,genuine reword - ماهواري vocabulary - needs native-speaker review
v18,9,حيض جي صحت ۽ مدت,سائيڪل جي بنياديات ۽ ڇا عام آهي,ڇا توهان توهان جي حملن کي صرف حاصل ڪري سگهو ٿا ڇو ته؟,ماهواري جي ڪهڙن ڏينهن ۾ حمل جو خطرو وڌيڪ هوندو آهي؟,auto_ok,genuine reword - ماهواري vocabulary - needs native-speaker review
v19,10,حيض جي صحت ۽ مدت,سائيڪل جي بنياديات ۽ ڇا عام آهي,عام طور تي رت جو رنگ ڪهڙو هجڻ گهرجي؟,ماهواري جي رت جو رنگ عام طور ڪهڙو هوندو آهي؟,auto_ok,genuine reword - ماهواري vocabulary - needs native-speaker review
v20,10,حيض جي صحت ۽ مدت,سائيڪل جي بنياديات ۽ ڇا عام آهي,عام طور تي رت جو رنگ ڪهڙو هجڻ گهرجي؟,ماهواري وقت رت جو رنگ ڪيئن هجڻ گهرجي؟,auto_ok,genuine reword - ماهواري vocabulary - needs native-speaker review
v21,11,حيض جي صحت ۽ مدت,سائيڪل جي بنياديات ۽ ڇا عام آهي,ڇا اهو عام آهي ته هڪ عرصي دوران ننڍڙن کلٽن جو گذرڻ؟,ماهواري ۾ ننڍڙا ڳنڍا رت سان گڏ اچن ته ڇا اهو عام آهي؟,auto_ok,genuine reword - ماهواري vocabulary - needs native-speaker review
v22,11,حيض جي صحت ۽ مدت,سائيڪل جي بنياديات ۽ ڇا عام آهي,ڇا اهو عام آهي ته هڪ عرصي دوران ننڍڙن کلٽن جو گذرڻ؟,ماهواري وقت رت ۾ ننڍڙا ٽڪر ايندا آهن، اهو ٺيڪ آهي ڇا؟,auto_ok,genuine reword - ماهواري vocabulary - needs native-speaker review
v23,12,حيض جي صحت ۽ مدت,سائيڪل جي بنياديات ۽ ڇا عام آهي,عرصو ڪڏهن ڪڏهن معمول کان مختلف بوءِ ڇو ٿا؟,ماهواري ۾ بوءِ عام کان مختلف ڇو ٿيندي آهي؟,auto_ok,genuine reword - ماهواري vocabulary - needs native-speaker review
v24,12,حيض جي صحت ۽ مدت,سائيڪل جي بنياديات ۽ ڇا عام آهي,عرصو ڪڏهن ڪڏهن معمول کان مختلف بوءِ ڇو ٿا؟,ماهواري وقت بوءِ بدلجي وڃي ته ان جو ڪارڻ ڪهڙو آهي؟,auto_ok,genuine reword - ماهواري vocabulary - needs native-speaker review
v25,13,حيض جي صحت ۽ مدت,سائيڪل جي بنياديات ۽ ڇا عام آهي,ڇا دٻاء دير ڪري سگھي ٿو يا مدت تبديل ڪري سگھي ٿو؟,ڇا ذهني دٻاء سبب ماهواري دير سان اچي سگهي ٿي؟,auto_ok,genuine reword - ماهواري vocabulary - needs native-speaker review
v26,13,حيض جي صحت ۽ مدت,سائيڪل جي بنياديات ۽ ڇا عام آهي,ڇا دٻاء دير ڪري سگھي ٿو يا مدت تبديل ڪري سگھي ٿو؟,پريشاني هجڻ ڪري ماهواري جي تاريخ بدلجي سگهي ٿي ڇا؟,auto_ok,genuine reword - ماهواري vocabulary - needs native-speaker review
v27,14,حيض جي صحت ۽ مدت,سائيڪل جي بنياديات ۽ ڇا عام آهي,ڇا سفر ڪرڻ يا معمول ۾ تبديلي حيض واري چڪر کي متاثر ڪري ٿي؟,سفر ڪرڻ سان ماهواري تي اثر پوي ٿو ڇا؟,auto_ok,genuine reword - ماهواري vocabulary - needs native-speaker review
v28,14,حيض جي صحت ۽ مدت,سائيڪل جي بنياديات ۽ ڇا عام آهي,ڇا سفر ڪرڻ يا معمول ۾ تبديلي حيض واري چڪر کي متاثر ڪري ٿي؟,روزمره جي معمول ۾ تبديلي ماهواري کي متاثر ڪري سگهي ٿي ڇا؟,auto_ok,genuine reword - ماهواري vocabulary - needs native-speaker review
v29,15,حيض جي صحت ۽ مدت,سائيڪل جي بنياديات ۽ ڇا عام آهي,ڇا اهو عام آهي ته ڪنهن دور کان اڳ علامتون نه آهن؟,ماهواري کان اڳ ڪي به نشانيون محسوس نه ٿين ته اهو ٺيڪ آهي ڇا؟,auto_ok,genuine reword - ماهواري vocabulary - needs native-speaker review
v30,15,حيض جي صحت ۽ مدت,سائيڪل جي بنياديات ۽ ڇا عام آهي,ڇا اهو عام آهي ته ڪنهن دور کان اڳ علامتون نه آهن؟,ڪجهه عورتن کي ماهواري کان اڳ ڪا به علامت محسوس نه ٿيندي آهي، اهو عام آهي ڇا؟,auto_ok,genuine reword - ماهواري vocabulary - needs native-speaker review
v31,16,حيض جي صحت ۽ مدت,سائيڪل جي بنياديات ۽ ڇا عام آهي,ڇا هڪ غير منظم مدت سمجهيو ويندو آهي؟,ماهواري بي ترتيب هجي ته اهو ڪيئن سمجهجي؟,auto_ok,genuine reword - ماهواري vocabulary - needs native-speaker review
v32,16,حيض جي صحت ۽ مدت,سائيڪل جي بنياديات ۽ ڇا عام آهي,ڇا هڪ غير منظم مدت سمجهيو ويندو آهي؟,بي قاعدي ماهواري کي ڪهڙي حالت ۾ چئبو آهي؟,auto_ok,genuine reword - ماهواري vocabulary - needs native-speaker review
v33,17,حيض جي صحت ۽ مدت,سائيڪل جي بنياديات ۽ ڇا عام آهي,شروعاتي دورن کان پوءِ ڪيترو جلدي اهي باقاعده ٿي ويندا آهن؟,پهرين ماهواري کان پوءِ ترتيب ۾ اچڻ ۾ ڪيترو وقت لڳي ٿو؟,auto_ok,genuine reword - ماهواري vocabulary - needs native-speaker review
v34,17,حيض جي صحت ۽ مدت,سائيڪل جي بنياديات ۽ ڇا عام آهي,شروعاتي دورن کان پوءِ ڪيترو جلدي اهي باقاعده ٿي ويندا آهن؟,شروع واريون ماهواريون بي ترتيب هجن ته ڪيترن مهينن ۾ ٺيڪ ٿي وينديون آهن؟,auto_ok,genuine reword - ماهواري vocabulary - needs native-speaker review
v35,18,حيض جي صحت ۽ مدت,سائيڪل جي بنياديات ۽ ڇا عام آهي,ڇا جسم جي وزن ۾ تبديليون حيض واري چڪر کي متاثر ڪري سگھن ٿيون؟,وزن گھٽجڻ يا وڌڻ سان ماهواري تي اثر پوي ٿو ڇا؟,auto_ok,genuine reword - ماهواري vocabulary - needs native-speaker review
v36,18,حيض جي صحت ۽ مدت,سائيڪل جي بنياديات ۽ ڇا عام آهي,ڇا جسم جي وزن ۾ تبديليون حيض واري چڪر کي متاثر ڪري سگھن ٿيون؟,جسم جو وزن بدلجڻ ڪري ماهواري ۾ فرق اچي سگهي ٿو ڇا؟,auto_ok,genuine reword - ماهواري vocabulary - needs native-speaker review
v37,19,حيض جي صحت ۽ مدت,سائيڪل جي بنياديات ۽ ڇا عام آهي,ڇا مشق دورن کي متاثر ڪري ٿو؟,ورزش ڪرڻ سان ماهواري تي اثر پوي ٿو ڇا؟,auto_ok,genuine reword - ماهواري vocabulary - needs native-speaker review
v38,19,حيض جي صحت ۽ مدت,سائيڪل جي بنياديات ۽ ڇا عام آهي,ڇا مشق دورن کي متاثر ڪري ٿو؟,گھڻي ورزش ماهواري کي ڪيئن متاثر ڪري ٿي؟,auto_ok,genuine reword - ماهواري vocabulary - needs native-speaker review
v39,20,حيض جي صحت ۽ مدت,سائيڪل جي بنياديات ۽ ڇا عام آهي,ڇا آهي سراسري عمر جي دورن کي رجونورتي کان اڳ باقاعده ٿيڻ بند ڪيو وڃي؟,عام طور ڪهڙي عمر ۾ ماهواري بلڪل بند ٿي ويندي آهي؟,auto_ok,genuine reword - ماهواري vocabulary - needs native-speaker review
v40,20,حيض جي صحت ۽ مدت,سائيڪل جي بنياديات ۽ ڇا عام آهي,ڇا آهي سراسري عمر جي دورن کي رجونورتي کان اڳ باقاعده ٿيڻ بند ڪيو وڃي؟,رجونورتي کان اڳ ماهواري ڪهڙي عمر ۾ بي ترتيب ٿيڻ شروع ٿئي ٿي؟,auto_ok,genuine reword - ماهواري vocabulary - needs native-speaker review
v41,21,حيض جي صحت ۽ مدت,سائيڪل جي بنياديات ۽ ڇا عام آهي,ڇا دورن جي وچ ۾ ڏسڻ هميشه هڪ ڳڻتي آهي؟,ٻن ماهوارين جي وچ ۾ رت اچڻ خطرناڪ آهي ڇا؟,auto_ok,genuine reword - ماهواري vocabulary - needs native-speaker review
v42,21,حيض جي صحت ۽ مدت,سائيڪل جي بنياديات ۽ ڇا عام آهي,ڇا دورن جي وچ ۾ ڏسڻ هميشه هڪ ڳڻتي آهي؟,ماهواري نه هجي ۽ رت جا ڪجهه دز اچن ته اهو ڳڻتي جي ڳالھ آهي ڇا؟,auto_ok,genuine reword - ماهواري vocabulary - needs native-speaker review
v43,22,حيض جي صحت ۽ مدت,سائيڪل جي بنياديات ۽ ڇا عام آهي,ڇا ٿڃ پيارڻ سان متاثر ٿي سگھي ٿو جڏهن ٻار جي ڄمڻ کان پوء دور واپس اچي؟,ٻار کي ٿڃ پياريندڙ مائرن جي ماهواري واپس اچڻ ۾ دير ٿئي ٿي ڇا؟,auto_ok,genuine reword - ماهواري vocabulary - needs native-speaker review
v44,22,حيض جي صحت ۽ مدت,سائيڪل جي بنياديات ۽ ڇا عام آهي,ڇا ٿڃ پيارڻ سان متاثر ٿي سگھي ٿو جڏهن ٻار جي ڄمڻ کان پوء دور واپس اچي؟,ٿڃ پيارڻ سبب ماهواري ايندي آهي يا رڪجي ويندي آهي؟,auto_ok,genuine reword - ماهواري vocabulary - needs native-speaker review
v45,23,حيض جي صحت ۽ مدت,سائيڪل جي بنياديات ۽ ڇا عام آهي,ڇا عرصو عام طور تي ساڳئي وقت هر چڪر ۾ ٿين ٿا؟,ماهواري هر مهيني ساڳي تاريخ تي اچڻ ضروري آهي ڇا؟,auto_ok,genuine reword - ماهواري vocabulary - needs native-speaker review
v46,23,حيض جي صحت ۽ مدت,سائيڪل جي بنياديات ۽ ڇا عام آهي,ڇا عرصو عام طور تي ساڳئي وقت هر چڪر ۾ ٿين ٿا؟,ڇا ماهواري جي تاريخ هر مهيني ساڳي رهي ٿي؟,auto_ok,genuine reword - ماهواري vocabulary - needs native-speaker review
v47,24,حيض جي صحت ۽ مدت,سائيڪل جي بنياديات ۽ ڇا عام آهي,ڇا سمجهيو ويندو آهي 'مختصر' چڪر؟,ننڍو ماهواري چڪر ڪهڙي کي چئبو آهي؟,auto_ok,genuine reword - ماهواري vocabulary - needs native-speaker review
v48,24,حيض جي صحت ۽ مدت,سائيڪل جي بنياديات ۽ ڇا عام آهي,ڇا سمجهيو ويندو آهي 'مختصر' چڪر؟,ڪيترن ڏينهن جي چڪر کي 'مختصر' سڏبو آهي؟,auto_ok,genuine reword - ماهواري vocabulary - needs native-speaker review
v49,25,حيض جي صحت ۽ مدت,سائيڪل جي بنياديات ۽ ڇا عام آهي,ڇا سمجهيو ويندو آهي 'ڊگهي' چڪر؟,وڏو (ڊگهو) ماهواري چڪر ڪهڙي کي چئبو آهي؟,auto_ok,genuine reword - ماهواري vocabulary - needs native-speaker review
v50,25,حيض جي صحت ۽ مدت,سائيڪل جي بنياديات ۽ ڇا عام آهي,ڇا سمجهيو ويندو آهي 'ڊگهي' چڪر؟,ڪيترن ڏينهن جي چڪر کي 'ڊگهو' سمجهيو ويندو آهي؟,auto_ok,genuine reword - ماهواري vocabulary - needs native-speaker review
v51,26,حيض جي صحت ۽ مدت,سائيڪل جي بنياديات ۽ ڇا عام آهي,ڇا پيدائش تي ڪنٽرول حيض واري چڪر کي تبديل ڪري سگهي ٿو؟,خاندان جي منصوبابندي واريون گوريون کائڻ سان ماهواري بدلجي سگهي ٿي ڇا؟,auto_ok,genuine reword - ماهواري vocabulary - needs native-speaker review
v52,26,حيض جي صحت ۽ مدت,سائيڪل جي بنياديات ۽ ڇا عام آهي,ڇا پيدائش تي ڪنٽرول حيض واري چڪر کي تبديل ڪري سگهي ٿو؟,ڪنٽرول جون دوائون ماهواري جي چڪر کي ڪيئن متاثر ڪن ٿيون؟,auto_ok,genuine reword - ماهواري vocabulary - needs native-speaker review
v53,27,حيض جي صحت ۽ مدت,سائيڪل جي بنياديات ۽ ڇا عام آهي,ڇا اهو عام آهي ته هڪ دوري کان اڳ وڌيڪ ٿڪل محسوس ڪيو وڃي؟,ماهواري کان اڳ تمام گھڻو ٿڪ محسوس ٿئي ته اهو عام آهي ڇا؟,auto_ok,genuine reword - ماهواري vocabulary - needs native-speaker review
v54,27,حيض جي صحت ۽ مدت,سائيڪل جي بنياديات ۽ ڇا عام آهي,ڇا اهو عام آهي ته هڪ دوري کان اڳ وڌيڪ ٿڪل محسوس ڪيو وڃي؟,ماهواري کان پهريان بدن ۾ سستي ايندي آهي، اهو معمول جي ڳالھ آهي ڇا؟,auto_ok,genuine reword - ماهواري vocabulary - needs native-speaker review
v55,28,حيض جي صحت ۽ مدت,سائيڪل جي بنياديات ۽ ڇا عام آهي,دور ۽ اسپاٽنگ جي وچ ۾ ڇا فرق آهي؟,ماهواري ۽ ٿورن دز (اسپاٽنگ) ۾ ڇا فرق آهي؟,auto_ok,genuine reword - ماهواري vocabulary - needs native-speaker review
v56,28,حيض جي صحت ۽ مدت,سائيڪل جي بنياديات ۽ ڇا عام آهي,دور ۽ اسپاٽنگ جي وچ ۾ ڇا فرق آهي؟,پوري ماهواري ۽ رڳو ٿورو رت اچڻ ۾ ڇا فرق آهي؟,auto_ok,genuine reword - ماهواري vocabulary - needs native-speaker review
v57,29,حيض جي صحت ۽ مدت,سائيڪل جي بنياديات ۽ ڇا عام آهي,ڇا حيض واري چڪر جسم جي حرارت کي متاثر ڪري ٿو؟,ماهواري جي چڪر سبب بدن جي گرمي بدلجي سگهي ٿي ڇا؟,auto_ok,genuine reword - ماهواري vocabulary - needs native-speaker review
v58,29,حيض جي صحت ۽ مدت,سائيڪل جي بنياديات ۽ ڇا عام آهي,ڇا حيض واري چڪر جسم جي حرارت کي متاثر ڪري ٿو؟,ماهواري دوران جسم جو گرمي پد مٿي هيٺ ٿئي ٿو ڇا؟,auto_ok,genuine reword - ماهواري vocabulary - needs native-speaker review
v59,30,حيض جي صحت ۽ مدت,سائيڪل جي بنياديات ۽ ڇا عام آهي,ڇا هڪ نئين دوا شروع ڪرڻ کان پوء دور تبديل ٿي سگهي ٿو؟,نئين دوا کائڻ شروع ڪرڻ سان ماهواري ۾ فرق اچي سگهي ٿو ڇا؟,auto_ok,genuine reword - ماهواري vocabulary - needs native-speaker review
v60,30,حيض جي صحت ۽ مدت,سائيڪل جي بنياديات ۽ ڇا عام آهي,ڇا هڪ نئين دوا شروع ڪرڻ کان پوء دور تبديل ٿي سگهي ٿو؟,ڪا نئين دوا استعمال ڪرڻ سبب ماهواري وقت تي نه اچي ته ڇا اهو ٿي سگهي ٿو؟,auto_ok,genuine reword - ماهواري vocabulary - needs native-speaker review
v61,31,حيض جي صحت ۽ مدت,سائيڪل جي بنياديات ۽ ڇا عام آهي,ڇو ڪجهه مهينا دور جي علامات جي لحاظ کان مختلف محسوس ڪندا آهن؟,ڪجهه مهينن ۾ ماهواري جون علامتون مختلف ڇو محسوس ٿينديون آهن؟,auto_ok,genuine reword - ماهواري vocabulary - needs native-speaker review
v62,31,حيض جي صحت ۽ مدت,سائيڪل جي بنياديات ۽ ڇا عام آهي,ڇو ڪجهه مهينا دور جي علامات جي لحاظ کان مختلف محسوس ڪندا آهن؟,هر مهيني ماهواري جو احساس هڪجهڙو ڇو نه هوندو آهي؟,auto_ok,genuine reword - ماهواري vocabulary - needs native-speaker review
v63,32,حيض جي صحت ۽ مدت,سائيڪل جي بنياديات ۽ ڇا عام آهي,ڇا اهو عام آهي ته ڪڏهن ڪڏهن حمل جي بغير ڪنهن دور کي ڇڏي ڏيو؟,حامل نه هجڻ باوجود ڪڏهن ماهواري نه اچي ته اهو عام آهي ڇا؟,auto_ok,genuine reword - ماهواري vocabulary - needs native-speaker review
v64,32,حيض جي صحت ۽ مدت,سائيڪل جي بنياديات ۽ ڇا عام آهي,ڇا اهو عام آهي ته ڪڏهن ڪڏهن حمل جي بغير ڪنهن دور کي ڇڏي ڏيو؟,بغير حمل جي ڪڏهن ڪا ماهواري ڇُٽي وڃي ته ان جو ڪارڻ ڪهڙو ٿي سگهي ٿو؟,auto_ok,genuine reword - ماهواري vocabulary - needs native-speaker review
v65,33,حيض جي صحت ۽ مدت,سائيڪل جي بنياديات ۽ ڇا عام آهي,مجموعي طور تي 'عام' حيض جي وهڪري جي طور تي ڇا شمار ٿئي ٿو؟,ماهواري جي رت جي وهڪري کي 'عام' ڪڏهن چئبو آهي؟,auto_ok,genuine reword - ماهواري vocabulary - needs native-speaker review
v66,33,حيض جي صحت ۽ مدت,سائيڪل جي بنياديات ۽ ڇا عام آهي,مجموعي طور تي 'عام' حيض جي وهڪري جي طور تي ڇا شمار ٿئي ٿو؟,عام ماهواري جو وهڪرو ڪيترو هجڻ گهرجي؟,auto_ok,genuine reword - ماهواري vocabulary - needs native-speaker review
v67,34,حيض جي صحت ۽ مدت,سائيڪل جي بنياديات ۽ ڇا عام آهي,ڇا حيض واري چڪر کي رت جي وهڪري کان سواءِ جسم جي نشانين کي استعمال ڪندي ٽريڪ ڪري سگهجي ٿو؟,رت اچڻ کان سواءِ به ٻين علامتن مان ماهواري جو چڪر ڄاڻي سگهجي ٿو ڇا؟,auto_ok,genuine reword - ماهواري vocabulary - needs native-speaker review
v68,34,حيض جي صحت ۽ مدت,سائيڪل جي بنياديات ۽ ڇا عام آهي,ڇا حيض واري چڪر کي رت جي وهڪري کان سواءِ جسم جي نشانين کي استعمال ڪندي ٽريڪ ڪري سگهجي ٿو؟,جسم جون ڪهڙيون نشانيون ماهواري جي چڪر جو انداز ٻڌائين ٿيون؟,auto_ok,genuine reword - ماهواري vocabulary - needs native-speaker review
v69,35,حيض جي صحت ۽ مدت,سائيڪل جي بنياديات ۽ ڇا عام آهي,ڇا ڪيفين يا غذا حيض واري چڪر کي متاثر ڪري ٿو؟,چانهه يا ڪافي پيئڻ سان ماهواري تي اثر پوي ٿو ڇا؟,auto_ok,genuine reword - ماهواري vocabulary - needs native-speaker review
v70,35,حيض جي صحت ۽ مدت,سائيڪل جي بنياديات ۽ ڇا عام آهي,ڇا ڪيفين يا غذا حيض واري چڪر کي متاثر ڪري ٿو؟,کاڌي پيتي جو ماهواري سان ڪو تعلق آهي ڇا؟,auto_ok,genuine reword - ماهواري vocabulary - needs native-speaker review
v71,36,حيض جي صحت ۽ مدت,سائيڪل جي بنياديات ۽ ڇا عام آهي,ڇو ٿي سگهي ٿو ٻه ماڻهو ساڳئي چڪر جي ڊيگهه سان مختلف علامتون محسوس ڪن؟,هڪجهڙي ڊيگهه واري ماهواري هجڻ باوجود هر ڪنهن جون علامتون مختلف ڇو هونديون آهن؟,auto_ok,genuine reword - ماهواري vocabulary - needs native-speaker review
v72,36,حيض جي صحت ۽ مدت,سائيڪل جي بنياديات ۽ ڇا عام آهي,ڇو ٿي سگهي ٿو ٻه ماڻهو ساڳئي چڪر جي ڊيگهه سان مختلف علامتون محسوس ڪن؟,ٻن عورتن جي ماهواري جو وقت هڪجهڙو هجي ته به احساس مختلف ڇو ٿيندا آهن؟,auto_ok,genuine reword - ماهواري vocabulary - needs native-speaker review
v73,37,حيض جي صحت ۽ مدت,حيض ۽ بلوغت,menarche ڇا آهي؟,پهرين ماهواري کي ڇا چئبو آهي؟,auto_ok,genuine reword - ماهواري vocabulary - needs native-speaker review
v74,37,حيض جي صحت ۽ مدت,حيض ۽ بلوغت,menarche ڇا آهي؟,menarche جو مطلب ڪهڙو آهي؟,auto_ok,genuine reword - ماهواري vocabulary - needs native-speaker review
v75,38,حيض جي صحت ۽ مدت,حيض ۽ بلوغت,ڪهڙي عمر ۾ حيض عام طور تي ٿئي ٿو؟,عام طور ماهواري ڪهڙي عمر ۾ شروع ٿيندي آهي؟,auto_ok,genuine reword - ماهواري vocabulary - needs native-speaker review
v76,38,حيض جي صحت ۽ مدت,حيض ۽ بلوغت,ڪهڙي عمر ۾ حيض عام طور تي ٿئي ٿو؟,ڇوڪرين کي پهرين ماهواري عام طور ڪهڙي عمر ۾ اچي ٿي؟,auto_ok,genuine reword - ماهواري vocabulary - needs native-speaker review
v77,39,حيض جي صحت ۽ مدت,حيض ۽ بلوغت,شروعاتي نشانيون ڇا آهن ته هڪ پهريون دور جلد اچي رهيو آهي؟,پهرين ماهواري اچڻ کان اڳ ڪهڙيون نشانيون ظاهر ٿينديون آهن؟,auto_ok,genuine reword - ماهواري vocabulary - needs native-speaker review
v78,39,حيض جي صحت ۽ مدت,حيض ۽ بلوغت,شروعاتي نشانيون ڇا آهن ته هڪ پهريون دور جلد اچي رهيو آهي؟,ڪيئن خبر پوندي آهي ته پهرين ماهواري جلد اچڻ واري آهي؟,auto_ok,genuine reword - ماهواري vocabulary - needs native-speaker review
v79,40,حيض جي صحت ۽ مدت,حيض ۽ بلوغت,ڇا اهو عام آهي ته عرصو پهرين يا ٻن سالن ۾ غير منظم هجي؟,شروع جي هڪ ٻن سالن ۾ ماهواري بي ترتيب هجي ته اهو عام آهي ڇا؟,auto_ok,genuine reword - ماهواري vocabulary - needs native-speaker review
v80,40,حيض جي صحت ۽ مدت,حيض ۽ بلوغت,ڇا اهو عام آهي ته عرصو پهرين يا ٻن سالن ۾ غير منظم هجي؟,پهرين ماهواري کان پوءِ شروعاتي سالن ۾ بي قاعدگي معمول جي ڳالھ آهي ڇا؟,auto_ok,genuine reword - ماهواري vocabulary - needs native-speaker review
v81,41,حيض جي صحت ۽ مدت,حيض ۽ بلوغت,هڪ نوجوان ڇوڪري کي پنهنجي پهرين دور لاء ڪيئن تيار ڪيو وڃي؟,هڪ ڇوڪري کي پهرين ماهواري لاءِ ڪيئن تيار ڪجي؟,auto_ok,genuine reword - ماهواري vocabulary - needs native-speaker review
v82,41,حيض جي صحت ۽ مدت,حيض ۽ بلوغت,هڪ نوجوان ڇوڪري کي پنهنجي پهرين دور لاء ڪيئن تيار ڪيو وڃي؟,پهرين ماهواري کان اڳ ڇوڪري کي ڪهڙيون ڳالهيون ٻڌائجن؟,auto_ok,genuine reword - ماهواري vocabulary - needs native-speaker review
v83,42,حيض جي صحت ۽ مدت,حيض ۽ بلوغت,ڇا حيض جي درد کان پوء پهرين ڪجهه سالن ۾ درد عام آهي؟,شروع جي سالن ۾ ماهواري دوران گھڻو درد ٿيڻ عام آهي ڇا؟,auto_ok,genuine reword - ماهواري vocabulary - needs native-speaker review
v84,42,حيض جي صحت ۽ مدت,حيض ۽ بلوغت,ڇا حيض جي درد کان پوء پهرين ڪجهه سالن ۾ درد عام آهي؟,پهرين ماهوارين ۾ پيٽ جو سور وڌيڪ ٿئي ٿو ڇا؟,auto_ok,genuine reword - ماهواري vocabulary - needs native-speaker review
v85,43,حيض جي صحت ۽ مدت,حيض ۽ بلوغت,ڇا جيڪڏهن هڪ ڇوڪري 15 سالن جي عمر ۾ هن جي دور جي شروعات نه ڪئي آهي؟,15 سالن جي عمر تائين ماهواري نه اچي ته ڇا ڪجي؟,auto_ok,genuine reword - ماهواري vocabulary - needs native-speaker review
v86,43,حيض جي صحت ۽ مدت,حيض ۽ بلوغت,ڇا جيڪڏهن هڪ ڇوڪري 15 سالن جي عمر ۾ هن جي دور جي شروعات نه ڪئي آهي؟,جيڪڏهن 15 ورهين تائين پهرين ماهواري نه اچي ته ان جو مطلب ڇا آهي؟,auto_ok,genuine reword - ماهواري vocabulary - needs native-speaker review
v87,44,حيض جي صحت ۽ مدت,حيض ۽ بلوغت,ڇا عرصو 10 سالن کان اڳ شروع ٿي سگھي ٿو؟,ماهواري 10 سالن جي عمر کان اڳ به شروع ٿي سگهي ٿي ڇا؟,auto_ok,genuine reword - ماهواري vocabulary - needs native-speaker review
v88,44,حيض جي صحت ۽ مدت,حيض ۽ بلوغت,ڇا عرصو 10 سالن کان اڳ شروع ٿي سگھي ٿو؟,ننڍي عمر ۾، 10 سالن کان اڳ ماهواري اچڻ عام آهي ڇا؟,auto_ok,genuine reword - ماهواري vocabulary - needs native-speaker review
v89,45,حيض جي صحت ۽ مدت,حيض ۽ بلوغت,ڇا پهرين دور جو مطلب آهي ته ڇوڪري ضرور حامل ٿي سگهي ٿي؟,پهرين ماهواري اچڻ کان پوءِ حمل ٿيڻ جو امڪان هوندو آهي ڇا؟,auto_ok,genuine reword - ماهواري vocabulary - needs native-speaker review
v90,45,حيض جي صحت ۽ مدت,حيض ۽ بلوغت,ڇا پهرين دور جو مطلب آهي ته ڇوڪري ضرور حامل ٿي سگهي ٿي؟,پهرين ماهواري بعد ڇوڪري حامل ٿي سگهي ٿي ڇا؟,auto_ok,genuine reword - ماهواري vocabulary - needs native-speaker review
v91,46,حيض جي صحت ۽ مدت,حيض ۽ بلوغت,هڪ عام پهريون دور ڪيترو ڳرو آهي؟,پهرين ماهواري ۾ رت جو وهڪرو عام طور ڪيترو تيز هوندو آهي؟,auto_ok,genuine reword - ماهواري vocabulary - needs native-speaker review
v92,46,حيض جي صحت ۽ مدت,حيض ۽ بلوغت,هڪ عام پهريون دور ڪيترو ڳرو آهي؟,پهرين ماهواري گھڻي يا ٿوري هوندي آهي؟,auto_ok,genuine reword - ماهواري vocabulary - needs native-speaker review
v93,47,حيض جي صحت ۽ مدت,حيض ۽ بلوغت,ڪهڙي پروڊڪٽس هڪ ڇوڪري لاء مناسب آهن ان جي پهرين دور ۾؟,پهرين ماهواري لاءِ ڪهڙيون شيون استعمال ڪرڻ گهرجن؟,auto_ok,genuine reword - ماهواري vocabulary - needs native-speaker review
v94,47,حيض جي صحت ۽ مدت,حيض ۽ بلوغت,ڪهڙي پروڊڪٽس هڪ ڇوڪري لاء مناسب آهن ان جي پهرين دور ۾؟,پهرين ماهواري ۾ ڪپڙو، پيڊ يا ٻيو ڪجهه، ڇا استعمال ڪجي؟,auto_ok,genuine reword - ماهواري vocabulary - needs native-speaker review
v95,48,حيض جي صحت ۽ مدت,حيض ۽ بلوغت,ڇو ڪجهه ڇوڪرين کي پنهنجي پهرين دور جي باري ۾ خوفزده يا شرمسار محسوس ٿئي ٿي؟,پهرين ماهواري تي ڪجهه ڇوڪريون ڊڄي يا شرمائجي ڇو ويندا آهن؟,auto_ok,genuine reword - ماهواري vocabulary - needs native-speaker review
v96,48,حيض جي صحت ۽ مدت,حيض ۽ بلوغت,ڇو ڪجهه ڇوڪرين کي پنهنجي پهرين دور جي باري ۾ خوفزده يا شرمسار محسوس ٿئي ٿي؟,پهرين ماهواري بابت خوف يا شرم ڇو محسوس ٿيندو آهي؟,auto_ok,genuine reword - ماهواري vocabulary - needs native-speaker review
v97,49,حيض جي صحت ۽ مدت,حيض ۽ بلوغت,ماءُ پيءُ پنهنجي ڌيئرن سان بلوغت ۽ عدت بابت ڪيئن ڳالهائي سگهندا؟,والدين ڌيئرن سان ماهواري بابت ڪيئن ڳالهائين؟,auto_ok,genuine reword - ماهواري vocabulary - needs native-speaker review
v98,49,حيض جي صحت ۽ مدت,حيض ۽ بلوغت,ماءُ پيءُ پنهنجي ڌيئرن سان بلوغت ۽ عدت بابت ڪيئن ڳالهائي سگهندا؟,ماءُ پنهنجي ڌيءَ کي ماهواري جي باري ۾ ڪيئن سمجهائي؟,auto_ok,genuine reword - ماهواري vocabulary - needs native-speaker review
v99,50,حيض جي صحت ۽ مدت,حيض ۽ بلوغت,ڇا دور اونچائي ۾ واڌ کي متاثر ڪري ٿو؟,ماهواري شروع ٿيڻ سان قد وڌڻ گھٽجي وڃي ٿو ڇا؟,auto_ok,genuine reword - ماهواري vocabulary - needs native-speaker review
v100,50,حيض جي صحت ۽ مدت,حيض ۽ بلوغت,ڇا دور اونچائي ۾ واڌ کي متاثر ڪري ٿو؟,ماهواري اچڻ کان پوءِ قد وڌڻ تي اثر پوي ٿو ڇا؟,auto_ok,genuine reword - ماهواري vocabulary - needs native-speaker review
v101,51,حيض جي صحت ۽ مدت,حيض ۽ بلوغت,ڇا حيض کان پوءِ ڪجهه مهينن لاءِ دوري ڇڏڻ عام آهي؟,پهرين ماهواري کان پوءِ ڪجهه مهينا ماهواري نه اچي ته اهو عام آهي ڇا؟,auto_ok,genuine reword - ماهواري vocabulary - needs native-speaker review
v102,51,حيض جي صحت ۽ مدت,حيض ۽ بلوغت,ڇا حيض کان پوءِ ڪجهه مهينن لاءِ دوري ڇڏڻ عام آهي؟,شروع ۾ ٻه ٽي ماهواريون وچ ۾ ڇُٽي وڃن ته اهو ٺيڪ آهي ڇا؟,auto_ok,genuine reword - ماهواري vocabulary - needs native-speaker review
v103,52,حيض جي صحت ۽ مدت,حيض ۽ بلوغت,ڇا سمجهيو ويندو آهي 'قائم بلوغت'؟,'مڪمل بلوغت' جو مطلب ڪهڙو آهي؟,auto_ok,genuine reword - ماهواري vocabulary - needs native-speaker review
v104,52,حيض جي صحت ۽ مدت,حيض ۽ بلوغت,ڇا سمجهيو ويندو آهي 'قائم بلوغت'؟,بلوغت کي 'پوري ٿيل' ڪڏهن چئبو آهي؟,auto_ok,genuine reword - ماهواري vocabulary - needs native-speaker review
v105,53,حيض جي صحت ۽ مدت,حيض ۽ بلوغت,ڇا سمجهيو ويندو آهي 'دير بلوغت'؟,'دير سان بلوغت' جو مطلب ڪهڙو آهي؟,auto_ok,genuine reword - ماهواري vocabulary - needs native-speaker review
v106,53,حيض جي صحت ۽ مدت,حيض ۽ بلوغت,ڇا سمجهيو ويندو آهي 'دير بلوغت'؟,بلوغت دير سان اچي ته ان کي ڇا سڏبو آهي؟,auto_ok,genuine reword - ماهواري vocabulary - needs native-speaker review
v107,54,حيض جي صحت ۽ مدت,حيض ۽ بلوغت,ڇا تغذي اثر انداز ٿي سگھي ٿو جڏهن بلوغت ۽ دور شروع ٿئي ٿي؟,کاڌي پيتي جو اثر بلوغت ۽ پهرين ماهواري جي وقت تي پوندو آهي ڇا؟,auto_ok,genuine reword - ماهواري vocabulary - needs native-speaker review
v108,54,حيض جي صحت ۽ مدت,حيض ۽ بلوغت,ڇا تغذي اثر انداز ٿي سگھي ٿو جڏهن بلوغت ۽ دور شروع ٿئي ٿي؟,پوري خوراڪ نه ملڻ ڪري ماهواري دير سان اچي ٿي ڇا؟,auto_ok,genuine reword - ماهواري vocabulary - needs native-speaker review
v109,55,حيض جي صحت ۽ مدت,حيض ۽ بلوغت,ڇا اسڪول جي نرس يا استاد کي ٻڌايو وڃي ته جيڪڏهن هڪ ڇوڪري کي اسڪول ۾ پهريون دور اچي ٿو؟,اسڪول ۾ پهرين ماهواري اچي وڃي ته ٽيچر يا نرس کي ٻڌائجي ڇا؟,auto_ok,genuine reword - ماهواري vocabulary - needs native-speaker review
v110,55,حيض جي صحت ۽ مدت,حيض ۽ بلوغت,ڇا اسڪول جي نرس يا استاد کي ٻڌايو وڃي ته جيڪڏهن هڪ ڇوڪري کي اسڪول ۾ پهريون دور اچي ٿو؟,اسڪول ۾ اوچتو ماهواري اچي ته ڪنهن کي ٻڌائجي؟,auto_ok,genuine reword - ماهواري vocabulary - needs native-speaker review
v111,56,حيض جي صحت ۽ مدت,حيض ۽ بلوغت,ڇا پهرين دوري کان اڳ ويجن مان خارج ٿيڻ عام آهي؟,پهرين ماهواري کان اڳ سفيد پاڻي اچڻ عام آهي ڇا؟,auto_ok,genuine reword - ماهواري vocabulary - needs native-speaker review
v112,56,حيض جي صحت ۽ مدت,حيض ۽ بلوغت,ڇا پهرين دوري کان اڳ ويجن مان خارج ٿيڻ عام آهي؟,پهرين ماهواري کان اڳ ڊسچارج اچڻ شروع ٿئي ٿو ڇا؟,auto_ok,genuine reword - ماهواري vocabulary - needs native-speaker review
v113,57,حيض جي صحت ۽ مدت,حيض ۽ بلوغت,ڇوڪرين کي پهريون ڀيرو پيٽ جي درد کي ڪيئن منظم ڪري سگهي ٿو؟,پهرين ماهواري ۾ پيٽ جي سور کي ڪيئن گھٽ ڪجي؟,auto_ok,genuine reword - ماهواري vocabulary - needs native-speaker review
v114,57,حيض جي صحت ۽ مدت,حيض ۽ بلوغت,ڇوڪرين کي پهريون ڀيرو پيٽ جي درد کي ڪيئن منظم ڪري سگهي ٿو؟,پهرين ماهواري جي سور مان آرام لاءِ ڇا ڪجي؟,auto_ok,genuine reword - ماهواري vocabulary - needs native-speaker review
v115,58,حيض جي صحت ۽ مدت,حيض ۽ بلوغت,ڇو ڪي ثقافتون هڪ تقريب يا رسم سان مينارچ کي نشان لڳايو؟,ڪجهه هنڌن تي پهرين ماهواري تي رسم ڇو ملهائي ويندي آهي؟,auto_ok,genuine reword - ماهواري vocabulary - needs native-speaker review
v116,58,حيض جي صحت ۽ مدت,حيض ۽ بلوغت,ڇو ڪي ثقافتون هڪ تقريب يا رسم سان مينارچ کي نشان لڳايو؟,پهرين ماهواري تي جشن يا رسم ڪرڻ جو مقصد ڪهڙو آهي؟,auto_ok,genuine reword - ماهواري vocabulary - needs native-speaker review
v117,59,حيض جي صحت ۽ مدت,حيض ۽ بلوغت,ڇا اسڪول يا خاندان بابت دٻاءُ پهرين دور جي وقت کي متاثر ڪري سگهي ٿو؟,گھر يا اسڪول جو ٽينشن پهرين ماهواري جي وقت تي اثر انداز ٿي سگهي ٿو ڇا؟,auto_ok,genuine reword - ماهواري vocabulary - needs native-speaker review
v118,59,حيض جي صحت ۽ مدت,حيض ۽ بلوغت,ڇا اسڪول يا خاندان بابت دٻاءُ پهرين دور جي وقت کي متاثر ڪري سگهي ٿو؟,ذهني دٻاءُ ڪري پهرين ماهواري دير يا جلدي اچي سگهي ٿي ڇا؟,auto_ok,genuine reword - ماهواري vocabulary - needs native-speaker review
v119,60,حيض جي صحت ۽ مدت,حيض ۽ بلوغت,حيض جي شروعات ۾ جسم جي چربی ڪهڙو ڪردار ادا ڪري ٿي؟,پهرين ماهواري اچڻ ۾ جسم جي چربيءَ جو ڪهڙو حصو آهي؟,auto_ok,genuine reword - ماهواري vocabulary - needs native-speaker review
v120,60,حيض جي صحت ۽ مدت,حيض ۽ بلوغت,حيض جي شروعات ۾ جسم جي چربی ڪهڙو ڪردار ادا ڪري ٿي؟,بدن ۾ چربی گھٽ هجي ته پهرين ماهواري ۾ دير ٿئي ٿي ڇا؟,auto_ok,genuine reword - ماهواري vocabulary - needs native-speaker review
v121,61,حيض جي صحت ۽ مدت,حيض ۽ بلوغت,ڇا خانداني تاريخ هڪ عنصر آهي جڏهن دور شروع ٿئي ٿي؟,ماءُ جي پهرين ماهواري جي عمر، ڌيءَ تي به اثر انداز ٿئي ٿي ڇا؟,auto_ok,genuine reword - ماهواري vocabulary - needs native-speaker review
v122,61,حيض جي صحت ۽ مدت,حيض ۽ بلوغت,ڇا خانداني تاريخ هڪ عنصر آهي جڏهن دور شروع ٿئي ٿي؟,خاندان ۾ پهرين ماهواري جي عمر جو اثر پيڙهيءَ در پيڙهي هلندو آهي ڇا؟,auto_ok,genuine reword - ماهواري vocabulary - needs native-speaker review
v123,62,حيض جي صحت ۽ مدت,حيض ۽ بلوغت,بلوغت جي سلسلي ۾ ٽينر اسٽيجنگ ڇا آهي؟,Tanner Staging جو مطلب ڪهڙو آهي؟,auto_ok,genuine reword - ماهواري vocabulary - needs native-speaker review
v124,62,حيض جي صحت ۽ مدت,حيض ۽ بلوغت,بلوغت جي سلسلي ۾ ٽينر اسٽيجنگ ڇا آهي؟,بلوغت جا مرحلا ماپڻ لاءِ ٽينر اسٽيجنگ ڇا ٻڌائيندي آهي؟,auto_ok,genuine reword - ماهواري vocabulary - needs native-speaker review
v125,63,حيض جي صحت ۽ مدت,حيض ۽ بلوغت,ڇا نوجوانن ۾ پيٽ جو درد ڪنهن ٻئي جي نشاني ٿي سگهي ٿو؟,ماهواري جو درد سمجهي ٻيو ڪو مسئلو هجي ته ان جي خبر ڪيئن پوي؟,auto_ok,genuine reword - ماهواري vocabulary - needs native-speaker review
v126,63,حيض جي صحت ۽ مدت,حيض ۽ بلوغت,ڇا نوجوانن ۾ پيٽ جو درد ڪنهن ٻئي جي نشاني ٿي سگهي ٿو؟,پيٽ جو سور هميشه ماهواري جو ئي هوندو آهي، يا ڪا ٻي شيء به ٿي سگهي ٿي؟,auto_ok,genuine reword - ماهواري vocabulary - needs native-speaker review
v127,64,حيض جي صحت ۽ مدت,حيض ۽ بلوغت,ڇا هڪ نوجوان کي پنهنجي دور جي شروعات کان ٽريڪ ڪرڻ گهرجي؟,پهرين ماهواري کان وٺي تاريخون لکڻ ضروري آهي ڇا؟,auto_ok,genuine reword - ماهواري vocabulary - needs native-speaker review
v128,64,حيض جي صحت ۽ مدت,حيض ۽ بلوغت,ڇا هڪ نوجوان کي پنهنجي دور جي شروعات کان ٽريڪ ڪرڻ گهرجي؟,ماهواري جون تاريخون ياد رکڻ يا لکڻ فائدي مند آهي ڇا؟,auto_ok,genuine reword - ماهواري vocabulary - needs native-speaker review
v129,65,حيض جي صحت ۽ مدت,حيض ۽ بلوغت,اسڪول ڪيئن مدد ڪري سگھن ٿا حيض جي صحت جي شاگردن لاءِ جيڪي مينارچ جو تجربو ڪن ٿا؟,اسڪولن کي پهرين ماهواري واريءَ ڇوڪريءَ جي ڪهڙي مدد ڪرڻ گهرجي؟,auto_ok,genuine reword - ماهواري vocabulary - needs native-speaker review
v130,65,حيض جي صحت ۽ مدت,حيض ۽ بلوغت,اسڪول ڪيئن مدد ڪري سگھن ٿا حيض جي صحت جي شاگردن لاءِ جيڪي مينارچ جو تجربو ڪن ٿا؟,اسڪول ۾ ماهواري بابت ڇوڪرين جي مدد ڪيئن ٿي سگهي ٿي؟,auto_ok,genuine reword - ماهواري vocabulary - needs native-speaker review
v131,66,حيض جي صحت ۽ مدت,حيض ۽ بلوغت,ڇا اھو عام آھي ته پھرين ڪجھ دورن لاءِ تمام ھلڪو يا ناسي ھجي؟,پهريون ٻه ٽي ماهواريون تمام ٿورو رت وارا هجن ته اهو عام آهي ڇا؟,auto_ok,genuine reword - ماهواري vocabulary - needs native-speaker review
v132,66,حيض جي صحت ۽ مدت,حيض ۽ بلوغت,ڇا اھو عام آھي ته پھرين ڪجھ دورن لاءِ تمام ھلڪو يا ناسي ھجي؟,شروع جون ماهواريون هلڪي رنگ يا گھٽ وهڪري واريون هجن ته ان ۾ ڪا ڳڻتي ناهي؟,auto_ok,genuine reword - ماهواري vocabulary - needs native-speaker review
v133,67,حيض جي صحت ۽ مدت,حيض ۽ بلوغت,ڇا ماحولياتي عنصر بلوغت جي شروعات جي وقت کي متاثر ڪري سگھن ٿا؟,آسپاس جو ماحول پهرين ماهواري اچڻ جي وقت تي اثر انداز ٿئي ٿو ڇا؟,auto_ok,genuine reword - ماهواري vocabulary - needs native-speaker review
v134,67,حيض جي صحت ۽ مدت,حيض ۽ بلوغت,ڇا ماحولياتي عنصر بلوغت جي شروعات جي وقت کي متاثر ڪري سگھن ٿا؟,رهڻي سهڻي يا هنڌ جو بلوغت جي شروعات تي اثر پوي ٿو ڇا؟,auto_ok,genuine reword - ماهواري vocabulary - needs native-speaker review
v135,68,حيض جي صحت ۽ مدت,حيض ۽ بلوغت,ڪهڙيون جذباتي تبديليون عام طور تي بلوغت ۽ حيض سان اينديون آهن؟,بلوغت ۽ ماهواري سان گڏ ڪهڙيون جذباتي تبديليون اينديون آهن؟,auto_ok,genuine reword - ماهواري vocabulary - needs native-speaker review
v136,68,حيض جي صحت ۽ مدت,حيض ۽ بلوغت,ڪهڙيون جذباتي تبديليون عام طور تي بلوغت ۽ حيض سان اينديون آهن؟,پهرين ماهواري وقت مزاج ۾ ڪهڙيون تبديليون اينديون آهن؟,auto_ok,genuine reword - ماهواري vocabulary - needs native-speaker review
v137,69,حيض جي صحت ۽ مدت,حيض ۽ بلوغت,هڪ ڇوڪري شرمندگي محسوس ڪرڻ کان سواء اسڪول ۾ پنهنجي پهرين دور کي ڪيئن منظم ڪري سگهي ٿي؟,اسڪول ۾ شرم محسوس ڪرڻ کان سواءِ پهرين ماهواري ڪيئن منظم ڪجي؟,auto_ok,genuine reword - ماهواري vocabulary - needs native-speaker review
v138,69,حيض جي صحت ۽ مدت,حيض ۽ بلوغت,هڪ ڇوڪري شرمندگي محسوس ڪرڻ کان سواء اسڪول ۾ پنهنجي پهرين دور کي ڪيئن منظم ڪري سگهي ٿي؟,اسڪول ۾ ماهواري کي بغير گھٻراهٽ جي ڪيئن سنڀاليو وڃي؟,auto_ok,genuine reword - ماهواري vocabulary - needs native-speaker review
v139,70,حيض جي صحت ۽ مدت,حيض ۽ بلوغت,ڇا ڇوڪرن کي حيض بابت پڻ سکڻ جي ضرورت آهي؟,ڇا ڇوڪرن کي به ماهواري بابت ڄاڻ هجڻ گهرجي؟,auto_ok,genuine reword - ماهواري vocabulary - needs native-speaker review
v140,70,حيض جي صحت ۽ مدت,حيض ۽ بلوغت,ڇا ڇوڪرن کي حيض بابت پڻ سکڻ جي ضرورت آهي؟,ڇوڪرن کي ماهواري بابت سمجھايو وڃي ته ڇا اهو ضروري آهي؟,auto_ok,genuine reword - ماهواري vocabulary - needs native-speaker review
v141,71,حيض جي صحت ۽ مدت,حيض ۽ بلوغت,ڇا مينارچ کان پوءِ ٻن سالن ۾ غير منظم خون وهڻ عام آهي؟,پهرين ماهواري کان پوءِ ٻن سالن تائين خون بي ترتيب اچڻ عام آهي ڇا؟,auto_ok,genuine reword - ماهواري vocabulary - needs native-speaker review
v142,71,حيض جي صحت ۽ مدت,حيض ۽ بلوغت,ڇا مينارچ کان پوءِ ٻن سالن ۾ غير منظم خون وهڻ عام آهي؟,شروعاتي سالن ۾ ماهواري جو رت بي قاعدو اچڻ معمول جي ڳالھ آهي ڇا؟,auto_ok,genuine reword - ماهواري vocabulary - needs native-speaker review
v143,72,حيض جي صحت ۽ مدت,حيض ۽ بلوغت,هڪ عام ردعمل ڇا آهي جيڪڏهن هڪ ڇوڪري پنهنجي پهرين دور کان پوء پريشان محسوس ٿئي ٿي؟,پهرين ماهواري کان پوءِ ڇوڪري پريشان محسوس ڪري ته کيس ڇا چئبو آهي؟,auto_ok,genuine reword - ماهواري vocabulary - needs native-speaker review
v144,72,حيض جي صحت ۽ مدت,حيض ۽ بلوغت,هڪ عام ردعمل ڇا آهي جيڪڏهن هڪ ڇوڪري پنهنجي پهرين دور کان پوء پريشان محسوس ٿئي ٿي؟,پهرين ماهواري تي گھٻراهٽ محسوس ٿئي ته اهو عام رد عمل آهي ڇا؟,auto_ok,genuine reword - ماهواري vocabulary - needs native-speaker review
v145,73,حيض جي صحت ۽ مدت,حيض جو درد ۽ درد کان نجات,ڇا سبب آهي دور جي درد؟,ماهواري جو درد ڇو ٿيندو آهي؟,auto_ok,genuine reword - ماهواري vocabulary - needs native-speaker review
v146,73,حيض جي صحت ۽ مدت,حيض جو درد ۽ درد کان نجات,ڇا سبب آهي دور جي درد؟,ماهواري وقت پيٽ ۾ سور جو سبب ڪهڙو آهي؟,auto_ok,genuine reword - ماهواري vocabulary - needs native-speaker review
v147,74,حيض جي صحت ۽ مدت,حيض جو درد ۽ درد کان نجات,ڇا هر دور ۾ درد ٿيڻ عام آهي؟,هر ماهواري ۾ درد ٿيڻ عام آهي ڇا؟,auto_ok,genuine reword - ماهواري vocabulary - needs native-speaker review
v148,74,حيض جي صحت ۽ مدت,حيض جو درد ۽ درد کان نجات,ڇا هر دور ۾ درد ٿيڻ عام آهي؟,ماهواري وقت سور هجڻ معمول جي ڳالھ آهي ڇا؟,auto_ok,genuine reword - ماهواري vocabulary - needs native-speaker review
v149,75,حيض جي صحت ۽ مدت,حيض جو درد ۽ درد کان نجات,وچ ۾ ڇا فرق آهي؟,ماهواري جي عام درد ۽ سخت مسئلي واري درد ۾ ڇا فرق آهي؟,auto_ok,genuine reword - ماهواري vocabulary - needs native-speaker review
v150,75,حيض جي صحت ۽ مدت,حيض جو درد ۽ درد کان نجات,وچ ۾ ڇا فرق آهي؟,ماهواري ۾ ٿورو سور ۽ گھڻو سور، انهن ۾ ڇا فرق آهي؟,auto_ok,genuine reword - ماهواري vocabulary - needs native-speaker review
v151,76,حيض جي صحت ۽ مدت,حيض جو درد ۽ درد کان نجات,ڪهڙيون اوور دي ڪائونٽر دوائون پيٽ جي درد ۾ مدد ڪن ٿيون؟,ماهواري جي سور لاءِ ڪهڙيون بنا نسخي واريون دوائون ملن ٿيون؟,auto_ok,genuine reword - ماهواري vocabulary - needs native-speaker review
v152,76,حيض جي صحت ۽ مدت,حيض جو درد ۽ درد کان نجات,ڪهڙيون اوور دي ڪائونٽر دوائون پيٽ جي درد ۾ مدد ڪن ٿيون؟,ماهواري جي درد ۾ عام طور تي ڪهڙيون دوائون ڪم اينديون آهن؟,auto_ok,genuine reword - ماهواري vocabulary - needs native-speaker review
v153,77,حيض جي صحت ۽ مدت,حيض جو درد ۽ درد کان نجات,ڇا حرارتي پيڊ دور جي دردن سان مدد ڪري ٿو؟,گرم پاڻي جي بوتل يا هيٽنگ پيڊ ماهواري جي درد ۾ مدد ڪري ٿو ڇا؟,auto_ok,genuine reword - ماهواري vocabulary - needs native-speaker review
v154,77,حيض جي صحت ۽ مدت,حيض جو درد ۽ درد کان نجات,ڇا حرارتي پيڊ دور جي دردن سان مدد ڪري ٿو؟,پيٽ تي گرمي ڏيڻ سان ماهواري جو سور گھٽجي ٿو ڇا؟,auto_ok,genuine reword - ماهواري vocabulary - needs native-speaker review
v155,78,حيض جي صحت ۽ مدت,حيض جو درد ۽ درد کان نجات,ڇا مشق درد جي درد کي گھٽائڻ ۾ مدد ڪري سگھي ٿي؟,ورزش ڪرڻ سان ماهواري جو درد گھٽ ٿي سگهي ٿو ڇا؟,auto_ok,genuine reword - ماهواري vocabulary - needs native-speaker review
v156,78,حيض جي صحت ۽ مدت,حيض جو درد ۽ درد کان نجات,ڇا مشق درد جي درد کي گھٽائڻ ۾ مدد ڪري سگھي ٿي؟,هلڪي ڦلڪي مشق ماهواري جي سور ۾ فائدو ڏئي ٿي ڇا؟,auto_ok,genuine reword - ماهواري vocabulary - needs native-speaker review
v157,79,حيض جي صحت ۽ مدت,حيض جو درد ۽ درد کان نجات,جڏهن پيٽ جي درد کي ڊاڪٽر طرفان چڪاس ڪيو وڃي؟,ماهواري جو درد ڪڏهن ڊاڪٽر کان چيڪ ڪرائجي؟,auto_ok,genuine reword - ماهواري vocabulary - needs native-speaker review
v158,79,حيض جي صحت ۽ مدت,حيض جو درد ۽ درد کان نجات,جڏهن پيٽ جي درد کي ڊاڪٽر طرفان چڪاس ڪيو وڃي؟,ماهواري جي سور لاءِ ڪهڙي حالت ۾ ڊاڪٽر ڏانهن وڃجي؟,auto_ok,genuine reword - ماهواري vocabulary - needs native-speaker review
v159,80,حيض جي صحت ۽ مدت,حيض جو درد ۽ درد کان نجات,ڇا پيٽ جو درد پوئتي يا پيرن ڏانهن وڌي سگهي ٿو؟,ماهواري جو سور پٺيءَ يا پيرن ڏانهن به وڃي سگهي ٿو ڇا؟,auto_ok,genuine reword - ماهواري vocabulary - needs native-speaker review
v160,80,حيض جي صحت ۽ مدت,حيض جو درد ۽ درد کان نجات,ڇا پيٽ جو درد پوئتي يا پيرن ڏانهن وڌي سگهي ٿو؟,پيٽ جو سور ٻين حصن ۾ به محسوس ٿئي ٿو ڇا؟,auto_ok,genuine reword - ماهواري vocabulary - needs native-speaker review
v161,81,حيض جي صحت ۽ مدت,حيض جو درد ۽ درد کان نجات,ڇا غذا پيٽ جي درد کي متاثر ڪري ٿو؟,کاڌي پيتي جو اثر ماهواري جي سور تي پوي ٿو ڇا؟,auto_ok,genuine reword - ماهواري vocabulary - needs native-speaker review
v162,81,حيض جي صحت ۽ مدت,حيض جو درد ۽ درد کان نجات,ڇا غذا پيٽ جي درد کي متاثر ڪري ٿو؟,ڪجهه کاڌا کائڻ سان ماهواري جو درد وڌي يا گھٽجي سگهي ٿو ڇا؟,auto_ok,genuine reword - ماهواري vocabulary - needs native-speaker review
v163,82,حيض جي صحت ۽ مدت,حيض جو درد ۽ درد کان نجات,ڇا هارمونل ڄمڻ جو ڪنٽرول پيٽ جي درد کي گھٽائي سگھي ٿو؟,هارمونل ڄمڻ جون گوريون ماهواري جو سور گھٽائي سگهن ٿيون ڇا؟,auto_ok,genuine reword - ماهواري vocabulary - needs native-speaker review
v164,82,حيض جي صحت ۽ مدت,حيض جو درد ۽ درد کان نجات,ڇا هارمونل ڄمڻ جو ڪنٽرول پيٽ جي درد کي گھٽائي سگھي ٿو؟,ڄمڻ جي ڪنٽرول واري دوا سان ماهواري جو درد آسان ٿئي ٿو ڇا؟,auto_ok,genuine reword - ماهواري vocabulary - needs native-speaker review
v165,83,حيض جي صحت ۽ مدت,حيض جو درد ۽ درد کان نجات,ڇا دوري دوران الٽي يا دستن جو تعلق دردن سان آهي؟,ماهواري دوران الٽي يا دستن جو تعلق درد سان آهي ڇا؟,auto_ok,genuine reword - ماهواري vocabulary - needs native-speaker review
v166,83,حيض جي صحت ۽ مدت,حيض جو درد ۽ درد کان نجات,ڇا دوري دوران الٽي يا دستن جو تعلق دردن سان آهي؟,ماهواري وقت دل ملڻ يا دستن جو سبب ڪهڙو آهي؟,auto_ok,genuine reword - ماهواري vocabulary - needs native-speaker review
v167,84,حيض جي صحت ۽ مدت,حيض جو درد ۽ درد کان نجات,ڇا درد جو درد عام طور تي عمر سان بهتر ٿيندو آهي؟,عمر وڌڻ سان ماهواري جو درد گھٽجي ويندو آهي ڇا؟,auto_ok,genuine reword - ماهواري vocabulary - needs native-speaker review
v168,84,حيض جي صحت ۽ مدت,حيض جو درد ۽ درد کان نجات,ڇا درد جو درد عام طور تي عمر سان بهتر ٿيندو آهي؟,وڏي عمر ۾ ماهواري جو سور پهرين کان گھٽ ٿي ويندو آهي ڇا؟,auto_ok,genuine reword - ماهواري vocabulary - needs native-speaker review
v169,85,حيض جي صحت ۽ مدت,حيض جو درد ۽ درد کان نجات,ڇا ڊيهائيڊريشن پيٽ جي درد کي خراب ڪري سگهي ٿو؟,پاڻي گھٽ پيئڻ سان ماهواري جو سور وڌي سگهي ٿو ڇا؟,auto_ok,genuine reword - ماهواري vocabulary - needs native-speaker review
v170,85,حيض جي صحت ۽ مدت,حيض جو درد ۽ درد کان نجات,ڇا ڊيهائيڊريشن پيٽ جي درد کي خراب ڪري سگهي ٿو؟,بدن ۾ پاڻي جي کوٽ ماهواري جي درد کي خراب ڪري ٿي ڇا؟,auto_ok,genuine reword - ماهواري vocabulary - needs native-speaker review
v171,86,حيض جي صحت ۽ مدت,حيض جو درد ۽ درد کان نجات,ڇا اهو محفوظ آهي ibuprofen هر مهيني پيٽ جي دردن لاءِ؟,هر مهيني ibuprofen کائڻ محفوظ آهي ڇا؟,auto_ok,genuine reword - ماهواري vocabulary - needs native-speaker review
v172,86,حيض جي صحت ۽ مدت,حيض جو درد ۽ درد کان نجات,ڇا اهو محفوظ آهي ibuprofen هر مهيني پيٽ جي دردن لاءِ؟,ماهواري جي درد لاءِ هر ڀيري ibuprofen استعمال ڪرڻ نقصانڪار آهي ڇا؟,auto_ok,genuine reword - ماهواري vocabulary - needs native-speaker review
v173,87,حيض جي صحت ۽ مدت,حيض جو درد ۽ درد کان نجات,ڇا مساج حيض جي دردن سان مدد ڪري سگھي ٿو؟,مساج ڪرڻ سان ماهواري جو سور گھٽجي ٿو ڇا؟,auto_ok,genuine reword - ماهواري vocabulary - needs native-speaker review
v174,87,حيض جي صحت ۽ مدت,حيض جو درد ۽ درد کان نجات,ڇا مساج حيض جي دردن سان مدد ڪري سگھي ٿو؟,پيٽ کي مساج ڏيڻ سان ماهواري جو درد آسان ٿئي ٿو ڇا؟,auto_ok,genuine reword - ماهواري vocabulary - needs native-speaker review
v175,88,حيض جي صحت ۽ مدت,حيض جو درد ۽ درد کان نجات,ڇا سخت دور جو درد جو مطلب هميشه endometriosis آهي؟,سخت ماهواري جو درد هميشه endometriosis جي نشاني هوندي آهي ڇا؟,auto_ok,genuine reword - ماهواري vocabulary - needs native-speaker review
v176,88,حيض جي صحت ۽ مدت,حيض جو درد ۽ درد کان نجات,ڇا سخت دور جو درد جو مطلب هميشه endometriosis آهي؟,بيحد سور جو مطلب ضروري ناهي ته endometriosis ئي هجي؟,auto_ok,genuine reword - ماهواري vocabulary - needs native-speaker review
v177,89,حيض جي صحت ۽ مدت,حيض جو درد ۽ درد کان نجات,ڪهڙيون طرز زندگي جون عادتون وقت سان گڏ پيٽ جي درد کي گهٽائڻ ۾ مدد ڪري سگهن ٿيون؟,روزمره جون ڪهڙيون عادتون وقت سان گڏ ماهواري جو درد گھٽائين ٿيون؟,auto_ok,genuine reword - ماهواري vocabulary - needs native-speaker review
v178,89,حيض جي صحت ۽ مدت,حيض جو درد ۽ درد کان نجات,ڪهڙيون طرز زندگي جون عادتون وقت سان گڏ پيٽ جي درد کي گهٽائڻ ۾ مدد ڪري سگهن ٿيون؟,طرز زندگي ۾ ڪهڙيون تبديليون ماهواري جي سور کي گھٽائين ٿيون؟,auto_ok,genuine reword - ماهواري vocabulary - needs native-speaker review
v179,90,حيض جي صحت ۽ مدت,حيض جو درد ۽ درد کان نجات,ڇا پيٽ جي درد خاص طور تي هيٺين پوئتي درد جي ڪري سگھي ٿو؟,ماهواري جو درد خاص طور تي پٺيءَ جي هيٺين حصي ۾ ٿئي ٿو ڇا؟,auto_ok,genuine reword - ماهواري vocabulary - needs native-speaker review
v180,90,حيض جي صحت ۽ مدت,حيض جو درد ۽ درد کان نجات,ڇا پيٽ جي درد خاص طور تي هيٺين پوئتي درد جي ڪري سگھي ٿو؟,ڪمر جي هيٺئين حصي ۾ سور ماهواري جي درد جو حصو آهي ڇا؟,auto_ok,genuine reword - ماهواري vocabulary - needs native-speaker review
v181,91,حيض جي صحت ۽ مدت,حيض جو درد ۽ درد کان نجات,ڇا رت جي وهڪري شروع ٿيڻ کان اڳ پيٽ ۾ درد شروع ٿيڻ عام آهي؟,رت اچڻ کان اڳ ئي پيٽ ۾ سور شروع ٿيڻ عام آهي ڇا؟,auto_ok,genuine reword - ماهواري vocabulary - needs native-speaker review
v182,91,حيض جي صحت ۽ مدت,حيض جو درد ۽ درد کان نجات,ڇا رت جي وهڪري شروع ٿيڻ کان اڳ پيٽ ۾ درد شروع ٿيڻ عام آهي؟,ماهواري شروع ٿيڻ کان پهريان درد محسوس ٿئي ته اهو معمول آهي ڇا؟,auto_ok,genuine reword - ماهواري vocabulary - needs native-speaker review
v183,92,حيض جي صحت ۽ مدت,حيض جو درد ۽ درد کان نجات,ڇا سانس جي مشق يا آرام واري ٽيڪنڪ درد کي آسان ڪري سگھن ٿا؟,ساهه کڻڻ يا آرام واريون ٽيڪنڪون ماهواري جو درد گھٽائي سگهن ٿيون ڇا؟,auto_ok,genuine reword - ماهواري vocabulary - needs native-speaker review
v184,92,حيض جي صحت ۽ مدت,حيض جو درد ۽ درد کان نجات,ڇا سانس جي مشق يا آرام واري ٽيڪنڪ درد کي آسان ڪري سگھن ٿا؟,مراقبي يا آرام سان ماهواري جو سور آسان ٿي سگهي ٿو ڇا؟,auto_ok,genuine reword - ماهواري vocabulary - needs native-speaker review
v185,93,حيض جي صحت ۽ مدت,حيض جو درد ۽ درد کان نجات,ڇا ڪيفين پيٽ جي درد کي وڌيڪ خراب ڪري ٿو؟,ڪافي پيئڻ سان ماهواري جو درد وڌي وڃي ٿو ڇا؟,auto_ok,genuine reword - ماهواري vocabulary - needs native-speaker review
v186,93,حيض جي صحت ۽ مدت,حيض جو درد ۽ درد کان نجات,ڇا ڪيفين پيٽ جي درد کي وڌيڪ خراب ڪري ٿو؟,گھڻي چانهه يا ڪافي ماهواري جي سور کي خراب ڪري ٿي ڇا؟,auto_ok,genuine reword - ماهواري vocabulary - needs native-speaker review
v187,94,حيض جي صحت ۽ مدت,حيض جو درد ۽ درد کان نجات,ڇا هڪ TENS مشين پيٽ جي دردن سان مدد ڪري سگهي ٿي؟,TENS مشين ماهواري جي درد ۾ مدد ڏئي سگهي ٿي ڇا؟,auto_ok,genuine reword - ماهواري vocabulary - needs native-speaker review
v188,94,حيض جي صحت ۽ مدت,حيض جو درد ۽ درد کان نجات,ڇا هڪ TENS مشين پيٽ جي دردن سان مدد ڪري سگهي ٿي؟,برقي علاج (TENS) سان ماهواري جو سور گھٽجي ٿو ڇا؟,auto_ok,genuine reword - ماهواري vocabulary - needs native-speaker review
v189,95,حيض جي صحت ۽ مدت,حيض جو درد ۽ درد کان نجات,پيٽ جي دردن لاءِ ibuprofen جو پيش ڪيل دوز ڇا آهي؟,ماهواري جي درد لاءِ ibuprofen جي ڪيتري مقدار کائبي آهي؟,auto_ok,genuine reword - ماهواري vocabulary - needs native-speaker review
v190,95,حيض جي صحت ۽ مدت,حيض جو درد ۽ درد کان نجات,پيٽ جي دردن لاءِ ibuprofen جو پيش ڪيل دوز ڇا آهي؟,ماهواري جي سور ۾ ibuprofen جو صحيح ڊوز ڪيترو آهي؟,auto_ok,genuine reword - ماهواري vocabulary - needs native-speaker review
v191,96,حيض جي صحت ۽ مدت,حيض جو درد ۽ درد کان نجات,ڇو درد ڪڏهن ڪڏهن پوئين چڪر جي ڀيٽ ۾ وڌيڪ خراب محسوس ڪندو آهي؟,هر مهيني ماهواري جو سور پهرين کان وڌيڪ ڇو محسوس ٿئي ٿو؟,auto_ok,genuine reword - ماهواري vocabulary - needs native-speaker review
v192,96,حيض جي صحت ۽ مدت,حيض جو درد ۽ درد کان نجات,ڇو درد ڪڏهن ڪڏهن پوئين چڪر جي ڀيٽ ۾ وڌيڪ خراب محسوس ڪندو آهي؟,ڪجهه مهينن ۾ ماهواري جو درد وڌيڪ ڇو ٿيندو آهي؟,auto_ok,genuine reword - ماهواري vocabulary - needs native-speaker review
v193,97,حيض جي صحت ۽ مدت,حيض جو درد ۽ درد کان نجات,ڇا پيٽ جو درد اسڪول يا ڪم جي حاضري تي اثر انداز ڪري سگھي ٿو؟,ماهواري جي سور سبب اسڪول يا نوڪري تي وڃڻ ۾ مشڪل ٿئي ٿي ڇا؟,auto_ok,genuine reword - ماهواري vocabulary - needs native-speaker review
v194,97,حيض جي صحت ۽ مدت,حيض جو درد ۽ درد کان نجات,ڇا پيٽ جو درد اسڪول يا ڪم جي حاضري تي اثر انداز ڪري سگھي ٿو؟,ماهواري جو درد ايترو هجي جو اسڪول/ڪم ڇڏجي، ڇا اهو ٿيندو آهي؟,auto_ok,genuine reword - ماهواري vocabulary - needs native-speaker review
v195,98,حيض جي صحت ۽ مدت,حيض جو درد ۽ درد کان نجات,ڇا دوري جي پهرين ڏينهن تي دردن جو خراب ٿيڻ عام آهي؟,ماهواري جي پهرين ڏينهن تي درد وڌيڪ خراب هجڻ عام آهي ڇا؟,auto_ok,genuine reword - ماهواري vocabulary - needs native-speaker review
v196,98,حيض جي صحت ۽ مدت,حيض جو درد ۽ درد کان نجات,ڇا دوري جي پهرين ڏينهن تي دردن جو خراب ٿيڻ عام آهي؟,پهرين ڏينهن ماهواري جو سور سڀ کان وڌيڪ ٿيندو آهي ڇا؟,auto_ok,genuine reword - ماهواري vocabulary - needs native-speaker review
v197,99,حيض جي صحت ۽ مدت,حيض جو درد ۽ درد کان نجات,ڇا هيبل چانهه جهڙوڪ ادرک يا چامومائل پيٽ جي درد ۾ مدد ڪري سگھن ٿا؟,ادرک يا چامومائل واري چانهه ماهواري جي سور ۾ مدد ڪري ٿي ڇا؟,auto_ok,genuine reword - ماهواري vocabulary - needs native-speaker review
v198,99,حيض جي صحت ۽ مدت,حيض جو درد ۽ درد کان نجات,ڇا هيبل چانهه جهڙوڪ ادرک يا چامومائل پيٽ جي درد ۾ مدد ڪري سگھن ٿا؟,جڙي ٻوٽين واري چانهه سان ماهواري جو درد گھٽجي ٿو ڇا؟,auto_ok,genuine reword - ماهواري vocabulary - needs native-speaker review
v199,100,حيض جي صحت ۽ مدت,حيض جو درد ۽ درد کان نجات,ڇا سگريٽ نوشي جي درد کي متاثر ڪري ٿو؟,سگريٽ نوشي ماهواري جي درد تي اثر انداز ٿئي ٿي ڇا؟,auto_ok,genuine reword - ماهواري vocabulary - needs native-speaker review
v200,100,حيض جي صحت ۽ مدت,حيض جو درد ۽ درد کان نجات,ڇا سگريٽ نوشي جي درد کي متاثر ڪري ٿو؟,تماڪ پيئڻ سان ماهواري جو سور وڌي سگهي ٿو ڇا؟,auto_ok,genuine reword - ماهواري vocabulary - needs native-speaker review
v201,101,حيض جي صحت ۽ مدت,حيض جو درد ۽ درد کان نجات,ڇا سمهڻ واري پوزيشن دوران درد جي آرام کي متاثر ڪري سگهي ٿي؟,سمهڻ جي طريقي سان ماهواري جو درد گھٽ يا وڌ ٿي سگهي ٿو ڇا؟,auto_ok,genuine reword - ماهواري vocabulary - needs native-speaker review
v202,101,حيض جي صحت ۽ مدت,حيض جو درد ۽ درد کان نجات,ڇا سمهڻ واري پوزيشن دوران درد جي آرام کي متاثر ڪري سگهي ٿي؟,ڪهڙي پوزيشن ۾ سمهڻ سان ماهواري جو سور آسان ٿئي ٿو؟,auto_ok,genuine reword - ماهواري vocabulary - needs native-speaker review
v203,102,حيض جي صحت ۽ مدت,حيض جو درد ۽ درد کان نجات,ڇا پيٽ جو درد موروثي آهي؟,ماهواري جو درد ماءُ کان ڌيءَ ڏانهن منتقل ٿئي ٿو ڇا؟,auto_ok,genuine reword - ماهواري vocabulary - needs native-speaker review
v204,102,حيض جي صحت ۽ مدت,حيض جو درد ۽ درد کان نجات,ڇا پيٽ جو درد موروثي آهي؟,خاندان ۾ ماهواري جو سور وراثت ۾ ملي سگهي ٿو ڇا؟,auto_ok,genuine reword - ماهواري vocabulary - needs native-speaker review
v205,103,حيض جي صحت ۽ مدت,حيض جو درد ۽ درد کان نجات,ڪنهن کي ڇا ڪرڻ گهرجي جيڪڏهن اوور دي ڪائونٽر درد رليف پيٽ جي درد لاءِ ڪم نه ڪري؟,عام دوائون ماهواري جي درد ۾ ڪم نه ڪن ته پوءِ ڇا ڪجي؟,auto_ok,genuine reword - ماهواري vocabulary - needs native-speaker review
v206,103,حيض جي صحت ۽ مدت,حيض جو درد ۽ درد کان نجات,ڪنهن کي ڇا ڪرڻ گهرجي جيڪڏهن اوور دي ڪائونٽر درد رليف پيٽ جي درد لاءِ ڪم نه ڪري؟,درد جي گوريون اثر نه ڪن ته ماهواري جي سور لاءِ ٻيو ڇا ڪري سگهجي ٿو؟,auto_ok,genuine reword - ماهواري vocabulary - needs native-speaker review
v207,104,حيض جي صحت ۽ مدت,حيض جو درد ۽ درد کان نجات,ڇا پيٽ جو درد فائبروڊ جي نشاني ٿي سگهي ٿو؟,ماهواري جو تيز درد fibroids جي نشاني ٿي سگهي ٿو ڇا؟,auto_ok,genuine reword - ماهواري vocabulary - needs native-speaker review
v208,104,حيض جي صحت ۽ مدت,حيض جو درد ۽ درد کان نجات,ڇا پيٽ جو درد فائبروڊ جي نشاني ٿي سگهي ٿو؟,بار بار سخت سور uterus ۾ fibroid هجڻ جي علامت آهي ڇا؟,auto_ok,genuine reword - ماهواري vocabulary - needs native-speaker review
v209,105,حيض جي صحت ۽ مدت,حيض جو درد ۽ درد کان نجات,ڇا پيٽ جي درد دوران ٿڪڻ عام آهي؟,ماهواري جي درد دوران ٿڪاوٽ محسوس ٿيڻ عام آهي ڇا؟,auto_ok,genuine reword - ماهواري vocabulary - needs native-speaker review
v210,105,حيض جي صحت ۽ مدت,حيض جو درد ۽ درد کان نجات,ڇا پيٽ جي درد دوران ٿڪڻ عام آهي؟,ماهواري وقت جسم ۾ ٿڪ محسوس ٿيڻ معمول جي ڳالھ آهي ڇا؟,auto_ok,genuine reword - ماهواري vocabulary - needs native-speaker review
v211,106,حيض جي صحت ۽ مدت,حيض جو درد ۽ درد کان نجات,ڇا گرم پاڻي پيئڻ سان دردن ۾ مدد ملندي آهي؟,گرم پاڻي پيئڻ سان ماهواري جو درد گھٽجي ٿو ڇا؟,auto_ok,genuine reword - ماهواري vocabulary - needs native-speaker review
v212,106,حيض جي صحت ۽ مدت,حيض جو درد ۽ درد کان نجات,ڇا گرم پاڻي پيئڻ سان دردن ۾ مدد ملندي آهي؟,نيم گرم پاڻي پيئڻ سان ماهواري جي سور ۾ آرام اچي ٿو ڇا؟,auto_ok,genuine reword - ماهواري vocabulary - needs native-speaker review
v213,107,حيض جي صحت ۽ مدت,حيض جو درد ۽ درد کان نجات,ڇا پيٽ جو درد ٻار ٿيڻ کان پوء تبديل ٿي سگهي ٿو؟,ٻار ٿيڻ کان پوءِ ماهواري جو درد بدلجي سگهي ٿو ڇا؟,auto_ok,genuine reword - ماهواري vocabulary - needs native-speaker review
v214,107,حيض جي صحت ۽ مدت,حيض جو درد ۽ درد کان نجات,ڇا پيٽ جو درد ٻار ٿيڻ کان پوء تبديل ٿي سگهي ٿو؟,ٻار جي ڄمڻ بعد ماهواري جو سور گھٽ يا وڌ ٿئي ٿو ڇا؟,auto_ok,genuine reword - ماهواري vocabulary - needs native-speaker review
v215,108,حيض جي صحت ۽ مدت,وهڻ جون تبديليون (وڌيڪ/گهٽ/داغ),ڳري حيض جي خونريزي کي ڇا سمجهيو ويندو آهي؟,ماهواري ۾ گھڻي رت وهڻ کي ڇا چئبو آهي؟,auto_ok,genuine reword - ماهواري vocabulary - needs native-speaker review
v216,108,حيض جي صحت ۽ مدت,وهڻ جون تبديليون (وڌيڪ/گهٽ/داغ),ڳري حيض جي خونريزي کي ڇا سمجهيو ويندو آهي؟,'ڳري ماهواري' جو مطلب ڪهڙو آهي؟,auto_ok,genuine reword - ماهواري vocabulary - needs native-speaker review
v217,109,حيض جي صحت ۽ مدت,وهڻ جون تبديليون (وڌيڪ/گهٽ/داغ),وڏن دورن جا عام سبب ڪهڙا آهن جيڪي حمل سان لاڳاپيل نه آهن؟,حمل کان سواءِ ماهواري ۾ گھڻي رت وهڻ جا عام سبب ڪهڙا آهن؟,auto_ok,genuine reword - ماهواري vocabulary - needs native-speaker review
v218,109,حيض جي صحت ۽ مدت,وهڻ جون تبديليون (وڌيڪ/گهٽ/داغ),وڏن دورن جا عام سبب ڪهڙا آهن جيڪي حمل سان لاڳاپيل نه آهن؟,بغير حمل جي ماهواري ڳري ٿي وڃي ته ان جا ڪارڻ ڪهڙا هوندا آهن؟,auto_ok,genuine reword - ماهواري vocabulary - needs native-speaker review
v219,110,حيض جي صحت ۽ مدت,وهڻ جون تبديليون (وڌيڪ/گهٽ/داغ),جڏهن وڏي خونريزي کي ڊاڪٽر طرفان چيڪ ڪرڻ گهرجي؟,ماهواري ۾ گھڻي خونريزي ڪڏهن ڊاڪٽر کان چيڪ ڪرائجي؟,auto_ok,genuine reword - ماهواري vocabulary - needs native-speaker review
v220,110,حيض جي صحت ۽ مدت,وهڻ جون تبديليون (وڌيڪ/گهٽ/داغ),جڏهن وڏي خونريزي کي ڊاڪٽر طرفان چيڪ ڪرڻ گهرجي؟,ماهواري جو رت گھڻو وهي ته ڪهڙي حالت ۾ ڊاڪٽر وٽ وڃجي؟,auto_ok,genuine reword - ماهواري vocabulary - needs native-speaker review
v221,111,حيض جي صحت ۽ مدت,وهڻ جون تبديليون (وڌيڪ/گهٽ/داغ),ڇا ڳري مدت انميا جو سبب بڻجي سگهي ٿي؟,ڳري ماهواري سبب جسم ۾ رت جي کوٽ (انيميا) ٿي سگهي ٿي ڇا؟,auto_ok,genuine reword - ماهواري vocabulary - needs native-speaker review
v222,111,حيض جي صحت ۽ مدت,وهڻ جون تبديليون (وڌيڪ/گهٽ/داغ),ڇا ڳري مدت انميا جو سبب بڻجي سگهي ٿي؟,گھڻي رت وهڻ ڪري بدن ۾ رت گھٽجي وڃي ٿي ڇا؟,auto_ok,genuine reword - ماهواري vocabulary - needs native-speaker review
v223,112,حيض جي صحت ۽ مدت,وهڻ جون تبديليون (وڌيڪ/گهٽ/داغ),ڇا سمجهيو ويندو آهي هلڪو خونريزي يا روشني وارو دور؟,ٿوري رت واري ماهواري کي ڇا چئبو آهي؟,auto_ok,genuine reword - ماهواري vocabulary - needs native-speaker review
v224,112,حيض جي صحت ۽ مدت,وهڻ جون تبديليون (وڌيڪ/گهٽ/داغ),ڇا سمجهيو ويندو آهي هلڪو خونريزي يا روشني وارو دور؟,'هلڪي ماهواري' جو مطلب ڪهڙو آهي؟,auto_ok,genuine reword - ماهواري vocabulary - needs native-speaker review
v225,113,حيض جي صحت ۽ مدت,وهڻ جون تبديليون (وڌيڪ/گهٽ/داغ),ڇا ڪري سگھي ٿو غير معمولي روشني واري دور جو؟,غير معمولي طور ٿوري رت واري ماهواري جو سبب ڪهڙو ٿي سگهي ٿو؟,auto_ok,genuine reword - ماهواري vocabulary - needs native-speaker review
v226,113,حيض جي صحت ۽ مدت,وهڻ جون تبديليون (وڌيڪ/گهٽ/داغ),ڇا ڪري سگھي ٿو غير معمولي روشني واري دور جو؟,ماهواري ضرورت کان تمام گھٽ اچي ته ان جو ڪارڻ ڇا هوندو آهي؟,auto_ok,genuine reword - ماهواري vocabulary - needs native-speaker review
v227,114,حيض جي صحت ۽ مدت,وهڻ جون تبديليون (وڌيڪ/گهٽ/داغ),اسپاٽنگ ڇا آهي؟,period کان اڳ يا پوءِ ٿورو رت اچڻ کي ڇا سڏجي ٿو؟,auto_ok,genuine reword - ماهواري vocabulary - needs native-speaker review
v228,114,حيض جي صحت ۽ مدت,وهڻ جون تبديليون (وڌيڪ/گهٽ/داغ),اسپاٽنگ ڇا آهي؟,ماهواري کان اڳ يا پوءِ ٿورو رت اچڻ کي ڇا چئبو آهي؟,auto_ok,genuine reword - ماهواري vocabulary - needs native-speaker review
v229,115,حيض جي صحت ۽ مدت,وهڻ جون تبديليون (وڌيڪ/گهٽ/داغ),ڇا دورن جي وچ ۾ ڏسڻ هميشه پريشان ٿيڻ جي شيء آهي؟,ٻن ماهوارين جي وچ ۾ رت جا دز اچن ته ضرور ڳڻتي جي ڳالھ آهي ڇا؟,auto_ok,genuine reword - ماهواري vocabulary - needs native-speaker review
v230,115,حيض جي صحت ۽ مدت,وهڻ جون تبديليون (وڌيڪ/گهٽ/داغ),ڇا دورن جي وچ ۾ ڏسڻ هميشه پريشان ٿيڻ جي شيء آهي؟,وچ ۾ ٿورو رت اچڻ هميشه خطرناڪ هوندو آهي ڇا؟,auto_ok,genuine reword - ماهواري vocabulary - needs native-speaker review
v231,116,حيض جي صحت ۽ مدت,وهڻ جون تبديليون (وڌيڪ/گهٽ/داغ),ڇا دٻاء جو سبب هلڪو يا ڳري دور ٿي سگهي ٿو؟,ذهني دٻاءُ ماهواري کي هلڪو يا ڳرو ڪري سگهي ٿو ڇا؟,auto_ok,genuine reword - ماهواري vocabulary - needs native-speaker review
v232,116,حيض جي صحت ۽ مدت,وهڻ جون تبديليون (وڌيڪ/گهٽ/داغ),ڇا دٻاء جو سبب هلڪو يا ڳري دور ٿي سگهي ٿو؟,پريشاني سبب ماهواري جو وهڪرو بدلجي سگهي ٿو ڇا؟,auto_ok,genuine reword - ماهواري vocabulary - needs native-speaker review
v233,117,حيض جي صحت ۽ مدت,وهڻ جون تبديليون (وڌيڪ/گهٽ/داغ),روزانو ڪيترا پياڊ يا ٽيمپون عام استعمال سمجهيا وڃن ٿا؟,روزانو عام طور ڪيترا پيڊ يا ٽيمپون استعمال ٿيندا آهن؟,auto_ok,genuine reword - ماهواري vocabulary - needs native-speaker review
v234,117,حيض جي صحت ۽ مدت,وهڻ جون تبديليون (وڌيڪ/گهٽ/داغ),روزانو ڪيترا پياڊ يا ٽيمپون عام استعمال سمجهيا وڃن ٿا؟,ماهواري دوران هڪ ڏينهن ۾ ڪيترا پيڊ استعمال ڪرڻ معمول جي ڳالھ آهي؟,auto_ok,genuine reword - ماهواري vocabulary - needs native-speaker review
v235,118,حيض جي صحت ۽ مدت,وهڻ جون تبديليون (وڌيڪ/گهٽ/داغ),ڇا uterine fibroids ڳري خونريزي سبب سبب ممڪن آهي؟,uterus ۾ fibroids هجڻ سبب گھڻي رت وهي سگهي ٿي ڇا؟,auto_ok,genuine reword - ماهواري vocabulary - needs native-speaker review
v236,118,حيض جي صحت ۽ مدت,وهڻ جون تبديليون (وڌيڪ/گهٽ/داغ),ڇا uterine fibroids ڳري خونريزي سبب سبب ممڪن آهي؟,uterine fibroid ماهواري جي خونريزي کي وڌائي سگهي ٿو ڇا؟,auto_ok,genuine reword - ماهواري vocabulary - needs native-speaker review
v237,119,حيض جي صحت ۽ مدت,وهڻ جون تبديليون (وڌيڪ/گهٽ/داغ),ڇا رت کي ٿلائڻ واريون دوائون دور جي وهڪري کي متاثر ڪن ٿيون؟,رت پتلو ڪرڻ واريون دوائون ماهواري جي وهڪري تي اثر انداز ٿينديون آهن ڇا؟,auto_ok,genuine reword - ماهواري vocabulary - needs native-speaker review
v238,119,حيض جي صحت ۽ مدت,وهڻ جون تبديليون (وڌيڪ/گهٽ/داغ),ڇا رت کي ٿلائڻ واريون دوائون دور جي وهڪري کي متاثر ڪن ٿيون؟,خون پتلو ڪندڙ دوا کائڻ سان ماهواري ۾ گھڻو رت وهي سگهي ٿو ڇا؟,auto_ok,genuine reword - ماهواري vocabulary - needs native-speaker review
v239,120,حيض جي صحت ۽ مدت,وهڻ جون تبديليون (وڌيڪ/گهٽ/داغ),ڇا هڪ IUD مدت جي وهڪري کي تبديل ڪرڻ جي ضرورت آهي؟,IUD لڳائڻ سان ماهواري جو وهڪرو بدلجي ٿو ڇا؟,auto_ok,genuine reword - ماهواري vocabulary - needs native-speaker review
v240,120,حيض جي صحت ۽ مدت,وهڻ جون تبديليون (وڌيڪ/گهٽ/داغ),ڇا هڪ IUD مدت جي وهڪري کي تبديل ڪرڻ جي ضرورت آهي؟,IUD استعمال ڪرڻ سان ماهواري گھڻي يا گھٽ ٿي سگهي ٿي ڇا؟,auto_ok,genuine reword - ماهواري vocabulary - needs native-speaker review
v241,121,حيض جي صحت ۽ مدت,وهڻ جون تبديليون (وڌيڪ/گهٽ/داغ),ان جو مطلب ڇا آهي جيڪڏهن اوچتو ئي اوچتو معمول کان تمام گهڻو ڳري ٿي وڃي؟,اوچتو ماهواري معمول کان تمام گھڻي ڳري ٿي وڃي ته ان جو مطلب ڇا آهي؟,auto_ok,genuine reword - ماهواري vocabulary - needs native-speaker review
v242,121,حيض جي صحت ۽ مدت,وهڻ جون تبديليون (وڌيڪ/گهٽ/داغ),ان جو مطلب ڇا آهي جيڪڏهن اوچتو ئي اوچتو معمول کان تمام گهڻو ڳري ٿي وڃي؟,هڪدم ماهواري ۾ رت جو وهڪرو گھڻو وڌي وڃي ته ان جو ڪارڻ ڪهڙو ٿي سگهي ٿو؟,auto_ok,genuine reword - ماهواري vocabulary - needs native-speaker review
v243,122,حيض جي صحت ۽ مدت,وهڻ جون تبديليون (وڌيڪ/گهٽ/داغ),ڇا تايرايئر مسئلا دور جي وهڪري ۾ تبديلين جو سبب بڻجن ٿا؟,thyroid جو مسئلو ماهواري جي وهڪري کي بدلائي ٿو ڇا؟,auto_ok,genuine reword - ماهواري vocabulary - needs native-speaker review
v244,122,حيض جي صحت ۽ مدت,وهڻ جون تبديليون (وڌيڪ/گهٽ/داغ),ڇا تايرايئر مسئلا دور جي وهڪري ۾ تبديلين جو سبب بڻجن ٿا؟,thyroid خراب هجڻ ڪري ماهواري گھڻي يا گھٽ ٿي سگهي ٿي ڇا؟,auto_ok,genuine reword - ماهواري vocabulary - needs native-speaker review
v245,123,حيض جي صحت ۽ مدت,وهڻ جون تبديليون (وڌيڪ/گهٽ/داغ),ڇا اهو عام آهي ته وهڪري جو ڪجهه خاص عمرن تي ڳرو هجڻ، جهڙوڪ 30 يا 40 جي آخر ۾؟,30-40 سالن جي عمر ۾ ماهواري وڌيڪ ڳري ٿيڻ عام آهي ڇا؟,auto_ok,genuine reword - ماهواري vocabulary - needs native-speaker review
v246,123,حيض جي صحت ۽ مدت,وهڻ جون تبديليون (وڌيڪ/گهٽ/داغ),ڇا اهو عام آهي ته وهڪري جو ڪجهه خاص عمرن تي ڳرو هجڻ، جهڙوڪ 30 يا 40 جي آخر ۾؟,عمر وڌڻ سان ماهواري ۾ رت جو وهڪرو وڌي وڃي ٿو ڇا؟,auto_ok,genuine reword - ماهواري vocabulary - needs native-speaker review
v247,124,حيض جي صحت ۽ مدت,وهڻ جون تبديليون (وڌيڪ/گهٽ/داغ),ڳري حيض جي خونريزي لاءِ ڪهڙا علاج موجود آهن؟,ڳري ماهواري جي علاج لاءِ ڪهڙا طريقا موجود آهن؟,auto_ok,genuine reword - ماهواري vocabulary - needs native-speaker review
v248,124,حيض جي صحت ۽ مدت,وهڻ جون تبديليون (وڌيڪ/گهٽ/داغ),ڳري حيض جي خونريزي لاءِ ڪهڙا علاج موجود آهن؟,گھڻي رت واري ماهواري کي روڪڻ لاءِ ڪهڙا علاج ٿين ٿا؟,auto_ok,genuine reword - ماهواري vocabulary - needs native-speaker review
v249,125,حيض جي صحت ۽ مدت,وهڻ جون تبديليون (وڌيڪ/گهٽ/داغ),ڇا انتهائي پرهيز يا روزو رکڻ سبب نوراني دورن جو سبب بڻجي سگهي ٿو؟,گھڻو پرهيز يا روزو رکڻ سبب ماهواري گھٽ ٿي سگهي ٿي ڇا؟,auto_ok,genuine reword - ماهواري vocabulary - needs native-speaker review
v250,125,حيض جي صحت ۽ مدت,وهڻ جون تبديليون (وڌيڪ/گهٽ/داغ),ڇا انتهائي پرهيز يا روزو رکڻ سبب نوراني دورن جو سبب بڻجي سگهي ٿو؟,کاڌو گھٽ کائڻ ڪري ماهواري ۾ رت جو وهڪرو گھٽجي وڃي ٿو ڇا؟,auto_ok,genuine reword - ماهواري vocabulary - needs native-speaker review
v251,126,حيض جي صحت ۽ مدت,وهڻ جون تبديليون (وڌيڪ/گهٽ/داغ),ڇا ڪنهن دور جي شروعات يا پڇاڙيءَ ۾ برائون خارج ٿيڻ عام آهي؟,ماهواري جي شروع يا پڇاڙيءَ ۾ ناسي رنگ جو خارج ٿيڻ عام آهي ڇا؟,auto_ok,genuine reword - ماهواري vocabulary - needs native-speaker review
v252,126,حيض جي صحت ۽ مدت,وهڻ جون تبديليون (وڌيڪ/گهٽ/داغ),ڇا ڪنهن دور جي شروعات يا پڇاڙيءَ ۾ برائون خارج ٿيڻ عام آهي؟,ماهواري کان اڳ يا پوءِ گھرو رنگ جو رت اچڻ معمول جي ڳالھ آهي ڇا؟,auto_ok,genuine reword - ماهواري vocabulary - needs native-speaker review
v253,127,حيض جي صحت ۽ مدت,وهڻ جون تبديليون (وڌيڪ/گهٽ/داغ),هڪ 'سيلاب' دور ڇا آهي؟,'سيلاب واري' ماهواري کي ڪيئن سڏجي؟,auto_ok,genuine reword - ماهواري vocabulary - needs native-speaker review
v254,127,حيض جي صحت ۽ مدت,وهڻ جون تبديليون (وڌيڪ/گهٽ/داغ),هڪ 'سيلاب' دور ڇا آهي؟,تمام گھڻي رت واري ماهواري کي ڇا چئبو آهي؟,auto_ok,genuine reword - ماهواري vocabulary - needs native-speaker review
v255,128,حيض جي صحت ۽ مدت,وهڻ جون تبديليون (وڌيڪ/گهٽ/داغ),ڇا uterus ۾ پولپس غير فاني خونريزي سبب ڪري ٿو؟,uterus ۾ polyps هجڻ ڪري غير معمولي رت وهي سگهي ٿو ڇا؟,auto_ok,genuine reword - ماهواري vocabulary - needs native-speaker review
v256,128,حيض جي صحت ۽ مدت,وهڻ جون تبديليون (وڌيڪ/گهٽ/داغ),ڇا uterus ۾ پولپس غير فاني خونريزي سبب ڪري ٿو؟,پولپس هجڻ سبب ماهواري ۾ اضافي خونريزي ٿئي ٿي ڇا؟,auto_ok,genuine reword - ماهواري vocabulary - needs native-speaker review
v257,129,حيض جي صحت ۽ مدت,وهڻ جون تبديليون (وڌيڪ/گهٽ/داغ),ڇا رت جو رنگ ظاهر ڪري ٿو ته عرصو ڪيترو ڳرو آهي؟,رت جي رنگ مان اندازو لڳائي سگهجي ٿو ته ماهواري ڪيتري ڳري آهي؟,auto_ok,genuine reword - ماهواري vocabulary - needs native-speaker review
v258,129,حيض جي صحت ۽ مدت,وهڻ جون تبديليون (وڌيڪ/گهٽ/داغ),ڇا رت جو رنگ ظاهر ڪري ٿو ته عرصو ڪيترو ڳرو آهي؟,رت جو رنگ ماهواري جي شدت ٻڌائي ٿو ڇا؟,auto_ok,genuine reword - ماهواري vocabulary - needs native-speaker review
v259,130,حيض جي صحت ۽ مدت,وهڻ جون تبديليون (وڌيڪ/گهٽ/داغ),ڇا گھڻي ورزش تمام ھلڪي يا ياد ٿيل دورن جو سبب بڻجي سگھي ٿي؟,گھڻي ورزش ڪرڻ سان ماهواري تمام هلڪي يا غائب ٿي سگهي ٿي ڇا؟,auto_ok,genuine reword - ماهواري vocabulary - needs native-speaker review
v260,130,حيض جي صحت ۽ مدت,وهڻ جون تبديليون (وڌيڪ/گهٽ/داغ),ڇا گھڻي ورزش تمام ھلڪي يا ياد ٿيل دورن جو سبب بڻجي سگھي ٿي؟,بيحد ڪسرت ڪرڻ ڪري ماهواري رڪجي وڃي ٿي ڇا؟,auto_ok,genuine reword - ماهواري vocabulary - needs native-speaker review
v261,131,حيض جي صحت ۽ مدت,وهڻ جون تبديليون (وڌيڪ/گهٽ/داغ),ڇا رت جا امتحان شايد ڊاڪٽر کي ڳري يا غير معمولي خونريزي لاء آرڊر ڪري سگھن ٿا؟,ڳري يا غير معمولي ماهواري ۾ ڊاڪٽر رت جو ٽيسٽ ڪرائي سگهي ٿو ڇا؟,auto_ok,genuine reword - ماهواري vocabulary - needs native-speaker review
v262,131,حيض جي صحت ۽ مدت,وهڻ جون تبديليون (وڌيڪ/گهٽ/داغ),ڇا رت جا امتحان شايد ڊاڪٽر کي ڳري يا غير معمولي خونريزي لاء آرڊر ڪري سگھن ٿا؟,خونريزي وڌيڪ هجي ته ڊاڪٽر ڪهڙا امتحان ڪرائيندو آهي؟,auto_ok,genuine reword - ماهواري vocabulary - needs native-speaker review
v263,132,حيض جي صحت ۽ مدت,وهڻ جون تبديليون (وڌيڪ/گهٽ/داغ),ڇا شديد ورزش کان پوءِ ڏسڻ عام آهي؟,سخت ورزش کان پوءِ ٿورو رت اچڻ عام آهي ڇا؟,auto_ok,genuine reword - ماهواري vocabulary - needs native-speaker review
v264,132,حيض جي صحت ۽ مدت,وهڻ جون تبديليون (وڌيڪ/گهٽ/داغ),ڇا شديد ورزش کان پوءِ ڏسڻ عام آهي؟,گھڻي ڪسرت بعد اسپاٽنگ ٿيڻ معمول جي ڳالھ آهي ڇا؟,auto_ok,genuine reword - ماهواري vocabulary - needs native-speaker review
v265,133,حيض جي صحت ۽ مدت,وهڻ جون تبديليون (وڌيڪ/گهٽ/داغ),ڇا غذا کي تبديل ڪرڻ يا وزن جي صحتمند مقدار کي حاصل ڪري سگھي ٿو ھڪڙو ھلڪو-معمولي دور کي مڪمل وهڪرو ڏانھن؟,کاڌو بدلائڻ يا صحتمند وزن رکڻ سان هلڪي ماهواري وري گھڻي ٿي سگهي ٿي ڇا؟,auto_ok,genuine reword - ماهواري vocabulary - needs native-speaker review
v266,133,حيض جي صحت ۽ مدت,وهڻ جون تبديليون (وڌيڪ/گهٽ/داغ),ڇا غذا کي تبديل ڪرڻ يا وزن جي صحتمند مقدار کي حاصل ڪري سگھي ٿو ھڪڙو ھلڪو-معمولي دور کي مڪمل وهڪرو ڏانھن؟,کاڌي پيتي ۽ وزن جي سنڀال سان ماهواري جو وهڪرو بهتر ٿي سگهي ٿو ڇا؟,auto_ok,genuine reword - ماهواري vocabulary - needs native-speaker review
v267,134,حيض جي صحت ۽ مدت,وهڻ جون تبديليون (وڌيڪ/گهٽ/داغ),غير فضيلت خونريزي ڇا آهي؟,'غير فطري خونريزي' جو مطلب ڪهڙو آهي؟,auto_ok,genuine reword - ماهواري vocabulary - needs native-speaker review
v268,134,حيض جي صحت ۽ مدت,وهڻ جون تبديليون (وڌيڪ/گهٽ/داغ),غير فضيلت خونريزي ڇا آهي؟,abnormal bleeding کي ڇا چئبو آهي؟,auto_ok,genuine reword - ماهواري vocabulary - needs native-speaker review
v269,135,حيض جي صحت ۽ مدت,وهڻ جون تبديليون (وڌيڪ/گهٽ/داغ),ڇا هارمونل برٿ ڪنٽرول کي روڪڻ کان پوءِ دور جي وهڪري ۾ تبديلي اچي سگهي ٿي؟,هارمونل برٿ ڪنٽرول بند ڪرڻ کان پوءِ ماهواري جي وهڪري ۾ تبديلي ايندي آهي ڇا؟,auto_ok,genuine reword - ماهواري vocabulary - needs native-speaker review
v270,135,حيض جي صحت ۽ مدت,وهڻ جون تبديليون (وڌيڪ/گهٽ/داغ),ڇا هارمونل برٿ ڪنٽرول کي روڪڻ کان پوءِ دور جي وهڪري ۾ تبديلي اچي سگهي ٿي؟,ڄمڻ جي ڪنٽرول جون گوريون ڇڏڻ سان ماهواري بدلجي ٿي ڇا؟,auto_ok,genuine reword - ماهواري vocabulary - needs native-speaker review
v271,136,حيض جي صحت ۽ مدت,وهڻ جون تبديليون (وڌيڪ/گهٽ/داغ),ڇا ڳري خونريزي هميشه مطلب آهي اتي هڪ سنگين بنيادي حالت آهي؟,ڳري خونريزي جو مطلب هميشه ڪا وڏي بيماري هوندي آهي ڇا؟,auto_ok,genuine reword - ماهواري vocabulary - needs native-speaker review
v272,136,حيض جي صحت ۽ مدت,وهڻ جون تبديليون (وڌيڪ/گهٽ/داغ),ڇا ڳري خونريزي هميشه مطلب آهي اتي هڪ سنگين بنيادي حالت آهي؟,گھڻو رت وهڻ ضروري ناهي ته سنگين مرض جي نشاني هجي؟,auto_ok,genuine reword - ماهواري vocabulary - needs native-speaker review
v273,137,حيض جي صحت ۽ مدت,وهڻ جون تبديليون (وڌيڪ/گهٽ/داغ),ڇا مدت جي وهڪري کي موسمي تبديلين کان متاثر ٿي سگھي ٿو؟,موسم جي بدلجڻ سان ماهواري جو وهڪرو متاثر ٿئي ٿو ڇا؟,auto_ok,genuine reword - ماهواري vocabulary - needs native-speaker review
v274,137,حيض جي صحت ۽ مدت,وهڻ جون تبديليون (وڌيڪ/گهٽ/داغ),ڇا مدت جي وهڪري کي موسمي تبديلين کان متاثر ٿي سگھي ٿو؟,سياري يا اونهاري ۾ ماهواري گھٽ وڌ ٿئي ٿي ڇا؟,auto_ok,genuine reword - ماهواري vocabulary - needs native-speaker review
v275,138,حيض جي صحت ۽ مدت,وهڻ جون تبديليون (وڌيڪ/گهٽ/داغ),ڇا اهو عام آهي ته ڪنهن دور جي پهرين ۽ آخري ڏينهن لاءِ هلڪو ٿيڻ؟,ماهواري جي پهرئين ۽ آخري ڏينهن رت هلڪو هجڻ عام آهي ڇا؟,auto_ok,genuine reword - ماهواري vocabulary - needs native-speaker review
v276,138,حيض جي صحت ۽ مدت,وهڻ جون تبديليون (وڌيڪ/گهٽ/داغ),ڇا اهو عام آهي ته ڪنهن دور جي پهرين ۽ آخري ڏينهن لاءِ هلڪو ٿيڻ؟,شروع ۽ پڇاڙيءَ ۾ ماهواري گھٽ ۽ وچ ۾ گھڻي هجي ته اهو معمول آهي ڇا؟,auto_ok,genuine reword - ماهواري vocabulary - needs native-speaker review
v277,139,حيض جي صحت ۽ مدت,وهڻ جون تبديليون (وڌيڪ/گهٽ/داغ),ڪو ماڻهو ڪيئن ٽريڪ ڪري سگهي ٿو ته انهن جي وهڪري وقت سان ڳري ٿي رهي آهي؟,وقت سان گڏ ماهواري ڳري ٿي رهي آهي، اهو ڪيئن ڄاڻجي؟,auto_ok,genuine reword - ماهواري vocabulary - needs native-speaker review
v278,139,حيض جي صحت ۽ مدت,وهڻ جون تبديليون (وڌيڪ/گهٽ/داغ),ڪو ماڻهو ڪيئن ٽريڪ ڪري سگهي ٿو ته انهن جي وهڪري وقت سان ڳري ٿي رهي آهي؟,پنهنجي ماهواري جو وهڪرو وڌي رهيو آهي، ان جو اندازو ڪيئن لڳائجي؟,auto_ok,genuine reword - ماهواري vocabulary - needs native-speaker review
v279,140,حيض جي صحت ۽ مدت,وهڻ جون تبديليون (وڌيڪ/گهٽ/داغ),ڇا ڪجهه جڙي ٻوٽين جو سپليمينٽس مدت جي وهڪري کي متاثر ڪري سگھن ٿا؟,جڙي ٻوٽين واريون دوائون ماهواري جي وهڪري تي اثر ڪن ٿيون ڇا؟,auto_ok,genuine reword - ماهواري vocabulary - needs native-speaker review
v280,140,حيض جي صحت ۽ مدت,وهڻ جون تبديليون (وڌيڪ/گهٽ/داغ),ڇا ڪجهه جڙي ٻوٽين جو سپليمينٽس مدت جي وهڪري کي متاثر ڪري سگھن ٿا؟,herbal سپليمينٽس ماهواري کي متاثر ڪري سگهن ٿا ڇا؟,auto_ok,genuine reword - ماهواري vocabulary - needs native-speaker review
v281,141,حيض جي صحت ۽ مدت,وهڻ جون تبديليون (وڌيڪ/گهٽ/داغ),ڇا اھو عام آھي ھڪڙو بھاري دور ۽ پوءِ ھلڪو ھڪڙو ايندڙ مهيني؟,هڪ مهيني ڳري ماهواري ۽ ٻئي مهيني هلڪي هجي ته اهو عام آهي ڇا؟,auto_ok,genuine reword - ماهواري vocabulary - needs native-speaker review
v282,141,حيض جي صحت ۽ مدت,وهڻ جون تبديليون (وڌيڪ/گهٽ/داغ),ڇا اھو عام آھي ھڪڙو بھاري دور ۽ پوءِ ھلڪو ھڪڙو ايندڙ مهيني؟,ماهواري جو وهڪرو هر مهيني بدلجي ته ان ۾ ڪا ڳڻتي ناهي؟,auto_ok,genuine reword - ماهواري vocabulary - needs native-speaker review
v283,142,حيض جي صحت ۽ مدت,وهڻ جون تبديليون (وڌيڪ/گهٽ/داغ),Menorrhagia ۽ عام ڳري وهڪري جي علائقي جي وچ ۾ ڇا فرق آهي؟,Menorrhagia ۽ عام ڳري ماهواري ۾ ڇا فرق آهي؟,auto_ok,genuine reword - ماهواري vocabulary - needs native-speaker review
v284,142,حيض جي صحت ۽ مدت,وهڻ جون تبديليون (وڌيڪ/گهٽ/داغ),Menorrhagia ۽ عام ڳري وهڪري جي علائقي جي وچ ۾ ڇا فرق آهي؟,menorrhagia جو مطلب ڪهڙو آهي، عام گھڻي ماهواري کان ڪيئن مختلف آهي؟,auto_ok,genuine reword - ماهواري vocabulary - needs native-speaker review
v285,143,حيض جي صحت ۽ مدت,وهڻ جون تبديليون (وڌيڪ/گهٽ/داغ),ڇا خاندانن ۾ دور جي وهڪري جا نمونا هلائي سگھن ٿا؟,خاندان ۾ ماهواري جي وهڪري جو نمونو هڪجهڙو هلندو آهي ڇا؟,auto_ok,genuine reword - ماهواري vocabulary - needs native-speaker review
v286,143,حيض جي صحت ۽ مدت,وهڻ جون تبديليون (وڌيڪ/گهٽ/داغ),ڇا خاندانن ۾ دور جي وهڪري جا نمونا هلائي سگھن ٿا؟,ماءُ جهڙي ماهواري ڌيءَ کي به ٿي سگهي ٿي ڇا؟,auto_ok,genuine reword - ماهواري vocabulary - needs native-speaker review
v287,144,حيض جي صحت ۽ مدت,حيض جي صفائي جا طريقا ۽ مصنوعات,هڪ دور ۾ ڪيترا ڀيرا پيڊ تبديل ٿيڻ گهرجي؟,ماهواري دوران پيڊ ڪيترا ڀيرا مٽجن گهرجن؟,auto_ok,genuine reword - ماهواري vocabulary - needs native-speaker review
v288,144,حيض جي صحت ۽ مدت,حيض جي صفائي جا طريقا ۽ مصنوعات,هڪ دور ۾ ڪيترا ڀيرا پيڊ تبديل ٿيڻ گهرجي؟,هڪ ڏينهن ۾ پيڊ ڪيترا ڀيرا تبديل ڪجن؟,auto_ok,genuine reword - ماهواري vocabulary - needs native-speaker review
v289,145,حيض جي صحت ۽ مدت,حيض جي صفائي جا طريقا ۽ مصنوعات,ڪيترا ڀيرا هڪ ٽيمپون تبديل ٿيڻ گهرجي؟,ٽيمپون ڪيتري وقت بعد مٽجي؟,auto_ok,genuine reword - ماهواري vocabulary - needs native-speaker review
v290,145,حيض جي صحت ۽ مدت,حيض جي صفائي جا طريقا ۽ مصنوعات,ڪيترا ڀيرا هڪ ٽيمپون تبديل ٿيڻ گهرجي؟,ٽيمپون تبديل ڪرڻ جو صحيح وقفو ڪهڙو آهي؟,auto_ok,genuine reword - ماهواري vocabulary - needs native-speaker review
v291,146,حيض جي صحت ۽ مدت,حيض جي صفائي جا طريقا ۽ مصنوعات,ٽوڪسڪ شاڪ سنڊروم ڇا آهي ۽ اهو ٽمپون سان ڪيئن جڙيل آهي؟,Toxic Shock Syndrome ڇا آهي ۽ ٽيمپون سان ان جو ڪهڙو تعلق آهي؟,auto_ok,genuine reword - ماهواري vocabulary - needs native-speaker review
v292,146,حيض جي صحت ۽ مدت,حيض جي صفائي جا طريقا ۽ مصنوعات,ٽوڪسڪ شاڪ سنڊروم ڇا آهي ۽ اهو ٽمپون سان ڪيئن جڙيل آهي؟,ٽيمپون استعمال ڪرڻ سان TSS جو خطرو ڪيئن ٿيندو آهي؟,auto_ok,genuine reword - ماهواري vocabulary - needs native-speaker review
v293,147,حيض جي صحت ۽ مدت,حيض جي صفائي جا طريقا ۽ مصنوعات,ڇا حيض وارو ڪپ هڪ محفوظ اختيار آهي؟,حيض وارو ڪپ استعمال ڪرڻ محفوظ آهي ڇا؟,auto_ok,genuine reword - ماهواري vocabulary - needs native-speaker review
v294,147,حيض جي صحت ۽ مدت,حيض جي صفائي جا طريقا ۽ مصنوعات,ڇا حيض وارو ڪپ هڪ محفوظ اختيار آهي؟,menstrual cup پائڻ ۾ ڪو نقصان ته ناهي؟,auto_ok,genuine reword - ماهواري vocabulary - needs native-speaker review
v295,148,حيض جي صحت ۽ مدت,حيض جي صفائي جا طريقا ۽ مصنوعات,حيض واري ڪپ کي ڪيئن صاف ڪرڻ گهرجي؟,حيض واري ڪپ کي ڪيئن ڌوئجي؟,auto_ok,genuine reword - ماهواري vocabulary - needs native-speaker review
v296,148,حيض جي صحت ۽ مدت,حيض جي صفائي جا طريقا ۽ مصنوعات,حيض واري ڪپ کي ڪيئن صاف ڪرڻ گهرجي؟,menstrual cup صاف رکڻ جو طريقو ڇا آهي؟,auto_ok,genuine reword - ماهواري vocabulary - needs native-speaker review
v297,149,حيض جي صحت ۽ مدت,حيض جي صفائي جا طريقا ۽ مصنوعات,ڇا ٻيهر استعمال لائق ڪپڙو دورن جي انتظام لاءِ محفوظ آهي؟,ٻيهر استعمال ٿيندڙ ڪپڙو ماهواري ۾ استعمال ڪرڻ محفوظ آهي ڇا؟,auto_ok,genuine reword - ماهواري vocabulary - needs native-speaker review
v298,149,حيض جي صحت ۽ مدت,حيض جي صفائي جا طريقا ۽ مصنوعات,ڇا ٻيهر استعمال لائق ڪپڙو دورن جي انتظام لاءِ محفوظ آهي؟,پراڻي طريقي وارو ڪپڙو ماهواري لاءِ استعمال ڪري سگهجي ٿو ڇا؟,auto_ok,genuine reword - ماهواري vocabulary - needs native-speaker review
v299,150,حيض جي صحت ۽ مدت,حيض جي صفائي جا طريقا ۽ مصنوعات,حيض واري شين کي ڪيئن استعمال ڪرڻ گهرجي؟,ماهواري واريون شيون صحيح طريقي سان ڪيئن استعمال ڪجن؟,auto_ok,genuine reword - ماهواري vocabulary - needs native-speaker review
v300,150,حيض جي صحت ۽ مدت,حيض جي صفائي جا طريقا ۽ مصنوعات,حيض واري شين کي ڪيئن استعمال ڪرڻ گهرجي؟,پيڊ يا ٽيمپون کي درست طريقي سان ڪيئن پائجي؟,auto_ok,genuine reword - ماهواري vocabulary - needs native-speaker review
v301,151,حيض جي صحت ۽ مدت,حيض جي صفائي جا طريقا ۽ مصنوعات,ڇا حيض جون شيون ٽوائليٽ ۾ اڇلائي سگهجن ٿيون؟,استعمال ٿيل پيڊ يا ٽيمپون ٽوائليٽ ۾ اڇلائي سگهجن ٿا ڇا؟,auto_ok,genuine reword - ماهواري vocabulary - needs native-speaker review
v302,151,حيض جي صحت ۽ مدت,حيض جي صفائي جا طريقا ۽ مصنوعات,ڇا حيض جون شيون ٽوائليٽ ۾ اڇلائي سگهجن ٿيون؟,حيض واري گندگي کي فليش ڪرڻ صحيح آهي ڇا؟,auto_ok,genuine reword - ماهواري vocabulary - needs native-speaker review
v303,152,حيض جي صحت ۽ مدت,حيض جي صفائي جا طريقا ۽ مصنوعات,ڇا اهو ضروري آهي ته جينياتي علائقي کي وڌيڪ عرصي دوران ڌوئڻ؟,ماهواري دوران گھڻي ڀيري نجي حصو ڌوئڻ ضروري آهي ڇا؟,auto_ok,genuine reword - ماهواري vocabulary - needs native-speaker review
v304,152,حيض جي صحت ۽ مدت,حيض جي صفائي جا طريقا ۽ مصنوعات,ڇا اهو ضروري آهي ته جينياتي علائقي کي وڌيڪ عرصي دوران ڌوئڻ؟,ماهواري وقت صفائي لاءِ ڪيترو ڌوئڻ گهرجي؟,auto_ok,genuine reword - ماهواري vocabulary - needs native-speaker review
v305,153,حيض جي صحت ۽ مدت,حيض جي صفائي جا طريقا ۽ مصنوعات,ڇا عرصو دوران خوشبودار شيون استعمال ڪرڻ گهرجن؟,ماهواري دوران خوشبودار پروڊڪٽس استعمال ڪجن ڇا؟,auto_ok,genuine reword - ماهواري vocabulary - needs native-speaker review
v306,153,حيض جي صحت ۽ مدت,حيض جي صفائي جا طريقا ۽ مصنوعات,ڇا عرصو دوران خوشبودار شيون استعمال ڪرڻ گهرجن؟,ماهواري وقت پرفيوم وارا واش استعمال ڪرڻ صحيح آهي ڇا؟,auto_ok,genuine reword - ماهواري vocabulary - needs native-speaker review
v307,154,حيض جي صحت ۽ مدت,حيض جي صفائي جا طريقا ۽ مصنوعات,پيڊ ۽ ٽيمپون کان سواءِ حيض واري صفائي جون ڪهڙيون شيون موجود آهن؟,پيڊ ۽ ٽيمپون کان علاوه ماهواري لاءِ ٻيا ڪهڙا آپشن آهن؟,auto_ok,genuine reword - ماهواري vocabulary - needs native-speaker review
v308,154,حيض جي صحت ۽ مدت,حيض جي صفائي جا طريقا ۽ مصنوعات,پيڊ ۽ ٽيمپون کان سواءِ حيض واري صفائي جون ڪهڙيون شيون موجود آهن؟,ماهواري جي صفائي لاءِ متبادل شيون ڪهڙيون آهن؟,auto_ok,genuine reword - ماهواري vocabulary - needs native-speaker review
v309,155,حيض جي صحت ۽ مدت,حيض جي صفائي جا طريقا ۽ مصنوعات,ڪيتري قدر حيض جي پيداوار جي فضول عالمي سطح تي پيدا ٿئي ٿي؟,دنيا ۾ ماهواري جو ڪچرو ڪيترو پيدا ٿئي ٿو؟,auto_ok,genuine reword - ماهواري vocabulary - needs native-speaker review
v310,155,حيض جي صحت ۽ مدت,حيض جي صفائي جا طريقا ۽ مصنوعات,ڪيتري قدر حيض جي پيداوار جي فضول عالمي سطح تي پيدا ٿئي ٿي؟,ماهواري جي شين مان عالمي سطح تي ڪيترو فضلو نڪري ٿو؟,auto_ok,genuine reword - ماهواري vocabulary - needs native-speaker review
v311,156,حيض جي صحت ۽ مدت,حيض جي صفائي جا طريقا ۽ مصنوعات,ڇا اهو محفوظ آهي ترڻ دوران دوران دوران؟,ماهواري دوران تارڻ محفوظ آهي ڇا؟,auto_ok,genuine reword - ماهواري vocabulary - needs native-speaker review
v312,156,حيض جي صحت ۽ مدت,حيض جي صفائي جا طريقا ۽ مصنوعات,ڇا اهو محفوظ آهي ترڻ دوران دوران دوران؟,ماهواري وقت پاڻي ۾ تري سگھجي ٿو ڇا؟,auto_ok,genuine reword - ماهواري vocabulary - needs native-speaker review
v313,157,حيض جي صحت ۽ مدت,حيض جي صفائي جا طريقا ۽ مصنوعات,هلندڙ پاڻي جي پهچ کان سواءِ دوراني جي صفائي ڪيئن ٿي سگهي ٿي؟,صاف پاڻي نه هجي ته ماهواري جي صفائي ڪيئن ڪجي؟,auto_ok,genuine reword - ماهواري vocabulary - needs native-speaker review
v314,157,حيض جي صحت ۽ مدت,حيض جي صفائي جا طريقا ۽ مصنوعات,هلندڙ پاڻي جي پهچ کان سواءِ دوراني جي صفائي ڪيئن ٿي سگهي ٿي؟,پاڻي جي کوٽ هجي ته ماهواري وقت صفائي ڪيئن رکجي؟,auto_ok,genuine reword - ماهواري vocabulary - needs native-speaker review
v315,158,حيض جي صحت ۽ مدت,حيض جي صفائي جا طريقا ۽ مصنوعات,دور غربت ڇا آهي؟,'period poverty' ڇا آهي؟,auto_ok,genuine reword - ماهواري vocabulary - needs native-speaker review
v316,158,حيض جي صحت ۽ مدت,حيض جي صفائي جا طريقا ۽ مصنوعات,دور غربت ڇا آهي؟,ماهواري جي شين نه ملڻ واري مسئلي کي ڇا چئبو آهي؟,auto_ok,genuine reword - ماهواري vocabulary - needs native-speaker review
v317,159,حيض جي صحت ۽ مدت,حيض جي صفائي جا طريقا ۽ مصنوعات,ڇا پيڊ يا ٽيمپون تمام ڊگهو پائڻ سبب ريش يا انفيڪشن ٿي سگهي ٿو؟,پيڊ يا ٽيمپون گھڻو وقت پائڻ سان ريش يا انفيڪشن ٿي سگهي ٿو ڇا؟,auto_ok,genuine reword - ماهواري vocabulary - needs native-speaker review
v318,159,حيض جي صحت ۽ مدت,حيض جي صفائي جا طريقا ۽ مصنوعات,ڇا پيڊ يا ٽيمپون تمام ڊگهو پائڻ سبب ريش يا انفيڪشن ٿي سگهي ٿو؟,هڪ پيڊ ڊگهي وقت تائين پائڻ سان چمڙي تي نقصان ٿي سگهي ٿو ڇا؟,auto_ok,genuine reword - ماهواري vocabulary - needs native-speaker review
v319,160,حيض جي صحت ۽ مدت,حيض جي صفائي جا طريقا ۽ مصنوعات,ڇا دور جي انڊر ويئر پيڊ يا ٽيمپون وانگر اثرائتو آهي؟,ماهواري واري انڊرويئر پيڊ يا ٽيمپون جيتري اثرائتي آهي ڇا؟,auto_ok,genuine reword - ماهواري vocabulary - needs native-speaker review
v320,160,حيض جي صحت ۽ مدت,حيض جي صفائي جا طريقا ۽ مصنوعات,ڇا دور جي انڊر ويئر پيڊ يا ٽيمپون وانگر اثرائتو آهي؟,period underwear استعمال ڪرڻ پيڊ جيان ڪارگر آهي ڇا؟,auto_ok,genuine reword - ماهواري vocabulary - needs native-speaker review
v321,161,حيض جي صحت ۽ مدت,حيض جي صفائي جا طريقا ۽ مصنوعات,حيض وارو پيالو خالي ڪرڻ کان اڳ ڪيترو وقت پائڻ کپي؟,حيض وارو ڪپ خالي ڪرڻ کان اڳ ڪيترو وقت پائي سگهجي ٿو؟,auto_ok,genuine reword - ماهواري vocabulary - needs native-speaker review
v322,161,حيض جي صحت ۽ مدت,حيض جي صفائي جا طريقا ۽ مصنوعات,حيض وارو پيالو خالي ڪرڻ کان اڳ ڪيترو وقت پائڻ کپي؟,menstrual cup ڪيترن ڪلاڪن بعد صاف ڪجي؟,auto_ok,genuine reword - ماهواري vocabulary - needs native-speaker review
v323,162,حيض جي صحت ۽ مدت,حيض جي صفائي جا طريقا ۽ مصنوعات,ڇا حيض جي صفائي جي شين کي ماڻهن جي وچ ۾ حصيداري ڪرڻ گهرجي؟,ماهواري واريون شيون هڪ ٻئي سان حصيداري ڪرڻ گهرجي ڇا؟,auto_ok,genuine reword - ماهواري vocabulary - needs native-speaker review
v324,162,حيض جي صحت ۽ مدت,حيض جي صفائي جا طريقا ۽ مصنوعات,ڇا حيض جي صفائي جي شين کي ماڻهن جي وچ ۾ حصيداري ڪرڻ گهرجي؟,پيڊ يا ٻيا سامان دوستن سان اڌ ورهائجي ڇا؟,auto_ok,genuine reword - ماهواري vocabulary - needs native-speaker review
v325,163,حيض جي صحت ۽ مدت,حيض جي صفائي جا طريقا ۽ مصنوعات,ڇا دوري دوران گهر ۾ ٺهيل ڪپڙو استعمال ڪرڻ سان صفائي جا خدشا آهن؟,گھر ۾ پاڻ ٺاهيل ڪپڙو استعمال ڪرڻ ۾ صفائي جو ڪو مسئلو آهي ڇا؟,auto_ok,genuine reword - ماهواري vocabulary - needs native-speaker review
v326,163,حيض جي صحت ۽ مدت,حيض جي صفائي جا طريقا ۽ مصنوعات,ڇا دوري دوران گهر ۾ ٺهيل ڪپڙو استعمال ڪرڻ سان صفائي جا خدشا آهن؟,پنهنجي ٺاهيل ڪپڙي واري پيڊ ۾ صفائي جا خدشا آهن ڇا؟,auto_ok,genuine reword - ماهواري vocabulary - needs native-speaker review
v327,164,حيض جي صحت ۽ مدت,حيض جي صفائي جا طريقا ۽ مصنوعات,بنيادي حيض جي صفائي واري کٽ ۾ ڇا شامل ڪيو وڃي؟,ماهواري جي بنيادي ڪٽ ۾ ڇا ڇا هجڻ گهرجي؟,auto_ok,genuine reword - ماهواري vocabulary - needs native-speaker review
v328,164,حيض جي صحت ۽ مدت,حيض جي صفائي جا طريقا ۽ مصنوعات,بنيادي حيض جي صفائي واري کٽ ۾ ڇا شامل ڪيو وڃي؟,period kit ۾ ڪهڙيون شيون شامل ڪجن؟,auto_ok,genuine reword - ماهواري vocabulary - needs native-speaker review
v329,165,حيض جي صحت ۽ مدت,حيض جي صفائي جا طريقا ۽ مصنوعات,ڇا ھڪڙو پيڊ استعمال ڪري گھڻو ڊگھو گند سبب ڪري سگھي ٿو؟,هڪ پيڊ گھڻو وقت پائڻ سان بدبو پيدا ٿي سگهي ٿي ڇا؟,auto_ok,genuine reword - ماهواري vocabulary - needs native-speaker review
v330,165,حيض جي صحت ۽ مدت,حيض جي صفائي جا طريقا ۽ مصنوعات,ڇا ھڪڙو پيڊ استعمال ڪري گھڻو ڊگھو گند سبب ڪري سگھي ٿو؟,پيڊ کي دير سان مٽائڻ سبب بوءِ اچي سگهي ٿي ڇا؟,auto_ok,genuine reword - ماهواري vocabulary - needs native-speaker review
v331,166,حيض جي صحت ۽ مدت,حيض جي صفائي جا طريقا ۽ مصنوعات,ڇا اهو محفوظ آهي ورزش ڪرڻ دوران جڏهن ٽيمپون يا حيض وارو ڪپ پائڻ؟,ورزش ڪندي ٽيمپون يا حيض وارو ڪپ پائڻ محفوظ آهي ڇا؟,auto_ok,genuine reword - ماهواري vocabulary - needs native-speaker review
v332,166,حيض جي صحت ۽ مدت,حيض جي صفائي جا طريقا ۽ مصنوعات,ڇا اهو محفوظ آهي ورزش ڪرڻ دوران جڏهن ٽيمپون يا حيض وارو ڪپ پائڻ؟,ڪسرت وقت menstrual cup يا ٽيمپون استعمال ڪري سگهجي ٿو ڇا؟,auto_ok,genuine reword - ماهواري vocabulary - needs native-speaker review
v333,167,حيض جي صحت ۽ مدت,حيض جي صفائي جا طريقا ۽ مصنوعات,جڏهن استعمال ۾ نه هجي ته ٻيهر استعمال جي قابل ڪپڙي جي پيڊن کي ڪيئن رکڻ گهرجي؟,استعمال نه ٿيندڙ ٻيهر قابلِ استعمال ڪپڙي جي پيڊ کي ڪيئن رکجي؟,auto_ok,genuine reword - ماهواري vocabulary - needs native-speaker review
v334,167,حيض جي صحت ۽ مدت,حيض جي صفائي جا طريقا ۽ مصنوعات,جڏهن استعمال ۾ نه هجي ته ٻيهر استعمال جي قابل ڪپڙي جي پيڊن کي ڪيئن رکڻ گهرجي؟,ڌوتل ڪپڙي واري پيڊ کي خشڪ ڪري ڪيئن سانڍجي؟,auto_ok,genuine reword - ماهواري vocabulary - needs native-speaker review
v335,168,حيض جي صحت ۽ مدت,حيض جي صفائي جا طريقا ۽ مصنوعات,ڇا حفظان صحت جا قدم پيڊن مان چمڙي جي جلن کي روڪڻ ۾ مدد ڪن ٿا؟,صفائي جو خيال رکڻ سان پيڊ کان چمڙي جي جلن کان بچي سگهجي ٿو ڇا؟,auto_ok,genuine reword - ماهواري vocabulary - needs native-speaker review
v336,168,حيض جي صحت ۽ مدت,حيض جي صفائي جا طريقا ۽ مصنوعات,ڇا حفظان صحت جا قدم پيڊن مان چمڙي جي جلن کي روڪڻ ۾ مدد ڪن ٿا؟,حفظانِ صحت جو خيال رکڻ سان ريش کان بچاءُ ٿئي ٿو ڇا؟,auto_ok,genuine reword - ماهواري vocabulary - needs native-speaker review
v337,169,حيض جي صحت ۽ مدت,حيض جي صفائي جا طريقا ۽ مصنوعات,ڇا حيض واري ڊسڪ حيض جي کپن کان مختلف آهن؟,حيض واري ڊسڪ ۽ حيض وارو ڪپ هڪجهڙا آهن يا مختلف؟,auto_ok,genuine reword - ماهواري vocabulary - needs native-speaker review
v338,169,حيض جي صحت ۽ مدت,حيض جي صفائي جا طريقا ۽ مصنوعات,ڇا حيض واري ڊسڪ حيض جي کپن کان مختلف آهن؟,menstrual disc ۽ menstrual cup ۾ ڇا فرق آهي؟,auto_ok,genuine reword - ماهواري vocabulary - needs native-speaker review
v339,170,حيض جي صحت ۽ مدت,حيض جي صفائي جا طريقا ۽ مصنوعات,ڇا حيض جي صفائي جي سهولتن جي کوٽ اسڪول جي حاضري کي متاثر ڪري سگهي ٿي؟,ماهواري جي شين نه هجڻ سبب ڇوڪريون اسڪول نه وينديون آهن ڇا؟,auto_ok,genuine reword - ماهواري vocabulary - needs native-speaker review
v340,170,حيض جي صحت ۽ مدت,حيض جي صفائي جا طريقا ۽ مصنوعات,ڇا حيض جي صفائي جي سهولتن جي کوٽ اسڪول جي حاضري کي متاثر ڪري سگهي ٿي؟,صفائي جي سهولت نه هجڻ ڪري اسڪول ۾ حاضري گھٽجي وڃي ٿي ڇا؟,auto_ok,genuine reword - ماهواري vocabulary - needs native-speaker review
v341,171,حيض جي صحت ۽ مدت,حيض جي صفائي جا طريقا ۽ مصنوعات,ڇا حيض واري پروڊڪٽ کي تبديل ڪرڻ کان اڳ ۽ بعد ۾ هٿ ڌوئڻ گهرجن؟,پيڊ يا ٽيمپون مٽائڻ کان اڳ ۽ پوءِ هٿ ڌوئجن ڇا؟,auto_ok,genuine reword - ماهواري vocabulary - needs native-speaker review
v342,171,حيض جي صحت ۽ مدت,حيض جي صفائي جا طريقا ۽ مصنوعات,ڇا حيض واري پروڊڪٽ کي تبديل ڪرڻ کان اڳ ۽ بعد ۾ هٿ ڌوئڻ گهرجن؟,ماهواري واري شئي بدلائڻ وقت هٿ صاف ڪرڻ ضروري آهي ڇا؟,auto_ok,genuine reword - ماهواري vocabulary - needs native-speaker review
v343,172,حيض جي صحت ۽ مدت,حيض جي صفائي جا طريقا ۽ مصنوعات,ڇا ان کي پائڻ دوران ٽيمپون محسوس ڪرڻ عام آهي؟,ٽيمپون پائڻ دوران ان جو احساس ٿيڻ عام آهي ڇا؟,auto_ok,genuine reword - ماهواري vocabulary - needs native-speaker review
v344,172,حيض جي صحت ۽ مدت,حيض جي صفائي جا طريقا ۽ مصنوعات,ڇا ان کي پائڻ دوران ٽيمپون محسوس ڪرڻ عام آهي؟,ٽيمپون اندر محسوس ٿئي ته اهو صحيح طريقي سان ناهي پيل ڇا؟,auto_ok,genuine reword - ماهواري vocabulary - needs native-speaker review
v345,173,حيض جي صحت ۽ مدت,حيض جي صفائي جا طريقا ۽ مصنوعات,ڇا حيض وارو ڪپ رات جو استعمال ڪري سگھجي ٿو؟,رات جو سمهڻ وقت حيض وارو ڪپ استعمال ڪري سگهجي ٿو ڇا؟,auto_ok,genuine reword - ماهواري vocabulary - needs native-speaker review
v346,173,حيض جي صحت ۽ مدت,حيض جي صفائي جا طريقا ۽ مصنوعات,ڇا حيض وارو ڪپ رات جو استعمال ڪري سگھجي ٿو؟,menstrual cup سڄي رات پائڻ محفوظ آهي ڇا؟,auto_ok,genuine reword - ماهواري vocabulary - needs native-speaker review
v347,174,حيض جي صحت ۽ مدت,حيض جي صفائي جا طريقا ۽ مصنوعات,ڇا هڪ عرصي دوران يا بعد ۾ ڊچنگ جي سفارش ڪئي وئي آهي؟,ماهواري دوران يا پوءِ ڊچنگ ڪرڻ گهرجي ڇا؟,auto_ok,genuine reword - ماهواري vocabulary - needs native-speaker review
v348,174,حيض جي صحت ۽ مدت,حيض جي صفائي جا طريقا ۽ مصنوعات,ڇا هڪ عرصي دوران يا بعد ۾ ڊچنگ جي سفارش ڪئي وئي آهي؟,اندر صفائي (douching) ڪرڻ ماهواري بعد صحيح آهي ڇا؟,auto_ok,genuine reword - ماهواري vocabulary - needs native-speaker review
v349,175,حيض جي صحت ۽ مدت,حيض جي صفائي جا طريقا ۽ مصنوعات,ڊسپوزيبل دور جي شين جي ماحولياتي اثر ڇا آهي؟,ڊسپوزيبل ماهواري شين جو ماحول تي ڪهڙو اثر پوي ٿو؟,auto_ok,genuine reword - ماهواري vocabulary - needs native-speaker review
v350,175,حيض جي صحت ۽ مدت,حيض جي صفائي جا طريقا ۽ مصنوعات,ڊسپوزيبل دور جي شين جي ماحولياتي اثر ڇا آهي؟,استعمال ڪري اڇلايل پيڊ/ٽيمپون ماحول لاءِ نقصانڪار آهن ڇا؟,auto_ok,genuine reword - ماهواري vocabulary - needs native-speaker review
v351,176,حيض جي صحت ۽ مدت,حيض جي صفائي جا طريقا ۽ مصنوعات,انسانيت جي ايمرجنسي يا بي گھر ٿيڻ دوران حيض جي صفائي کي ڪيئن منظم ڪري سگهجي ٿو؟,آفت يا بي گھري جي حالت ۾ ماهواري جي صفائي ڪيئن ٿي سگهي ٿي؟,auto_ok,genuine reword - ماهواري vocabulary - needs native-speaker review
v352,176,حيض جي صحت ۽ مدت,حيض جي صفائي جا طريقا ۽ مصنوعات,انسانيت جي ايمرجنسي يا بي گھر ٿيڻ دوران حيض جي صفائي کي ڪيئن منظم ڪري سگهجي ٿو؟,ايمرجنسي ۾ ماهواري وقت صفائي جو بندوبست ڪيئن ڪجي؟,auto_ok,genuine reword - ماهواري vocabulary - needs native-speaker review
v353,177,حيض جي صحت ۽ مدت,حيض جي صفائي جا طريقا ۽ مصنوعات,ڇا حيض جا پيالو ٽوڪسڪ شاڪ سنڊروم جي خطري کي ٽيمپون جي مقابلي ۾ گھٽ ڪندا آهن؟,حيض وارا ڪپ TSS جو خطرو ٽيمپون کان گھٽ ڪن ٿا ڇا؟,auto_ok,genuine reword - ماهواري vocabulary - needs native-speaker review
v354,177,حيض جي صحت ۽ مدت,حيض جي صفائي جا طريقا ۽ مصنوعات,ڇا حيض جا پيالو ٽوڪسڪ شاڪ سنڊروم جي خطري کي ٽيمپون جي مقابلي ۾ گھٽ ڪندا آهن؟,menstrual cup سان toxic shock جو خطرو گھٽ آهي ڇا؟,auto_ok,genuine reword - ماهواري vocabulary - needs native-speaker review
v355,178,حيض جي صحت ۽ مدت,حيض جي صفائي جا طريقا ۽ مصنوعات,ڇا اهو ٺيڪ آهي ٻه پيڊ استعمال ڪرڻ لاءِ هڪ ئي وقت ڳري ڏينهن ۾ اضافي تحفظ لاءِ؟,ڳري ڏينهن ۾ وڌيڪ حفاظت لاءِ ٻه پيڊ گڏ پائڻ صحيح آهي ڇا؟,auto_ok,genuine reword - ماهواري vocabulary - needs native-speaker review
v356,178,حيض جي صحت ۽ مدت,حيض جي صفائي جا طريقا ۽ مصنوعات,ڇا اهو ٺيڪ آهي ٻه پيڊ استعمال ڪرڻ لاءِ هڪ ئي وقت ڳري ڏينهن ۾ اضافي تحفظ لاءِ؟,هڪ وقت ۾ ٻه پيڊ استعمال ڪرڻ ٺيڪ آهي ڇا؟,auto_ok,genuine reword - ماهواري vocabulary - needs native-speaker review
v357,179,حيض جي صحت ۽ مدت,حيض جي صفائي جا طريقا ۽ مصنوعات,اسڪولن ۾ نوجوانن کي حيض جي صفائي ڪيئن سيکارڻ گهرجي؟,اسڪولن ۾ ڇوڪرين کي ماهواري جي صفائي ڪيئن سيکاري وڃي؟,auto_ok,genuine reword - ماهواري vocabulary - needs native-speaker review
v358,179,حيض جي صحت ۽ مدت,حيض جي صفائي جا طريقا ۽ مصنوعات,اسڪولن ۾ نوجوانن کي حيض جي صفائي ڪيئن سيکارڻ گهرجي؟,اسڪولن ۾ period hygiene سيکارڻ جو طريقو ڪهڙو هجڻ گهرجي؟,auto_ok,genuine reword - ماهواري vocabulary - needs native-speaker review
v359,180,حيض جي صحت ۽ مدت,عام سببن کان سائيڪل ٽريڪنگ ۽ بي ترتيب,حيض واري چڪر کي ٽريڪ ڪرڻ لاء اهو مفيد ڇو آهي؟,پنهنجي ماهواري ٽريڪ ڪرڻ ڇو ضروري آهي؟,auto_ok,genuine reword - ماهواري vocabulary - needs native-speaker review
v360,180,حيض جي صحت ۽ مدت,عام سببن کان سائيڪل ٽريڪنگ ۽ بي ترتيب,حيض واري چڪر کي ٽريڪ ڪرڻ لاء اهو مفيد ڇو آهي؟,ماهواري جون تاريخون رڪارڊ ڪرڻ جو ڪهڙو فائدو آهي؟,auto_ok,genuine reword - ماهواري vocabulary - needs native-speaker review
v361,181,حيض جي صحت ۽ مدت,عام سببن کان سائيڪل ٽريڪنگ ۽ بي ترتيب,ٽريڪنگ جي مدت کي رڪارڊ ڪرڻ لاء ڪهڙي معلومات مددگار آهي؟,ماهواري ٽريڪ ڪرڻ لاءِ ڪهڙي معلومات لکجي؟,auto_ok,genuine reword - ماهواري vocabulary - needs native-speaker review
v362,181,حيض جي صحت ۽ مدت,عام سببن کان سائيڪل ٽريڪنگ ۽ بي ترتيب,ٽريڪنگ جي مدت کي رڪارڊ ڪرڻ لاء ڪهڙي معلومات مددگار آهي؟,period tracker ۾ ڪهڙيون شيون نوٽ ڪجن؟,auto_ok,genuine reword - ماهواري vocabulary - needs native-speaker review
v363,182,حيض جي صحت ۽ مدت,عام سببن کان سائيڪل ٽريڪنگ ۽ بي ترتيب,ڇا ٽائم زونن ۾ سفر ڪرڻ سبب دير ٿي سگھي ٿي؟,مختلف ٽائيم زون ۾ سفر ڪرڻ سان ماهواري دير سان اچي سگهي ٿي ڇا؟,auto_ok,genuine reword - ماهواري vocabulary - needs native-speaker review
v364,182,حيض جي صحت ۽ مدت,عام سببن کان سائيڪل ٽريڪنگ ۽ بي ترتيب,ڇا ٽائم زونن ۾ سفر ڪرڻ سبب دير ٿي سگھي ٿي؟,ملڪ کان ٻاهر سفر ڪرڻ ڪري ماهواري جي تاريخ مٽجي سگهي ٿي ڇا؟,auto_ok,genuine reword - ماهواري vocabulary - needs native-speaker review
v365,183,حيض جي صحت ۽ مدت,عام سببن کان سائيڪل ٽريڪنگ ۽ بي ترتيب,ڪيترو دٻاءُ عام طور تي ڪنهن دور ۾ دير ڪندو آهي؟,دٻاءُ عام طور ماهواري کي ڪيترا ڏينهن دير ڏياري سگهي ٿو؟,auto_ok,genuine reword - ماهواري vocabulary - needs native-speaker review
v366,183,حيض جي صحت ۽ مدت,عام سببن کان سائيڪل ٽريڪنگ ۽ بي ترتيب,ڪيترو دٻاءُ عام طور تي ڪنهن دور ۾ دير ڪندو آهي؟,ذهني ٽينشن سبب ماهواري ڪيترو وقت پوئتي ٿي سگهي ٿي؟,auto_ok,genuine reword - ماهواري vocabulary - needs native-speaker review
v367,184,حيض جي صحت ۽ مدت,عام سببن کان سائيڪل ٽريڪنگ ۽ بي ترتيب,ڇا اهو معمول آهي ته دورن جو غير منظم ٿيڻ کان پوءِ هڪ نئين شديد ورزش جو معمول شروع ڪيو وڃي؟,اوچتو سخت ورزش شروع ڪرڻ سان ماهواري بي ترتيب ٿي وڃي ٿي ڇا؟,auto_ok,genuine reword - ماهواري vocabulary - needs native-speaker review
v368,184,حيض جي صحت ۽ مدت,عام سببن کان سائيڪل ٽريڪنگ ۽ بي ترتيب,ڇا اهو معمول آهي ته دورن جو غير منظم ٿيڻ کان پوءِ هڪ نئين شديد ورزش جو معمول شروع ڪيو وڃي؟,نئون سخت ورزش وارو معمول ماهواري کي بگاڙي سگهي ٿو ڇا؟,auto_ok,genuine reword - ماهواري vocabulary - needs native-speaker review
v369,185,حيض جي صحت ۽ مدت,عام سببن کان سائيڪل ٽريڪنگ ۽ بي ترتيب,ڇا گهڻو وزن حاصل ڪرڻ يا وڃائڻ جلدي غير منظم دورن جو سبب بڻجي ٿو؟,تيزيءَ سان وزن گھٽجڻ يا وڌڻ ماهواري بي قاعدو ڪري ٿو ڇا؟,auto_ok,genuine reword - ماهواري vocabulary - needs native-speaker review
v370,185,حيض جي صحت ۽ مدت,عام سببن کان سائيڪل ٽريڪنگ ۽ بي ترتيب,ڇا گهڻو وزن حاصل ڪرڻ يا وڃائڻ جلدي غير منظم دورن جو سبب بڻجي ٿو؟,جلدي وزن بدلجڻ سبب ماهواري ۾ گڙٻڙ ٿئي ٿي ڇا؟,auto_ok,genuine reword - ماهواري vocabulary - needs native-speaker review
v371,186,حيض جي صحت ۽ مدت,عام سببن کان سائيڪل ٽريڪنگ ۽ بي ترتيب,ڪنهن کي دير جي مدت بابت پريشان ٿيڻ کان پهريان ڪيترو انتظار ڪرڻ گهرجي، فرض ڪيو حمل هڪ عنصر نه آهي؟,حمل نه هجي ته ماهواري ۾ دير جي حالت ۾ ڪيترو انتظار ڪجي؟,auto_ok,genuine reword - ماهواري vocabulary - needs native-speaker review
v372,186,حيض جي صحت ۽ مدت,عام سببن کان سائيڪل ٽريڪنگ ۽ بي ترتيب,ڪنهن کي دير جي مدت بابت پريشان ٿيڻ کان پهريان ڪيترو انتظار ڪرڻ گهرجي، فرض ڪيو حمل هڪ عنصر نه آهي؟,ماهواري نه اچي ۽ حمل به نه هجي ته ڪيترن ڏينهن بعد فڪر ڪجي؟,auto_ok,genuine reword - ماهواري vocabulary - needs native-speaker review
v373,187,حيض جي صحت ۽ مدت,عام سببن کان سائيڪل ٽريڪنگ ۽ بي ترتيب,ڇا کير پيارڻ ۾ دير ٿي سگھي ٿي ڪيترن ئي مهينن تائين؟,ٿڃ پيارڻ سبب ماهواري ڪيترن مهينن تائين نه به اچي سگهي ٿي ڇا؟,auto_ok,genuine reword - ماهواري vocabulary - needs native-speaker review
v374,187,حيض جي صحت ۽ مدت,عام سببن کان سائيڪل ٽريڪنگ ۽ بي ترتيب,ڇا کير پيارڻ ۾ دير ٿي سگھي ٿي ڪيترن ئي مهينن تائين؟,breastfeeding ڪرڻ ڪري ماهواري گھڻو وقت بند رهي سگهي ٿي ڇا؟,auto_ok,genuine reword - ماهواري vocabulary - needs native-speaker review
v375,188,حيض جي صحت ۽ مدت,عام سببن کان سائيڪل ٽريڪنگ ۽ بي ترتيب,ڇا جي ڳالهه تينگ پيس صحيح طور تي اڳڪٿي ڪنڌ تي؟,اووليشن ٽيسٽ ڪٿ تائين درست نتيجو ڏئي ٿو؟,auto_ok,genuine reword - ماهواري vocabulary - needs native-speaker review
v376,188,حيض جي صحت ۽ مدت,عام سببن کان سائيڪل ٽريڪنگ ۽ بي ترتيب,ڇا جي ڳالهه تينگ پيس صحيح طور تي اڳڪٿي ڪنڌ تي؟,ovulation predictor صحيح طور تي وقت ٻڌائي سگهي ٿو ڇا؟,auto_ok,genuine reword - ماهواري vocabulary - needs native-speaker review
v377,189,حيض جي صحت ۽ مدت,عام سببن کان سائيڪل ٽريڪنگ ۽ بي ترتيب,ڇا بيماري يا انفيڪشن عارضي طور تي چڪر جي وقت کي روڪي سگھي ٿو؟,بيماري يا انفيڪشن سبب ماهواري ٿوري دير لاءِ رڪجي وڃي ٿي ڇا؟,auto_ok,genuine reword - ماهواري vocabulary - needs native-speaker review
v378,189,حيض جي صحت ۽ مدت,عام سببن کان سائيڪل ٽريڪنگ ۽ بي ترتيب,ڇا بيماري يا انفيڪشن عارضي طور تي چڪر جي وقت کي روڪي سگھي ٿو؟,طبيعت خراب هجڻ ڪري ماهواري جو وقت بدلجي سگهي ٿو ڇا؟,auto_ok,genuine reword - ماهواري vocabulary - needs native-speaker review
v379,190,حيض جي صحت ۽ مدت,عام سببن کان سائيڪل ٽريڪنگ ۽ بي ترتيب,ڇا ڪڏهن ڪڏهن دورن ۾ بي ضابطگي بابت پريشان ٿيڻ جي شيء آهي؟,ڪڏهن ڪڏهن ماهواري بي ترتيب ٿئي ته ان تي پريشان ٿيڻ گهرجي ڇا؟,auto_ok,genuine reword - ماهواري vocabulary - needs native-speaker review
v380,190,حيض جي صحت ۽ مدت,عام سببن کان سائيڪل ٽريڪنگ ۽ بي ترتيب,ڇا ڪڏهن ڪڏهن دورن ۾ بي ضابطگي بابت پريشان ٿيڻ جي شيء آهي؟,ماهواري ۾ معمولي بي قاعدگي هجي ته ان تي ڳڻتي ڪجي ڇا؟,auto_ok,genuine reword - ماهواري vocabulary - needs native-speaker review
v381,191,حيض جي صحت ۽ مدت,عام سببن کان سائيڪل ٽريڪنگ ۽ بي ترتيب,عام طرز زندگي جا ڪهڙا عنصر عام طور تي غير منظم دورن جو سبب بڻجن ٿا؟,روزمره جي زندگي جا ڪهڙا عنصر عام طور تي ماهواري بي ترتيب ڪن ٿا؟,auto_ok,genuine reword - ماهواري vocabulary - needs native-speaker review
v382,191,حيض جي صحت ۽ مدت,عام سببن کان سائيڪل ٽريڪنگ ۽ بي ترتيب,عام طرز زندگي جا ڪهڙا عنصر عام طور تي غير منظم دورن جو سبب بڻجن ٿا؟,طرز زندگي جون ڪهڙيون شيون ماهواري کي بي قاعدو ڪن ٿيون؟,auto_ok,genuine reword - ماهواري vocabulary - needs native-speaker review
v383,192,حيض جي صحت ۽ مدت,عام سببن کان سائيڪل ٽريڪنگ ۽ بي ترتيب,ڇا ڇڏڻ يا شروع ڪرڻ هارمونل برٿ ڪنٽرول عارضي بي ترتيبي سبب ٿي سگهي ٿو؟,هارمونل برٿ ڪنٽرول شروع يا بند ڪرڻ سان ماهواري ٿورو وقت لاءِ بي ترتيب ٿي سگهي ٿي ڇا؟,auto_ok,genuine reword - ماهواري vocabulary - needs native-speaker review
v384,192,حيض جي صحت ۽ مدت,عام سببن کان سائيڪل ٽريڪنگ ۽ بي ترتيب,ڇا ڇڏڻ يا شروع ڪرڻ هارمونل برٿ ڪنٽرول عارضي بي ترتيبي سبب ٿي سگهي ٿو؟,گوريون شروع/بند ڪرڻ سان عارضي بي قاعدگي اچي سگهي ٿي ڇا؟,auto_ok,genuine reword - ماهواري vocabulary - needs native-speaker review
v385,193,حيض جي صحت ۽ مدت,عام سببن کان سائيڪل ٽريڪنگ ۽ بي ترتيب,ڪيئن بنيادي جسم جي درجه حرارت ٽريڪنگ مدد ڪري سگهي ٿو چڪر جي وقت کي سمجهڻ ۾؟,جسم جو بنيادي گرمي پد ٽريڪ ڪرڻ سان ماهواري جو وقت سمجهڻ ۾ مدد ملي ٿي ڇا؟,auto_ok,genuine reword - ماهواري vocabulary - needs native-speaker review
v386,193,حيض جي صحت ۽ مدت,عام سببن کان سائيڪل ٽريڪنگ ۽ بي ترتيب,ڪيئن بنيادي جسم جي درجه حرارت ٽريڪنگ مدد ڪري سگهي ٿو چڪر جي وقت کي سمجهڻ ۾؟,basal body temperature ذريعي ماهواري جو چڪر ڪيئن سمجهي سگهجي ٿو؟,auto_ok,genuine reword - ماهواري vocabulary - needs native-speaker review
v387,194,حيض جي صحت ۽ مدت,عام سببن کان سائيڪل ٽريڪنگ ۽ بي ترتيب,ڇا اهو ڪارائتو آهي مدت جي علامن ۽ تاريخن کي ٽريڪ ڪرڻ لاء؟,ماهواري جون علامتون ۽ تاريخون لکڻ فائدي مند آهي ڇا؟,auto_ok,genuine reword - ماهواري vocabulary - needs native-speaker review
v388,194,حيض جي صحت ۽ مدت,عام سببن کان سائيڪل ٽريڪنگ ۽ بي ترتيب,ڇا اهو ڪارائتو آهي مدت جي علامن ۽ تاريخن کي ٽريڪ ڪرڻ لاء؟,period symptoms کي رڪارڊ ڪرڻ ڪارائتو آهي ڇا؟,auto_ok,genuine reword - ماهواري vocabulary - needs native-speaker review
v389,195,حيض جي صحت ۽ مدت,عام سببن کان سائيڪل ٽريڪنگ ۽ بي ترتيب,ڇا ڏينهن جي روشني ۾ موسمي تبديليون چڪر جي باقاعدي کي متاثر ڪري سگهن ٿيون؟,موسم يا ڏينهن جي روشني ۾ فرق ماهواري جي باقاعدگي تي اثر انداز ٿئي ٿو ڇا؟,auto_ok,genuine reword - ماهواري vocabulary - needs native-speaker review
v390,195,حيض جي صحت ۽ مدت,عام سببن کان سائيڪل ٽريڪنگ ۽ بي ترتيب,ڇا ڏينهن جي روشني ۾ موسمي تبديليون چڪر جي باقاعدي کي متاثر ڪري سگهن ٿيون؟,موسمي تبديليون ماهواري جي وقت کي متاثر ڪن ٿيون ڇا؟,auto_ok,genuine reword - ماهواري vocabulary - needs native-speaker review
v391,196,حيض جي صحت ۽ مدت,عام سببن کان سائيڪل ٽريڪنگ ۽ بي ترتيب,غريب ننڊ ڪيئن چڪر جي باقاعدي کي متاثر ڪري ٿو؟,ننڊ گھٽ پوري ٿيڻ سان ماهواري بي ترتيب ٿي سگهي ٿي ڇا؟,auto_ok,genuine reword - ماهواري vocabulary - needs native-speaker review
v392,196,حيض جي صحت ۽ مدت,عام سببن کان سائيڪل ٽريڪنگ ۽ بي ترتيب,غريب ننڊ ڪيئن چڪر جي باقاعدي کي متاثر ڪري ٿو؟,خراب ننڊ ماهواري جي باقاعدگي تي ڪهڙو اثر وجهي ٿي؟,auto_ok,genuine reword - ماهواري vocabulary - needs native-speaker review
v393,197,حيض جي صحت ۽ مدت,عام سببن کان سائيڪل ٽريڪنگ ۽ بي ترتيب,ڇا هڪ ٻن يا ٽن ڏينهن واري شفٽ جي دور جي وقت ۾ هڪ چڪر کان سائيڪل تائين عام آهي؟,هر چڪر ۾ ماهواري جي تاريخ ٻن ٽن ڏينهن گھٽ وڌ ٿيڻ عام آهي ڇا؟,auto_ok,genuine reword - ماهواري vocabulary - needs native-speaker review
v394,197,حيض جي صحت ۽ مدت,عام سببن کان سائيڪل ٽريڪنگ ۽ بي ترتيب,ڇا هڪ ٻن يا ٽن ڏينهن واري شفٽ جي دور جي وقت ۾ هڪ چڪر کان سائيڪل تائين عام آهي؟,ماهواري هر مهيني ٿورو اڳتي پوئتي اچڻ معمول جي ڳالھ آهي ڇا؟,auto_ok,genuine reword - ماهواري vocabulary - needs native-speaker review
v395,198,حيض جي صحت ۽ مدت,عام سببن کان سائيڪل ٽريڪنگ ۽ بي ترتيب,ڇا مدت جي ٽريڪنگ صحت جي مسئلي جي شروعاتي نشانين کي ڳولڻ ۾ مدد ڪري سگھي ٿي؟,ماهواري ٽريڪ ڪرڻ سان صحت جي مسئلي جي شروعاتي نشاني معلوم ٿي سگهي ٿي ڇا؟,auto_ok,genuine reword - ماهواري vocabulary - needs native-speaker review
v396,198,حيض جي صحت ۽ مدت,عام سببن کان سائيڪل ٽريڪنگ ۽ بي ترتيب,ڇا مدت جي ٽريڪنگ صحت جي مسئلي جي شروعاتي نشانين کي ڳولڻ ۾ مدد ڪري سگھي ٿي؟,period tracking صحت جو مسئلو جلد پڪڙي سگهي ٿو ڇا؟,auto_ok,genuine reword - ماهواري vocabulary - needs native-speaker review
v397,199,حيض جي صحت ۽ مدت,عام سببن کان سائيڪل ٽريڪنگ ۽ بي ترتيب,پهريون ڀيرو ٽريڪنگ دورن کي شروع ڪرڻ جو بهترين طريقو ڇا آهي؟,پهريون ڀيرو ماهواري ٽريڪ ڪرڻ جو بهترين طريقو ڪهڙو آهي؟,auto_ok,genuine reword - ماهواري vocabulary - needs native-speaker review
v398,199,حيض جي صحت ۽ مدت,عام سببن کان سائيڪل ٽريڪنگ ۽ بي ترتيب,پهريون ڀيرو ٽريڪنگ دورن کي شروع ڪرڻ جو بهترين طريقو ڇا آهي؟,شروعات ۾ period tracker استعمال ڪرڻ ڪيئن شروع ڪجي؟,auto_ok,genuine reword - ماهواري vocabulary - needs native-speaker review
v399,200,حيض جي صحت ۽ مدت,عام سببن کان سائيڪل ٽريڪنگ ۽ بي ترتيب,ڇا انتهائي گرمي پد ۾ تبديليون، جهڙوڪ تمام گرم يا ٿڌي آبهوا ڏانهن وڃڻ، چڪر کي متاثر ڪري سگهي ٿو؟,گرم يا ٿڌي جڳھ ڏانهن وڃڻ سان ماهواري تي اثر پوي ٿو ڇا؟,auto_ok,genuine reword - ماهواري vocabulary - needs native-speaker review
v400,200,حيض جي صحت ۽ مدت,عام سببن کان سائيڪل ٽريڪنگ ۽ بي ترتيب,ڇا انتهائي گرمي پد ۾ تبديليون، جهڙوڪ تمام گرم يا ٿڌي آبهوا ڏانهن وڃڻ، چڪر کي متاثر ڪري سگهي ٿو؟,موسم بلڪل بدلجي وڃي ته ماهواري جي چڪر ۾ فرق ايندو آهي ڇا؟,auto_ok,genuine reword - ماهواري vocabulary - needs native-speaker review
v401,201,حيض جي صحت ۽ مدت,عام سببن کان سائيڪل ٽريڪنگ ۽ بي ترتيب,ڇا اهو عام آهي ته سائيڪل جي ڊيگهه ٻن دوستن جي وچ ۾ مختلف هجي جيڪي ٻي صورت ۾ صحت ۾ هڪجهڙا نظر اچن ٿا؟,ٻن صحتمند سهيلين جي ماهواري جي چڪر جي ڊيگهه مختلف هجڻ عام آهي ڇا؟,auto_ok,genuine reword - ماهواري vocabulary - needs native-speaker review
v402,201,حيض جي صحت ۽ مدت,عام سببن کان سائيڪل ٽريڪنگ ۽ بي ترتيب,ڇا اهو عام آهي ته سائيڪل جي ڊيگهه ٻن دوستن جي وچ ۾ مختلف هجي جيڪي ٻي صورت ۾ صحت ۾ هڪجهڙا نظر اچن ٿا؟,هڪجهڙي صحت واريون عورتون هجن ته به سائيڪل جي ڊيگهه مختلف ٿي سگهي ٿي ڇا؟,auto_ok,genuine reword - ماهواري vocabulary - needs native-speaker review
v403,202,حيض جي صحت ۽ مدت,عام سببن کان سائيڪل ٽريڪنگ ۽ بي ترتيب,سمجھي جذباتي خاص طور تي hypothalamus ۽ دورن کي متاثر ڪري ٿو؟,hypothalamus ماهواري جي چڪر تي ڇا اثر رکي ٿو؟,auto_ok,genuine reword - ماهواري vocabulary - needs native-speaker review
v404,202,حيض جي صحت ۽ مدت,عام سببن کان سائيڪل ٽريڪنگ ۽ بي ترتيب,سمجھي جذباتي خاص طور تي hypothalamus ۽ دورن کي متاثر ڪري ٿو؟,ذهني تناؤ hypothalamus ذريعي ماهواري کي ڪيئن متاثر ڪري ٿو؟,auto_ok,genuine reword - ماهواري vocabulary - needs native-speaker review
v405,203,حيض جي صحت ۽ مدت,عام سببن کان سائيڪل ٽريڪنگ ۽ بي ترتيب,ڇا علاج جي بغير دٻاء جي غيرقانوني دور کي حل ڪري سگھي ٿو؟,دٻاءَ سبب بي ترتيب ٿيل ماهواري بغير علاج جي پاڻ ٺيڪ ٿي سگهي ٿي ڇا؟,auto_ok,genuine reword - ماهواري vocabulary - needs native-speaker review
v406,203,حيض جي صحت ۽ مدت,عام سببن کان سائيڪل ٽريڪنگ ۽ بي ترتيب,ڇا علاج جي بغير دٻاء جي غيرقانوني دور کي حل ڪري سگھي ٿو؟,ٽينشن گھٽ ٿئي ته ماهواري خودبخود ترتيب ۾ اچي سگهي ٿي ڇا؟,auto_ok,genuine reword - ماهواري vocabulary - needs native-speaker review
v407,204,حيض جي صحت ۽ مدت,عام سببن کان سائيڪل ٽريڪنگ ۽ بي ترتيب,ڇا دٻاءُ يا سفر کان هڪ اڪيلو مس ٿيل دور عام طور تي طبي تشخيص جي ضرورت آهي؟,دٻاءُ يا سفر سبب هڪ ماهواري ڇُٽي وڃي ته ڊاڪٽر ڏانهن وڃڻ ضروري آهي ڇا؟,auto_ok,genuine reword - ماهواري vocabulary - needs native-speaker review
v408,204,حيض جي صحت ۽ مدت,عام سببن کان سائيڪل ٽريڪنگ ۽ بي ترتيب,ڇا دٻاءُ يا سفر کان هڪ اڪيلو مس ٿيل دور عام طور تي طبي تشخيص جي ضرورت آهي؟,هڪ ئي ڀيرو ماهواري نه اچي ته فوري طبي چڪاس گهربل آهي ڇا؟,auto_ok,genuine reword - ماهواري vocabulary - needs native-speaker review
v409,205,حيض جي صحت ۽ مدت,عام سببن کان سائيڪل ٽريڪنگ ۽ بي ترتيب,حيض جي غيرقانوني ڪورٽيسول ڪردار ادا ڪري رهيو آهي؟,ماهواري جي بي ترتيبي ۾ ڪورٽيسول هارمون جو ڪهڙو ڪردار آهي؟,auto_ok,genuine reword - ماهواري vocabulary - needs native-speaker review
v410,205,حيض جي صحت ۽ مدت,عام سببن کان سائيڪل ٽريڪنگ ۽ بي ترتيب,حيض جي غيرقانوني ڪورٽيسول ڪردار ادا ڪري رهيو آهي؟,cortisol هارمون ماهواري کي ڪيئن متاثر ڪري ٿو؟,auto_ok,genuine reword - ماهواري vocabulary - needs native-speaker review
v411,206,حيض جي صحت ۽ مدت,عام سببن کان سائيڪل ٽريڪنگ ۽ بي ترتيب,ڇا بار بار نئين ٽائم زون ڏانهن منتقل ٿيڻ (جهڙوڪ بار بار اڏامڻ) هلندڙ چڪر جي بي قاعدگي جو سبب بڻجي سگهي ٿو؟,بار بار مختلف ٽائيم زون ۾ سفر ڪرڻ سان ماهواري بي ترتيب ٿي وڃي ٿي ڇا؟,auto_ok,genuine reword - ماهواري vocabulary - needs native-speaker review
v412,206,حيض جي صحت ۽ مدت,عام سببن کان سائيڪل ٽريڪنگ ۽ بي ترتيب,ڇا بار بار نئين ٽائم زون ڏانهن منتقل ٿيڻ (جهڙوڪ بار بار اڏامڻ) هلندڙ چڪر جي بي قاعدگي جو سبب بڻجي سگهي ٿو؟,گھڻو اڏامڻ (frequent flying) ماهواري جي وقت کي بگاڙي ٿو ڇا؟,auto_ok,genuine reword - ماهواري vocabulary - needs native-speaker review
v413,207,حيض جي صحت ۽ مدت,عام سببن کان سائيڪل ٽريڪنگ ۽ بي ترتيب,ڇا اهو عام آهي مدت جي ٽريڪنگ ايپس لاءِ ڪڏهن ڪڏهن ايندڙ دور جي غلط اڳڪٿي ڪرڻ؟,period tracking ايپ ڪڏهن ڪڏهن غلط تاريخ ٻڌائي ٿي، اهو عام آهي ڇا؟,auto_ok,genuine reword - ماهواري vocabulary - needs native-speaker review
v414,207,حيض جي صحت ۽ مدت,عام سببن کان سائيڪل ٽريڪنگ ۽ بي ترتيب,ڇا اهو عام آهي مدت جي ٽريڪنگ ايپس لاءِ ڪڏهن ڪڏهن ايندڙ دور جي غلط اڳڪٿي ڪرڻ؟,ماهواري واري ايپ جي اڳڪٿي هميشه صحيح نه هجي، ان ۾ ڪا حيرت جي ڳالھ ناهي؟,auto_ok,genuine reword - ماهواري vocabulary - needs native-speaker review
v415,208,حيض جي صحت ۽ مدت,عام سببن کان سائيڪل ٽريڪنگ ۽ بي ترتيب,قدرتي خانداني منصوبه بندي جي طور تي ڪيتري وقت تائين ليڪٽيشنل امينوريا محفوظ طور تي انحصار ڪري سگهجي ٿو؟,ٿڃ پيارڻ واري طريقي (LAM) تي حمل کان بچاءُ لاءِ ڪيترو وقت ڀروسو ڪري سگهجي ٿو؟,auto_ok,genuine reword - ماهواري vocabulary - needs native-speaker review
v416,208,حيض جي صحت ۽ مدت,عام سببن کان سائيڪل ٽريڪنگ ۽ بي ترتيب,قدرتي خانداني منصوبه بندي جي طور تي ڪيتري وقت تائين ليڪٽيشنل امينوريا محفوظ طور تي انحصار ڪري سگهجي ٿو؟,lactational amenorrhea قدرتي خاندان منصوبابندي طور ڪيترو وقت محفوظ آهي؟,auto_ok,genuine reword - ماهواري vocabulary - needs native-speaker review
v417,209,حيض جي صحت ۽ مدت,عام سببن کان سائيڪل ٽريڪنگ ۽ بي ترتيب,ڇا غير معمولي سببن کان بي قاعدگي، عادتن جي تبديليءَ کان سواءِ پاڻ ئي حل ٿي سگهي ٿي؟,بغير ڪنهن خاص سبب جي بي ترتيبي پاڻ ئي ٺيڪ ٿي سگهي ٿي ڇا؟,auto_ok,genuine reword - ماهواري vocabulary - needs native-speaker review
v418,209,حيض جي صحت ۽ مدت,عام سببن کان سائيڪل ٽريڪنگ ۽ بي ترتيب,ڇا غير معمولي سببن کان بي قاعدگي، عادتن جي تبديليءَ کان سواءِ پاڻ ئي حل ٿي سگهي ٿي؟,روزمره جي عادت نه بدلجي، تڏهن به بي قاعدگي پاڻهي حل ٿي سگهي ٿي ڇا؟,auto_ok,genuine reword - ماهواري vocabulary - needs native-speaker review
v419,210,حيض جي صحت ۽ مدت,عام سببن کان سائيڪل ٽريڪنگ ۽ بي ترتيب,ڇا ڊاڪٽر جي دوري دوران ڊگھي مدت واري چڪر رڪارڊ رکڻ ۾ مدد ملندي؟,ڊاڪٽر وٽ وڃڻ کان اڳ ماهواري جو ڊگھو رڪارڊ رکڻ مددگار آهي ڇا؟,auto_ok,genuine reword - ماهواري vocabulary - needs native-speaker review
v420,210,حيض جي صحت ۽ مدت,عام سببن کان سائيڪل ٽريڪنگ ۽ بي ترتيب,ڇا ڊاڪٽر جي دوري دوران ڊگھي مدت واري چڪر رڪارڊ رکڻ ۾ مدد ملندي؟,طبيب کي ڏيکارڻ لاءِ ماهواري جي هسٽري لکي رکڻ گھرجي ڇا؟,auto_ok,genuine reword - ماهواري vocabulary - needs native-speaker review
v421,211,حيض جي صحت ۽ مدت,عام سببن کان سائيڪل ٽريڪنگ ۽ بي ترتيب,ڇا هڪ وڏي زندگي تبديل ٿي سگھي ٿي، جهڙوڪ يونيورسٽي يا نئين نوڪري شروع ڪرڻ، مدت جي باقاعده تي اثر انداز ڪري سگھي ٿي؟,يونيورسٽي يا نئين نوڪري وارو وڏو تبديلي ماهواري جي باقاعدگي تي اثر وجهي ٿو ڇا؟,auto_ok,genuine reword - ماهواري vocabulary - needs native-speaker review
v422,211,حيض جي صحت ۽ مدت,عام سببن کان سائيڪل ٽريڪنگ ۽ بي ترتيب,ڇا هڪ وڏي زندگي تبديل ٿي سگھي ٿي، جهڙوڪ يونيورسٽي يا نئين نوڪري شروع ڪرڻ، مدت جي باقاعده تي اثر انداز ڪري سگھي ٿي؟,زندگي جي وڏي تبديلي سبب ماهواري بي ترتيب ٿي سگهي ٿي ڇا؟,auto_ok,genuine reword - ماهواري vocabulary - needs native-speaker review
v423,212,حيض جي صحت ۽ مدت,عام سببن کان سائيڪل ٽريڪنگ ۽ بي ترتيب,ڊاڪٽر سان چيڪ ان ڪرڻ کان پهريان هر سال غير منظم سمجھي مجموعي چڪر جي عام حد ڇا آهي؟,ڊاڪٽر وٽ وڃڻ کان اڳ سال ۾ ڪيتري بي قاعدگي کي 'عام' سمجهجي؟,auto_ok,genuine reword - ماهواري vocabulary - needs native-speaker review
v424,212,حيض جي صحت ۽ مدت,عام سببن کان سائيڪل ٽريڪنگ ۽ بي ترتيب,ڊاڪٽر سان چيڪ ان ڪرڻ کان پهريان هر سال غير منظم سمجھي مجموعي چڪر جي عام حد ڇا آهي؟,سال دوران ڪيترا ڀيرا ماهواري بي ترتيب ٿئي ته ان کي معمول سمجهجي؟,auto_ok,genuine reword - ماهواري vocabulary - needs native-speaker review
v425,213,حيض جي صحت ۽ مدت,عام سببن کان سائيڪل ٽريڪنگ ۽ بي ترتيب,ڇا مذهبي عقيدن جي دوران روزو رکڻ چڪر جي وقت تي اثر انداز ٿئي ٿو؟,مذهبي روزو رکڻ سان ماهواري جي وقت تي اثر پوي ٿو ڇا؟,auto_ok,genuine reword - ماهواري vocabulary - needs native-speaker review
v426,213,حيض جي صحت ۽ مدت,عام سببن کان سائيڪل ٽريڪنگ ۽ بي ترتيب,ڇا مذهبي عقيدن جي دوران روزو رکڻ چڪر جي وقت تي اثر انداز ٿئي ٿو؟,روزو رکڻ ڪري ماهواري دير سان يا جلدي اچي سگهي ٿي ڇا؟,auto_ok,genuine reword - ماهواري vocabulary - needs native-speaker review
v427,214,حيض جي صحت ۽ مدت,عام سببن کان سائيڪل ٽريڪنگ ۽ بي ترتيب,ڪو ماڻهو ڪيئن ٻڌائي سگهي ٿو ته عام چڪر جي فرق جي وچ ۾ فرق ۽ هڪ نمونو جيڪو طبي ڌيان جي ضرورت آهي؟,عام بي ترتيبي ۽ طبي توجهه گھرندڙ نمونو، ٻنهي ۾ فرق ڪيئن ڪجي؟,auto_ok,genuine reword - ماهواري vocabulary - needs native-speaker review
v428,214,حيض جي صحت ۽ مدت,عام سببن کان سائيڪل ٽريڪنگ ۽ بي ترتيب,ڪو ماڻهو ڪيئن ٻڌائي سگهي ٿو ته عام چڪر جي فرق جي وچ ۾ فرق ۽ هڪ نمونو جيڪو طبي ڌيان جي ضرورت آهي؟,ڪڏهن ماهواري جو فرق ٺيڪ آهي ۽ ڪڏهن ڊاڪٽر ڏسائڻ گهرجي، ان جي پرک ڪيئن ڪجي؟,auto_ok,genuine reword - ماهواري vocabulary - needs native-speaker review
v429,215,حيض جي صحت ۽ مدت,حيض بابت ڳالهيون ۽ ثقافتي پابنديون,ڇا اهو سچ آهي ته حيض جو رت ’گند‘ آهي يا نجس؟,حيض جو رت گندو يا ناپاڪ آهي، ڇا اهو سچ آهي؟,auto_ok,genuine reword - ماهواري vocabulary - needs native-speaker review
v430,215,حيض جي صحت ۽ مدت,حيض بابت ڳالهيون ۽ ثقافتي پابنديون,ڇا اهو سچ آهي ته حيض جو رت ’گند‘ آهي يا نجس؟,ماهواري جو رت غلاظت آهي ته اهو خيال درست آهي ڇا؟,auto_ok,genuine reword - ماهواري vocabulary - needs native-speaker review
v431,216,حيض جي صحت ۽ مدت,حيض بابت ڳالهيون ۽ ثقافتي پابنديون,ڇا هڪ عورت پنهنجي دور ۾ محفوظ طور تي ٻين لاء کاڌو تيار ڪري سگهي ٿي؟,ماهواري دوران عورت ٻين لاءِ کاڌو تيار ڪري سگهي ٿي ڇا؟,auto_ok,genuine reword - ماهواري vocabulary - needs native-speaker review
v432,216,حيض جي صحت ۽ مدت,حيض بابت ڳالهيون ۽ ثقافتي پابنديون,ڇا هڪ عورت پنهنجي دور ۾ محفوظ طور تي ٻين لاء کاڌو تيار ڪري سگهي ٿي؟,ماهواري وقت رڌپچاءُ ڪرڻ محفوظ آهي ڇا؟,auto_ok,genuine reword - ماهواري vocabulary - needs native-speaker review
v433,217,حيض جي صحت ۽ مدت,حيض بابت ڳالهيون ۽ ثقافتي پابنديون,ڇا اهو سچ آهي ته ڪنهن دور ۾ ورزش ڪرڻ نقصانڪار آهي؟,ماهواري دوران ورزش ڪرڻ نقصانڪار آهي، ڇا اهو صحيح آهي؟,auto_ok,genuine reword - ماهواري vocabulary - needs native-speaker review
v434,217,حيض جي صحت ۽ مدت,حيض بابت ڳالهيون ۽ ثقافتي پابنديون,ڇا اهو سچ آهي ته ڪنهن دور ۾ ورزش ڪرڻ نقصانڪار آهي؟,ماهواري وقت جسماني مشق ڪرڻ ۾ ڪو خطرو آهي ڇا؟,auto_ok,genuine reword - ماهواري vocabulary - needs native-speaker review
v435,218,حيض جي صحت ۽ مدت,حيض بابت ڳالهيون ۽ ثقافتي پابنديون,ڇا عرصو ٿيڻ جو مطلب آهي ڪنهن کي مذهبي يا مقدس هنڌن ۾ داخل نه ٿيڻ گهرجي؟,ماهواري دوران مذهبي هنڌن ۾ وڃڻ منع آهي؟,auto_ok,genuine reword - ماهواري vocabulary - needs native-speaker review
v436,218,حيض جي صحت ۽ مدت,حيض بابت ڳالهيون ۽ ثقافتي پابنديون,ڇا عرصو ٿيڻ جو مطلب آهي ڪنهن کي مذهبي يا مقدس هنڌن ۾ داخل نه ٿيڻ گهرجي؟,ماهواري وقت عبادت گاهه ۾ داخل نه ٿيڻ گهرجي، اهو ضروري آهي ڇا؟,auto_ok,genuine reword - ماهواري vocabulary - needs native-speaker review
v437,219,حيض جي صحت ۽ مدت,حيض بابت ڳالهيون ۽ ثقافتي پابنديون,ڇا اهو سچ آهي ته عدت دوران پنهنجا وار ڌوئڻ غير محفوظ آهي؟,ماهواري دوران وار ڌوئڻ نقصانڪار آهي، ڇا اهو سچ آهي؟,auto_ok,genuine reword - ماهواري vocabulary - needs native-speaker review
v438,219,حيض جي صحت ۽ مدت,حيض بابت ڳالهيون ۽ ثقافتي پابنديون,ڇا اهو سچ آهي ته عدت دوران پنهنجا وار ڌوئڻ غير محفوظ آهي؟,ماهواري وقت وار ڌوئڻ کان بچڻ گهرجي، اهو خيال صحيح آهي ڇا؟,auto_ok,genuine reword - ماهواري vocabulary - needs native-speaker review
v439,220,حيض جي صحت ۽ مدت,حيض بابت ڳالهيون ۽ ثقافتي پابنديون,ڇا هڪ عرصي دوران ترڻ هڪ انفيڪشن سبب ٿي سگهي ٿو؟,ماهواري دوران تارڻ سان انفيڪشن ٿي سگهي ٿو ڇا؟,auto_ok,genuine reword - ماهواري vocabulary - needs native-speaker review
v440,220,حيض جي صحت ۽ مدت,حيض بابت ڳالهيون ۽ ثقافتي پابنديون,ڇا هڪ عرصي دوران ترڻ هڪ انفيڪشن سبب ٿي سگهي ٿو؟,ماهواري وقت پول ۾ تارڻ خطرناڪ آهي ڇا؟,auto_ok,genuine reword - ماهواري vocabulary - needs native-speaker review
v441,221,حيض جي صحت ۽ مدت,حيض بابت ڳالهيون ۽ ثقافتي پابنديون,ڇا اهو صحيح آهي ته عرصو انهن عورتن جي وچ ۾ هم وقت ٿئي جيڪي گڏ رهن ٿيون؟,گڏ رهندڙ عورتن جي ماهواري هڪ ئي وقت اچڻ لڳي ٿي، ڇا اهو صحيح آهي؟,auto_ok,genuine reword - ماهواري vocabulary - needs native-speaker review
v442,221,حيض جي صحت ۽ مدت,حيض بابت ڳالهيون ۽ ثقافتي پابنديون,ڇا اهو صحيح آهي ته عرصو انهن عورتن جي وچ ۾ هم وقت ٿئي جيڪي گڏ رهن ٿيون؟,ساهيليون گڏ رهن ته سندن ماهواري هڪ جهڙي ٿي وڃي ٿي، اهو سچ آهي ڇا؟,auto_ok,genuine reword - ماهواري vocabulary - needs native-speaker review
v443,222,حيض جي صحت ۽ مدت,حيض بابت ڳالهيون ۽ ثقافتي پابنديون,ڇا ڪجهه کاڌو کائڻ جهڙوڪ ٿلهو يا ٿڌو کاڌو هڪ عرصو خراب ڪري ٿو؟,ٿڌو يا چرٻی وارو کاڌو کائڻ سان ماهواري خراب ٿئي ٿي ڇا؟,auto_ok,genuine reword - ماهواري vocabulary - needs native-speaker review
v444,222,حيض جي صحت ۽ مدت,حيض بابت ڳالهيون ۽ ثقافتي پابنديون,ڇا ڪجهه کاڌو کائڻ جهڙوڪ ٿلهو يا ٿڌو کاڌو هڪ عرصو خراب ڪري ٿو؟,ڪجهه خاص کاڌا ماهواري تي منفي اثر وجهن ٿا، اهو درست آهي ڇا؟,auto_ok,genuine reword - ماهواري vocabulary - needs native-speaker review
v445,223,حيض جي صحت ۽ مدت,حيض بابت ڳالهيون ۽ ثقافتي پابنديون,ڇا حيض بيماري يا ڪمزوري جي نشاني آهي؟,حيض ڪنهن بيماري يا ڪمزوري جي نشاني آهي ڇا؟,auto_ok,genuine reword - ماهواري vocabulary - needs native-speaker review
v446,223,حيض جي صحت ۽ مدت,حيض بابت ڳالهيون ۽ ثقافتي پابنديون,ڇا حيض بيماري يا ڪمزوري جي نشاني آهي؟,ماهواري اچڻ جو مطلب طبيعت خراب هجڻ آهي ڇا؟,auto_ok,genuine reword - ماهواري vocabulary - needs native-speaker review
v447,224,حيض جي صحت ۽ مدت,حيض بابت ڳالهيون ۽ ثقافتي پابنديون,ڇا حيض واري ڇوڪرين کي اسڪول کان ٻاهر رکڻ گهرجي؟,ماهواري واري ڇوڪرين کي اسڪول کان روڪجي ڇا؟,auto_ok,genuine reword - ماهواري vocabulary - needs native-speaker review
v448,224,حيض جي صحت ۽ مدت,حيض بابت ڳالهيون ۽ ثقافتي پابنديون,ڇا حيض واري ڇوڪرين کي اسڪول کان ٻاهر رکڻ گهرجي؟,ماهواري دوران ڇوڪرين کي پڙهائي کان پري رکجي، اهو صحيح آهي ڇا؟,auto_ok,genuine reword - ماهواري vocabulary - needs native-speaker review
v449,225,حيض جي صحت ۽ مدت,حيض بابت ڳالهيون ۽ ثقافتي پابنديون,ڇا حيض جي دوران اچار يا ٻوٽن کي ڇهڻ نقصانڪار آهي، جيئن ڪجهه روايتون دعويٰ ڪن ٿيون؟,ماهواري وقت اچار يا ٻوٽن کي هٿ لائڻ نقصانڪار آهي، اهو سچ آهي ڇا؟,auto_ok,genuine reword - ماهواري vocabulary - needs native-speaker review
v450,225,حيض جي صحت ۽ مدت,حيض بابت ڳالهيون ۽ ثقافتي پابنديون,ڇا حيض جي دوران اچار يا ٻوٽن کي ڇهڻ نقصانڪار آهي، جيئن ڪجهه روايتون دعويٰ ڪن ٿيون؟,ماهواري دوران باغباني يا اچار ڇهڻ منع آهي، اهو صحيح آهي ڇا؟,auto_ok,genuine reword - ماهواري vocabulary - needs native-speaker review
v451,226,حيض جي صحت ۽ مدت,حيض بابت ڳالهيون ۽ ثقافتي پابنديون,ڇا حيض انسان کي طبي لحاظ کان نماز يا عبادت لاءِ ’ناپاڪ‘ بڻائي ٿو؟,ماهواري نماز يا عبادت لاءِ ناپاڪ ڪري ٿو ڇا؟,auto_ok,genuine reword - ماهواري vocabulary - needs native-speaker review
v452,226,حيض جي صحت ۽ مدت,حيض بابت ڳالهيون ۽ ثقافتي پابنديون,ڇا حيض انسان کي طبي لحاظ کان نماز يا عبادت لاءِ ’ناپاڪ‘ بڻائي ٿو؟,ماهواري دوران عبادت نه ٿي سگهڻ جو مطلب اهو آهي ته عورت ناپاڪ آهي ڇا؟,auto_ok,genuine reword - ماهواري vocabulary - needs native-speaker review
v453,227,حيض جي صحت ۽ مدت,حيض بابت ڳالهيون ۽ ثقافتي پابنديون,ڇا دور جي باري ۾ کليل ڳالهائڻ سان بدنامي کي گهٽائي سگهجي ٿو؟,ماهواري بابت کلي ڳالهائڻ سان شرم گھٽجي سگهي ٿو ڇا؟,auto_ok,genuine reword - ماهواري vocabulary - needs native-speaker review
v454,227,حيض جي صحت ۽ مدت,حيض بابت ڳالهيون ۽ ثقافتي پابنديون,ڇا دور جي باري ۾ کليل ڳالهائڻ سان بدنامي کي گهٽائي سگهجي ٿو؟,period تي کليل ڳالهه ٻولھ سماجي شرم ختم ڪري ٿي ڇا؟,auto_ok,genuine reword - ماهواري vocabulary - needs native-speaker review
v455,228,حيض جي صحت ۽ مدت,حيض بابت ڳالهيون ۽ ثقافتي پابنديون,ڇا اهو سچ آهي ته ٽيمپون استعمال ڪندي ڪنوار کي متاثر ڪري ٿو؟,ٽيمپون استعمال ڪرڻ سان ڪنوارپڻ متاثر ٿئي ٿو ڇا؟,auto_ok,genuine reword - ماهواري vocabulary - needs native-speaker review
v456,228,حيض جي صحت ۽ مدت,حيض بابت ڳالهيون ۽ ثقافتي پابنديون,ڇا اهو سچ آهي ته ٽيمپون استعمال ڪندي ڪنوار کي متاثر ڪري ٿو؟,ٽيمپون پائڻ سان virginity تي اثر پوي ٿو، اهو سچ آهي ڇا؟,auto_ok,genuine reword - ماهواري vocabulary - needs native-speaker review
v457,229,حيض جي صحت ۽ مدت,حيض بابت ڳالهيون ۽ ثقافتي پابنديون,ڇا عرصو رت جي بوءِ ان ڪري آهي جو اهو ناپاڪ آهي؟,ماهواري جو رت نجس هجڻ ڪري بوءِ ايندي آهي ڇا؟,auto_ok,genuine reword - ماهواري vocabulary - needs native-speaker review
v458,229,حيض جي صحت ۽ مدت,حيض بابت ڳالهيون ۽ ثقافتي پابنديون,ڇا عرصو رت جي بوءِ ان ڪري آهي جو اهو ناپاڪ آهي؟,period جي بوءِ ناپاڪي جي نشاني آهي، اهو صحيح آهي ڇا؟,auto_ok,genuine reword - ماهواري vocabulary - needs native-speaker review
v459,230,حيض جي صحت ۽ مدت,حيض بابت ڳالهيون ۽ ثقافتي پابنديون,ڇا اهو سچ آهي ته حيض واري شخص کي ٻين وانگر ساڳئي بستري يا ڪمري ۾ سمهڻ نه گهرجي؟,ماهواري وقت هڪ ئي ڪمري يا بستري تي سمهڻ منع آهي، ڇا اهو سچ آهي؟,auto_ok,genuine reword - ماهواري vocabulary - needs native-speaker review
v460,230,حيض جي صحت ۽ مدت,حيض بابت ڳالهيون ۽ ثقافتي پابنديون,ڇا اهو سچ آهي ته حيض واري شخص کي ٻين وانگر ساڳئي بستري يا ڪمري ۾ سمهڻ نه گهرجي؟,ماهواري واري عورت کي الڳ سمهڻ گهرجي، اهو صحيح آهي ڇا؟,auto_ok,genuine reword - ماهواري vocabulary - needs native-speaker review
v461,231,حيض جي صحت ۽ مدت,حيض بابت ڳالهيون ۽ ثقافتي پابنديون,ڇا دور جي داغ ذهني صحت کي متاثر ڪري سگھي ٿو؟,ماهواري تي بدنامي ذهني صحت کي متاثر ڪري ٿي ڇا؟,auto_ok,genuine reword - ماهواري vocabulary - needs native-speaker review
v462,231,حيض جي صحت ۽ مدت,حيض بابت ڳالهيون ۽ ثقافتي پابنديون,ڇا دور جي داغ ذهني صحت کي متاثر ڪري سگھي ٿو؟,period stigma عورت جي ذهني حالت تي اثر وجهي ٿو ڇا؟,auto_ok,genuine reword - ماهواري vocabulary - needs native-speaker review
v463,232,حيض جي صحت ۽ مدت,حيض بابت ڳالهيون ۽ ثقافتي پابنديون,ڇا حيض جو رت باقاعده رت کان مختلف طريقي سان ان کي ڇڪڻ خطرناڪ بڻائي ٿو؟,ماهواري جو رت عام رت کان مختلف هجڻ سبب خطرناڪ آهي ڇا؟,auto_ok,genuine reword - ماهواري vocabulary - needs native-speaker review
v464,232,حيض جي صحت ۽ مدت,حيض بابت ڳالهيون ۽ ثقافتي پابنديون,ڇا حيض جو رت باقاعده رت کان مختلف طريقي سان ان کي ڇڪڻ خطرناڪ بڻائي ٿو؟,period blood عام رت کان جدا هجي ته ان مان ڇُهڻ خطرناڪ آهي ڇا؟,auto_ok,genuine reword - ماهواري vocabulary - needs native-speaker review
v465,233,حيض جي صحت ۽ مدت,حيض بابت ڳالهيون ۽ ثقافتي پابنديون,ڇا دورن جي چوڌاري ثقافتي ممنوع ملڪن جي وچ ۾ وڏي پيماني تي مختلف آهن؟,ماهواري بابت پابنديون مختلف ملڪن ۾ گھڻو مختلف آهن ڇا؟,auto_ok,genuine reword - ماهواري vocabulary - needs native-speaker review
v466,233,حيض جي صحت ۽ مدت,حيض بابت ڳالهيون ۽ ثقافتي پابنديون,ڇا دورن جي چوڌاري ثقافتي ممنوع ملڪن جي وچ ۾ وڏي پيماني تي مختلف آهن؟,دنيا جي ڌرين ۾ period taboos ڪافي فرق رکن ٿا ڇا؟,auto_ok,genuine reword - ماهواري vocabulary - needs native-speaker review
v467,234,حيض جي صحت ۽ مدت,حيض بابت ڳالهيون ۽ ثقافتي پابنديون,ڇا اهو صحيح آهي ته حيض واري شخص کي ٿڌو پاڻي نه پيئڻ گهرجي؟,ماهواري وقت ٿڌو پاڻي نه پيئجي، اهو صحيح آهي ڇا؟,auto_ok,genuine reword - ماهواري vocabulary - needs native-speaker review
v468,234,حيض جي صحت ۽ مدت,حيض بابت ڳالهيون ۽ ثقافتي پابنديون,ڇا اهو صحيح آهي ته حيض واري شخص کي ٿڌو پاڻي نه پيئڻ گهرجي؟,period دوران ٿڌو پاڻي پيئڻ نقصانڪار آهي، ڇا اهو سچ آهي؟,auto_ok,genuine reword - ماهواري vocabulary - needs native-speaker review
v469,235,حيض جي صحت ۽ مدت,حيض بابت ڳالهيون ۽ ثقافتي پابنديون,ڇا حيض جون پابنديون ڇوڪرين کي دور جي مسئلن لاءِ طبي مدد طلب ڪرڻ کان روڪي سگهن ٿيون؟,ماهواري بابت پابنديون ڇوڪرين کي طبي مدد وٺڻ کان روڪين ٿيون ڇا؟,auto_ok,genuine reword - ماهواري vocabulary - needs native-speaker review
v470,235,حيض جي صحت ۽ مدت,حيض بابت ڳالهيون ۽ ثقافتي پابنديون,ڇا حيض جون پابنديون ڇوڪرين کي دور جي مسئلن لاءِ طبي مدد طلب ڪرڻ کان روڪي سگهن ٿيون؟,شرم يا رسم سبب ڇوڪريون period problem تي ڊاڪٽر وٽ نه وڃن، اهو ٿئي ٿو ڇا؟,auto_ok,genuine reword - ماهواري vocabulary - needs native-speaker review
v471,236,حيض جي صحت ۽ مدت,حيض بابت ڳالهيون ۽ ثقافتي پابنديون,ڇا اهو سچ آهي ته دور جي شين کي لڪايو وڃي يا ڪڏهن به کليل بحث نه ڪيو وڃي؟,ماهواري جون شيون لڪائڻ گهرجن، ڪڏهن به کليل ڳالهائجن ئي نه؟,auto_ok,genuine reword - ماهواري vocabulary - needs native-speaker review
v472,236,حيض جي صحت ۽ مدت,حيض بابت ڳالهيون ۽ ثقافتي پابنديون,ڇا اهو سچ آهي ته دور جي شين کي لڪايو وڃي يا ڪڏهن به کليل بحث نه ڪيو وڃي؟,period products کي لڪائي رکڻ ضروري آهي، اهو صحيح آهي ڇا؟,auto_ok,genuine reword - ماهواري vocabulary - needs native-speaker review
v473,237,حيض جي صحت ۽ مدت,حيض بابت ڳالهيون ۽ ثقافتي پابنديون,ڇا هڪ عرصو هجڻ هڪ شخص جي صحيح فيصلا ڪرڻ جي صلاحيت کي متاثر ڪري ٿو؟,ماهواري دوران عورت جي فيصلا ڪرڻ جي صلاحيت متاثر ٿئي ٿي ڇا؟,auto_ok,genuine reword - ماهواري vocabulary - needs native-speaker review
v474,237,حيض جي صحت ۽ مدت,حيض بابت ڳالهيون ۽ ثقافتي پابنديون,ڇا هڪ عرصو هجڻ هڪ شخص جي صحيح فيصلا ڪرڻ جي صلاحيت کي متاثر ڪري ٿو؟,period هجڻ سبب سوچ سمجهه ۾ فرق اچي ٿو، اهو سچ آهي ڇا؟,auto_ok,genuine reword - ماهواري vocabulary - needs native-speaker review
v475,238,حيض جي صحت ۽ مدت,حيض بابت ڳالهيون ۽ ثقافتي پابنديون,ڇا ڇوڪرن ۽ مردن کي دورن بابت صحيح معلومات سکڻ مان فائدو حاصل ٿي سگھي ٿو؟,ڇوڪرن ۽ مردن کي به ماهواري بابت صحيح ڄاڻ هجڻ فائديمند آهي ڇا؟,auto_ok,genuine reword - ماهواري vocabulary - needs native-speaker review
v476,238,حيض جي صحت ۽ مدت,حيض بابت ڳالهيون ۽ ثقافتي پابنديون,ڇا ڇوڪرن ۽ مردن کي دورن بابت صحيح معلومات سکڻ مان فائدو حاصل ٿي سگھي ٿو؟,مردن کي period بابت سکڻ سان ڪو فائدو ٿئي ٿو ڇا؟,auto_ok,genuine reword - ماهواري vocabulary - needs native-speaker review
v477,239,حيض جي صحت ۽ مدت,حيض بابت ڳالهيون ۽ ثقافتي پابنديون,ڇا حيض کي طبي سيٽنگن ۾ پڻ ممنوع موضوع سمجهيو ويندو آهي؟,حيض کي ڊاڪٽرن جي طبي ماحول ۾ به شرم جو موضوع سمجهيو ويندو آهي ڇا؟,auto_ok,genuine reword - ماهواري vocabulary - needs native-speaker review
v478,239,حيض جي صحت ۽ مدت,حيض بابت ڳالهيون ۽ ثقافتي پابنديون,ڇا حيض کي طبي سيٽنگن ۾ پڻ ممنوع موضوع سمجهيو ويندو آهي؟,طبي هنڌن تي به period تي کلي ڳالهه نه ٿيندي آهي ڇا؟,auto_ok,genuine reword - ماهواري vocabulary - needs native-speaker review
v479,240,حيض جي صحت ۽ مدت,حيض بابت ڳالهيون ۽ ثقافتي پابنديون,ڇا ان خيال ۾ سچائي آهي ته دورن کي خاندانن ۾ به 'خاموش' موضوع هجڻ گهرجي؟,گھر ۾ به ماهواري تي ڳالهائڻ خاموش رکجي، اهو صحيح آهي ڇا؟,auto_ok,genuine reword - ماهواري vocabulary - needs native-speaker review
v480,240,حيض جي صحت ۽ مدت,حيض بابت ڳالهيون ۽ ثقافتي پابنديون,ڇا ان خيال ۾ سچائي آهي ته دورن کي خاندانن ۾ به 'خاموش' موضوع هجڻ گهرجي؟,خاندان اندر period بابت ڳالهه نه ڪرڻ گهرجي، اهو خيال درست آهي ڇا؟,auto_ok,genuine reword - ماهواري vocabulary - needs native-speaker review
v481,241,حيض جي صحت ۽ مدت,حيض بابت ڳالهيون ۽ ثقافتي پابنديون,ڇا ھڪڙو بھاري يا ھلڪو دور ڪنھن شخص جي ڪردار يا اخلاقيات بابت ڪجھھ چوي ٿو؟,گھڻي يا گھٽ ماهواري مان عورت جي اخلاقيات ظاهر ٿئي ٿي ڇا؟,auto_ok,genuine reword - ماهواري vocabulary - needs native-speaker review
v482,241,حيض جي صحت ۽ مدت,حيض بابت ڳالهيون ۽ ثقافتي پابنديون,ڇا ھڪڙو بھاري يا ھلڪو دور ڪنھن شخص جي ڪردار يا اخلاقيات بابت ڪجھھ چوي ٿو؟,period جي مقدار ڪنهن جي ڪردار بابت ڪجهه ٻڌائي ٿي ڇا؟,auto_ok,genuine reword - ماهواري vocabulary - needs native-speaker review
v483,242,حيض جي صحت ۽ مدت,حيض بابت ڳالهيون ۽ ثقافتي پابنديون,ڇا ڪميونٽي جي بنياد تي حيض جي صحت جي تعليم جا پروگرام نقصانڪار ممنوع کي گھٽائي سگهن ٿا؟,ڪميونٽي ۾ period تعليم پروگرام بدنامي گھٽائي سگهن ٿا ڇا؟,auto_ok,genuine reword - ماهواري vocabulary - needs native-speaker review
v484,242,حيض جي صحت ۽ مدت,حيض بابت ڳالهيون ۽ ثقافتي پابنديون,ڇا ڪميونٽي جي بنياد تي حيض جي صحت جي تعليم جا پروگرام نقصانڪار ممنوع کي گھٽائي سگهن ٿا؟,عام ماڻهن کي period بابت سيکارڻ سان شرم گھٽجي ٿو ڇا؟,auto_ok,genuine reword - ماهواري vocabulary - needs native-speaker review
v485,243,حيض جي صحت ۽ مدت,حيض بابت ڳالهيون ۽ ثقافتي پابنديون,ڇا اهو سچ آهي ته حيض وارن ماڻهن کي ننڍڙن ٻارن کي هٿ نه لڳائڻ گهرجي؟,ماهواري واري عورت کي ننڍڙن ٻارن کي هٿ نه لائڻ گهرجي، ڇا اهو سچ آهي؟,auto_ok,genuine reword - ماهواري vocabulary - needs native-speaker review
v486,243,حيض جي صحت ۽ مدت,حيض بابت ڳالهيون ۽ ثقافتي پابنديون,ڇا اهو سچ آهي ته حيض وارن ماڻهن کي ننڍڙن ٻارن کي هٿ نه لڳائڻ گهرجي؟,period دوران ٻار کي کنڀڻ منع آهي، اهو صحيح آهي ڇا؟,auto_ok,genuine reword - ماهواري vocabulary - needs native-speaker review
v487,244,حيض جي صحت ۽ مدت,حيض بابت ڳالهيون ۽ ثقافتي پابنديون,ڇا دور جي داغ غربت جي دور ۾ مدد ڪري ٿو؟,period تي بدنامي غربت جي حالت وڌائي ٿي ڇا؟,auto_ok,genuine reword - ماهواري vocabulary - needs native-speaker review
v488,244,حيض جي صحت ۽ مدت,حيض بابت ڳالهيون ۽ ثقافتي پابنديون,ڇا دور جي داغ غربت جي دور ۾ مدد ڪري ٿو؟,شرم سبب غريب عورتون period products نه خريد ڪنديون آهن ڇا؟,auto_ok,genuine reword - ماهواري vocabulary - needs native-speaker review
v489,245,حيض جي صحت ۽ مدت,حيض بابت ڳالهيون ۽ ثقافتي پابنديون,ڇا عرصو سان لاڳاپيل ممنوع علائقن ۾ گهٽ حيض جي صحت جي تعليم سان وڌيڪ عام آهن؟,جتي period بابت پابنديون گھڻيون آهن اتي تعليم گھٽ آهي، اهو صحيح آهي ڇا؟,auto_ok,genuine reword - ماهواري vocabulary - needs native-speaker review
v490,245,حيض جي صحت ۽ مدت,حيض بابت ڳالهيون ۽ ثقافتي پابنديون,ڇا عرصو سان لاڳاپيل ممنوع علائقن ۾ گهٽ حيض جي صحت جي تعليم سان وڌيڪ عام آهن؟,taboo وڌيڪ هجي ته period education ايترو گھٽ هوندو آهي ڇا؟,auto_ok,genuine reword - ماهواري vocabulary - needs native-speaker review
v491,246,حيض جي صحت ۽ مدت,حيض بابت ڳالهيون ۽ ثقافتي پابنديون,ڇا اهو چوڻ صحيح آهي ته حيض کي شرم آهي يا ڪجهه ٻين کان لڪائڻ لاء؟,ماهواري کي شرم جي شيء سمجهي لڪائڻ گهرجي، اهو صحيح آهي ڇا؟,auto_ok,genuine reword - ماهواري vocabulary - needs native-speaker review
v492,246,حيض جي صحت ۽ مدت,حيض بابت ڳالهيون ۽ ثقافتي پابنديون,ڇا اهو چوڻ صحيح آهي ته حيض کي شرم آهي يا ڪجهه ٻين کان لڪائڻ لاء؟,period کي ٻين کان لڪائجي، اهو خيال درست آهي ڇا؟,auto_ok,genuine reword - ماهواري vocabulary - needs native-speaker review
v493,247,حيض جي صحت ۽ مدت,حيض بابت ڳالهيون ۽ ثقافتي پابنديون,ڇا اسڪولن ۽ ڪم جي جڳهن ۾ دور جي دوستي واري پاليسين کي پتو لڳائڻ ۾ مدد ڪري سگھي ٿي؟,اسڪول ۽ نوڪري جي هنڌن تي period-friendly پاليسي بدنامي گھٽائي ٿي ڇا؟,auto_ok,genuine reword - ماهواري vocabulary - needs native-speaker review
v494,247,حيض جي صحت ۽ مدت,حيض بابت ڳالهيون ۽ ثقافتي پابنديون,ڇا اسڪولن ۽ ڪم جي جڳهن ۾ دور جي دوستي واري پاليسين کي پتو لڳائڻ ۾ مدد ڪري سگھي ٿي؟,ڪم ۽ اسڪول ۾ period leave يا سهولت ملڻ سان شرم گھٽجي ٿو ڇا؟,auto_ok,genuine reword - ماهواري vocabulary - needs native-speaker review
v495,248,حيض جي صحت ۽ مدت,حيض بابت ڳالهيون ۽ ثقافتي پابنديون,ڇا حيض جي صحت واري داغ کي حل ڪرڻ لاءِ عالمي ڪوشش آهي؟,period بابت بدنامي ختم ڪرڻ لاءِ دنيا ۾ ڪا خاص ڪوشش هلي رهي آهي ڇا؟,auto_ok,genuine reword - ماهواري vocabulary - needs native-speaker review
v496,248,حيض جي صحت ۽ مدت,حيض بابت ڳالهيون ۽ ثقافتي پابنديون,ڇا حيض جي صحت واري داغ کي حل ڪرڻ لاءِ عالمي ڪوشش آهي؟,عالمي سطح تي menstrual stigma گھٽائڻ جا پروگرام آهن ڇا؟,auto_ok,genuine reword - ماهواري vocabulary - needs native-speaker review
v497,249,حيض جي صحت ۽ مدت,حيض بابت ڳالهيون ۽ ثقافتي پابنديون,ڇا اهو سچ آهي ته هڪ حيض واري شخص کي زور سان ورزش يا راندين کي راند نه ڪرڻ گهرجي؟,ماهواري دوران زور سان ورزش يا راند نه کيڏجي، اهو صحيح آهي ڇا؟,auto_ok,genuine reword - ماهواري vocabulary - needs native-speaker review
v498,249,حيض جي صحت ۽ مدت,حيض بابت ڳالهيون ۽ ثقافتي پابنديون,ڇا اهو سچ آهي ته هڪ حيض واري شخص کي زور سان ورزش يا راندين کي راند نه ڪرڻ گهرجي؟,period وقت گھري ورزش ڪرڻ کان منع آهي، ڇا اهو سچ آهي؟,auto_ok,genuine reword - ماهواري vocabulary - needs native-speaker review
v499,2000,حيض جي صحت ۽ مدت,سائيڪل جي بنياديات ۽ ڇا عام آهي,حيض جي چڪر جو پهريون ڏينهن ڪهڙو ڏينهن شمار ڪيو ويندو آهي؟,ماهواري جي چڪر جو پهريون ڏينهن ڪهڙو ڏينهن شمار ٿئي ٿو؟,auto_ok,genuine reword - ماهواري vocabulary - needs native-speaker review
v500,2000,حيض جي صحت ۽ مدت,سائيڪل جي بنياديات ۽ ڇا عام آهي,حيض جي چڪر جو پهريون ڏينهن ڪهڙو ڏينهن شمار ڪيو ويندو آهي؟,ماهواري جي شروعات جو پهريون ڏينهن ڪيئن ڳڻجي ٿو؟,auto_ok,genuine reword - ماهواري vocabulary - needs native-speaker review
v501,250,ذهني صحت ۽ جذباتي ڀلائي,روزاني دٻاءُ ۽ پريشاني,روزاني دٻاءُ ۽ پريشاني جي خرابي جي وچ ۾ ڇا فرق آهي؟,روزاني ٽينشن ۽ anxiety disorder ۾ ڇا فرق آهي؟,auto_ok,genuine reword - needs native-speaker review
v502,250,ذهني صحت ۽ جذباتي ڀلائي,روزاني دٻاءُ ۽ پريشاني,روزاني دٻاءُ ۽ پريشاني جي خرابي جي وچ ۾ ڇا فرق آهي؟,عام پريشاني ۽ بيماريءَ واري پريشاني جي وچ ۾ ڪيئن فرق ڪجي؟,auto_ok,genuine reword - needs native-speaker review
v503,251,ذهني صحت ۽ جذباتي ڀلائي,روزاني دٻاءُ ۽ پريشاني,دٻاء جي عام جسماني نشانيون ڇا آهن؟,ٽينشن هجڻ جون عام جسماني نشانيون ڪهڙيون آهن؟,auto_ok,genuine reword - needs native-speaker review
v504,251,ذهني صحت ۽ جذباتي ڀلائي,روزاني دٻاءُ ۽ پريشاني,دٻاء جي عام جسماني نشانيون ڇا آهن؟,دٻاءُ هجڻ تي جسم ۾ ڪهڙيون علامتون ظاهر ٿينديون آهن؟,auto_ok,genuine reword - needs native-speaker review
v505,252,ذهني صحت ۽ جذباتي ڀلائي,روزاني دٻاءُ ۽ پريشاني,روزمره جي دٻاءَ ۾ گہرے سانس ڪيئن مدد ڪري سگھن ٿا؟,گھري ساهه کڻڻ روزمره جي ٽينشن ۾ ڪيئن مدد ڏئي ٿو؟,auto_ok,genuine reword - needs native-speaker review
v506,252,ذهني صحت ۽ جذباتي ڀلائي,روزاني دٻاءُ ۽ پريشاني,روزمره جي دٻاءَ ۾ گہرے سانس ڪيئن مدد ڪري سگھن ٿا؟,deep breathing سان ٽينشن گھٽائڻ ۾ ڪيئن فائدو ٿئي ٿو؟,auto_ok,genuine reword - needs native-speaker review
v507,253,ذهني صحت ۽ جذباتي ڀلائي,روزاني دٻاءُ ۽ پريشاني,ڇا امتحان يا انٽرويو وانگر وڏي واقعي کان اڳ پريشان ٿيڻ عام آهي؟,امتحان يا انٽرويو کان اڳ گھٻراهٽ ٿيڻ عام آهي ڇا؟,auto_ok,genuine reword - needs native-speaker review
v508,253,ذهني صحت ۽ جذباتي ڀلائي,روزاني دٻاءُ ۽ پريشاني,ڇا امتحان يا انٽرويو وانگر وڏي واقعي کان اڳ پريشان ٿيڻ عام آهي؟,وڏي واقعي کان اڳ نروس ٿيڻ معمول جي ڳالھ آهي ڇا؟,auto_ok,genuine reword - needs native-speaker review
v509,254,ذهني صحت ۽ جذباتي ڀلائي,روزاني دٻاءُ ۽ پريشاني,ڪهڙيون طرز زندگي جون عادتون روزمره جي دٻاءُ کي گهٽائڻ ۾ مدد ڪن ٿيون؟,روزمره جو دٻاءُ گھٽائڻ لاءِ ڪهڙيون عادتون فائديمند آهن؟,auto_ok,genuine reword - needs native-speaker review
v510,254,ذهني صحت ۽ جذباتي ڀلائي,روزاني دٻاءُ ۽ پريشاني,ڪهڙيون طرز زندگي جون عادتون روزمره جي دٻاءُ کي گهٽائڻ ۾ مدد ڪن ٿيون؟,طرز زندگي جون ڪهڙيون شيون ٽينشن گھٽائڻ ۾ مدد ڪن ٿيون؟,auto_ok,genuine reword - needs native-speaker review
v511,255,ذهني صحت ۽ جذباتي ڀلائي,روزاني دٻاءُ ۽ پريشاني,ڇا دائمي دٻاء وقت تي جسماني صحت کي متاثر ڪري سگهي ٿو؟,مسلسل دٻاءُ جسماني صحت تي وقت سان اثر وجهي ٿو ڇا؟,auto_ok,genuine reword - needs native-speaker review
v512,255,ذهني صحت ۽ جذباتي ڀلائي,روزاني دٻاءُ ۽ پريشاني,ڇا دائمي دٻاء وقت تي جسماني صحت کي متاثر ڪري سگهي ٿو؟,دائمي ٽينشن بدن جي صحت کي نقصان ڏئي ٿو ڇا؟,auto_ok,genuine reword - needs native-speaker review
v513,256,ذهني صحت ۽ جذباتي ڀلائي,روزاني دٻاءُ ۽ پريشاني,هن وقت دٻاءُ کي منظم ڪرڻ جو هڪ آسان طريقو ڇا آهي؟,هن وقت جي دٻاءَ کي گھٽائڻ جو آسان طريقو ڪهڙو آهي؟,auto_ok,genuine reword - needs native-speaker review
v514,256,ذهني صحت ۽ جذباتي ڀلائي,روزاني دٻاءُ ۽ پريشاني,هن وقت دٻاءُ کي منظم ڪرڻ جو هڪ آسان طريقو ڇا آهي؟,فوري طور تي ٽينشن گھٽائڻ لاءِ ڪهڙو نسخو آهي؟,auto_ok,genuine reword - needs native-speaker review
v515,257,ذهني صحت ۽ جذباتي ڀلائي,روزاني دٻاءُ ۽ پريشاني,دٻاء ۽ پريشاني کي منظم ڪرڻ لاء ڪيترو مشق سفارش ڪئي وئي آهي؟,دٻاءُ ۽ گھٻراهٽ منظم ڪرڻ لاءِ ڪيتري ورزش سفارش ٿيل آهي؟,auto_ok,genuine reword - needs native-speaker review
v516,257,ذهني صحت ۽ جذباتي ڀلائي,روزاني دٻاءُ ۽ پريشاني,دٻاء ۽ پريشاني کي منظم ڪرڻ لاء ڪيترو مشق سفارش ڪئي وئي آهي؟,anxiety گھٽائڻ لاءِ هفتي ۾ ڪيتري ڪسرت گهرجي؟,auto_ok,genuine reword - needs native-speaker review
v517,258,ذهني صحت ۽ جذباتي ڀلائي,روزاني دٻاءُ ۽ پريشاني,ڇا تمام گھڻو ڪيفين پريشاني کي خراب ڪري سگھي ٿو؟,گھڻي ڪافي پيئڻ سان گھٻراهٽ وڌي سگهي ٿي ڇا؟,auto_ok,genuine reword - needs native-speaker review
v518,258,ذهني صحت ۽ جذباتي ڀلائي,روزاني دٻاءُ ۽ پريشاني,ڇا تمام گھڻو ڪيفين پريشاني کي خراب ڪري سگھي ٿو؟,زياده caffeine anxiety کي خراب ڪري سگهي ٿي ڇا؟,auto_ok,genuine reword - needs native-speaker review
v519,259,ذهني صحت ۽ جذباتي ڀلائي,روزاني دٻاءُ ۽ پريشاني,جنگ يا پرواز جو جواب ڇا آهي؟,fight or flight response ڇا آهي؟,auto_ok,genuine reword - needs native-speaker review
v520,259,ذهني صحت ۽ جذباتي ڀلائي,روزاني دٻاءُ ۽ پريشاني,جنگ يا پرواز جو جواب ڇا آهي؟,جنگ يا ڀڄ وارو ردعمل ڇا ٿو ڏسائي؟,auto_ok,genuine reword - needs native-speaker review
v521,260,ذهني صحت ۽ جذباتي ڀلائي,روزاني دٻاءُ ۽ پريشاني,ڇا روزمره جي پريشاني کي منظم ڪرڻ لاء جرنلنگ مددگار آهي؟,ڊائري لکڻ روزمره جي دٻاءُ منظم ڪرڻ ۾ مدد ڏئي ٿي ڇا؟,auto_ok,genuine reword - needs native-speaker review
v522,260,ذهني صحت ۽ جذباتي ڀلائي,روزاني دٻاءُ ۽ پريشاني,ڇا روزمره جي پريشاني کي منظم ڪرڻ لاء جرنلنگ مددگار آهي؟,جرنلنگ سان ٽينشن گھٽ ٿئي ٿي ڇا؟,auto_ok,genuine reword - needs native-speaker review
v523,261,ذهني صحت ۽ جذباتي ڀلائي,روزاني دٻاءُ ۽ پريشاني,ڇا غريب وقت جو انتظام روزاني دٻاء ۾ مدد ڪري سگھي ٿو؟,خراب وقت جي انتظام سبب روزمره جو دٻاءُ وڌي ٿو ڇا؟,auto_ok,genuine reword - needs native-speaker review
v524,261,ذهني صحت ۽ جذباتي ڀلائي,روزاني دٻاءُ ۽ پريشاني,ڇا غريب وقت جو انتظام روزاني دٻاء ۾ مدد ڪري سگھي ٿو؟,وقت صحيح نه ڀائيندڙ ماڻهو وڌيڪ ٽينشن ۾ رهندا آهن ڇا؟,auto_ok,genuine reword - needs native-speaker review
v525,262,ذهني صحت ۽ جذباتي ڀلائي,روزاني دٻاءُ ۽ پريشاني,گرائونڊنگ' ڇا آهي ۽ اهو پريشاني سان ڪيئن مدد ڪري ٿو؟,'گراؤنڊنگ' ڇا آهي ۽ اهو گھٻراهٽ ۾ ڪيئن مدد ڪري ٿو؟,auto_ok,genuine reword - needs native-speaker review
v526,262,ذهني صحت ۽ جذباتي ڀلائي,روزاني دٻاءُ ۽ پريشاني,گرائونڊنگ' ڇا آهي ۽ اهو پريشاني سان ڪيئن مدد ڪري ٿو؟,grounding technique پريشاني گھٽائڻ ۾ ڪيئن ڪم ايندي آهي؟,auto_ok,genuine reword - needs native-speaker review
v527,263,ذهني صحت ۽ جذباتي ڀلائي,روزاني دٻاءُ ۽ پريشاني,ڇا سماجي مدد دٻاء جي سطح کي گھٽائي سگھي ٿي؟,دوستن جي مدد دٻاءُ جي سطح گھٽائي سگهي ٿي ڇا؟,auto_ok,genuine reword - needs native-speaker review
v528,263,ذهني صحت ۽ جذباتي ڀلائي,روزاني دٻاءُ ۽ پريشاني,ڇا سماجي مدد دٻاء جي سطح کي گھٽائي سگھي ٿي؟,سماجي رابطو ٽينشن گھٽائڻ ۾ مددگار آهي ڇا؟,auto_ok,genuine reword - needs native-speaker review
v529,264,ذهني صحت ۽ جذباتي ڀلائي,روزاني دٻاءُ ۽ پريشاني,ڇا اهو معمولي آهي جسماني طور تي ٿڪل محسوس ڪرڻ هڪ دٻاءُ واري ڏينهن کان پوءِ به جسماني سرگرمي کان سواءِ؟,بغير جسماني ڪم جي به ٽينشن واري ڏينهن بعد ٿڪ محسوس ٿيڻ عام آهي ڇا؟,auto_ok,genuine reword - needs native-speaker review
v530,264,ذهني صحت ۽ جذباتي ڀلائي,روزاني دٻاءُ ۽ پريشاني,ڇا اهو معمولي آهي جسماني طور تي ٿڪل محسوس ڪرڻ هڪ دٻاءُ واري ڏينهن کان پوءِ به جسماني سرگرمي کان سواءِ؟,ذهني ٿڪاوٽ به جسماني ٿڪ جيان محسوس ٿي سگهي ٿي ڇا؟,auto_ok,genuine reword - needs native-speaker review
v531,265,ذهني صحت ۽ جذباتي ڀلائي,روزاني دٻاءُ ۽ پريشاني,ڪو ڪيئن ٻڌائي سگهي ٿو ته انهن جي دٻاء جي سطح غير صحتمند ٿي رهي آهي؟,ڪيئن خبر پوندي آهي ته دٻاءُ جي سطح غير صحتمند ٿي رهي آهي؟,auto_ok,genuine reword - needs native-speaker review
v532,265,ذهني صحت ۽ جذباتي ڀلائي,روزاني دٻاءُ ۽ پريشاني,ڪو ڪيئن ٻڌائي سگهي ٿو ته انهن جي دٻاء جي سطح غير صحتمند ٿي رهي آهي؟,پنهنجو ٽينشن حد کان وڌي ويو آهي، اهو ڪيئن سڃاڻجي؟,auto_ok,genuine reword - needs native-speaker review
v533,266,ذهني صحت ۽ جذباتي ڀلائي,روزاني دٻاءُ ۽ پريشاني,ڇا ذهني مراقبت روزمره جي پريشاني سان مدد ڪري سگھي ٿي؟,ذهن ۾ مراقبت (mindfulness) روزمره جي پريشاني ۾ مدد ڏئي ٿي ڇا؟,auto_ok,genuine reword - needs native-speaker review
v534,266,ذهني صحت ۽ جذباتي ڀلائي,روزاني دٻاءُ ۽ پريشاني,ڇا ذهني مراقبت روزمره جي پريشاني سان مدد ڪري سگھي ٿي؟,meditation سان روزاني ٽينشن گھٽجي سگهي ٿي ڇا؟,auto_ok,genuine reword - needs native-speaker review
v535,267,ذهني صحت ۽ جذباتي ڀلائي,روزاني دٻاءُ ۽ پريشاني,ڇا ننڍين شين جي باري ۾ پريشان ٿيڻ ذهني صحت جي مسئلي جي نشاني آهي؟,ننڍين شين تي پريشان ٿيڻ ذهني صحت جي مسئلي جي نشاني آهي ڇا؟,auto_ok,genuine reword - needs native-speaker review
v536,267,ذهني صحت ۽ جذباتي ڀلائي,روزاني دٻاءُ ۽ پريشاني,ڇا ننڍين شين جي باري ۾ پريشان ٿيڻ ذهني صحت جي مسئلي جي نشاني آهي؟,ننڍڙين ڳالهين تي به فڪر ٿيڻ ذهني بيماري ظاهر ڪري ٿو ڇا؟,auto_ok,genuine reword - needs native-speaker review
v537,268,ذهني صحت ۽ جذباتي ڀلائي,روزاني دٻاءُ ۽ پريشاني,ڇا اسڪرين وقت يا سوشل ميڊيا جو استعمال دٻاءُ ۽ پريشاني وڌائي سگھي ٿو؟,اسڪرين ٽائيم يا سوشل ميڊيا استعمال ٽينشن وڌائي سگهي ٿو ڇا؟,auto_ok,genuine reword - needs native-speaker review
v538,268,ذهني صحت ۽ جذباتي ڀلائي,روزاني دٻاءُ ۽ پريشاني,ڇا اسڪرين وقت يا سوشل ميڊيا جو استعمال دٻاءُ ۽ پريشاني وڌائي سگھي ٿو؟,موبائل تي گھڻو وقت گذارڻ سان anxiety وڌي ٿي ڇا؟,auto_ok,genuine reword - needs native-speaker review
v539,269,ذهني صحت ۽ جذباتي ڀلائي,روزاني دٻاءُ ۽ پريشاني,دٻاء کي منظم ڪرڻ ۾ ننڊ ڪهڙي ڪردار ادا ڪري ٿي؟,ننڊ دٻاءُ منظم ڪرڻ ۾ ڪهڙو ڪردار ادا ڪري ٿي؟,auto_ok,genuine reword - needs native-speaker review
v540,269,ذهني صحت ۽ جذباتي ڀلائي,روزاني دٻاءُ ۽ پريشاني,دٻاء کي منظم ڪرڻ ۾ ننڊ ڪهڙي ڪردار ادا ڪري ٿي؟,پوري ننڊ ٽينشن گھٽائڻ ۾ ڇا مدد ڏئي ٿي؟,auto_ok,genuine reword - needs native-speaker review
v541,270,ذهني صحت ۽ جذباتي ڀلائي,روزاني دٻاءُ ۽ پريشاني,ڇا فطرت ۾ وقت گذارڻ سان دٻاءُ گھٽجي سگھي ٿو؟,فطرت ۾ وقت گذارڻ سان دٻاءُ گھٽجي سگهي ٿو ڇا؟,auto_ok,genuine reword - needs native-speaker review
v542,270,ذهني صحت ۽ جذباتي ڀلائي,روزاني دٻاءُ ۽ پريشاني,ڇا فطرت ۾ وقت گذارڻ سان دٻاءُ گھٽجي سگھي ٿو؟,کليل هوا يا سائيءَ ۾ وقت گذارڻ ٽينشن گھٽائي ٿو ڇا؟,auto_ok,genuine reword - needs native-speaker review
v543,271,ذهني صحت ۽ جذباتي ڀلائي,روزاني دٻاءُ ۽ پريشاني,ڇا اهو مددگار آهي دوستن يا ڪٽنب سان روزمره جي دٻاء بابت ڳالهائڻ؟,دوستن يا ڪٽنب سان روزمره جو دٻاءُ ڳالهائڻ مددگار آهي ڇا؟,auto_ok,genuine reword - needs native-speaker review
v544,271,ذهني صحت ۽ جذباتي ڀلائي,روزاني دٻاءُ ۽ پريشاني,ڇا اهو مددگار آهي دوستن يا ڪٽنب سان روزمره جي دٻاء بابت ڳالهائڻ؟,پنهنجي ٽينشن سهيلي يا گھروارن سان ونڊڻ فائديمند آهي ڇا؟,auto_ok,genuine reword - needs native-speaker review
v545,272,ذهني صحت ۽ جذباتي ڀلائي,روزاني دٻاءُ ۽ پريشاني,4-7-8' سانس جي ٽيڪنڪ ڇا آهي؟,4-7-8 سانس واري ٽيڪنڪ ڇا آهي؟,auto_ok,genuine reword - needs native-speaker review
v546,272,ذهني صحت ۽ جذباتي ڀلائي,روزاني دٻاءُ ۽ پريشاني,4-7-8' سانس جي ٽيڪنڪ ڇا آهي؟,4-7-8 breathing method ڪيئن ڪم ڪري ٿي؟,auto_ok,genuine reword - needs native-speaker review
v547,273,ذهني صحت ۽ جذباتي ڀلائي,روزاني دٻاءُ ۽ پريشاني,ڇا دٻاء بک کي متاثر ڪري سگھي ٿو؟,دٻاءُ بک تي اثر انداز ٿئي ٿو ڇا؟,auto_ok,genuine reword - needs native-speaker review
v548,273,ذهني صحت ۽ جذباتي ڀلائي,روزاني دٻاءُ ۽ پريشاني,ڇا دٻاء بک کي متاثر ڪري سگھي ٿو؟,ٽينشن سبب بک وڌي يا گھٽجي سگهي ٿي ڇا؟,auto_ok,genuine reword - needs native-speaker review
v549,274,ذهني صحت ۽ جذباتي ڀلائي,روزاني دٻاءُ ۽ پريشاني,ڇا اهو عام آهي ته ڪنهن خاص سبب کان سواء پريشان محسوس ٿئي؟,بغير ڪنهن خاص سبب جي پريشان محسوس ٿيڻ عام آهي ڇا؟,auto_ok,genuine reword - needs native-speaker review
v550,274,ذهني صحت ۽ جذباتي ڀلائي,روزاني دٻاءُ ۽ پريشاني,ڇا اهو عام آهي ته ڪنهن خاص سبب کان سواء پريشان محسوس ٿئي؟,ڪا خاص وجہ نه هجي تڏهن به گھٻراهٽ ٿئي، اهو معمول جي ڳالھ آهي ڇا؟,auto_ok,genuine reword - needs native-speaker review
v551,275,ذهني صحت ۽ جذباتي ڀلائي,روزاني دٻاءُ ۽ پريشاني,ڇا ننڍڙا، حاصل ڪرڻ وارا مقصد ٺاھڻ ۾ مدد ڪري سگھندڙ احساسن کي گھٽائڻ ۾؟,ننڍا حاصل ٿيندڙ مقصد ٺاهڻ سان مغلوب محسوس ٿيڻ گھٽجي ٿو ڇا؟,auto_ok,genuine reword - needs native-speaker review
v552,275,ذهني صحت ۽ جذباتي ڀلائي,روزاني دٻاءُ ۽ پريشاني,ڇا ننڍڙا، حاصل ڪرڻ وارا مقصد ٺاھڻ ۾ مدد ڪري سگھندڙ احساسن کي گھٽائڻ ۾؟,چھوٽے چھوٽے هدف رکڻ سان دٻاءُ گھٽ ٿئي ٿو ڇا؟,auto_ok,genuine reword - needs native-speaker review
v553,276,ذهني صحت ۽ جذباتي ڀلائي,روزاني دٻاءُ ۽ پريشاني,ڇا کلڻ يا مزاح دٻاء گهٽائڻ ۾ مدد ڪري ٿي؟,کلڻ يا مزاح دٻاءُ گھٽائڻ ۾ مدد ڪري ٿو ڇا؟,auto_ok,genuine reword - needs native-speaker review
v554,276,ذهني صحت ۽ جذباتي ڀلائي,روزاني دٻاءُ ۽ پريشاني,ڇا کلڻ يا مزاح دٻاء گهٽائڻ ۾ مدد ڪري ٿي؟,humor سان ٽينشن آسان ٿئي ٿي ڇا؟,auto_ok,genuine reword - needs native-speaker review
v555,277,ذهني صحت ۽ جذباتي ڀلائي,روزاني دٻاءُ ۽ پريشاني,شديد دٻاء ۽ دائمي دٻاء جي وچ ۾ ڇا فرق آهي؟,اچانڪ (شديد) ۽ دائمي دٻاءُ ۾ ڇا فرق آهي؟,auto_ok,genuine reword - needs native-speaker review
v556,277,ذهني صحت ۽ جذباتي ڀلائي,روزاني دٻاءُ ۽ پريشاني,شديد دٻاء ۽ دائمي دٻاء جي وچ ۾ ڇا فرق آهي؟,acute stress ۽ chronic stress ۾ ڪيئن فرق ڪجي؟,auto_ok,genuine reword - needs native-speaker review
v557,278,ذهني صحت ۽ جذباتي ڀلائي,روزاني دٻاءُ ۽ پريشاني,ڇا پالتو جانور روزمره جي دٻاء ۽ پريشاني کي گهٽائڻ ۾ مدد ڪري سگھن ٿا؟,پالتو جانور روزمره جي دٻاءُ گھٽائڻ ۾ مدد ڏين ٿا ڇا؟,auto_ok,genuine reword - needs native-speaker review
v558,278,ذهني صحت ۽ جذباتي ڀلائي,روزاني دٻاءُ ۽ پريشاني,ڇا پالتو جانور روزمره جي دٻاء ۽ پريشاني کي گهٽائڻ ۾ مدد ڪري سگھن ٿا؟,گھر ۾ پالتو جانور رکڻ سان ٽينشن گھٽجي سگهي ٿي ڇا؟,auto_ok,genuine reword - needs native-speaker review
v559,279,ذهني صحت ۽ جذباتي ڀلائي,روزاني دٻاءُ ۽ پريشاني,ڇا اهو عام آهي ته دٻاء جي سطح لاء سڄي هفتي ۾ ڦهلائڻ لاء؟,سڄي هفتي ۾ دٻاءُ جي سطح گھٽ وڌ ٿيڻ عام آهي ڇا؟,auto_ok,genuine reword - needs native-speaker review
v560,279,ذهني صحت ۽ جذباتي ڀلائي,روزاني دٻاءُ ۽ پريشاني,ڇا اهو عام آهي ته دٻاء جي سطح لاء سڄي هفتي ۾ ڦهلائڻ لاء؟,هفتي دوران ٽينشن جو گھٽجڻ وڌجڻ معمول جي ڳالھ آهي ڇا؟,auto_ok,genuine reword - needs native-speaker review
v561,280,ذهني صحت ۽ جذباتي ڀلائي,روزاني دٻاءُ ۽ پريشاني,ڇا ھڪڙو منظم روزاني معمول جي مدد ڪري سگھي ٿو پريشاني کي منظم ڪرڻ ۾؟,منظم روزمره جو معمول دٻاءُ منظم ڪرڻ ۾ مدد ڪري ٿو ڇا؟,auto_ok,genuine reword - needs native-speaker review
v562,280,ذهني صحت ۽ جذباتي ڀلائي,روزاني دٻاءُ ۽ پريشاني,ڇا ھڪڙو منظم روزاني معمول جي مدد ڪري سگھي ٿو پريشاني کي منظم ڪرڻ ۾؟,روزانو مقرر ٽائم ٽيبل رکڻ سان ٽينشن گھٽ ٿئي ٿو ڇا؟,auto_ok,genuine reword - needs native-speaker review
v563,281,ذهني صحت ۽ جذباتي ڀلائي,مزاج ۽ جذباتي مقابلو,گهٽ موڊ کي منهن ڏيڻ لاءِ صحتمند طريقا ڪهڙا آهن؟,گھٽ موڊ کي منهن ڏيڻ لاءِ صحتمند طريقا ڪهڙا آهن؟,auto_ok,genuine reword - needs native-speaker review
v564,281,ذهني صحت ۽ جذباتي ڀلائي,مزاج ۽ جذباتي مقابلو,گهٽ موڊ کي منهن ڏيڻ لاءِ صحتمند طريقا ڪهڙا آهن؟,خراب موڊ سنڀالڻ جا سٺا طريقا ڇا آهن؟,auto_ok,genuine reword - needs native-speaker review
v565,282,ذهني صحت ۽ جذباتي ڀلائي,مزاج ۽ جذباتي مقابلو,ڇا وقت بوقت موڊ جھولڻ معمول آھي؟,موڊ جو مٽجڻ (mood swings) عام آهي ڇا؟,auto_ok,genuine reword - needs native-speaker review
v566,282,ذهني صحت ۽ جذباتي ڀلائي,مزاج ۽ جذباتي مقابلو,ڇا وقت بوقت موڊ جھولڻ معمول آھي؟,وقت بوقت مزاج بدلجڻ معمول جي ڳالھ آهي ڇا؟,auto_ok,genuine reword - needs native-speaker review
v567,283,ذهني صحت ۽ جذباتي ڀلائي,مزاج ۽ جذباتي مقابلو,جذباتي ضابطو ڇا آهي؟,جذباتي ضابطو (emotional regulation) ڇا آهي؟,auto_ok,genuine reword - needs native-speaker review
v568,283,ذهني صحت ۽ جذباتي ڀلائي,مزاج ۽ جذباتي مقابلو,جذباتي ضابطو ڇا آهي؟,پنهنجن جذبن تي ضابطو رکڻ جو مطلب ڪهڙو آهي؟,auto_ok,genuine reword - needs native-speaker review
v569,284,ذهني صحت ۽ جذباتي ڀلائي,مزاج ۽ جذباتي مقابلو,ڇا توهان جي جذبات کي نالو ڏيڻ ۾ توهان کي انهن سان مقابلو ڪرڻ ۾ مدد ملندي؟,پنهنجن جذبن کي نالو ڏيڻ سان انهن سان مقابلو ڪرڻ آسان ٿئي ٿو ڇا؟,auto_ok,genuine reword - needs native-speaker review
v570,284,ذهني صحت ۽ جذباتي ڀلائي,مزاج ۽ جذباتي مقابلو,ڇا توهان جي جذبات کي نالو ڏيڻ ۾ توهان کي انهن سان مقابلو ڪرڻ ۾ مدد ملندي؟,احساسن کي نالو ڏيڻ ذهني طور تي ڪيئن مدد ڪري ٿو؟,auto_ok,genuine reword - needs native-speaker review
v571,285,ذهني صحت ۽ جذباتي ڀلائي,مزاج ۽ جذباتي مقابلو,ڇا خلل هميشه هڪ خراب نموني حڪمت عملي آهي؟,ڌيان هٽائڻ (distraction) هميشه خراب طريقو آهي ڇا؟,auto_ok,genuine reword - needs native-speaker review
v572,285,ذهني صحت ۽ جذباتي ڀلائي,مزاج ۽ جذباتي مقابلو,ڇا خلل هميشه هڪ خراب نموني حڪمت عملي آهي؟,توجہ ٻئي پاسي ڪرڻ ڪڏهن ڪڏهن فائديمند آهي ڇا؟,auto_ok,genuine reword - needs native-speaker review
v573,286,ذهني صحت ۽ جذباتي ڀلائي,مزاج ۽ جذباتي مقابلو,اداس ۽ اداس جي وچ ۾ ڇا فرق آهي؟,اداسي ۽ ڊپريشن ۾ ڇا فرق آهي؟,auto_ok,genuine reword - needs native-speaker review
v574,286,ذهني صحت ۽ جذباتي ڀلائي,مزاج ۽ جذباتي مقابلو,اداس ۽ اداس جي وچ ۾ ڇا فرق آهي؟,sadness ۽ depression ۾ ڪيئن فرق ڪجي؟,auto_ok,genuine reword - needs native-speaker review
v575,287,ذهني صحت ۽ جذباتي ڀلائي,مزاج ۽ جذباتي مقابلو,ڇا شڪرگذاري جي مشق مزاج کي بهتر بڻائي سگهي ٿي؟,شڪرگذاري جي مشق موڊ بهتر بڻائي ٿي ڇا؟,auto_ok,genuine reword - needs native-speaker review
v576,287,ذهني صحت ۽ جذباتي ڀلائي,مزاج ۽ جذباتي مقابلو,ڇا شڪرگذاري جي مشق مزاج کي بهتر بڻائي سگهي ٿي؟,gratitude practice سان مزاج ۾ بهتري ايندي آهي ڇا؟,auto_ok,genuine reword - needs native-speaker review
v577,288,ذهني صحت ۽ جذباتي ڀلائي,مزاج ۽ جذباتي مقابلو,ڪو ماڻهو ڪيئن ٿو برداشت ڪري سگهي ٿو اڪثر وقت تي چڙهائي محسوس ڪرڻ سان؟,مسلسل چڙهي محسوس ڪرڻ سان ڪيئن مقابلو ڪجي؟,auto_ok,genuine reword - needs native-speaker review
v578,288,ذهني صحت ۽ جذباتي ڀلائي,مزاج ۽ جذباتي مقابلو,ڪو ماڻهو ڪيئن ٿو برداشت ڪري سگهي ٿو اڪثر وقت تي چڙهائي محسوس ڪرڻ سان؟,هر وقت جوش يا انگيجمينٽ محسوس ٿيڻ سان ڪيئن نمٽجي؟,auto_ok,genuine reword - needs native-speaker review
v579,289,ذهني صحت ۽ جذباتي ڀلائي,مزاج ۽ جذباتي مقابلو,ڇا منفي جذبات کي دٻائڻ صحتمند آهي؟,منفي جذبات کي دٻائڻ صحتمند آهي ڇا؟,auto_ok,genuine reword - needs native-speaker review
v580,289,ذهني صحت ۽ جذباتي ڀلائي,مزاج ۽ جذباتي مقابلو,ڇا منفي جذبات کي دٻائڻ صحتمند آهي؟,پنهنجن ڏکئي احساسن کي لڪائي رکڻ ٺيڪ آهي ڇا؟,auto_ok,genuine reword - needs native-speaker review
v581,290,ذهني صحت ۽ جذباتي ڀلائي,مزاج ۽ جذباتي مقابلو,ڇا تخليقي سرگرميون جهڙوڪ آرٽ يا ميوزڪ جذباتي نموني سان مدد ڪري سگھن ٿيون؟,آرٽ يا ميوزڪ جهڙيون تخليقي سرگرميون جذبات سنڀالڻ ۾ مدد ڪن ٿيون ڇا؟,auto_ok,genuine reword - needs native-speaker review
v582,290,ذهني صحت ۽ جذباتي ڀلائي,مزاج ۽ جذباتي مقابلو,ڇا تخليقي سرگرميون جهڙوڪ آرٽ يا ميوزڪ جذباتي نموني سان مدد ڪري سگھن ٿيون؟,پينٽنگ يا موسيقي سان جذباتي طور تي بهتر محسوس ٿئي ٿو ڇا؟,auto_ok,genuine reword - needs native-speaker review
v583,291,ذهني صحت ۽ جذباتي ڀلائي,مزاج ۽ جذباتي مقابلو,جذباتي لچڪ' ڇا آهي؟,جذباتي لچڪ (emotional resilience) ڇا آهي؟,auto_ok,genuine reword - needs native-speaker review
v584,291,ذهني صحت ۽ جذباتي ڀلائي,مزاج ۽ جذباتي مقابلو,جذباتي لچڪ' ڇا آهي؟,مشڪل وقت ۾ جذباتي طور مضبوط رهڻ کي ڇا چئبو آهي؟,auto_ok,genuine reword - needs native-speaker review
v585,292,ذهني صحت ۽ جذباتي ڀلائي,مزاج ۽ جذباتي مقابلو,ڇا اهو عام آهي ته ڪڏهن ڪڏهن اداس جي بجاءِ بي حس يا فليٽ محسوس ڪرڻ؟,اداسي جي بجاءِ بي حس يا فليٽ محسوس ڪرڻ عام آهي ڇا؟,auto_ok,genuine reword - needs native-speaker review
v586,292,ذهني صحت ۽ جذباتي ڀلائي,مزاج ۽ جذباتي مقابلو,ڇا اهو عام آهي ته ڪڏهن ڪڏهن اداس جي بجاءِ بي حس يا فليٽ محسوس ڪرڻ؟,ڪجهه محسوس نه ٿيڻ (numbness)، اداسي بجاءِ، عام آهي ڇا؟,auto_ok,genuine reword - needs native-speaker review
v587,293,ذهني صحت ۽ جذباتي ڀلائي,مزاج ۽ جذباتي مقابلو,ڇا جسماني سرگرمي حقيقي طور تي موڊ کي بهتر بڻائي ٿو، يا اهو صرف هڪ چوڻ آهي؟,جسماني ورزش واقعي موڊ بهتر بڻائي ٿي، يا اهو رڳو چوڻ آهي؟,auto_ok,genuine reword - needs native-speaker review
v588,293,ذهني صحت ۽ جذباتي ڀلائي,مزاج ۽ جذباتي مقابلو,ڇا جسماني سرگرمي حقيقي طور تي موڊ کي بهتر بڻائي ٿو، يا اهو صرف هڪ چوڻ آهي؟,ڪسرت ڪرڻ سچ ۾ مزاج بهتر ڪري ٿي ڇا؟,auto_ok,genuine reword - needs native-speaker review
v589,294,ذهني صحت ۽ جذباتي ڀلائي,مزاج ۽ جذباتي مقابلو,هڪ ئي وقت ۾ ڪيترن ئي جذبن کان مغلوب ٿيڻ واري احساس کي ڪيئن منهن ڏئي سگهي ٿو؟,هڪ ئي وقت ڪيترائي جذبات هجن ته انهن سان ڪيئن نمٽجي؟,auto_ok,genuine reword - needs native-speaker review
v590,294,ذهني صحت ۽ جذباتي ڀلائي,مزاج ۽ جذباتي مقابلو,هڪ ئي وقت ۾ ڪيترن ئي جذبن کان مغلوب ٿيڻ واري احساس کي ڪيئن منهن ڏئي سگهي ٿو؟,دل ۾ گھڻا جذبا اٿلي پيا هجن ته انهن کي ڪيئن سنڀاليو وڃي؟,auto_ok,genuine reword - needs native-speaker review
v591,295,ذهني صحت ۽ جذباتي ڀلائي,مزاج ۽ جذباتي مقابلو,ڇا روئڻ هڪ صحتمند طريقو آهي جذبات کي منهن ڏيڻ لاءِ؟,روئڻ جذبات کي منهن ڏيڻ جو صحتمند طريقو آهي ڇا؟,auto_ok,genuine reword - needs native-speaker review
v592,295,ذهني صحت ۽ جذباتي ڀلائي,مزاج ۽ جذباتي مقابلو,ڇا روئڻ هڪ صحتمند طريقو آهي جذبات کي منهن ڏيڻ لاءِ؟,دل هلڪو ڪرڻ لاءِ روئڻ فائديمند آهي ڇا؟,auto_ok,genuine reword - needs native-speaker review
v593,296,ذهني صحت ۽ جذباتي ڀلائي,مزاج ۽ جذباتي مقابلو,ڇا خود شفقت جي مشق مشڪل جذبات سان مدد ڪري سگھي ٿي؟,خود شفقت (self-compassion) جي مشق ڏکين جذبات ۾ مدد ڏئي ٿي ڇا؟,auto_ok,genuine reword - needs native-speaker review
v594,296,ذهني صحت ۽ جذباتي ڀلائي,مزاج ۽ جذباتي مقابلو,ڇا خود شفقت جي مشق مشڪل جذبات سان مدد ڪري سگھي ٿي؟,پنهنجي پاڻ سان نرمي رکڻ سان جذباتي مشڪل آسان ٿئي ٿي ڇا؟,auto_ok,genuine reword - needs native-speaker review
v595,297,ذهني صحت ۽ جذباتي ڀلائي,مزاج ۽ جذباتي مقابلو,سنجيدگي واري ريفرمنگ ڇا آهي؟,سنجيدگي واري ريفريمنگ (cognitive reframing) ڇا آهي؟,auto_ok,genuine reword - needs native-speaker review
v596,297,ذهني صحت ۽ جذباتي ڀلائي,مزاج ۽ جذباتي مقابلو,سنجيدگي واري ريفرمنگ ڇا آهي؟,سوچ کي بدلائي ڏسڻ (reframing) جو مطلب ڪهڙو آهي؟,auto_ok,genuine reword - needs native-speaker review
v597,298,ذهني صحت ۽ جذباتي ڀلائي,مزاج ۽ جذباتي مقابلو,ڇا خراب ڏينهن جي باري ۾ دوست سان ڳالهائڻ واقعي موڊ کي بهتر بڻائي ٿو؟,خراب ڏينهن بابت دوست سان ڳالهائڻ واقعي موڊ بهتر بڻائي ٿو ڇا؟,auto_ok,genuine reword - needs native-speaker review
v598,298,ذهني صحت ۽ جذباتي ڀلائي,مزاج ۽ جذباتي مقابلو,ڇا خراب ڏينهن جي باري ۾ دوست سان ڳالهائڻ واقعي موڊ کي بهتر بڻائي ٿو؟,پريشاني سهيلي سان ونڊڻ سان سچ ۾ آرام ملي ٿو ڇا؟,auto_ok,genuine reword - needs native-speaker review
v599,299,ذهني صحت ۽ جذباتي ڀلائي,مزاج ۽ جذباتي مقابلو,ڇا اهو عام آهي ته مزاج لاء موسم يا موسمن کان متاثر ٿئي؟,مزاج موسم يا موسمن کان متاثر ٿيڻ عام آهي ڇا؟,auto_ok,genuine reword - needs native-speaker review
v600,299,ذهني صحت ۽ جذباتي ڀلائي,مزاج ۽ جذباتي مقابلو,ڇا اهو عام آهي ته مزاج لاء موسم يا موسمن کان متاثر ٿئي؟,موسم بدلجڻ سان مزاج تي اثر پوي ٿو ڇا؟,auto_ok,genuine reword - needs native-speaker review
v601,300,ذهني صحت ۽ جذباتي ڀلائي,مزاج ۽ جذباتي مقابلو,موڊ کي منظم ڪرڻ ۾ معمول جي قيمت ڇا آهي؟,معمول (routine) موڊ منظم ڪرڻ ۾ ڪهڙو فائدو ڏئي ٿو؟,auto_ok,genuine reword - needs native-speaker review
v602,300,ذهني صحت ۽ جذباتي ڀلائي,مزاج ۽ جذباتي مقابلو,موڊ کي منظم ڪرڻ ۾ معمول جي قيمت ڇا آهي؟,روزانو ترتيب رکڻ سان مزاج تي ڪهڙو اثر پوي ٿو؟,auto_ok,genuine reword - needs native-speaker review
v603,301,ذهني صحت ۽ جذباتي ڀلائي,مزاج ۽ جذباتي مقابلو,ڇا حدون ترتيب ڏيڻ ۾ مدد ڪري سگھي ٿي جذباتي ڀلائي جي حفاظت؟,حدون (boundaries) مقرر ڪرڻ جذباتي بهبود بچائڻ ۾ مدد ڪن ٿيون ڇا؟,auto_ok,genuine reword - needs native-speaker review
v604,301,ذهني صحت ۽ جذباتي ڀلائي,مزاج ۽ جذباتي مقابلو,ڇا حدون ترتيب ڏيڻ ۾ مدد ڪري سگھي ٿي جذباتي ڀلائي جي حفاظت؟,ٻين سان حد مقرر ڪرڻ سان جذباتي طور محفوظ رهجي ٿو ڇا؟,auto_ok,genuine reword - needs native-speaker review
v605,302,ذهني صحت ۽ جذباتي ڀلائي,مزاج ۽ جذباتي مقابلو,ڇا سوشل ميڊيا تي پنهنجو پاڻ کي ٻين سان ڀيٽڻ گهٽ موڊ سان ڳنڍيل آهي؟,سوشل ميڊيا تي پاڻ کي ٻين سان ڀيٽڻ گھٽ موڊ سان جڙيل آهي ڇا؟,auto_ok,genuine reword - needs native-speaker review
v606,302,ذهني صحت ۽ جذباتي ڀلائي,مزاج ۽ جذباتي مقابلو,ڇا سوشل ميڊيا تي پنهنجو پاڻ کي ٻين سان ڀيٽڻ گهٽ موڊ سان ڳنڍيل آهي؟,انسٽاگرام تي ٻين سان مقابلو ڪرڻ مزاج خراب ڪري ٿو ڇا؟,auto_ok,genuine reword - needs native-speaker review
v607,303,ذهني صحت ۽ جذباتي ڀلائي,مزاج ۽ جذباتي مقابلو,ڇا آرام جي ٽيڪنڪ جي مشق ڪرڻ سان باقاعدي طور تي وقت جي حوالي سان مجموعي جذباتي بهتري بهتر ٿي سگهي ٿي؟,مسلسل آرام واريون ٽيڪنڪون استعمال ڪرڻ سان مجموعي جذباتي حالت بهتر ٿئي ٿي ڇا؟,auto_ok,genuine reword - needs native-speaker review
v608,303,ذهني صحت ۽ جذباتي ڀلائي,مزاج ۽ جذباتي مقابلو,ڇا آرام جي ٽيڪنڪ جي مشق ڪرڻ سان باقاعدي طور تي وقت جي حوالي سان مجموعي جذباتي بهتري بهتر ٿي سگهي ٿي؟,relaxation techniques مسلسل ڪرڻ سان جذباتي صحت بهتر ٿئي ٿي ڇا؟,auto_ok,genuine reword - needs native-speaker review
v609,304,ذهني صحت ۽ جذباتي ڀلائي,مزاج ۽ جذباتي مقابلو,بک يا لو بلڊ شوگر موڊ کي ڪيئن متاثر ڪري ٿو؟,بک يا گھٽ بلڊ شوگر موڊ تي ڪيئن اثر انداز ٿئي ٿي؟,auto_ok,genuine reword - needs native-speaker review
v610,304,ذهني صحت ۽ جذباتي ڀلائي,مزاج ۽ جذباتي مقابلو,بک يا لو بلڊ شوگر موڊ کي ڪيئن متاثر ڪري ٿو؟,کاڌي کان محروم رهڻ سان مزاج ڇو خراب ٿي ويندو آهي؟,auto_ok,genuine reword - needs native-speaker review
v611,305,ذهني صحت ۽ جذباتي ڀلائي,مزاج ۽ جذباتي مقابلو,ڇا عام زندگي جي تبديلي جي وقت ۾ وڌيڪ جذباتي محسوس ڪرڻ عام آهي؟,زندگي ۾ وڏي تبديلي جي وقت وڌيڪ جذباتي محسوس ٿيڻ عام آهي ڇا؟,auto_ok,genuine reword - needs native-speaker review
v612,305,ذهني صحت ۽ جذباتي ڀلائي,مزاج ۽ جذباتي مقابلو,ڇا عام زندگي جي تبديلي جي وقت ۾ وڌيڪ جذباتي محسوس ڪرڻ عام آهي؟,وڏو بدلاء اچڻ تي جذبا وڌي وڃن ته اهو معمول جي ڳالھ آهي ڇا؟,auto_ok,genuine reword - needs native-speaker review
v613,306,ذهني صحت ۽ جذباتي ڀلائي,مزاج ۽ جذباتي مقابلو,ڇا مشڪل جذبات جي قبوليت کي عملي طور تي ختم ڪرڻ جي ڪوشش کان وڌيڪ مددگار ثابت ٿي سگهي ٿو؟,ڏکين جذبن کي قبول ڪرڻ انهن کان ڀڄڻ کان وڌيڪ مددگار آهي ڇا؟,auto_ok,genuine reword - needs native-speaker review
v614,306,ذهني صحت ۽ جذباتي ڀلائي,مزاج ۽ جذباتي مقابلو,ڇا مشڪل جذبات جي قبوليت کي عملي طور تي ختم ڪرڻ جي ڪوشش کان وڌيڪ مددگار ثابت ٿي سگهي ٿو؟,احساسن کي منهن ڏيڻ، انهن کي ختم ڪرڻ جي ڪوشش کان بهتر آهي ڇا؟,auto_ok,genuine reword - needs native-speaker review
v615,307,ذهني صحت ۽ جذباتي ڀلائي,مزاج ۽ جذباتي مقابلو,توهان کي مايوس ٿيڻ کان پوء اداس محسوس ڪرڻ جي اجازت ڏيڻ لاء هڪ صحتمند وقت ڇا آهي؟,نااميدي بعد اداس محسوس ڪرڻ لاءِ صحتمند وقت ڪيترو آهي؟,auto_ok,genuine reword - needs native-speaker review
v616,307,ذهني صحت ۽ جذباتي ڀلائي,مزاج ۽ جذباتي مقابلو,توهان کي مايوس ٿيڻ کان پوء اداس محسوس ڪرڻ جي اجازت ڏيڻ لاء هڪ صحتمند وقت ڇا آهي؟,مايوسي کان پوءِ ڪيترو ماهواري اداس رهڻ معمول جي ڳالھ آهي؟,auto_ok,genuine reword - needs native-speaker review
v617,308,ذهني صحت ۽ جذباتي ڀلائي,مزاج ۽ جذباتي مقابلو,ڇا موڊ جرنل رکڻ ۾ مدد ڪري سگھن ٿا نمونن جي سڃاڻپ ۾ جذباتي خوشحالي ۾؟,موڊ ڊائري رکڻ نمونا سڃاڻڻ ۾ مدد ڪري ٿي ڇا؟,auto_ok,genuine reword - needs native-speaker review
v618,308,ذهني صحت ۽ جذباتي ڀلائي,مزاج ۽ جذباتي مقابلو,ڇا موڊ جرنل رکڻ ۾ مدد ڪري سگھن ٿا نمونن جي سڃاڻپ ۾ جذباتي خوشحالي ۾؟,mood journal رکڻ سان پنهنجي جذبن جو نمونو سمجھي سگهجي ٿو ڇا؟,auto_ok,genuine reword - needs native-speaker review
v619,309,ذهني صحت ۽ جذباتي ڀلائي,مزاج ۽ جذباتي مقابلو,ڇا اهو صحيح آهي ته هڪ ئي وقت ۾ ڪيترن ئي متضاد جذبات محسوس ڪرڻ لاء؟,هڪ ئي وقت گھڻا متضاد جذبا محسوس ڪرڻ صحيح آهي ڇا؟,auto_ok,genuine reword - needs native-speaker review
v620,309,ذهني صحت ۽ جذباتي ڀلائي,مزاج ۽ جذباتي مقابلو,ڇا اهو صحيح آهي ته هڪ ئي وقت ۾ ڪيترن ئي متضاد جذبات محسوس ڪرڻ لاء؟,خوشي ۽ غم گڏ محسوس ٿئي، اهو ٺيڪ آهي ڇا؟,auto_ok,genuine reword - needs native-speaker review
v621,310,ذهني صحت ۽ جذباتي ڀلائي,مزاج ۽ جذباتي مقابلو,ڪيئن ڪو ماڻهو ٺاهي سگهي ٿو هڪ ذاتي 'ٽول کٽ' حڪمت عملين کي منهن ڏيڻ جو؟,پنهنجي ذاتي 'ٽول کٽ' ڪيئن ٺاهجي جذبن سان منهن ڏيڻ لاءِ؟,auto_ok,genuine reword - needs native-speaker review
v622,310,ذهني صحت ۽ جذباتي ڀلائي,مزاج ۽ جذباتي مقابلو,ڪيئن ڪو ماڻهو ٺاهي سگهي ٿو هڪ ذاتي 'ٽول کٽ' حڪمت عملين کي منهن ڏيڻ جو؟,جذباتي مشڪلات لاءِ پنهنجا خاص طريقا ڪيئن ترتيب ڏجن؟,auto_ok,genuine reword - needs native-speaker review
v623,311,ذهني صحت ۽ جذباتي ڀلائي,مزاج ۽ جذباتي مقابلو,ڇا اهو معمول آهي ته موڊ ۾ ڊپ محسوس ٿيڻ کان پوء جوش يا وڏي واقعي جي ختم ٿيڻ کان پوء؟,وڏي واقعي کان پوءِ جوش ختم ٿيڻ سان موڊ ۾ گراوٽ اچڻ عام آهي ڇا؟,auto_ok,genuine reword - needs native-speaker review
v624,311,ذهني صحت ۽ جذباتي ڀلائي,مزاج ۽ جذباتي مقابلو,ڇا اهو معمول آهي ته موڊ ۾ ڊپ محسوس ٿيڻ کان پوء جوش يا وڏي واقعي جي ختم ٿيڻ کان پوء؟,ڪنهن خوشي واري واقعي بعد اداسي محسوس ٿئي، اهو معمول آهي ڇا؟,auto_ok,genuine reword - needs native-speaker review
v625,312,ذهني صحت ۽ جذباتي ڀلائي,پوسٽ پارٽم جذباتي خوشحالي (بي بي بلوز / پي پي ڊي - صرف احساس),بيبي بلوز' ڇا آهن؟,'بيبي بلوز' ڇا آهي؟,auto_ok,genuine reword - needs native-speaker review
v626,312,ذهني صحت ۽ جذباتي ڀلائي,پوسٽ پارٽم جذباتي خوشحالي (بي بي بلوز / پي پي ڊي - صرف احساس),بيبي بلوز' ڇا آهن؟,ٻار ڄمڻ کان پوءِ ٿورو اداسي محسوس ٿيڻ کي ڪهڙي نالي سان سڏجي ٿو؟,auto_ok,genuine reword - needs native-speaker review
v627,313,ذهني صحت ۽ جذباتي ڀلائي,پوسٽ پارٽم جذباتي خوشحالي (بي بي بلوز / پي پي ڊي - صرف احساس),ڪيتري وقت تائين ٻار بلوز عام طور تي جذباتي طور تي آخري آهن؟,بيبي بلوز عام طور تي ڪيترو وقت رهي ٿو؟,auto_ok,genuine reword - needs native-speaker review
v628,313,ذهني صحت ۽ جذباتي ڀلائي,پوسٽ پارٽم جذباتي خوشحالي (بي بي بلوز / پي پي ڊي - صرف احساس),ڪيتري وقت تائين ٻار بلوز عام طور تي جذباتي طور تي آخري آهن؟,ٻار ٿيڻ بعد جذباتي اٿل پٿل ڪيترن ڏينهن ۾ ختم ٿئي ٿي؟,auto_ok,genuine reword - needs native-speaker review
v629,314,ذهني صحت ۽ جذباتي ڀلائي,پوسٽ پارٽم جذباتي خوشحالي (بي بي بلوز / پي پي ڊي - صرف احساس),بيبي بلوز ۽ پوسٽ پارٽم ڊپريشن جي وچ ۾ جذباتي فرق ڇا آهي؟,بيبي بلوز ۽ postpartum depression ۾ ڇا فرق آهي؟,auto_ok,genuine reword - needs native-speaker review
v630,314,ذهني صحت ۽ جذباتي ڀلائي,پوسٽ پارٽم جذباتي خوشحالي (بي بي بلوز / پي پي ڊي - صرف احساس),بيبي بلوز ۽ پوسٽ پارٽم ڊپريشن جي وچ ۾ جذباتي فرق ڇا آهي؟,ٻار پيدا ٿيڻ بعد جي عام اداسي ۽ حقيقي ڊپريشن ۾ ڇا فرق آهي؟,auto_ok,genuine reword - needs native-speaker review
v631,315,ذهني صحت ۽ جذباتي ڀلائي,پوسٽ پارٽم جذباتي خوشحالي (بي بي بلوز / پي پي ڊي - صرف احساس),ڇا ٻار ٿيڻ کان پوءِ بغير ڪنهن واضح سبب جي روئڻ يا ڳوڙها وهڻ عام آهي؟,ٻار ٿيڻ کان پوءِ بغير ڪنهن سبب جي روئڻ عام آهي ڇا؟,auto_ok,genuine reword - needs native-speaker review
v632,315,ذهني صحت ۽ جذباتي ڀلائي,پوسٽ پارٽم جذباتي خوشحالي (بي بي بلوز / پي پي ڊي - صرف احساس),ڇا ٻار ٿيڻ کان پوءِ بغير ڪنهن واضح سبب جي روئڻ يا ڳوڙها وهڻ عام آهي؟,ولادت بعد اوچتو ڳوڙها اچڻ معمول جي ڳالھ آهي ڇا؟,auto_ok,genuine reword - needs native-speaker review
v633,316,ذهني صحت ۽ جذباتي ڀلائي,پوسٽ پارٽم جذباتي خوشحالي (بي بي بلوز / پي پي ڊي - صرف احساس),ڇا هڪ نئين ماء پنهنجي ٻار لاء پيار محسوس ڪري سگهي ٿي ۽ اڃا به جذباتي طور تي غالب محسوس ڪري سگهي ٿي؟,نئين ماءُ ٻار سان پيار به رکي ۽ مغلوب به محسوس ڪري، اهو ممڪن آهي ڇا؟,auto_ok,genuine reword - needs native-speaker review
v634,316,ذهني صحت ۽ جذباتي ڀلائي,پوسٽ پارٽم جذباتي خوشحالي (بي بي بلوز / پي پي ڊي - صرف احساس),ڇا هڪ نئين ماء پنهنجي ٻار لاء پيار محسوس ڪري سگهي ٿي ۽ اڃا به جذباتي طور تي غالب محسوس ڪري سگهي ٿي؟,ٻار سان محبت هجڻ باوجود ٿڪ يا دٻاءُ محسوس ٿئي، اهو عام آهي ڇا؟,auto_ok,genuine reword - needs native-speaker review
v635,317,ذهني صحت ۽ جذباتي ڀلائي,پوسٽ پارٽم جذباتي خوشحالي (بي بي بلوز / پي پي ڊي - صرف احساس),ڪهڙا احساس آهن عام نشانيون آهن ڪنهن کي صرف بيبي بلوز جي بجاءِ پوسٽ پارٽم ڊپريشن جو تجربو ٿي سگهي ٿو؟,ڪهڙيون علامتون ٻڌائين ٿيون ته بيبي بلوز نه پر postpartum depression آهي؟,auto_ok,genuine reword - needs native-speaker review
v636,317,ذهني صحت ۽ جذباتي ڀلائي,پوسٽ پارٽم جذباتي خوشحالي (بي بي بلوز / پي پي ڊي - صرف احساس),ڪهڙا احساس آهن عام نشانيون آهن ڪنهن کي صرف بيبي بلوز جي بجاءِ پوسٽ پارٽم ڊپريشن جو تجربو ٿي سگهي ٿو؟,ٻار ٿيڻ بعد جي ڪهڙي حالت ۾ سمجهجي ته اهو باقاعده ڊپريشن آهي؟,auto_ok,genuine reword - needs native-speaker review
v637,318,ذهني صحت ۽ جذباتي ڀلائي,پوسٽ پارٽم جذباتي خوشحالي (بي بي بلوز / پي پي ڊي - صرف احساس),ڇا 'سٺو' والدين هجڻ جي باري ۾ پريشان ٿيڻ عام آهي؟,'سٺو' والدين هجڻ بابت پريشان ٿيڻ عام آهي ڇا؟,auto_ok,genuine reword - needs native-speaker review
v638,318,ذهني صحت ۽ جذباتي ڀلائي,پوسٽ پارٽم جذباتي خوشحالي (بي بي بلوز / پي پي ڊي - صرف احساس),ڇا 'سٺو' والدين هجڻ جي باري ۾ پريشان ٿيڻ عام آهي؟,چڱو والد/ماءُ بڻجڻ جي فڪر ۾ رهڻ معمول جي ڳالھ آهي ڇا؟,auto_ok,genuine reword - needs native-speaker review
v639,319,ذهني صحت ۽ جذباتي ڀلائي,پوسٽ پارٽم جذباتي خوشحالي (بي بي بلوز / پي پي ڊي - صرف احساس),ڇا شروعاتي ڏينهن ۾ جذباتي طور تي ٻار کان ڌار ٿيڻ جو احساس عام ٿي سگهي ٿو؟,شروعاتي ڏينهن ۾ ٻار کان جذباتي طور پري محسوس ٿيڻ عام آهي ڇا؟,auto_ok,genuine reword - needs native-speaker review
v640,319,ذهني صحت ۽ جذباتي ڀلائي,پوسٽ پارٽم جذباتي خوشحالي (بي بي بلوز / پي پي ڊي - صرف احساس),ڇا شروعاتي ڏينهن ۾ جذباتي طور تي ٻار کان ڌار ٿيڻ جو احساس عام ٿي سگهي ٿو؟,پيدائش کان فوراً بعد ٻار سان جذباتي ڳانڍاپو محسوس نه ٿئي، اهو ٿيندو آهي ڇا؟,auto_ok,genuine reword - needs native-speaker review
v641,320,ذهني صحت ۽ جذباتي ڀلائي,پوسٽ پارٽم جذباتي خوشحالي (بي بي بلوز / پي پي ڊي - صرف احساس),ڇا والدين ٿيڻ کان پوءِ پنهنجي پراڻي زندگي يا سڃاڻپ لاءِ غم محسوس ڪرڻ عام آهي؟,والدين ٿيڻ کان پوءِ پراڻي زندگي لاءِ غم محسوس ٿيڻ عام آهي ڇا؟,auto_ok,genuine reword - needs native-speaker review
v642,320,ذهني صحت ۽ جذباتي ڀلائي,پوسٽ پارٽم جذباتي خوشحالي (بي بي بلوز / پي پي ڊي - صرف احساس),ڇا والدين ٿيڻ کان پوءِ پنهنجي پراڻي زندگي يا سڃاڻپ لاءِ غم محسوس ڪرڻ عام آهي؟,ماءُ بڻجڻ بعد پاڻ لاءِ پراڻي سڃاڻپ وڃائڻ جو احساس ٿئي ٿو ڇا؟,auto_ok,genuine reword - needs native-speaker review
v643,321,ذهني صحت ۽ جذباتي ڀلائي,پوسٽ پارٽم جذباتي خوشحالي (بي بي بلوز / پي پي ڊي - صرف احساس),نئين ماءُ ڪيئن جذباتي طور تي ننڊ جي محروميءَ سان منهن ڏئي سگهي ٿي شروعاتي هفتن ۾؟,نئين ماءُ ننڊ جي کوٽ سان جذباتي طور ڪيئن مقابلو ڪري؟,auto_ok,genuine reword - needs native-speaker review
v644,321,ذهني صحت ۽ جذباتي ڀلائي,پوسٽ پارٽم جذباتي خوشحالي (بي بي بلوز / پي پي ڊي - صرف احساس),نئين ماءُ ڪيئن جذباتي طور تي ننڊ جي محروميءَ سان منهن ڏئي سگهي ٿي شروعاتي هفتن ۾؟,شروعاتي هفتن ۾ ننڊ نه ملڻ سبب جذباتي طور ڪيئن سنڀاليو وڃي؟,auto_ok,genuine reword - needs native-speaker review
v645,322,ذهني صحت ۽ جذباتي ڀلائي,پوسٽ پارٽم جذباتي خوشحالي (بي بي بلوز / پي پي ڊي - صرف احساس),ڇا ٻار جي ڄمڻ کان پوءِ هفتن ۾ چڑچڙ يا مختصر مزاج محسوس ڪرڻ عام آهي؟,ٻار ٿيڻ کان پوءِ هفتن ۾ چڙچڙائپ محسوس ٿيڻ عام آهي ڇا؟,auto_ok,genuine reword - needs native-speaker review
v646,322,ذهني صحت ۽ جذباتي ڀلائي,پوسٽ پارٽم جذباتي خوشحالي (بي بي بلوز / پي پي ڊي - صرف احساس),ڇا ٻار جي ڄمڻ کان پوءِ هفتن ۾ چڑچڙ يا مختصر مزاج محسوس ڪرڻ عام آهي؟,ٻار پيدا ٿيڻ کان پوءِ مزاج ننڍي ڳالھ تي به خراب ٿئي ٿو ڇا؟,auto_ok,genuine reword - needs native-speaker review
v647,323,ذهني صحت ۽ جذباتي ڀلائي,پوسٽ پارٽم جذباتي خوشحالي (بي بي بلوز / پي پي ڊي - صرف احساس),ڇا ڀائيوار يا غير ڄمڻ وارا والدين پڻ ٻار جي اچڻ کان پوء جذباتي گهٽتائي جو تجربو ڪري سگھن ٿا؟,ٻار جي اچڻ کان پوءِ ٻيا والدين (partner) پڻ جذباتي طور گھٽ محسوس ڪن ٿا ڇا؟,auto_ok,genuine reword - needs native-speaker review
v648,323,ذهني صحت ۽ جذباتي ڀلائي,پوسٽ پارٽم جذباتي خوشحالي (بي بي بلوز / پي پي ڊي - صرف احساس),ڇا ڀائيوار يا غير ڄمڻ وارا والدين پڻ ٻار جي اچڻ کان پوء جذباتي گهٽتائي جو تجربو ڪري سگھن ٿا؟,صرف ماءُ نه، پيءُ به ٻار ٿيڻ کان پوءِ جذباتي طور متاثر ٿئي ٿو ڇا؟,auto_ok,genuine reword - needs native-speaker review
v649,324,ذهني صحت ۽ جذباتي ڀلائي,پوسٽ پارٽم جذباتي خوشحالي (بي بي بلوز / پي پي ڊي - صرف احساس),ڪهڙي جذباتي مدد تمام گهڻي مدد ڪري ٿي پوسٽ پارٽم هفتي جي شروعات ۾؟,ولادت کان پوءِ شروعاتي هفتن ۾ ڪهڙي جذباتي مدد سڀ کان وڌيڪ ڪم اچي ٿي؟,auto_ok,genuine reword - needs native-speaker review
v650,324,ذهني صحت ۽ جذباتي ڀلائي,پوسٽ پارٽم جذباتي خوشحالي (بي بي بلوز / پي پي ڊي - صرف احساس),ڪهڙي جذباتي مدد تمام گهڻي مدد ڪري ٿي پوسٽ پارٽم هفتي جي شروعات ۾؟,postpartum جي شروعاتي وقت ۾ ڪهڙي قسم جو سهارو گھڻو فائدي مند آهي؟,auto_ok,genuine reword - needs native-speaker review
v651,325,ذهني صحت ۽ جذباتي ڀلائي,پوسٽ پارٽم جذباتي خوشحالي (بي بي بلوز / پي پي ڊي - صرف احساس),ڇا ٻار جي حفاظت بابت مسلسل خوفزده يا پريشان محسوس ڪرڻ عام آهي؟,ٻار جي حفاظت بابت مسلسل فڪر ٿيڻ عام آهي ڇا؟,auto_ok,genuine reword - needs native-speaker review
v652,325,ذهني صحت ۽ جذباتي ڀلائي,پوسٽ پارٽم جذباتي خوشحالي (بي بي بلوز / پي پي ڊي - صرف احساس),ڇا ٻار جي حفاظت بابت مسلسل خوفزده يا پريشان محسوس ڪرڻ عام آهي؟,ٻار کي ڪجهه ٿي ويندو، اهو خوف مسلسل رهڻ معمول جي ڳالھ آهي ڇا؟,auto_ok,genuine reword - needs native-speaker review
v653,326,ذهني صحت ۽ جذباتي ڀلائي,پوسٽ پارٽم جذباتي خوشحالي (بي بي بلوز / پي پي ڊي - صرف احساس),هڪ نئون والدين ڪيئن ٻڌائي سگهي ٿو ته انهن جي جذباتي جدوجهد 'صرف ٿڪائي' يا ڪجهه وڌيڪ آهي؟,نئون والدين ڪيئن ڄاڻي ته سندس جذباتي مشڪل صرف ٿڪاوٽ آهي يا ان کان وڌيڪ؟,auto_ok,genuine reword - needs native-speaker review
v654,326,ذهني صحت ۽ جذباتي ڀلائي,پوسٽ پارٽم جذباتي خوشحالي (بي بي بلوز / پي پي ڊي - صرف احساس),هڪ نئون والدين ڪيئن ٻڌائي سگهي ٿو ته انهن جي جذباتي جدوجهد 'صرف ٿڪائي' يا ڪجهه وڌيڪ آهي؟,صرف ٿڪ آهي يا حقيقي مسئلو، ان جو فرق ڪيئن ڪجي؟,auto_ok,genuine reword - needs native-speaker review
v655,327,ذهني صحت ۽ جذباتي ڀلائي,پوسٽ پارٽم جذباتي خوشحالي (بي بي بلوز / پي پي ڊي - صرف احساس),ڇا اهو عام آهي ته ٻار کان وقفي جي ضرورت بابت مجرم محسوس ڪيو وڃي؟,ٻار کان وقفو وٺڻ جي ضرورت تي مجرم محسوس ٿيڻ عام آهي ڇا؟,auto_ok,genuine reword - needs native-speaker review
v656,327,ذهني صحت ۽ جذباتي ڀلائي,پوسٽ پارٽم جذباتي خوشحالي (بي بي بلوز / پي پي ڊي - صرف احساس),ڇا اهو عام آهي ته ٻار کان وقفي جي ضرورت بابت مجرم محسوس ڪيو وڃي؟,ٿورو وقت پاڻ لاءِ گھرڻ تي ڏوهه محسوس ٿئي، اهو ٿيندو آهي ڇا؟,auto_ok,genuine reword - needs native-speaker review
v657,328,ذهني صحت ۽ جذباتي ڀلائي,پوسٽ پارٽم جذباتي خوشحالي (بي بي بلوز / پي پي ڊي - صرف احساس),ڇا پيدائش کان پوءِ هارمونل تبديليون حقيقي طور تي جذبات تي اثرانداز ٿي سگهن ٿيون، يا اهو ’صرف ذهنيت‘ آهي؟,پيدائش بعد هارمونل تبديليون واقعي جذبات تي اثر وجهن ٿيون ڇا يا اهو رڳو ذهني ڳالھ آهي؟,auto_ok,genuine reword - needs native-speaker review
v658,328,ذهني صحت ۽ جذباتي ڀلائي,پوسٽ پارٽم جذباتي خوشحالي (بي بي بلوز / پي پي ڊي - صرف احساس),ڇا پيدائش کان پوءِ هارمونل تبديليون حقيقي طور تي جذبات تي اثرانداز ٿي سگهن ٿيون، يا اهو ’صرف ذهنيت‘ آهي؟,ولادت بعد هارمون بدلجڻ سان موڊ تي حقيقي اثر پوي ٿو ڇا؟,auto_ok,genuine reword - needs native-speaker review
v659,329,ذهني صحت ۽ جذباتي ڀلائي,پوسٽ پارٽم جذباتي خوشحالي (بي بي بلوز / پي پي ڊي - صرف احساس),ڇا پيدائش کان پوءِ غير حقيقت پسنديءَ جو احساس ٿيڻ عام آهي يا ’ڇا واقعي ائين ٿي رهيو آهي‘؟,پيدائش کان پوءِ سڀ ڪجهه غير حقيقي محسوس ٿيڻ عام آهي ڇا؟,auto_ok,genuine reword - needs native-speaker review
v660,329,ذهني صحت ۽ جذباتي ڀلائي,پوسٽ پارٽم جذباتي خوشحالي (بي بي بلوز / پي پي ڊي - صرف احساس),ڇا پيدائش کان پوءِ غير حقيقت پسنديءَ جو احساس ٿيڻ عام آهي يا ’ڇا واقعي ائين ٿي رهيو آهي‘؟,ٻار ٿيڻ بعد 'اهو سچ پچ ٿي رهيو آهي' جهڙو احساس ٿئي ٿو ڇا؟,auto_ok,genuine reword - needs native-speaker review
v661,330,ذهني صحت ۽ جذباتي ڀلائي,پوسٽ پارٽم جذباتي خوشحالي (بي بي بلوز / پي پي ڊي - صرف احساس),ڪهڙن احساسن کي ٻار جي پيدائش کان پوءِ ڪنهن پروفيشنل تائين پهچڻ جي بجاءِ ان جو انتظار ڪرڻ گهرجي؟,ڪهڙيون علامتون ٻڌائين ٿيون ته فوري طور تي پروفيشنل مدد وٺجي؟,auto_ok,genuine reword - needs native-speaker review
v662,330,ذهني صحت ۽ جذباتي ڀلائي,پوسٽ پارٽم جذباتي خوشحالي (بي بي بلوز / پي پي ڊي - صرف احساس),ڪهڙن احساسن کي ٻار جي پيدائش کان پوءِ ڪنهن پروفيشنل تائين پهچڻ جي بجاءِ ان جو انتظار ڪرڻ گهرجي؟,ڪنهن حالت ۾ انتظار نه ڪري، فوراً ماهر ڏانهن وڃجي؟,auto_ok,genuine reword - needs native-speaker review
v663,331,ذهني صحت ۽ جذباتي ڀلائي,پوسٽ پارٽم جذباتي خوشحالي (بي بي بلوز / پي پي ڊي - صرف احساس),ڇا بيبي بلوز جو دور ختم ٿيڻ کان پوءِ به جذباتي اٿل پٿل جاري رهڻ عام آهي؟,بيبي بلوز ختم ٿيڻ کان پوءِ به جذباتي اٿل پٿل جاري رهڻ عام آهي ڇا؟,auto_ok,genuine reword - needs native-speaker review
v664,331,ذهني صحت ۽ جذباتي ڀلائي,پوسٽ پارٽم جذباتي خوشحالي (بي بي بلوز / پي پي ڊي - صرف احساس),ڇا بيبي بلوز جو دور ختم ٿيڻ کان پوءِ به جذباتي اٿل پٿل جاري رهڻ عام آهي؟,ابتدائي اداسي پوري ٿيڻ بعد به جذباتي مسئلو رهي ته اهو ڇا آهي؟,auto_ok,genuine reword - needs native-speaker review
v665,332,ذهني صحت ۽ جذباتي ڀلائي,پوسٽ پارٽم جذباتي خوشحالي (بي بي بلوز / پي پي ڊي - صرف احساس),ڇا ٻين نون والدين سان ڳالهائڻ جذباتي ترتيب سان مدد ڪري سگھن ٿا؟,ٻين نئين والدين سان ڳالهائڻ جذباتي طور مدد ڏئي ٿو ڇا؟,auto_ok,genuine reword - needs native-speaker review
v666,332,ذهني صحت ۽ جذباتي ڀلائي,پوسٽ پارٽم جذباتي خوشحالي (بي بي بلوز / پي پي ڊي - صرف احساس),ڇا ٻين نون والدين سان ڳالهائڻ جذباتي ترتيب سان مدد ڪري سگھن ٿا؟,ساڳي حالت مان گذرندڙ ماءُ سان ڳالهائڻ سان آرام ملي ٿو ڇا؟,auto_ok,genuine reword - needs native-speaker review
v667,333,ذهني صحت ۽ جذباتي ڀلائي,پوسٽ پارٽم جذباتي خوشحالي (بي بي بلوز / پي پي ڊي - صرف احساس),ڇا هڪ نئين والدين جي حيثيت ۾ مستقبل جي باري ۾ جوش ۽ خوف ٻنهي کي محسوس ڪرڻ عام آهي؟,نئين والدين جي حيثيت ۾ خوشي ۽ خوف گڏ محسوس ٿيڻ عام آهي ڇا؟,auto_ok,genuine reword - needs native-speaker review
v668,333,ذهني صحت ۽ جذباتي ڀلائي,پوسٽ پارٽم جذباتي خوشحالي (بي بي بلوز / پي پي ڊي - صرف احساس),ڇا هڪ نئين والدين جي حيثيت ۾ مستقبل جي باري ۾ جوش ۽ خوف ٻنهي کي محسوس ڪرڻ عام آهي؟,ٻار اچڻ تي جوش سان گڏ ڊپ به لڳي، اهو معمول آهي ڇا؟,auto_ok,genuine reword - needs native-speaker review
v669,334,ذهني صحت ۽ جذباتي ڀلائي,پوسٽ پارٽم جذباتي خوشحالي (بي بي بلوز / پي پي ڊي - صرف احساس),ٻار جي اچڻ کان اڳ ڪيئن هڪ نئون والدين جذباتي طور تي ممڪن مزاج جي تبديلين لاءِ تيار ٿي سگهي ٿو؟,ٻار اچڻ کان اڳ نئون والدين جذباتي طور ڪيئن تيار ٿي سگهي ٿو؟,auto_ok,genuine reword - needs native-speaker review
v670,334,ذهني صحت ۽ جذباتي ڀلائي,پوسٽ پارٽم جذباتي خوشحالي (بي بي بلوز / پي پي ڊي - صرف احساس),ٻار جي اچڻ کان اڳ ڪيئن هڪ نئون والدين جذباتي طور تي ممڪن مزاج جي تبديلين لاءِ تيار ٿي سگهي ٿو؟,ٻار جي پيدائش کان اڳ ذهني تياري ڪيئن ڪجي؟,auto_ok,genuine reword - needs native-speaker review
v671,335,ذهني صحت ۽ جذباتي ڀلائي,پوسٽ پارٽم جذباتي خوشحالي (بي بي بلوز / پي پي ڊي - صرف احساس),ڇا ڄمڻ کان پوء هفتي ۾ جذباتي طور تي پاڻ کي گهٽ محسوس ڪرڻ عام آهي؟,ولادت بعد پاڻ کي گھٽ محسوس ڪرڻ عام آهي ڇا؟,auto_ok,genuine reword - needs native-speaker review
v672,335,ذهني صحت ۽ جذباتي ڀلائي,پوسٽ پارٽم جذباتي خوشحالي (بي بي بلوز / پي پي ڊي - صرف احساس),ڇا ڄمڻ کان پوء هفتي ۾ جذباتي طور تي پاڻ کي گهٽ محسوس ڪرڻ عام آهي؟,ٻار ٿيڻ بعد پنهنجي قدر گھٽ محسوس ٿئي، اهو معمول جي ڳالھ آهي ڇا؟,auto_ok,genuine reword - needs native-speaker review
v673,336,ذهني صحت ۽ جذباتي ڀلائي,پوسٽ پارٽم جذباتي خوشحالي (بي بي بلوز / پي پي ڊي - صرف احساس),ڇا پيدائش کان پوء جذباتي طور تي غالب ٿي سگھي ٿو جيتوڻيڪ مضبوط سپورٽ سسٽم سان؟,مضبوط سپورٽ سسٽم هجڻ باوجود پيدائش بعد مغلوب محسوس ٿي سگهجي ٿو ڇا؟,auto_ok,genuine reword - needs native-speaker review
v674,336,ذهني صحت ۽ جذباتي ڀلائي,پوسٽ پارٽم جذباتي خوشحالي (بي بي بلوز / پي پي ڊي - صرف احساس),ڇا پيدائش کان پوء جذباتي طور تي غالب ٿي سگھي ٿو جيتوڻيڪ مضبوط سپورٽ سسٽم سان؟,چڱو سهارو هجي پوءِ به ٻار ٿيڻ بعد مشڪل محسوس ٿي سگهي ٿي ڇا؟,auto_ok,genuine reword - needs native-speaker review
v675,337,ذهني صحت ۽ جذباتي ڀلائي,پوسٽ پارٽم جذباتي خوشحالي (بي بي بلوز / پي پي ڊي - صرف احساس),ڇا اهو صحيح آهي ته هڪ پارٽنر يا ڪٽنب جي ميمبر کي تسليم ڪيو وڃي ته توهان ٻار ٿيڻ کان پوء جذباتي طور تي جدوجهد ڪري رهيا آهيو؟,پارٽنر يا خاندان کي پنهنجي جذباتي جدوجهد بابت ٻڌائجي ڇا؟,auto_ok,genuine reword - needs native-speaker review
v676,337,ذهني صحت ۽ جذباتي ڀلائي,پوسٽ پارٽم جذباتي خوشحالي (بي بي بلوز / پي پي ڊي - صرف احساس),ڇا اهو صحيح آهي ته هڪ پارٽنر يا ڪٽنب جي ميمبر کي تسليم ڪيو وڃي ته توهان ٻار ٿيڻ کان پوء جذباتي طور تي جدوجهد ڪري رهيا آهيو؟,ٻار ٿيڻ بعد مشڪل هجي ته گھروارن کي کلي ٻڌائجي ڇا؟,auto_ok,genuine reword - needs native-speaker review
v677,338,ذهني صحت ۽ جذباتي ڀلائي,پوسٽ پارٽم جذباتي خوشحالي (بي بي بلوز / پي پي ڊي - صرف احساس),شروعاتي پوسٽرم هفتي ۾ غير متوقع جذبات سان مقابلو ڪرڻ لاء مددگار ذهني ڇا آهي؟,ابتدائي postpartum هفتن ۾ اڻڄاتل جذبن سان ڪيئن مقابلو ڪجي؟,auto_ok,genuine reword - needs native-speaker review
v678,338,ذهني صحت ۽ جذباتي ڀلائي,پوسٽ پارٽم جذباتي خوشحالي (بي بي بلوز / پي پي ڊي - صرف احساس),شروعاتي پوسٽرم هفتي ۾ غير متوقع جذبات سان مقابلو ڪرڻ لاء مددگار ذهني ڇا آهي؟,پهرين هفتن ۾ اوچتا احساس اچن ته ذهني طور ڪيئن سنڀاليو وڃي؟,auto_ok,genuine reword - needs native-speaker review
v679,339,ذهني صحت ۽ جذباتي ڀلائي,پوسٽ پارٽم جذباتي خوشحالي (بي بي بلوز / پي پي ڊي - صرف احساس),ڇا اهو پريشان ٿيڻ عام آهي ته پيدائش کان پوء ڏکيا احساسن کي تسليم ڪرڻ توهان کي خراب والدين بڻائي ٿو؟,ڏکيا احساس هجڻ جو مطلب خراب والدين هجڻ آهي، ان تي پريشان ٿيڻ عام آهي ڇا؟,auto_ok,genuine reword - needs native-speaker review
v680,339,ذهني صحت ۽ جذباتي ڀلائي,پوسٽ پارٽم جذباتي خوشحالي (بي بي بلوز / پي پي ڊي - صرف احساس),ڇا اهو پريشان ٿيڻ عام آهي ته پيدائش کان پوء ڏکيا احساسن کي تسليم ڪرڻ توهان کي خراب والدين بڻائي ٿو؟,مشڪل جذبات هجڻ سان پاڻ کي خراب والد سمجھڻ ٺيڪ آهي ڇا؟,auto_ok,genuine reword - needs native-speaker review
v681,340,ذهني صحت ۽ جذباتي ڀلائي,پوسٽ پارٽم جذباتي خوشحالي (بي بي بلوز / پي پي ڊي - صرف احساس),ڇا پيدائش کان پوءِ جذباتي صحت متاثر ٿي سگھي ٿي ته پيدائش ڪيئن ٿي وئي؟,پيدائش ڪيئن ٿي، ان جو اثر جذباتي صحت تي پوي ٿو ڇا؟,auto_ok,genuine reword - needs native-speaker review
v682,340,ذهني صحت ۽ جذباتي ڀلائي,پوسٽ پارٽم جذباتي خوشحالي (بي بي بلوز / پي پي ڊي - صرف احساس),ڇا پيدائش کان پوءِ جذباتي صحت متاثر ٿي سگھي ٿي ته پيدائش ڪيئن ٿي وئي؟,ولادت جو تجربو موڊ تي بعد ۾ اثر انداز ٿئي ٿو ڇا؟,auto_ok,genuine reword - needs native-speaker review
v683,341,ذهني صحت ۽ جذباتي ڀلائي,پوسٽ پارٽم جذباتي خوشحالي (بي بي بلوز / پي پي ڊي - صرف احساس),ڇا پيدائش کان پوء جذباتي ترتيب ڏيڻ لاء عام طور تي ڪجهه ماڻهن لاء ٻين جي ڀيٽ ۾ وڌيڪ وقت وٺندو آهي؟,ڪجهه ماڻهن کي postpartum جذبات ترتيب ۾ اچڻ ۾ ٻين کان وڌيڪ وقت لڳي ٿو ڇا؟,auto_ok,genuine reword - needs native-speaker review
v684,341,ذهني صحت ۽ جذباتي ڀلائي,پوسٽ پارٽم جذباتي خوشحالي (بي بي بلوز / پي پي ڊي - صرف احساس),ڇا پيدائش کان پوء جذباتي ترتيب ڏيڻ لاء عام طور تي ڪجهه ماڻهن لاء ٻين جي ڀيٽ ۾ وڌيڪ وقت وٺندو آهي؟,هر ڪنهن لاءِ ٻار ٿيڻ بعد جذباتي طور ٺيڪ ٿيڻ جو وقت هڪجهڙو ناهي ڇا؟,auto_ok,genuine reword - needs native-speaker review
v685,342,ذهني صحت ۽ جذباتي ڀلائي,جسماني تصوير ۽ خود اعتمادي,جسم جي تصوير ڇا آهي؟,جسم جي تصوير (body image) ڇا آهي؟,auto_ok,genuine reword - needs native-speaker review
v686,342,ذهني صحت ۽ جذباتي ڀلائي,جسماني تصوير ۽ خود اعتمادي,جسم جي تصوير ڇا آهي؟,پنهنجي بدن بابت ذهني تصور کي ڇا چئبو آهي؟,auto_ok,genuine reword - needs native-speaker review
v687,343,ذهني صحت ۽ جذباتي ڀلائي,جسماني تصوير ۽ خود اعتمادي,ڇا منفي جسماني تصوير ذهني صحت کي متاثر ڪري سگھي ٿي؟,منفي جسماني تصوير ذهني صحت تي اثر انداز ٿي سگهي ٿي ڇا؟,auto_ok,genuine reword - needs native-speaker review
v688,343,ذهني صحت ۽ جذباتي ڀلائي,جسماني تصوير ۽ خود اعتمادي,ڇا منفي جسماني تصوير ذهني صحت کي متاثر ڪري سگھي ٿي؟,پاڻ کي بدصورت سمجهڻ ذهني صحت خراب ڪري ٿو ڇا؟,auto_ok,genuine reword - needs native-speaker review
v689,344,ذهني صحت ۽ جذباتي ڀلائي,جسماني تصوير ۽ خود اعتمادي,ڇا سوشل ميڊيا جو استعمال جسم جي تصوير کي متاثر ڪري ٿو؟,سوشل ميڊيا استعمال جسم جي تصوير تي اثر وجهي ٿو ڇا؟,auto_ok,genuine reword - needs native-speaker review
v690,344,ذهني صحت ۽ جذباتي ڀلائي,جسماني تصوير ۽ خود اعتمادي,ڇا سوشل ميڊيا جو استعمال جسم جي تصوير کي متاثر ڪري ٿو؟,انسٽاگرام/فيسبوڪ ڏسڻ سان پنهنجي بدن بابت خيال بدلجي ٿو ڇا؟,auto_ok,genuine reword - needs native-speaker review
v691,345,ذهني صحت ۽ جذباتي ڀلائي,جسماني تصوير ۽ خود اعتمادي,خود اعتمادي پيدا ڪرڻ لاء صحتمند طريقا ڇا آهن؟,خود اعتمادي وڌائڻ لاءِ صحتمند طريقا ڪهڙا آهن؟,auto_ok,genuine reword - needs native-speaker review
v692,345,ذهني صحت ۽ جذباتي ڀلائي,جسماني تصوير ۽ خود اعتمادي,خود اعتمادي پيدا ڪرڻ لاء صحتمند طريقا ڇا آهن؟,self-esteem مضبوط ڪرڻ جا سٺا طريقا ڇا آهن؟,auto_ok,genuine reword - needs native-speaker review
v693,346,ذهني صحت ۽ جذباتي ڀلائي,جسماني تصوير ۽ خود اعتمادي,ڇا توهان جي جسم کي ٻين جي جسمن سان ڀيٽڻ هڪ عام تجربو آهي؟,پنهنجي بدن کي ٻين جي بدن سان ڀيٽڻ عام تجربو آهي ڇا؟,auto_ok,genuine reword - needs native-speaker review
v694,346,ذهني صحت ۽ جذباتي ڀلائي,جسماني تصوير ۽ خود اعتمادي,ڇا توهان جي جسم کي ٻين جي جسمن سان ڀيٽڻ هڪ عام تجربو آهي؟,پاڻ کي ٻين سان مقابلو ڪرڻ اڪثر ماڻهو ڪندا آهن ڇا؟,auto_ok,genuine reword - needs native-speaker review
v695,347,ذهني صحت ۽ جذباتي ڀلائي,جسماني تصوير ۽ خود اعتمادي,ڇا جسماني تصوير جي خدشات سڀني جسم جي قسمن جي ماڻهن کي متاثر ڪري سگهي ٿي؟,جسم جي تصوير جا خدشا سڀني قسم جي بدن وارن کي متاثر ڪن ٿا ڇا؟,auto_ok,genuine reword - needs native-speaker review
v696,347,ذهني صحت ۽ جذباتي ڀلائي,جسماني تصوير ۽ خود اعتمادي,ڇا جسماني تصوير جي خدشات سڀني جسم جي قسمن جي ماڻهن کي متاثر ڪري سگهي ٿي؟,هر جسامت وارن ماڻهن کي body image جي پريشاني ٿي سگهي ٿي ڇا؟,auto_ok,genuine reword - needs native-speaker review
v697,348,ذهني صحت ۽ جذباتي ڀلائي,جسماني تصوير ۽ خود اعتمادي,ڪيئن ڪو ماڻهو پنهنجي جسم سان هڪ صحتمند تعلق پيدا ڪري سگهي ٿو؟,پنهنجي بدن سان صحتمند رشتو ڪيئن ٺاهجي؟,auto_ok,genuine reword - needs native-speaker review
v698,348,ذهني صحت ۽ جذباتي ڀلائي,جسماني تصوير ۽ خود اعتمادي,ڪيئن ڪو ماڻهو پنهنجي جسم سان هڪ صحتمند تعلق پيدا ڪري سگهي ٿو؟,پنهنجي جسم کي مثبت نظر سان ڏسڻ ڪيئن سکجي؟,auto_ok,genuine reword - needs native-speaker review
v699,349,ذهني صحت ۽ جذباتي ڀلائي,جسماني تصوير ۽ خود اعتمادي,ڇا اهو معمولي آهي جسم جي تصوير لاء موڊ يا حوالن جي لحاظ کان ڦيرڦار؟,موڊ يا موقعي مطابق جسم بابت خيال بدلجڻ عام آهي ڇا؟,auto_ok,genuine reword - needs native-speaker review
v700,349,ذهني صحت ۽ جذباتي ڀلائي,جسماني تصوير ۽ خود اعتمادي,ڇا اهو معمولي آهي جسم جي تصوير لاء موڊ يا حوالن جي لحاظ کان ڦيرڦار؟,ڪڏهن پاڻ چڱو ۽ ڪڏهن خراب لڳي، اهو معمول جي ڳالھ آهي ڇا؟,auto_ok,genuine reword - needs native-speaker review
v701,350,ذهني صحت ۽ جذباتي ڀلائي,جسماني تصوير ۽ خود اعتمادي,ڇا جسم جي تصوير جي خدشات ننڍپڻ يا جوانيء ۾ شروع ٿي سگهي ٿي؟,جسم جي تصوير جا خدشا ننڍپڻ ۾ ئي شروع ٿي سگهن ٿا ڇا؟,auto_ok,genuine reword - needs native-speaker review
v702,350,ذهني صحت ۽ جذباتي ڀلائي,جسماني تصوير ۽ خود اعتمادي,ڇا جسم جي تصوير جي خدشات ننڍپڻ يا جوانيء ۾ شروع ٿي سگهي ٿي؟,بدن بابت پريشاني ننڍي عمر کان ئي شروع ٿي سگهي ٿي ڇا؟,auto_ok,genuine reword - needs native-speaker review
v703,351,ذهني صحت ۽ جذباتي ڀلائي,جسماني تصوير ۽ خود اعتمادي,جسم جي تصوير کي شڪل ڏيڻ ۾ خانداني رويي جو ڪردار ڇا آهي؟,خاندان جو رويو جسم جي تصوير ٺاهڻ ۾ ڪهڙو ڪردار ادا ڪري ٿو؟,auto_ok,genuine reword - needs native-speaker review
v704,351,ذهني صحت ۽ جذباتي ڀلائي,جسماني تصوير ۽ خود اعتمادي,جسم جي تصوير کي شڪل ڏيڻ ۾ خانداني رويي جو ڪردار ڇا آهي؟,گھر وارن جي ڳالهين جو اثر پنهنجي بدن بابت خيال تي پوي ٿو ڇا؟,auto_ok,genuine reword - needs native-speaker review
v705,352,ذهني صحت ۽ جذباتي ڀلائي,جسماني تصوير ۽ خود اعتمادي,ڇا ٻارن جي ڀرسان غذا ۽ وزن بابت ڳالهائڻ بعد ۾ انهن جي جسم جي تصوير سان ڳنڍيل آهي؟,ٻارن اڳيان کاڌي ۽ وزن بابت ڳالهائڻ سندن جسم جي تصوير سان جڙيل آهي ڇا؟,auto_ok,genuine reword - needs native-speaker review
v706,352,ذهني صحت ۽ جذباتي ڀلائي,جسماني تصوير ۽ خود اعتمادي,ڇا ٻارن جي ڀرسان غذا ۽ وزن بابت ڳالهائڻ بعد ۾ انهن جي جسم جي تصوير سان ڳنڍيل آهي؟,ٻارن جي سامهون ڊائيٽنگ جي ڳالهه ڪرڻ کين بعد ۾ متاثر ڪري ٿي ڇا؟,auto_ok,genuine reword - needs native-speaker review
v707,353,ذهني صحت ۽ جذباتي ڀلائي,جسماني تصوير ۽ خود اعتمادي,ڇا گھٽ خود اعتمادي سماجي واپسي ۾ مدد ڪري سگھي ٿي؟,گھٽ خود اعتمادي سماجي واپسي (withdrawal) ۾ مدد ڪري ٿي ڇا؟,auto_ok,genuine reword - needs native-speaker review
v708,353,ذهني صحت ۽ جذباتي ڀلائي,جسماني تصوير ۽ خود اعتمادي,ڇا گھٽ خود اعتمادي سماجي واپسي ۾ مدد ڪري سگھي ٿي؟,پاڻ تي اعتماد گھٽ هجڻ سبب ماڻهن کان پري رهڻ لڳجي ٿو ڇا؟,auto_ok,genuine reword - needs native-speaker review
v709,354,ذهني صحت ۽ جذباتي ڀلائي,جسماني تصوير ۽ خود اعتمادي,جسم جي غير جانبداري' ڇا آهي ۽ اهو جسم جي مثبتيت کان ڪيئن مختلف آهي؟,'جسم جي غير جانبداري' (body neutrality) ڇا آهي ۽ body positivity کان ڪيئن مختلف آهي؟,auto_ok,genuine reword - needs native-speaker review
v710,354,ذهني صحت ۽ جذباتي ڀلائي,جسماني تصوير ۽ خود اعتمادي,جسم جي غير جانبداري' ڇا آهي ۽ اهو جسم جي مثبتيت کان ڪيئن مختلف آهي؟,body neutrality ۽ body positivity ۾ ڇا فرق آهي؟,auto_ok,genuine reword - needs native-speaker review
v711,355,ذهني صحت ۽ جذباتي ڀلائي,جسماني تصوير ۽ خود اعتمادي,ڇا ڪجهه سوشل ميڊيا اڪائونٽس کي فالو ڪرڻ سان جسم جي تصوير کي بهتر بنائڻ ۾ مدد ملي سگهي ٿي؟,ڪجهه خاص سوشل ميڊيا اڪائونٽس فالو ڪرڻ سان جسم جي تصوير بهتر ٿي سگهي ٿي ڇا؟,auto_ok,genuine reword - needs native-speaker review
v712,355,ذهني صحت ۽ جذباتي ڀلائي,جسماني تصوير ۽ خود اعتمادي,ڇا ڪجهه سوشل ميڊيا اڪائونٽس کي فالو ڪرڻ سان جسم جي تصوير کي بهتر بنائڻ ۾ مدد ملي سگهي ٿي؟,صحيح اڪائونٽس ڏسڻ سان بدن بابت خيال بهتر ٿي سگهي ٿو ڇا؟,auto_ok,genuine reword - needs native-speaker review
v713,356,ذهني صحت ۽ جذباتي ڀلائي,جسماني تصوير ۽ خود اعتمادي,ڇا اهو عام آهي ته خود اعتمادي کي نوجوانن جي سالن ۾ ظاهر ٿيڻ سان ويجهي سان ڳنڍيل آهي؟,خود اعتمادي جو گھٽجڻ نوجواني جي عمر ۾ عام آهي ڇا؟,auto_ok,genuine reword - needs native-speaker review
v714,356,ذهني صحت ۽ جذباتي ڀلائي,جسماني تصوير ۽ خود اعتمادي,ڇا اهو عام آهي ته خود اعتمادي کي نوجوانن جي سالن ۾ ظاهر ٿيڻ سان ويجهي سان ڳنڍيل آهي؟,teenage سالن ۾ self-esteem گھٽجڻ معمول جي ڳالھ آهي ڇا؟,auto_ok,genuine reword - needs native-speaker review
v715,357,ذهني صحت ۽ جذباتي ڀلائي,جسماني تصوير ۽ خود اعتمادي,ڇا توهان جي جسم جي ڪارڪردگي جي شڪرگذاري جي مشق جسم جي تصوير کي بهتر بنائڻ ۾ مدد ڪري سگهي ٿي؟,پنهنجي جسم جي ڪارڪردگيءَ لاءِ شڪرگذار ٿيڻ سان تصوير بهتر ٿئي ٿي ڇا؟,auto_ok,genuine reword - needs native-speaker review
v716,357,ذهني صحت ۽ جذباتي ڀلائي,جسماني تصوير ۽ خود اعتمادي,ڇا توهان جي جسم جي ڪارڪردگي جي شڪرگذاري جي مشق جسم جي تصوير کي بهتر بنائڻ ۾ مدد ڪري سگهي ٿي؟,بدن ڇا ڪري ٿو (نه ته ڪيئن ڏسڻ ۾ اچي ٿو) ان جي قدر ڪرڻ سان مدد ملي ٿي ڇا؟,auto_ok,genuine reword - needs native-speaker review
v717,358,ذهني صحت ۽ جذباتي ڀلائي,جسماني تصوير ۽ خود اعتمادي,والدين ڪيئن پنهنجي ٻارن ۾ صحتمند جسم جي تصوير جي حمايت ڪري سگهن ٿا؟,والدين پنهنجي ٻارن ۾ صحتمند جسم جي تصوير ڪيئن پيدا ڪري سگهن ٿا؟,auto_ok,genuine reword - needs native-speaker review
v718,358,ذهني صحت ۽ جذباتي ڀلائي,جسماني تصوير ۽ خود اعتمادي,والدين ڪيئن پنهنجي ٻارن ۾ صحتمند جسم جي تصوير جي حمايت ڪري سگهن ٿا؟,ماءُ پيءُ ٻارن جي پنهنجي بدن بابت سٺي سوچ ڪيئن ٺاهي سگهن ٿا؟,auto_ok,genuine reword - needs native-speaker review
v719,359,ذهني صحت ۽ جذباتي ڀلائي,جسماني تصوير ۽ خود اعتمادي,ڇا بلوغت جي دوران جسم جي تبديلين بابت پاڻ کي باشعور محسوس ڪرڻ عام آهي؟,بلوغت دوران جسم جي تبديلين بابت شرمائجڻ عام آهي ڇا؟,auto_ok,genuine reword - needs native-speaker review
v720,359,ذهني صحت ۽ جذباتي ڀلائي,جسماني تصوير ۽ خود اعتمادي,ڇا بلوغت جي دوران جسم جي تبديلين بابت پاڻ کي باشعور محسوس ڪرڻ عام آهي؟,puberty ۾ بدن بدلجڻ تي خود کي سوچيندڙ محسوس ڪرڻ معمول جي ڳالھ آهي ڇا؟,auto_ok,genuine reword - needs native-speaker review
v721,360,ذهني صحت ۽ جذباتي ڀلائي,جسماني تصوير ۽ خود اعتمادي,ڇا گھٽ خود اعتمادي تعليمي يا ڪم ڪارڪردگي تي اثر انداز ڪري سگھي ٿو؟,گھٽ خود اعتمادي تعليمي يا نوڪري جي ڪارڪردگي تي اثر وجهي ٿي ڇا؟,auto_ok,genuine reword - needs native-speaker review
v722,360,ذهني صحت ۽ جذباتي ڀلائي,جسماني تصوير ۽ خود اعتمادي,ڇا گھٽ خود اعتمادي تعليمي يا ڪم ڪارڪردگي تي اثر انداز ڪري سگھي ٿو؟,self-esteem گھٽ هجڻ سان پڙهائي يا ڪم متاثر ٿئي ٿو ڇا؟,auto_ok,genuine reword - needs native-speaker review
v723,361,ذهني صحت ۽ جذباتي ڀلائي,جسماني تصوير ۽ خود اعتمادي,خود اعتمادي تي ظاهر ڪرڻ بابت بدمعاش يا ڇڪڻ جو اثر ڇا آهي؟,ٻئي جو مذاق اڏائڻ خود اعتمادي تي ڪيترو اثر وجهي ٿو؟,auto_ok,genuine reword - needs native-speaker review
v724,361,ذهني صحت ۽ جذباتي ڀلائي,جسماني تصوير ۽ خود اعتمادي,خود اعتمادي تي ظاهر ڪرڻ بابت بدمعاش يا ڇڪڻ جو اثر ڇا آهي؟,bullying سبب self-esteem تي ڪيترو نقصان ٿئي ٿو؟,auto_ok,genuine reword - needs native-speaker review
v725,362,ذهني صحت ۽ جذباتي ڀلائي,جسماني تصوير ۽ خود اعتمادي,ڇا علاج سان مسلسل جسم جي تصوير يا خود اعتمادي جي جدوجهد سان مدد ڪري سگھي ٿي؟,علاج مسلسل جسم جي تصوير جي جدوجهد ۾ مدد ڪري سگهي ٿو ڇا؟,auto_ok,genuine reword - needs native-speaker review
v726,362,ذهني صحت ۽ جذباتي ڀلائي,جسماني تصوير ۽ خود اعتمادي,ڇا علاج سان مسلسل جسم جي تصوير يا خود اعتمادي جي جدوجهد سان مدد ڪري سگھي ٿي؟,therapy سان بدن بابت مسلسل پريشاني گھٽ ٿي سگهي ٿي ڇا؟,auto_ok,genuine reword - needs native-speaker review
v727,363,ذهني صحت ۽ جذباتي ڀلائي,جسماني تصوير ۽ خود اعتمادي,ڇا اهو عام آهي ته توهان جي جسم جي باري ۾ ڪجهه خاص وقتن ۾ خراب محسوس ٿئي، جهڙوڪ هڪ خاص واقعي کان اڳ؟,ڪنهن خاص واقعي کان اڳ بدن بابت خراب محسوس ٿيڻ عام آهي ڇا؟,auto_ok,genuine reword - needs native-speaker review
v728,363,ذهني صحت ۽ جذباتي ڀلائي,جسماني تصوير ۽ خود اعتمادي,ڇا اهو عام آهي ته توهان جي جسم جي باري ۾ ڪجهه خاص وقتن ۾ خراب محسوس ٿئي، جهڙوڪ هڪ خاص واقعي کان اڳ؟,ڪا خاص تقريب هجي ته پاڻ کي بدصورت محسوس ڪرڻ معمول جي ڳالھ آهي ڇا؟,auto_ok,genuine reword - needs native-speaker review
v729,364,ذهني صحت ۽ جذباتي ڀلائي,جسماني تصوير ۽ خود اعتمادي,ڇا مثبت خود ڳالهائڻ وقت سان گڏ خود اعتمادي کي بهتر بنائڻ ۾ مدد ڪري سگھن ٿا؟,مثبت خود ڳالهائڻ (self-talk) وقت سان خود اعتمادي بهتر ڪري ٿي ڇا؟,auto_ok,genuine reword - needs native-speaker review
v730,364,ذهني صحت ۽ جذباتي ڀلائي,جسماني تصوير ۽ خود اعتمادي,ڇا مثبت خود ڳالهائڻ وقت سان گڏ خود اعتمادي کي بهتر بنائڻ ۾ مدد ڪري سگھن ٿا؟,پاڻ سان سٺيون ڳالهيون ڪرڻ سان self-esteem مضبوط ٿئي ٿو ڇا؟,auto_ok,genuine reword - needs native-speaker review
v731,365,ذهني صحت ۽ جذباتي ڀلائي,جسماني تصوير ۽ خود اعتمادي,ڇا اهو عام آهي ته خود اعتمادي زندگي جي مختلف علائقن ۾ مختلف هجي، جهڙوڪ ڪم ۽ رشتي؟,خود اعتمادي زندگي جي مختلف حصن ۾ مختلف هجڻ عام آهي ڇا؟,auto_ok,genuine reword - needs native-speaker review
v732,365,ذهني صحت ۽ جذباتي ڀلائي,جسماني تصوير ۽ خود اعتمادي,ڇا اهو عام آهي ته خود اعتمادي زندگي جي مختلف علائقن ۾ مختلف هجي، جهڙوڪ ڪم ۽ رشتي؟,نوڪري ۾ اعتماد گھڻو پر رشتن ۾ گھٽ هجي، اهو ٿيندو آهي ڇا؟,auto_ok,genuine reword - needs native-speaker review
v733,366,ذهني صحت ۽ جذباتي ڀلائي,جسماني تصوير ۽ خود اعتمادي,ڇا ذاتي ڪاميابين تي ڌيان ڏيڻ ۾ مدد ڪري سگھي ٿي خود اعتمادي کي ظاهر ڪرڻ کان الڳ؟,ذاتي ڪاميابين تي ڌيان ڏيڻ سان اعتماد ظاهر ٿيڻ کان جدا ٿيندو آهي ڇا؟,auto_ok,genuine reword - needs native-speaker review
v734,366,ذهني صحت ۽ جذباتي ڀلائي,جسماني تصوير ۽ خود اعتمادي,ڇا ذاتي ڪاميابين تي ڌيان ڏيڻ ۾ مدد ڪري سگھي ٿي خود اعتمادي کي ظاهر ڪرڻ کان الڳ؟,پاڻ جي ڪاميابي تي ڌيان ڏيڻ، ظاهري اعتماد کان الڳ فائدو ڏئي ٿو ڇا؟,auto_ok,genuine reword - needs native-speaker review
v735,367,ذهني صحت ۽ جذباتي ڀلائي,جسماني تصوير ۽ خود اعتمادي,ڇا اهو صحتمند آهي ته ٻين کان ظاهر ٿيڻ بابت مسلسل يقين ڏياريو؟,ٻين کان مسلسل تعريف گھرڻ صحتمند آهي ڇا؟,auto_ok,genuine reword - needs native-speaker review
v736,367,ذهني صحت ۽ جذباتي ڀلائي,جسماني تصوير ۽ خود اعتمادي,ڇا اهو صحتمند آهي ته ٻين کان ظاهر ٿيڻ بابت مسلسل يقين ڏياريو؟,هر وقت ٻين کان يقين دهاني گھرڻ سٺو آهي ڇا؟,auto_ok,genuine reword - needs native-speaker review
v737,368,ذهني صحت ۽ جذباتي ڀلائي,جسماني تصوير ۽ خود اعتمادي,ڇا ثقافتي حسن جا معيار جسم جي تصوير کي مختلف طور تي متاثر ڪري سگهن ٿا ڪميونٽي ۾؟,ثقافتي حسن جا معيار جسم جي تصوير کي مختلف طريقن سان اثر انداز ڪن ٿا ڇا؟,auto_ok,genuine reword - needs native-speaker review
v738,368,ذهني صحت ۽ جذباتي ڀلائي,جسماني تصوير ۽ خود اعتمادي,ڇا ثقافتي حسن جا معيار جسم جي تصوير کي مختلف طور تي متاثر ڪري سگهن ٿا ڪميونٽي ۾؟,هر معاشري ۾ خوبصورتي جا معيار بدن بابت خيال کي مختلف طرح متاثر ڪن ٿا ڇا؟,auto_ok,genuine reword - needs native-speaker review
v739,369,ذهني صحت ۽ جذباتي ڀلائي,جسماني تصوير ۽ خود اعتمادي,ڇا اهو عام ڏينهن آهي جڏهن توهان محسوس ڪيو ته توهان جي جسم ۾ ٻين جي ڀيٽ ۾ وڌيڪ اعتماد آهي؟,ڪجهه ڏينهن پاڻ کي ٻين کان وڌيڪ پراعتماد محسوس ڪرڻ عام آهي ڇا؟,auto_ok,genuine reword - needs native-speaker review
v740,369,ذهني صحت ۽ جذباتي ڀلائي,جسماني تصوير ۽ خود اعتمادي,ڇا اهو عام ڏينهن آهي جڏهن توهان محسوس ڪيو ته توهان جي جسم ۾ ٻين جي ڀيٽ ۾ وڌيڪ اعتماد آهي؟,هر ڏينهن اعتماد جي سطح هڪجهڙي نه هجڻ معمول جي ڳالھ آهي ڇا؟,auto_ok,genuine reword - needs native-speaker review
v741,370,ذهني صحت ۽ جذباتي ڀلائي,جسماني تصوير ۽ خود اعتمادي,ڇا مددگار دوستيون منفي جسم جي تصوير جي دٻاء جي خلاف بفر ۾ مدد ڪري سگھن ٿيون؟,مددگار دوستيون منفي جسم جي تصوير جي دٻاءُ کان بچاءُ ڪن ٿيون ڇا؟,auto_ok,genuine reword - needs native-speaker review
v742,370,ذهني صحت ۽ جذباتي ڀلائي,جسماني تصوير ۽ خود اعتمادي,ڇا مددگار دوستيون منفي جسم جي تصوير جي دٻاء جي خلاف بفر ۾ مدد ڪري سگھن ٿيون؟,سٺا دوست هجن ته بدن بابت منفي خيال گھٽ اثر ڪندا آهن ڇا؟,auto_ok,genuine reword - needs native-speaker review
v743,371,ذهني صحت ۽ جذباتي ڀلائي,جسماني تصوير ۽ خود اعتمادي,ڪهڙيون نشانيون پيش ڪن ٿيون جسم جي تصوير جي خدشات کي شايد پيشه ورانه مدد جي ضرورت هجي؟,ڪهڙيون نشانيون ٻڌائين ٿيون ته جسم جي تصوير جي پريشاني لاءِ پروفيشنل مدد گھرجي؟,auto_ok,genuine reword - needs native-speaker review
v744,371,ذهني صحت ۽ جذباتي ڀلائي,جسماني تصوير ۽ خود اعتمادي,ڪهڙيون نشانيون پيش ڪن ٿيون جسم جي تصوير جي خدشات کي شايد پيشه ورانه مدد جي ضرورت هجي؟,بدن بابت پريشاني ڪڏهن ايتري وڌي وڃي جو ماهر ڏانهن وڃجي؟,auto_ok,genuine reword - needs native-speaker review
v745,372,ذهني صحت ۽ جذباتي ڀلائي,جسماني تصوير ۽ خود اعتمادي,ڇا خود اعتمادي ڪجھھ آھي جيڪو فعال طور تي وقت سان ترقي ڪري سگھجي ٿو، يا اھو مقرر ٿيل آھي؟,خود اعتمادي وقت سان وڌائي سگهجي ٿي، يا اهو مقرر آهي؟,auto_ok,genuine reword - needs native-speaker review
v746,372,ذهني صحت ۽ جذباتي ڀلائي,جسماني تصوير ۽ خود اعتمادي,ڇا خود اعتمادي ڪجھھ آھي جيڪو فعال طور تي وقت سان ترقي ڪري سگھجي ٿو، يا اھو مقرر ٿيل آھي؟,self-esteem تي محنت سان بهتري آڻي سگهجي ٿي ڇا؟,auto_ok,genuine reword - needs native-speaker review
v747,373,ذهني صحت ۽ جذباتي ڀلائي,خانداني ۽ رشتي جو دٻاءُ,خاندان سان لاڳاپيل دٻاء جا عام ذريعا ڪهڙا آهن؟,خاندان سان لاڳاپيل دٻاءُ جا عام ذريعا ڪهڙا آهن؟,auto_ok,genuine reword - needs native-speaker review
v748,373,ذهني صحت ۽ جذباتي ڀلائي,خانداني ۽ رشتي جو دٻاءُ,خاندان سان لاڳاپيل دٻاء جا عام ذريعا ڪهڙا آهن؟,گھر ۾ ٽينشن پيدا ٿيڻ جا عام سبب ڇا آهن؟,auto_ok,genuine reword - needs native-speaker review
v749,374,ذهني صحت ۽ جذباتي ڀلائي,خانداني ۽ رشتي جو دٻاءُ,خانداني اختلاف جي دوران ڪو ماڻهو ڪيئن وڌيڪ مؤثر طريقي سان ڳالهائي سگهي ٿو؟,خانداني اختلاف دوران وڌيڪ مؤثر طريقي سان ڳالهائڻ ڪيئن ڪجي؟,auto_ok,genuine reword - needs native-speaker review
v750,374,ذهني صحت ۽ جذباتي ڀلائي,خانداني ۽ رشتي جو دٻاءُ,خانداني اختلاف جي دوران ڪو ماڻهو ڪيئن وڌيڪ مؤثر طريقي سان ڳالهائي سگهي ٿو؟,گھر ۾ ڪا نااتفاقي هجي ته ان کي بهتر انداز ۾ ڪيئن ڳالهايو وڃي؟,auto_ok,genuine reword - needs native-speaker review
v751,375,ذهني صحت ۽ جذباتي ڀلائي,خانداني ۽ رشتي جو دٻاءُ,ڇا ڪجهه خاندان جي ميمبرن سان وقت گذارڻ کان پوء جذباتي طور تي خشڪ محسوس ڪرڻ عام آهي؟,ڪجهه خاندان جي ميمبرن سان وقت گذارڻ بعد ٿڪل محسوس ٿيڻ عام آهي ڇا؟,auto_ok,genuine reword - needs native-speaker review
v752,375,ذهني صحت ۽ جذباتي ڀلائي,خانداني ۽ رشتي جو دٻاءُ,ڇا ڪجهه خاندان جي ميمبرن سان وقت گذارڻ کان پوء جذباتي طور تي خشڪ محسوس ڪرڻ عام آهي؟,ڪن مخصوص مائٽن سان مليل بعد جذباتي طور خالي محسوس ٿئي، اهو ٿيندو آهي ڇا؟,auto_ok,genuine reword - needs native-speaker review
v753,376,ذهني صحت ۽ جذباتي ڀلائي,خانداني ۽ رشتي جو دٻاءُ,ڇا خاندان جي ميمبرن سان حدون مقرر ڪري تعلقات جي دٻاء کي بهتر بڻائي ٿو؟,خاندان سان حدون مقرر ڪرڻ سان تعلقات جو دٻاءُ گھٽجي ٿو ڇا؟,auto_ok,genuine reword - needs native-speaker review
v754,376,ذهني صحت ۽ جذباتي ڀلائي,خانداني ۽ رشتي جو دٻاءُ,ڇا خاندان جي ميمبرن سان حدون مقرر ڪري تعلقات جي دٻاء کي بهتر بڻائي ٿو؟,گھروارن کي واضح حد ٻڌائڻ سان رشتي جو ٽينشن گھٽ ٿئي ٿو ڇا؟,auto_ok,genuine reword - needs native-speaker review
v755,377,ذهني صحت ۽ جذباتي ڀلائي,خانداني ۽ رشتي جو دٻاءُ,جوڙو ڪيئن صحتمند طريقي سان اختلافن کان دٻاءُ جو انتظام ڪري سگھن ٿا؟,جوڙو صحتمند طريقي سان اختلافن جو دٻاءُ ڪيئن سنڀالي؟,auto_ok,genuine reword - needs native-speaker review
v756,377,ذهني صحت ۽ جذباتي ڀلائي,خانداني ۽ رشتي جو دٻاءُ,جوڙو ڪيئن صحتمند طريقي سان اختلافن کان دٻاءُ جو انتظام ڪري سگھن ٿا؟,میاں بيوي پنهنجي جھڳڙي جو ٽينشن سٺي طريقي سان ڪيئن حل ڪن؟,auto_ok,genuine reword - needs native-speaker review
v757,378,ذهني صحت ۽ جذباتي ڀلائي,خانداني ۽ رشتي جو دٻاءُ,ڇا اهو عام آهي مالي دٻاءُ خانداني رشتن کي متاثر ڪرڻ لاءِ؟,مالي دٻاءُ خانداني رشتن کي متاثر ڪري ٿو ڇا؟,auto_ok,genuine reword - needs native-speaker review
v758,378,ذهني صحت ۽ جذباتي ڀلائي,خانداني ۽ رشتي جو دٻاءُ,ڇا اهو عام آهي مالي دٻاءُ خانداني رشتن کي متاثر ڪرڻ لاءِ؟,پئسي جي مسئلي ڪري گھر جا رشتا خراب ٿين ٿا ڇا؟,auto_ok,genuine reword - needs native-speaker review
v759,379,ذهني صحت ۽ جذباتي ڀلائي,خانداني ۽ رشتي جو دٻاءُ,ڇا ڀائيوارن جي وچ ۾ والدين جي مختلف اندازن کي جاري دٻاء پيدا ڪري سگھي ٿو؟,ٻن ڀائيوارن ۾ والدين ڪرڻ جو مختلف انداز مسلسل دٻاءُ پيدا ڪري ٿو ڇا؟,auto_ok,genuine reword - needs native-speaker review
v760,379,ذهني صحت ۽ جذباتي ڀلائي,خانداني ۽ رشتي جو دٻاءُ,ڇا ڀائيوارن جي وچ ۾ والدين جي مختلف اندازن کي جاري دٻاء پيدا ڪري سگھي ٿو؟,ٻارن جي پرورش تي میاں بيوي جي راءِ مختلف هجي ته ٽينشن رهي ٿو ڇا؟,auto_ok,genuine reword - needs native-speaker review
v761,380,ذهني صحت ۽ جذباتي ڀلائي,خانداني ۽ رشتي جو دٻاءُ,ڪنهن عمر جي والدين جي پرواهه ڪرڻ کان دٻاءُ کي ڪيئن منهن ڏئي سگهي ٿو؟,پوڙهي والدين جي سنڀال جو دٻاءُ ڪيئن منهن ڏجي؟,auto_ok,genuine reword - needs native-speaker review
v762,380,ذهني صحت ۽ جذباتي ڀلائي,خانداني ۽ رشتي جو دٻاءُ,ڪنهن عمر جي والدين جي پرواهه ڪرڻ کان دٻاءُ کي ڪيئن منهن ڏئي سگهي ٿو؟,بزرگ ماءُ پيءُ جي خيال رکڻ وارو ٽينشن ڪيئن سنڀاليو وڃي؟,auto_ok,genuine reword - needs native-speaker review
v763,381,ذهني صحت ۽ جذباتي ڀلائي,خانداني ۽ رشتي جو دٻاءُ,ڇا گھر جي ٻين ميمبرن جي وچ ۾ تڪرار دوران وچ ۾ پکڙيل محسوس ڪرڻ عام آھي؟,گھر جي ٻين ميمبرن جي جھڳڙي ۾ وچ ۾ ڦاسي وڃڻ عام آهي ڇا؟,auto_ok,genuine reword - needs native-speaker review
v764,381,ذهني صحت ۽ جذباتي ڀلائي,خانداني ۽ رشتي جو دٻاءُ,ڇا گھر جي ٻين ميمبرن جي وچ ۾ تڪرار دوران وچ ۾ پکڙيل محسوس ڪرڻ عام آھي؟,ٻن مائٽن جي تڪرار ۾ وچ ۾ اچي وڃڻ جو احساس ٿئي ٿو ڇا؟,auto_ok,genuine reword - needs native-speaker review
v765,382,ذهني صحت ۽ جذباتي ڀلائي,خانداني ۽ رشتي جو دٻاءُ,ڇا جاري خانداني تڪرار وقت سان گڏ هڪ شخص جي ذهني صحت کي متاثر ڪري سگهي ٿو؟,جاري خانداني تڪرار ذهني صحت کي وقت سان متاثر ڪري ٿو ڇا؟,auto_ok,genuine reword - needs native-speaker review
v766,382,ذهني صحت ۽ جذباتي ڀلائي,خانداني ۽ رشتي جو دٻاءُ,ڇا جاري خانداني تڪرار وقت سان گڏ هڪ شخص جي ذهني صحت کي متاثر ڪري سگهي ٿو؟,گھر ۾ مسلسل جھڳڙو ذهني صحت خراب ڪري ٿو ڇا؟,auto_ok,genuine reword - needs native-speaker review
v767,383,ذهني صحت ۽ جذباتي ڀلائي,خانداني ۽ رشتي جو دٻاءُ,سسرن سان اختلافن کي سنڀالڻ جو هڪ صحتمند طريقو ڪهڙو آهي؟,سسرن سان اختلافن کي صحتمند طريقي سان ڪيئن سنڀاليو وڃي؟,auto_ok,genuine reword - needs native-speaker review
v768,383,ذهني صحت ۽ جذباتي ڀلائي,خانداني ۽ رشتي جو دٻاءُ,سسرن سان اختلافن کي سنڀالڻ جو هڪ صحتمند طريقو ڪهڙو آهي؟,sasural وارن سان مسئلا ٿين ته انهن کي سٺي طريقي سان ڪيئن حل ڪجي؟,auto_ok,genuine reword - needs native-speaker review
v769,384,ذهني صحت ۽ جذباتي ڀلائي,خانداني ۽ رشتي جو دٻاءُ,ڪو ماڻهو ڪيئن خانداني گڏجاڻين يا موڪلن تي دٻاءُ گهٽائي سگهي ٿو؟,خانداني ملاقاتن يا موڪلن تي دٻاءُ ڪيئن گھٽائجي؟,auto_ok,genuine reword - needs native-speaker review
v770,384,ذهني صحت ۽ جذباتي ڀلائي,خانداني ۽ رشتي جو دٻاءُ,ڪو ماڻهو ڪيئن خانداني گڏجاڻين يا موڪلن تي دٻاءُ گهٽائي سگهي ٿو؟,خاندان جي پروگرام يا عيد تي ٽينشن ڪيئن گھٽ ڪجي؟,auto_ok,genuine reword - needs native-speaker review
v771,385,ذهني صحت ۽ جذباتي ڀلائي,خانداني ۽ رشتي جو دٻاءُ,ڇا اهو عام طور تي دٻاء محسوس ڪرڻ آهي جڏهن خاندان جي ذميوارين کي ذاتي ضرورتن سان متوازن ڪيو وڃي؟,خانداني ذميوارين ۽ ذاتي ضرورتن جو توازن ڏکيو محسوس ٿيڻ عام آهي ڇا؟,auto_ok,genuine reword - needs native-speaker review
v772,385,ذهني صحت ۽ جذباتي ڀلائي,خانداني ۽ رشتي جو دٻاءُ,ڇا اهو عام طور تي دٻاء محسوس ڪرڻ آهي جڏهن خاندان جي ذميوارين کي ذاتي ضرورتن سان متوازن ڪيو وڃي؟,گھر جي ذميداري ۽ پنهنجي ضرورتن ۾ توازن رکڻ مشڪل لڳي ٿو ڇا؟,auto_ok,genuine reword - needs native-speaker review
v773,386,ذهني صحت ۽ جذباتي ڀلائي,خانداني ۽ رشتي جو دٻاءُ,ڇا خانداني علاج جاري رشتي جي دٻاء سان مدد ڪري سگھي ٿي؟,خانداني علاج (family therapy) جاري رشتي جي دٻاءُ ۾ مدد ڪري ٿو ڇا؟,auto_ok,genuine reword - needs native-speaker review
v774,386,ذهني صحت ۽ جذباتي ڀلائي,خانداني ۽ رشتي جو دٻاءُ,ڇا خانداني علاج جاري رشتي جي دٻاء سان مدد ڪري سگھي ٿي؟,family counseling سان گھر جو ٽينشن گھٽجي ٿو ڇا؟,auto_ok,genuine reword - needs native-speaker review
v775,387,ذهني صحت ۽ جذباتي ڀلائي,خانداني ۽ رشتي جو دٻاءُ,ڇا ڀائرن جي وچ ۾ حسد يا مقابلو خاندان جي دٻاء جو هڪ عام ذريعو آهي؟,ڀائرن ۾ حسد يا مقابلو خانداني دٻاءُ جو عام ذريعو آهي ڇا؟,auto_ok,genuine reword - needs native-speaker review
v776,387,ذهني صحت ۽ جذباتي ڀلائي,خانداني ۽ رشتي جو دٻاءُ,ڇا ڀائرن جي وچ ۾ حسد يا مقابلو خاندان جي دٻاء جو هڪ عام ذريعو آهي؟,ڀائرن جي وچ ۾ رقابت گھر ۾ ٽينشن پيدا ڪري ٿي ڇا؟,auto_ok,genuine reword - needs native-speaker review
v777,388,ذهني صحت ۽ جذباتي ڀلائي,خانداني ۽ رشتي جو دٻاءُ,ڪو ماڻهو ڪيئن دٻاء سان منهن ڏئي سگهي ٿو والدين سان سخت رشتي کان؟,والدين سان سخت رشتي جو دٻاءُ ڪيئن منهن ڏجي؟,auto_ok,genuine reword - needs native-speaker review
v778,388,ذهني صحت ۽ جذباتي ڀلائي,خانداني ۽ رشتي جو دٻاءُ,ڪو ماڻهو ڪيئن دٻاء سان منهن ڏئي سگهي ٿو والدين سان سخت رشتي کان؟,ماءُ پيءُ سان تعلق ڏکيو هجي ته ان جو ٽينشن ڪيئن سنڀاليو وڃي؟,auto_ok,genuine reword - needs native-speaker review
v779,389,ذهني صحت ۽ جذباتي ڀلائي,خانداني ۽ رشتي جو دٻاءُ,ڇا ثقافتي يا نسلي فرق خاندانن ۾ دٻاءُ پيدا ڪري سگھن ٿا؟,ثقافتي يا نسلي فرق خاندان ۾ دٻاءُ پيدا ڪري سگهن ٿا ڇا؟,auto_ok,genuine reword - needs native-speaker review
v780,389,ذهني صحت ۽ جذباتي ڀلائي,خانداني ۽ رشتي جو دٻاءُ,ڇا ثقافتي يا نسلي فرق خاندانن ۾ دٻاءُ پيدا ڪري سگھن ٿا؟,مختلف ثقافت هجڻ سبب گھر ۾ ٽينشن ٿئي ٿو ڇا؟,auto_ok,genuine reword - needs native-speaker review
v781,390,ذهني صحت ۽ جذباتي ڀلائي,خانداني ۽ رشتي جو دٻاءُ,ڇا خاندان سان حدون قائم ڪرڻ بابت مجرم محسوس ڪرڻ عام آهي؟,خاندان سان حد مقرر ڪرڻ تي مجرم محسوس ٿيڻ عام آهي ڇا؟,auto_ok,genuine reword - needs native-speaker review
v782,390,ذهني صحت ۽ جذباتي ڀلائي,خانداني ۽ رشتي جو دٻاءُ,ڇا خاندان سان حدون قائم ڪرڻ بابت مجرم محسوس ڪرڻ عام آهي؟,مائٽن کي 'نه' چوڻ تي دل تي ڏوهه محسوس ٿئي ٿو ڇا؟,auto_ok,genuine reword - needs native-speaker review
v783,391,ذهني صحت ۽ جذباتي ڀلائي,خانداني ۽ رشتي جو دٻاءُ,ڪيئن جاري ازدواجي يا پارٽنر تڪرار گھر ۾ ٻارن کي متاثر ڪري ٿو؟,ازدواجي تڪرار ٻارن کي گھر ۾ ڪيئن متاثر ڪري ٿو؟,auto_ok,genuine reword - needs native-speaker review
v784,391,ذهني صحت ۽ جذباتي ڀلائي,خانداني ۽ رشتي جو دٻاءُ,ڪيئن جاري ازدواجي يا پارٽنر تڪرار گھر ۾ ٻارن کي متاثر ڪري ٿو؟,میاں بيوي جو جھڳڙو ٻارن جي ذهن تي ڪهڙو اثر وجهي ٿو؟,auto_ok,genuine reword - needs native-speaker review
v785,392,ذهني صحت ۽ جذباتي ڀلائي,خانداني ۽ رشتي جو دٻاءُ,ڇا فعال ٻڌڻ جي مشق ڪرڻ سان خانداني رشتي جي دٻاءُ کي بهتر بڻائي سگھجي ٿو؟,فعال ٻڌڻ (active listening) سان خانداني رشتي جو دٻاءُ گھٽ ٿئي ٿو ڇا؟,auto_ok,genuine reword - needs native-speaker review
v786,392,ذهني صحت ۽ جذباتي ڀلائي,خانداني ۽ رشتي جو دٻاءُ,ڇا فعال ٻڌڻ جي مشق ڪرڻ سان خانداني رشتي جي دٻاءُ کي بهتر بڻائي سگھجي ٿو؟,غور سان ٻڌڻ گھر جي ٽينشن گھٽائڻ ۾ مدد ڏئي ٿو ڇا؟,auto_ok,genuine reword - needs native-speaker review
v787,393,ذهني صحت ۽ جذباتي ڀلائي,خانداني ۽ رشتي جو دٻاءُ,ڇا هڪ مشڪل طلاق يا علحدگيء جو دٻاء آهي جيڪو عام طور تي وقت سان آسان ٿئي ٿو؟,مشڪل طلاق يا علحدگي جو دٻاءُ وقت سان آسان ٿي ويندو آهي ڇا؟,auto_ok,genuine reword - needs native-speaker review
v788,393,ذهني صحت ۽ جذباتي ڀلائي,خانداني ۽ رشتي جو دٻاءُ,ڇا هڪ مشڪل طلاق يا علحدگيء جو دٻاء آهي جيڪو عام طور تي وقت سان آسان ٿئي ٿو؟,ڏکيو divorce ٿيڻ بعد ٽينشن گھٽجي ويندو آهي ڇا؟,auto_ok,genuine reword - needs native-speaker review
v789,394,ذهني صحت ۽ جذباتي ڀلائي,خانداني ۽ رشتي جو دٻاءُ,ڇا گهر ۾ گڏيل ذميوارين جي کوٽ سبب رشتي جي دٻاءُ جو سبب بڻجي سگهي ٿي؟,گھر جي ذميداري ۾ گڏيل حصو نه هجڻ سبب رشتي جو دٻاءُ ٿئي ٿو ڇا؟,auto_ok,genuine reword - needs native-speaker review
v790,394,ذهني صحت ۽ جذباتي ڀلائي,خانداني ۽ رشتي جو دٻاءُ,ڇا گهر ۾ گڏيل ذميوارين جي کوٽ سبب رشتي جي دٻاءُ جو سبب بڻجي سگهي ٿي؟,ڪم ورهائڻ نه ٿيڻ ڪري گھر ۾ ٽينشن رهي ٿو ڇا؟,auto_ok,genuine reword - needs native-speaker review
v791,395,ذهني صحت ۽ جذباتي ڀلائي,خانداني ۽ رشتي جو دٻاءُ,ڪو ماڻهو ڪيئن هڪ پارٽنر يا ڪٽنب جي ميمبر سان ساڳئي مسئلي بابت بار بار دليلن کي حل ڪري سگهي ٿو؟,ساڳئي مسئلي تي بار بار ٿيندڙ جھڳڙو ڪيئن حل ڪجي؟,auto_ok,genuine reword - needs native-speaker review
v792,395,ذهني صحت ۽ جذباتي ڀلائي,خانداني ۽ رشتي جو دٻاءُ,ڪو ماڻهو ڪيئن هڪ پارٽنر يا ڪٽنب جي ميمبر سان ساڳئي مسئلي بابت بار بار دليلن کي حل ڪري سگهي ٿو؟,پارٽنر يا مائٽ سان هڪ ئي ڳالھ تي وري وري جھڳڙو ڪيئن ختم ڪجي؟,auto_ok,genuine reword - needs native-speaker review
v793,396,ذهني صحت ۽ جذباتي ڀلائي,خانداني ۽ رشتي جو دٻاءُ,ڇا اهو عام آهي ته دٻاءُ وڌائڻ لاءِ وڏي خاندان جي منتقلي جي دوران جيئن حرڪت يا نئين ٻار؟,گھر جي وڏي تبديلي (نقل مڪاني يا نئون ٻار) دٻاءُ وڌائي ٿي ڇا؟,auto_ok,genuine reword - needs native-speaker review
v794,396,ذهني صحت ۽ جذباتي ڀلائي,خانداني ۽ رشتي جو دٻاءُ,ڇا اهو عام آهي ته دٻاءُ وڌائڻ لاءِ وڏي خاندان جي منتقلي جي دوران جيئن حرڪت يا نئين ٻار؟,گھر بدلائڻ يا نئون ٻار اچڻ سبب ٽينشن وڌي ٿو ڇا؟,auto_ok,genuine reword - needs native-speaker review
v795,397,ذهني صحت ۽ جذباتي ڀلائي,خانداني ۽ رشتي جو دٻاءُ,ڇا غير حل ٿيل ننڍپڻ جي خانداني متحرڪات بالغن جي رشتي کي متاثر ڪري سگھن ٿا؟,ننڍپڻ جا حل نه ٿيل خانداني مسئلا وڏي عمر ۾ رشتن کي متاثر ڪن ٿا ڇا؟,auto_ok,genuine reword - needs native-speaker review
v796,397,ذهني صحت ۽ جذباتي ڀلائي,خانداني ۽ رشتي جو دٻاءُ,ڇا غير حل ٿيل ننڍپڻ جي خانداني متحرڪات بالغن جي رشتي کي متاثر ڪري سگھن ٿا؟,پراڻا گھريلو مسئلا وڏي ٿيڻ بعد به رشتي تي اثر وجهن ٿا ڇا؟,auto_ok,genuine reword - needs native-speaker review
v797,398,ذهني صحت ۽ جذباتي ڀلائي,خانداني ۽ رشتي جو دٻاءُ,ڪو ماڻهو ڪيئن خاندان جي ميمبر جي مدد ڪري سگهي ٿو جيڪو پاڻ تي دٻاءُ کڻڻ کان سواءِ دٻاءُ وارو آهي؟,پريشان خانداني فرد جي مدد پاڻ تي بار وجهڻ کان سواءِ ڪيئن ڪجي؟,auto_ok,genuine reword - needs native-speaker review
v798,398,ذهني صحت ۽ جذباتي ڀلائي,خانداني ۽ رشتي جو دٻاءُ,ڪو ماڻهو ڪيئن خاندان جي ميمبر جي مدد ڪري سگهي ٿو جيڪو پاڻ تي دٻاءُ کڻڻ کان سواءِ دٻاءُ وارو آهي؟,گھر واري جي ٽينشن ۾ مدد ڪجي پر پاڻ به متاثر نه ٿجي، ڪيئن؟,auto_ok,genuine reword - needs native-speaker review
v799,399,ذهني صحت ۽ جذباتي ڀلائي,خانداني ۽ رشتي جو دٻاءُ,ڇا ڏکيو خانداني تعلق ختم ٿيڻ کان پوءِ غم سان گڏ راحت محسوس ڪرڻ عام آهي؟,مشڪل خانداني رشتو ختم ٿيڻ بعد غم سان گڏ راحت محسوس ٿيڻ عام آهي ڇا؟,auto_ok,genuine reword - needs native-speaker review
v800,399,ذهني صحت ۽ جذباتي ڀلائي,خانداني ۽ رشتي جو دٻاءُ,ڇا ڏکيو خانداني تعلق ختم ٿيڻ کان پوءِ غم سان گڏ راحت محسوس ڪرڻ عام آهي؟,ڏکيو تعلق ختم ٿئي ته دک سان گڏ سُک به محسوس ٿئي ٿو ڇا؟,auto_ok,genuine reword - needs native-speaker review
v801,400,ذهني صحت ۽ جذباتي ڀلائي,خانداني ۽ رشتي جو دٻاءُ,ڇا خاندان جي ميمبرن جي وچ ۾ مالي اختلافن کي فعال طور تي خطاب ڪري سگهجي ٿو؟,خاندان جي ميمبرن ۾ مالي اختلاف کليل طور تي حل ٿي سگهن ٿا ڇا؟,auto_ok,genuine reword - needs native-speaker review
v802,400,ذهني صحت ۽ جذباتي ڀلائي,خانداني ۽ رشتي جو دٻاءُ,ڇا خاندان جي ميمبرن جي وچ ۾ مالي اختلافن کي فعال طور تي خطاب ڪري سگهجي ٿو؟,پئسي جو جھڳڙو گھر ۾ کلي ڳالهه ٻولھ سان حل ٿئي ٿو ڇا؟,auto_ok,genuine reword - needs native-speaker review
v803,401,ذهني صحت ۽ جذباتي ڀلائي,خانداني ۽ رشتي جو دٻاءُ,ڇا سخت خانداني تڪرار دوران وقت ڌار ڪرڻ صحتمند آهي؟,سخت خانداني تڪرار وقت پري ٿيڻ صحتمند آهي ڇا؟,auto_ok,genuine reword - needs native-speaker review
v804,401,ذهني صحت ۽ جذباتي ڀلائي,خانداني ۽ رشتي جو دٻاءُ,ڇا سخت خانداني تڪرار دوران وقت ڌار ڪرڻ صحتمند آهي؟,گھر ۾ وڏو جھڳڙو ٿئي ته ٿورو پري ٿيڻ ٺيڪ آهي ڇا؟,auto_ok,genuine reword - needs native-speaker review
v805,402,ذهني صحت ۽ جذباتي ڀلائي,خانداني ۽ رشتي جو دٻاءُ,ڇا زنا ۾ جاري ڀائر تڪرار مجموعي خاندان جي دٻاء کي متاثر ڪري سگھي ٿو؟,ننڍپڻ کان جاري ڀائرن جو تڪرار سڄي خاندان جي ٽينشن کي متاثر ڪري ٿو ڇا؟,auto_ok,genuine reword - needs native-speaker review
v806,402,ذهني صحت ۽ جذباتي ڀلائي,خانداني ۽ رشتي جو دٻاءُ,ڇا زنا ۾ جاري ڀائر تڪرار مجموعي خاندان جي دٻاء کي متاثر ڪري سگھي ٿو؟,ٻارن جي وقت جا ڀائرن سان جھڳڙا وڏي عمر ۾ به گھر ۾ ٽينشن پيدا ڪن ٿا ڇا؟,auto_ok,genuine reword - needs native-speaker review
v807,403,ذهني صحت ۽ جذباتي ڀلائي,سمهڻ ۽ ذهني صحتيابي,ننڊ ڪيئن ذهني صحت کي متاثر ڪري ٿي؟,ننڊ ذهني صحت تي ڪيئن اثر انداز ٿئي ٿي؟,auto_ok,genuine reword - needs native-speaker review
v808,403,ذهني صحت ۽ جذباتي ڀلائي,سمهڻ ۽ ذهني صحتيابي,ننڊ ڪيئن ذهني صحت کي متاثر ڪري ٿي؟,پوري ننڊ نه ملڻ سان ذهني صحت ڪيئن متاثر ٿئي ٿي؟,auto_ok,genuine reword - needs native-speaker review
v809,404,ذهني صحت ۽ جذباتي ڀلائي,سمهڻ ۽ ذهني صحتيابي,بالغن کي عام طور تي سٺي ذهني صحت لاءِ ڪيتري ننڊ جي ضرورت آهي؟,بالغن کي سٺي ذهني صحت لاءِ ڪيتري ننڊ گھرجي؟,auto_ok,genuine reword - needs native-speaker review
v810,404,ذهني صحت ۽ جذباتي ڀلائي,سمهڻ ۽ ذهني صحتيابي,بالغن کي عام طور تي سٺي ذهني صحت لاءِ ڪيتري ننڊ جي ضرورت آهي؟,وڏن ماڻهن لاءِ روزانو ڪيتريون ڪلاڪ ننڊ ضروري آهي؟,auto_ok,genuine reword - needs native-speaker review
v811,405,ذهني صحت ۽ جذباتي ڀلائي,سمهڻ ۽ ذهني صحتيابي,ڇا پريشاني سبب سمهڻ ۾ مشڪل ٿي سگهي ٿي؟,گھٻراهٽ سبب ننڊ ۾ مشڪل ٿي سگهي ٿي ڇا؟,auto_ok,genuine reword - needs native-speaker review
v812,405,ذهني صحت ۽ جذباتي ڀلائي,سمهڻ ۽ ذهني صحتيابي,ڇا پريشاني سبب سمهڻ ۾ مشڪل ٿي سگهي ٿي؟,anxiety سبب رات جو ننڊ نه اچي ته اهو عام آهي ڇا؟,auto_ok,genuine reword - needs native-speaker review
v813,406,ذهني صحت ۽ جذباتي ڀلائي,سمهڻ ۽ ذهني صحتيابي,ذهني صحت جي حوالي سان 'ننڊ جي صفائي' ڇا آهي؟,ذهني صحت جي حوالي سان 'sleep hygiene' ڇا آهي؟,auto_ok,genuine reword - needs native-speaker review
v814,406,ذهني صحت ۽ جذباتي ڀلائي,سمهڻ ۽ ذهني صحتيابي,ذهني صحت جي حوالي سان 'ننڊ جي صفائي' ڇا آهي؟,sleep hygiene جو مطلب ڪهڙو آهي؟,auto_ok,genuine reword - needs native-speaker review
v815,407,ذهني صحت ۽ جذباتي ڀلائي,سمهڻ ۽ ذهني صحتيابي,ڇا ننڊ جي کوٽ ڪنهن کي وڌيڪ جذباتي رد عمل بڻائي سگهي ٿي؟,ننڊ جي کوٽ ماڻهو کي وڌيڪ جذباتي بڻائي ٿي ڇا؟,auto_ok,genuine reword - needs native-speaker review
v816,407,ذهني صحت ۽ جذباتي ڀلائي,سمهڻ ۽ ذهني صحتيابي,ڇا ننڊ جي کوٽ ڪنهن کي وڌيڪ جذباتي رد عمل بڻائي سگهي ٿي؟,پوري ننڊ نه هجي ته جذبات وڌيڪ تيز ٿي وڃن ٿا ڇا؟,auto_ok,genuine reword - needs native-speaker review
v817,408,ذهني صحت ۽ جذباتي ڀلائي,سمهڻ ۽ ذهني صحتيابي,ڇا اهو عام آهي ته دٻاءُ سبب وشد يا پريشان ڪندڙ خواب؟,دٻاءُ سبب پريشان ڪندڙ خواب اچن، اهو عام آهي ڇا؟,auto_ok,genuine reword - needs native-speaker review
v818,408,ذهني صحت ۽ جذباتي ڀلائي,سمهڻ ۽ ذهني صحتيابي,ڇا اهو عام آهي ته دٻاءُ سبب وشد يا پريشان ڪندڙ خواب؟,ٽينشن جي وقت خراب خواب اچڻ معمول جي ڳالھ آهي ڇا؟,auto_ok,genuine reword - needs native-speaker review
v819,409,ذهني صحت ۽ جذباتي ڀلائي,سمهڻ ۽ ذهني صحتيابي,ڇا هڪ آرام واري سمهڻ جو معمول ننڊ کان اڳ هڪ پريشان ذهن کي پرسکون ڪرڻ ۾ مدد ڪري سگهي ٿو؟,سمهڻ کان اڳ آرام وارو معمول پريشان ذهن کي پُرسڪون ڪري ٿو ڇا؟,auto_ok,genuine reword - needs native-speaker review
v820,409,ذهني صحت ۽ جذباتي ڀلائي,سمهڻ ۽ ذهني صحتيابي,ڇا هڪ آرام واري سمهڻ جو معمول ننڊ کان اڳ هڪ پريشان ذهن کي پرسکون ڪرڻ ۾ مدد ڪري سگهي ٿو؟,بستري تي وڃڻ کان اڳ ٺيڪ معمول رکڻ سان دماغ آرام ٿئي ٿو ڇا؟,auto_ok,genuine reword - needs native-speaker review
v821,410,ذهني صحت ۽ جذباتي ڀلائي,سمهڻ ۽ ذهني صحتيابي,ڇا سمهڻ کان اڳ اسڪرين جو استعمال ننڊ ۾ خلل ذريعي ذهني صحت کي متاثر ڪري ٿو؟,سمهڻ کان اڳ اسڪرين استعمال ننڊ ذريعي ذهني صحت کي متاثر ڪري ٿو ڇا؟,auto_ok,genuine reword - needs native-speaker review
v822,410,ذهني صحت ۽ جذباتي ڀلائي,سمهڻ ۽ ذهني صحتيابي,ڇا سمهڻ کان اڳ اسڪرين جو استعمال ننڊ ۾ خلل ذريعي ذهني صحت کي متاثر ڪري ٿو؟,رات جو موبائل ڏسڻ سان ننڊ خراب ٿي ذهني صحت تي اثر پوي ٿو ڇا؟,auto_ok,genuine reword - needs native-speaker review
v823,411,ذهني صحت ۽ جذباتي ڀلائي,سمهڻ ۽ ذهني صحتيابي,ڇا رات جو جاڳندي پريشان ٿيڻ عام آهي جيتوڻيڪ ڏينهن ۾ عام طور تي پريشان نه هجي؟,رات جو جاڳي پريشان ٿيڻ، جيتوڻيڪ ڏينهن ۾ نه هجي، اهو عام آهي ڇا؟,auto_ok,genuine reword - needs native-speaker review
v824,411,ذهني صحت ۽ جذباتي ڀلائي,سمهڻ ۽ ذهني صحتيابي,ڇا رات جو جاڳندي پريشان ٿيڻ عام آهي جيتوڻيڪ ڏينهن ۾ عام طور تي پريشان نه هجي؟,رات جو اٿي فڪر ٿيڻ ڏينهن جي پريشاني کان الڳ ٿي سگهي ٿو ڇا؟,auto_ok,genuine reword - needs native-speaker review
v825,412,ذهني صحت ۽ جذباتي ڀلائي,سمهڻ ۽ ذهني صحتيابي,ڇا ننڊون مدد ڪري سگھن ٿيون يا ذهني صحت کي نقصان پهچائي سگھي ٿي؟,ننڊون (dreams) ذهني صحت کي مدد يا نقصان ڏئي سگهن ٿيون ڇا؟,auto_ok,genuine reword - needs native-speaker review
v826,412,ذهني صحت ۽ جذباتي ڀلائي,سمهڻ ۽ ذهني صحتيابي,ڇا ننڊون مدد ڪري سگھن ٿيون يا ذهني صحت کي نقصان پهچائي سگھي ٿي؟,خواب ذهني حالت تي ڪهڙو اثر وجهن ٿا؟,auto_ok,genuine reword - needs native-speaker review
v827,413,ذهني صحت ۽ جذباتي ڀلائي,سمهڻ ۽ ذهني صحتيابي,دائمي ننڊ جي محرومي ڊپريشن جي خطري سان ڪيئن تعلق رکي ٿي؟,دائمي ننڊ جي کوٽ ڊپريشن جي خطري سان ڪيئن جڙيل آهي؟,auto_ok,genuine reword - needs native-speaker review
v828,413,ذهني صحت ۽ جذباتي ڀلائي,سمهڻ ۽ ذهني صحتيابي,دائمي ننڊ جي محرومي ڊپريشن جي خطري سان ڪيئن تعلق رکي ٿي؟,گھڻي ماهواري کان ننڊ گھٽ هجي ته ڊپريشن جو خطرو وڌي ٿو ڇا؟,auto_ok,genuine reword - needs native-speaker review
v829,414,ذهني صحت ۽ جذباتي ڀلائي,سمهڻ ۽ ذهني صحتيابي,ڇا بستري کان اڳ آرام واري ٽيڪنڪ جي مشق ڪرڻ سان ننڊ ۽ مزاج ٻنهي کي بهتر بڻائي سگهجي ٿو؟,بستري کان اڳ آرام واريون ٽيڪنڪون ننڊ ۽ مزاج ٻنهي کي بهتر بڻائين ٿيون ڇا؟,auto_ok,genuine reword - needs native-speaker review
v830,414,ذهني صحت ۽ جذباتي ڀلائي,سمهڻ ۽ ذهني صحتيابي,ڇا بستري کان اڳ آرام واري ٽيڪنڪ جي مشق ڪرڻ سان ننڊ ۽ مزاج ٻنهي کي بهتر بڻائي سگهجي ٿو؟,سمهڻ کان اڳ relaxation سان ننڊ ۽ موڊ ٻئي بهتر ٿين ٿا ڇا؟,auto_ok,genuine reword - needs native-speaker review
v831,415,ذهني صحت ۽ جذباتي ڀلائي,سمهڻ ۽ ذهني صحتيابي,ڇا رات ۾ ڪيترائي ڀيرا جاڳڻ هميشه ذهني صحت جي مسئلي جي نشاني آهي؟,رات ۾ ڪيترائي ڀيرا جاڳڻ هميشه ذهني صحت جي مسئلي جي نشاني آهي ڇا؟,auto_ok,genuine reword - needs native-speaker review
v832,415,ذهني صحت ۽ جذباتي ڀلائي,سمهڻ ۽ ذهني صحتيابي,ڇا رات ۾ ڪيترائي ڀيرا جاڳڻ هميشه ذهني صحت جي مسئلي جي نشاني آهي؟,بار بار رات جو اٿڻ سدائين ڪنهن بيماري جي علامت آهي ڇا؟,auto_ok,genuine reword - needs native-speaker review
v833,416,ذهني صحت ۽ جذباتي ڀلائي,سمهڻ ۽ ذهني صحتيابي,ڇا ڪيفين ڏينهن ۾ دير سان ننڊ ۽ ذهني صحت کي متاثر ڪري سگهي ٿي؟,ڏينهن ۾ دير سان ڪافي پيئڻ ننڊ ۽ ذهني صحت کي متاثر ڪري ٿي ڇا؟,auto_ok,genuine reword - needs native-speaker review
v834,416,ذهني صحت ۽ جذباتي ڀلائي,سمهڻ ۽ ذهني صحتيابي,ڇا ڪيفين ڏينهن ۾ دير سان ننڊ ۽ ذهني صحت کي متاثر ڪري سگهي ٿي؟,شام جو ڪافي پيئڻ رات جي ننڊ خراب ڪري ٿو ڇا؟,auto_ok,genuine reword - needs native-speaker review
v835,417,ذهني صحت ۽ جذباتي ڀلائي,سمهڻ ۽ ذهني صحتيابي,ڇا اهو عام آهي دٻاءَ ۽ پريشاني لاءِ سمهڻ کان اڳ خراب محسوس ٿيڻ؟,دٻاءُ ۽ ٽينشن سبب سمهڻ کان اڳ خراب محسوس ٿيڻ عام آهي ڇا؟,auto_ok,genuine reword - needs native-speaker review
v836,417,ذهني صحت ۽ جذباتي ڀلائي,سمهڻ ۽ ذهني صحتيابي,ڇا اهو عام آهي دٻاءَ ۽ پريشاني لاءِ سمهڻ کان اڳ خراب محسوس ٿيڻ؟,رات جو بستري تي پريشاني وڌي وڃي، اهو معمول جي ڳالھ آهي ڇا؟,auto_ok,genuine reword - needs native-speaker review
v837,418,ذهني صحت ۽ جذباتي ڀلائي,سمهڻ ۽ ذهني صحتيابي,ڇا مسلسل جاڳڻ جا وقت، هفتي جي آخر ۾ به، ذهني تندرستي ۾ مدد ڪري سگھن ٿا؟,هفتي جي آخر ۾ به هڪجهڙو سمهڻ جاڳڻ جو وقت ذهني تندرستي ۾ مدد ڪري ٿو ڇا؟,auto_ok,genuine reword - needs native-speaker review
v838,418,ذهني صحت ۽ جذباتي ڀلائي,سمهڻ ۽ ذهني صحتيابي,ڇا مسلسل جاڳڻ جا وقت، هفتي جي آخر ۾ به، ذهني تندرستي ۾ مدد ڪري سگھن ٿا؟,ڇٽيءَ ۾ به روزانو جو ننڊ جو وقت رکڻ فائديمند آهي ڇا؟,auto_ok,genuine reword - needs native-speaker review
v839,419,ذهني صحت ۽ جذباتي ڀلائي,سمهڻ ۽ ذهني صحتيابي,ڇا ڏينهن ۾ ورزش ننڊ کي بهتر بڻائي ٿي ۽، موڙ ۾، ذهني خوشحالي؟,ڏينهن جي ورزش ننڊ ۽ ذهني خوشحالي ٻنهي کي بهتر بڻائي ٿي ڇا؟,auto_ok,genuine reword - needs native-speaker review
v840,419,ذهني صحت ۽ جذباتي ڀلائي,سمهڻ ۽ ذهني صحتيابي,ڇا ڏينهن ۾ ورزش ننڊ کي بهتر بڻائي ٿي ۽، موڙ ۾، ذهني خوشحالي؟,صبح جي ڪسرت سان رات جي ننڊ ۽ مزاج بهتر ٿين ٿا ڇا؟,auto_ok,genuine reword - needs native-speaker review
v841,420,ذهني صحت ۽ جذباتي ڀلائي,سمهڻ ۽ ذهني صحتيابي,ڇا غريب ننڊ جي ھڪڙي رات کان پوء گھٽ مزاج محسوس ڪرڻ عام آھي؟,هڪ رات خراب ننڊ بعد گھٽ موڊ محسوس ڪرڻ عام آهي ڇا؟,auto_ok,genuine reword - needs native-speaker review
v842,420,ذهني صحت ۽ جذباتي ڀلائي,سمهڻ ۽ ذهني صحتيابي,ڇا غريب ننڊ جي ھڪڙي رات کان پوء گھٽ مزاج محسوس ڪرڻ عام آھي؟,رات ٺيڪ ننڊ نه اچي ته اڳين ڏينهن مزاج خراب رهي ٿو ڇا؟,auto_ok,genuine reword - needs native-speaker review
v843,421,ذهني صحت ۽ جذباتي ڀلائي,سمهڻ ۽ ذهني صحتيابي,ڇا بستري کان اڳ جرنلنگ ننڊ لاءِ پريشان ذهن کي خاموش ڪرڻ ۾ مدد ڪري سگهي ٿي؟,سمهڻ کان اڳ جرنلنگ پريشان ذهن کي خاموش ڪرڻ ۾ مدد ڏئي ٿي ڇا؟,auto_ok,genuine reword - needs native-speaker review
v844,421,ذهني صحت ۽ جذباتي ڀلائي,سمهڻ ۽ ذهني صحتيابي,ڇا بستري کان اڳ جرنلنگ ننڊ لاءِ پريشان ذهن کي خاموش ڪرڻ ۾ مدد ڪري سگهي ٿي؟,رات جو لکڻ سان دماغ جي بيچيني گھٽ ٿئي ٿي ڇا؟,auto_ok,genuine reword - needs native-speaker review
v845,422,ذهني صحت ۽ جذباتي ڀلائي,سمهڻ ۽ ذهني صحتيابي,ڪيئن هڪ غير منظم ننڊ شيڊول وقت تي موڊ کي متاثر ڪري ٿو؟,بي ترتيب ننڊ جو شيڊول موڊ کي ڪيئن متاثر ڪري ٿو؟,auto_ok,genuine reword - needs native-speaker review
v846,422,ذهني صحت ۽ جذباتي ڀلائي,سمهڻ ۽ ذهني صحتيابي,ڪيئن هڪ غير منظم ننڊ شيڊول وقت تي موڊ کي متاثر ڪري ٿو؟,روزانو مختلف وقت تي سمهڻ سان مزاج تي ڇا اثر پوي ٿو؟,auto_ok,genuine reword - needs native-speaker review
v847,423,ذهني صحت ۽ جذباتي ڀلائي,سمهڻ ۽ ذهني صحتيابي,ڇا اهو عام ماڻهن لاءِ آهي جيڪي اعليٰ دٻاءُ وارا نوڪريون ننڊ سان وڌيڪ جدوجهد ڪن؟,گھڻي دٻاءُ واري نوڪري وارا ماڻهو ننڊ سان وڌيڪ جدوجهد ڪن ٿا ڇا؟,auto_ok,genuine reword - needs native-speaker review
v848,423,ذهني صحت ۽ جذباتي ڀلائي,سمهڻ ۽ ذهني صحتيابي,ڇا اهو عام ماڻهن لاءِ آهي جيڪي اعليٰ دٻاءُ وارا نوڪريون ننڊ سان وڌيڪ جدوجهد ڪن؟,زياده ٽينشن واري نوڪري هجي ته ننڊ ايندي ئي نه، اهو عام آهي ڇا؟,auto_ok,genuine reword - needs native-speaker review
v849,424,ذهني صحت ۽ جذباتي ڀلائي,سمهڻ ۽ ذهني صحتيابي,ڇا هڪ اونداهو، ٿڌو، ۽ خاموش بيڊ روم جو ماحول ننڊ ذريعي بهتر ذهني صحت جي حمايت ڪري سگهي ٿو؟,اونداهو، ٿڌو ۽ خاموش ڪمرو ننڊ ذريعي ذهني صحت جي مدد ڪري ٿو ڇا؟,auto_ok,genuine reword - needs native-speaker review
v850,424,ذهني صحت ۽ جذباتي ڀلائي,سمهڻ ۽ ذهني صحتيابي,ڇا هڪ اونداهو، ٿڌو، ۽ خاموش بيڊ روم جو ماحول ننڊ ذريعي بهتر ذهني صحت جي حمايت ڪري سگهي ٿو؟,ٺيڪ ماحول وارو ڪمرو سٺي ننڊ ۽ ذهني صحت ۾ مدد ڏئي ٿو ڇا؟,auto_ok,genuine reword - needs native-speaker review
v851,425,ذهني صحت ۽ جذباتي ڀلائي,سمهڻ ۽ ذهني صحتيابي,ڇا اهو عام آهي ننڊ جي ضرورتن کي تبديل ڪرڻ جي زندگي جي خاص طور تي دٻاء واري دور ۾؟,زندگي جي ڏکئي وقت ۾ ننڊ جون ضرورتون بدلجن ٿيون ڇا؟,auto_ok,genuine reword - needs native-speaker review
v852,425,ذهني صحت ۽ جذباتي ڀلائي,سمهڻ ۽ ذهني صحتيابي,ڇا اهو عام آهي ننڊ جي ضرورتن کي تبديل ڪرڻ جي زندگي جي خاص طور تي دٻاء واري دور ۾؟,ٽينشن واري دور ۾ ننڊ گھٽ يا وڌ گھرجي ٿي ڇا؟,auto_ok,genuine reword - needs native-speaker review
v853,426,ذهني صحت ۽ جذباتي ڀلائي,سمهڻ ۽ ذهني صحتيابي,ڇا غريب ننڊ خاندان يا ڪم جي رشتن ۾ چڙهائي خراب ڪري سگهي ٿي؟,خراب ننڊ خاندان يا ڪم جي رشتن ۾ چڙهائي وڌائي ٿي ڇا؟,auto_ok,genuine reword - needs native-speaker review
v854,426,ذهني صحت ۽ جذباتي ڀلائي,سمهڻ ۽ ذهني صحتيابي,ڇا غريب ننڊ خاندان يا ڪم جي رشتن ۾ چڙهائي خراب ڪري سگهي ٿي؟,پوري ننڊ نه ملڻ سبب گھر يا نوڪري تي غصو وڌي ٿو ڇا؟,auto_ok,genuine reword - needs native-speaker review
v855,427,ذهني صحت ۽ جذباتي ڀلائي,سمهڻ ۽ ذهني صحتيابي,ڇا اهو مددگار آهي ننڊ جي باري ۾ پريشان ٿيڻ کي محدود ڪرڻ جڏهن سمهڻ جي ڪوشش ڪري رهيا آهيو؟,سمهڻ جي ڪوشش دوران ننڊ بابت پريشان ٿيڻ گھٽ ڪجي، ان جو ڪو فائدو آهي ڇا؟,auto_ok,genuine reword - needs native-speaker review
v856,427,ذهني صحت ۽ جذباتي ڀلائي,سمهڻ ۽ ذهني صحتيابي,ڇا اهو مددگار آهي ننڊ جي باري ۾ پريشان ٿيڻ کي محدود ڪرڻ جڏهن سمهڻ جي ڪوشش ڪري رهيا آهيو؟,ننڊ نٿي اچي، ان تي فڪر ڪرڻ گھٽ ڪجي ته ننڊ جلد اچي ٿي ڇا؟,auto_ok,genuine reword - needs native-speaker review
v857,428,ذهني صحت ۽ جذباتي ڀلائي,سمهڻ ۽ ذهني صحتيابي,ڇا بستري کان اڳ شراب ننڊ جي معيار ۽ ايندڙ ڏينهن جي موڊ کي متاثر ڪري سگھي ٿو؟,سمهڻ کان اڳ شراب ننڊ جي معيار ۽ ايندڙ ڏينهن جي موڊ تي اثر وجهي ٿو ڇا؟,auto_ok,genuine reword - needs native-speaker review
v858,428,ذهني صحت ۽ جذباتي ڀلائي,سمهڻ ۽ ذهني صحتيابي,ڇا بستري کان اڳ شراب ننڊ جي معيار ۽ ايندڙ ڏينهن جي موڊ کي متاثر ڪري سگھي ٿو؟,رات جو شراب پيئڻ سان ننڊ ۽ اڳين ڏينهن مزاج خراب ٿئي ٿو ڇا؟,auto_ok,genuine reword - needs native-speaker review
v859,429,ذهني صحت ۽ جذباتي ڀلائي,سمهڻ ۽ ذهني صحتيابي,ڇا غريب رات جي ننڊ کان پوءِ ٻرندڙ يا جذباتي طور تي فليٽ محسوس ڪرڻ عام آهي؟,خراب ننڊ کان پوءِ ٻرندڙ يا فليٽ محسوس ٿيڻ عام آهي ڇا؟,auto_ok,genuine reword - needs native-speaker review
v860,429,ذهني صحت ۽ جذباتي ڀلائي,سمهڻ ۽ ذهني صحتيابي,ڇا غريب رات جي ننڊ کان پوءِ ٻرندڙ يا جذباتي طور تي فليٽ محسوس ڪرڻ عام آهي؟,پوري ننڊ نه ملڻ سبب چڙچڙو يا سُست محسوس ٿيڻ معمول جي ڳالھ آهي ڇا؟,auto_ok,genuine reword - needs native-speaker review
v861,430,ذهني صحت ۽ جذباتي ڀلائي,سمهڻ ۽ ذهني صحتيابي,ڇا بستري کان اڳ شڪرگذاري يا مثبت عڪاسي ڪرڻ سان ننڊ ۽ مزاج ٻنهي جي مدد ڪري سگهجي ٿي؟,بستري کان اڳ شڪرگذاري يا مثبت سوچ ننڊ ۽ موڊ ٻنهي ۾ مدد ڏئي ٿي ڇا؟,auto_ok,genuine reword - needs native-speaker review
v862,430,ذهني صحت ۽ جذباتي ڀلائي,سمهڻ ۽ ذهني صحتيابي,ڇا بستري کان اڳ شڪرگذاري يا مثبت عڪاسي ڪرڻ سان ننڊ ۽ مزاج ٻنهي جي مدد ڪري سگهجي ٿي؟,رات جو گڏجاڻي مثبت خيال سوچڻ سان ننڊ بهتر ٿئي ٿي ڇا؟,auto_ok,genuine reword - needs native-speaker review
v863,431,ذهني صحت ۽ جذباتي ڀلائي,سمهڻ ۽ ذهني صحتيابي,ڇا ننڊ جي نمونن لاءِ عمر سان تبديل ٿيڻ ۽ ذهني تندرستي کي مختلف طرح متاثر ڪرڻ عام آهي؟,عمر سان ننڊ جا نمونا بدلجن ٿا ۽ ذهني تندرستي کي مختلف طرح متاثر ڪن ٿا ڇا؟,auto_ok,genuine reword - needs native-speaker review
v864,431,ذهني صحت ۽ جذباتي ڀلائي,سمهڻ ۽ ذهني صحتيابي,ڇا ننڊ جي نمونن لاءِ عمر سان تبديل ٿيڻ ۽ ذهني تندرستي کي مختلف طرح متاثر ڪرڻ عام آهي؟,وڏي عمر ۾ ننڊ جو نمونو بدلجي ذهني صحت تي مختلف اثر وجهي ٿو ڇا؟,auto_ok,genuine reword - needs native-speaker review
v865,432,ذهني صحت ۽ جذباتي ڀلائي,سمهڻ ۽ ذهني صحتيابي,موڊ تي اثر انداز ٿيندڙ ننڊ جي مسئلن کي ڪڏهن پروفيسر سان بحث ڪيو وڃي؟,موڊ تي اثر وجهندڙ ننڊ جا مسئلا ڪڏهن پروفيسر سان بحث ڪجن؟,auto_ok,genuine reword - needs native-speaker review
v866,432,ذهني صحت ۽ جذباتي ڀلائي,سمهڻ ۽ ذهني صحتيابي,موڊ تي اثر انداز ٿيندڙ ننڊ جي مسئلن کي ڪڏهن پروفيسر سان بحث ڪيو وڃي؟,ننڊ جي مسئلي سبب مزاج خراب هجي ته ڪڏهن ڊاڪٽر ڏانهن وڃجي؟,auto_ok,genuine reword - needs native-speaker review
v867,433,ذهني صحت ۽ جذباتي ڀلائي,جڏهن ۽ ڪيئن مدد طلب ڪجي,جڏهن ڪنهن کي پيشه ور ذهني صحت جي مدد ڳولڻ تي غور ڪرڻ گهرجي؟,پروفيشنل ذهني صحت جي مدد ڪڏهن ضروري سمجهجي؟,auto_ok,genuine reword - needs native-speaker review
v868,433,ذهني صحت ۽ جذباتي ڀلائي,جڏهن ۽ ڪيئن مدد طلب ڪجي,جڏهن ڪنهن کي پيشه ور ذهني صحت جي مدد ڳولڻ تي غور ڪرڻ گهرجي؟,ماهر نفسيات ڏانهن ڪهڙي حالت ۾ وڃجي؟,auto_ok,genuine reword - needs native-speaker review
v869,434,ذهني صحت ۽ جذباتي ڀلائي,جڏهن ۽ ڪيئن مدد طلب ڪجي,ڪهڙي قسم جا پروفيسر ذهني صحت جي مدد فراهم ڪن ٿا؟,ذهني صحت جي مدد ڪهڙا پروفيشنل ڏين ٿا؟,auto_ok,genuine reword - needs native-speaker review
v870,434,ذهني صحت ۽ جذباتي ڀلائي,جڏهن ۽ ڪيئن مدد طلب ڪجي,ڪهڙي قسم جا پروفيسر ذهني صحت جي مدد فراهم ڪن ٿا؟,ذهني بيماري جي علاج لاءِ ڪهڙا ماهر موجود آهن؟,auto_ok,genuine reword - needs native-speaker review
v871,435,ذهني صحت ۽ جذباتي ڀلائي,جڏهن ۽ ڪيئن مدد طلب ڪجي,نفسيات جي ماهر ۽ نفسيات جي وچ ۾ ڇا فرق آهي؟,نفسيات جي ماهر (psychiatrist) ۽ نفسيات (psychologist) ۾ ڇا فرق آهي؟,auto_ok,genuine reword - needs native-speaker review
v872,435,ذهني صحت ۽ جذباتي ڀلائي,جڏهن ۽ ڪيئن مدد طلب ڪجي,نفسيات جي ماهر ۽ نفسيات جي وچ ۾ ڇا فرق آهي؟,روحاني علاج ڏيندڙ ٻنهي قسمن جي ماهرن ۾ ڇا فرق آهي؟,auto_ok,genuine reword - needs native-speaker review
v873,436,ذهني صحت ۽ جذباتي ڀلائي,جڏهن ۽ ڪيئن مدد طلب ڪجي,ڪو ماڻهو ڪيئن ڳولي سگهي ٿو ذهني صحت جو ماهر؟,ذهني صحت جو ماهر ڪيئن ڳوليو وڃي؟,auto_ok,genuine reword - needs native-speaker review
v874,436,ذهني صحت ۽ جذباتي ڀلائي,جڏهن ۽ ڪيئن مدد طلب ڪجي,ڪو ماڻهو ڪيئن ڳولي سگهي ٿو ذهني صحت جو ماهر؟,چڱو therapist ڳولڻ جو طريقو ڇا آهي؟,auto_ok,genuine reword - needs native-speaker review
v875,437,ذهني صحت ۽ جذباتي ڀلائي,جڏهن ۽ ڪيئن مدد طلب ڪجي,ڇا اهو عام آهي ته پهرين علاج جي سيشن بابت اعصاب محسوس ڪرڻ؟,پهرين علاج واري ملاقات کان اڳ اعصابي محسوس ٿيڻ عام آهي ڇا؟,auto_ok,genuine reword - needs native-speaker review
v876,437,ذهني صحت ۽ جذباتي ڀلائي,جڏهن ۽ ڪيئن مدد طلب ڪجي,ڇا اهو عام آهي ته پهرين علاج جي سيشن بابت اعصاب محسوس ڪرڻ؟,پهرين therapy session کان اڳ گھٻرائجي، اهو معمول جي ڳالھ آهي ڇا؟,auto_ok,genuine reword - needs native-speaker review
v877,438,ذهني صحت ۽ جذباتي ڀلائي,جڏهن ۽ ڪيئن مدد طلب ڪجي,سنجيدگي زندگي جي علاج (CBT) ڇا آهي؟,Cognitive Behavioral Therapy (CBT) ڇا آهي؟,auto_ok,genuine reword - needs native-speaker review
v878,438,ذهني صحت ۽ جذباتي ڀلائي,جڏهن ۽ ڪيئن مدد طلب ڪجي,سنجيدگي زندگي جي علاج (CBT) ڇا آهي؟,CBT جو مطلب ڪهڙو آهي؟,auto_ok,genuine reword - needs native-speaker review
v879,439,ذهني صحت ۽ جذباتي ڀلائي,جڏهن ۽ ڪيئن مدد طلب ڪجي,ڇا پرائمري سنڀاليندڙ ڊاڪٽر ذهني صحت جي خدشات سان مدد ڪري سگھن ٿا؟,عام ڊاڪٽر (family doctor) ذهني صحت جي مسئلن ۾ مدد ڪري سگهي ٿو ڇا؟,auto_ok,genuine reword - needs native-speaker review
v880,439,ذهني صحت ۽ جذباتي ڀلائي,جڏهن ۽ ڪيئن مدد طلب ڪجي,ڇا پرائمري سنڀاليندڙ ڊاڪٽر ذهني صحت جي خدشات سان مدد ڪري سگھن ٿا؟,primary care doctor ذهني صحت لاءِ به مدد ڏئي سگهي ٿو ڇا؟,auto_ok,genuine reword - needs native-speaker review
v881,440,ذهني صحت ۽ جذباتي ڀلائي,جڏهن ۽ ڪيئن مدد طلب ڪجي,اهو ڪيترو تڪڙو آهي مدد طلب ڪرڻ جي صورت ۾ جيڪڏهن ڪو ماڻهو پاڻ کي نقصان پهچائڻ يا خودڪشي جي سوچ ۾ هجي؟,خودڪشي جي خيال يا نقصان پهچائڻ جي سوچ هجي ته ڪيتري جلدي مدد وٺجي؟,auto_ok,genuine reword - needs native-speaker review
v882,440,ذهني صحت ۽ جذباتي ڀلائي,جڏهن ۽ ڪيئن مدد طلب ڪجي,اهو ڪيترو تڪڙو آهي مدد طلب ڪرڻ جي صورت ۾ جيڪڏهن ڪو ماڻهو پاڻ کي نقصان پهچائڻ يا خودڪشي جي سوچ ۾ هجي؟,پاڻ کي نقصان ڏيڻ جي سوچ اچي ته فوراً ڪهڙي مدد وٺجي؟,auto_ok,genuine reword - needs native-speaker review
v883,441,ذهني صحت ۽ جذباتي ڀلائي,جڏهن ۽ ڪيئن مدد طلب ڪجي,ڇا آن لائن يا ٽيلي هيلٿ تھراپي ھڪڙو مؤثر اختيار آھي؟,آن لائين يا ٽيلي هيلٿ therapy مؤثر آپشن آهي ڇا؟,auto_ok,genuine reword - needs native-speaker review
v884,441,ذهني صحت ۽ جذباتي ڀلائي,جڏهن ۽ ڪيئن مدد طلب ڪجي,ڇا آن لائن يا ٽيلي هيلٿ تھراپي ھڪڙو مؤثر اختيار آھي؟,فون يا وڊيو ذريعي علاج به فائديمند آهي ڇا؟,auto_ok,genuine reword - needs native-speaker review
v885,442,ذهني صحت ۽ جذباتي ڀلائي,جڏهن ۽ ڪيئن مدد طلب ڪجي,عام طور تي ڪيترو وقت وٺندو آهي علاج جي فائدن کي نوٽيس ڪرڻ ۾؟,علاج جو فائدو نظر اچڻ ۾ عام طور ڪيترو وقت لڳي ٿو؟,auto_ok,genuine reword - needs native-speaker review
v886,442,ذهني صحت ۽ جذباتي ڀلائي,جڏهن ۽ ڪيئن مدد طلب ڪجي,عام طور تي ڪيترو وقت وٺندو آهي علاج جي فائدن کي نوٽيس ڪرڻ ۾؟,therapy شروع ٿيڻ بعد ڪيترن هفتن ۾ فرق محسوس ٿئي ٿو؟,auto_ok,genuine reword - needs native-speaker review
v887,443,ذهني صحت ۽ جذباتي ڀلائي,جڏهن ۽ ڪيئن مدد طلب ڪجي,ڇا دوا هميشه پريشاني يا ڊپريشن جي علاج لاء ضروري آهي؟,گھٻراهٽ يا ڊپريشن جي علاج ۾ دوا هميشه ضروري آهي ڇا؟,auto_ok,genuine reword - needs native-speaker review
v888,443,ذهني صحت ۽ جذباتي ڀلائي,جڏهن ۽ ڪيئن مدد طلب ڪجي,ڇا دوا هميشه پريشاني يا ڊپريشن جي علاج لاء ضروري آهي؟,anxiety يا depression لاءِ دوا کائڻ لازمي آهي ڇا؟,auto_ok,genuine reword - needs native-speaker review
v889,444,ذهني صحت ۽ جذباتي ڀلائي,جڏهن ۽ ڪيئن مدد طلب ڪجي,ڇا اسڪول يا ڪم ڪار جي جڳه تي صلاح مشوري جون خدمتون مدد طلب ڪرڻ لاءِ هڪ سٺو پهريون قدم ٿي سگهي ٿو؟,اسڪول يا نوڪريءَ جي جڳھ تي مشوري خدمتون مدد وٺڻ لاءِ سٺو پهريون قدم آهي ڇا؟,auto_ok,genuine reword - needs native-speaker review
v890,444,ذهني صحت ۽ جذباتي ڀلائي,جڏهن ۽ ڪيئن مدد طلب ڪجي,ڇا اسڪول يا ڪم ڪار جي جڳه تي صلاح مشوري جون خدمتون مدد طلب ڪرڻ لاءِ هڪ سٺو پهريون قدم ٿي سگهي ٿو؟,ادارن ۾ موجود counseling سان شروعات ڪرڻ سٺو خيال آهي ڇا؟,auto_ok,genuine reword - needs native-speaker review
v891,445,ذهني صحت ۽ جذباتي ڀلائي,جڏهن ۽ ڪيئن مدد طلب ڪجي,ڇا اهو عام آهي ته هڪ کان وڌيڪ طبيب جي ڪوشش ڪرڻ کان پهريان هڪ سٺو فٽ ڳولڻ؟,صحيح ماهر ڳولڻ کان اڳ ڪيترن ئي ڊاڪٽرن سان ڪوشش ڪرڻ عام آهي ڇا؟,auto_ok,genuine reword - needs native-speaker review
v892,445,ذهني صحت ۽ جذباتي ڀلائي,جڏهن ۽ ڪيئن مدد طلب ڪجي,ڇا اهو عام آهي ته هڪ کان وڌيڪ طبيب جي ڪوشش ڪرڻ کان پهريان هڪ سٺو فٽ ڳولڻ؟,پنهنجي مطابق therapist ملڻ کان اڳ ڪيترائي بدلائجن، اهو معمول جي ڳالھ آهي ڇا؟,auto_ok,genuine reword - needs native-speaker review
v893,446,ذهني صحت ۽ جذباتي ڀلائي,جڏهن ۽ ڪيئن مدد طلب ڪجي,ذهني صحت جي پيشه ور جي ڳولا ۾ ڪو ماڻهو ڪهڙا سوال پڇي سگهي ٿو؟,ذهني صحت جو ماهر ڳولڻ وقت ڪهڙا سوال پڇجن؟,auto_ok,genuine reword - needs native-speaker review
v894,446,ذهني صحت ۽ جذباتي ڀلائي,جڏهن ۽ ڪيئن مدد طلب ڪجي,ذهني صحت جي پيشه ور جي ڳولا ۾ ڪو ماڻهو ڪهڙا سوال پڇي سگهي ٿو؟,چڱو therapist چونڊڻ لاءِ کانئس ڪهڙيون شيون پڇجن؟,auto_ok,genuine reword - needs native-speaker review
v895,447,ذهني صحت ۽ جذباتي ڀلائي,جڏهن ۽ ڪيئن مدد طلب ڪجي,ڇا هڪ ذهني صحت جو پروفيسر سيشن بابت رازداري برقرار رکي سگهي ٿو؟,ذهني صحت جو ماهر سيشن جي رازداري رکي ٿو ڇا؟,auto_ok,genuine reword - needs native-speaker review
v896,447,ذهني صحت ۽ جذباتي ڀلائي,جڏهن ۽ ڪيئن مدد طلب ڪجي,ڇا هڪ ذهني صحت جو پروفيسر سيشن بابت رازداري برقرار رکي سگهي ٿو؟,therapist سان ڪيل ڳالهيون خفيه رهنديون آهن ڇا؟,auto_ok,genuine reword - needs native-speaker review
v897,448,ذهني صحت ۽ جذباتي ڀلائي,جڏهن ۽ ڪيئن مدد طلب ڪجي,ڇا گروپ تھراپي ڪجھ ذهني صحت جي خدشات لاء ھڪڙو مؤثر اختيار آھي؟,ڪجهه ذهني صحت جي مسئلن لاءِ گروپ ٿراپي مؤثر آپشن آهي ڇا؟,auto_ok,genuine reword - needs native-speaker review
v898,448,ذهني صحت ۽ جذباتي ڀلائي,جڏهن ۽ ڪيئن مدد طلب ڪجي,ڇا گروپ تھراپي ڪجھ ذهني صحت جي خدشات لاء ھڪڙو مؤثر اختيار آھي؟,group therapy ڪجهه حالتن ۾ فائديمند آهي ڇا؟,auto_ok,genuine reword - needs native-speaker review
v899,449,ذهني صحت ۽ جذباتي ڀلائي,جڏهن ۽ ڪيئن مدد طلب ڪجي,ذهني صحت جي مدد حاصل ڪرڻ ۾ ڪو ماڻهو ڪيئن دوست يا ڪٽنب جي ميمبر جي مدد ڪري سگهي ٿو؟,دوست يا خاندان جي ميمبر کي ذهني صحت جي مدد وٺڻ ۾ ڪيئن مدد ڪجي؟,auto_ok,genuine reword - needs native-speaker review
v900,449,ذهني صحت ۽ جذباتي ڀلائي,جڏهن ۽ ڪيئن مدد طلب ڪجي,ذهني صحت جي مدد حاصل ڪرڻ ۾ ڪو ماڻهو ڪيئن دوست يا ڪٽنب جي ميمبر جي مدد ڪري سگهي ٿو؟,ڪنهن پيارن کي علاج لاءِ اماده ڪرڻ ڪيئن ڪجي؟,auto_ok,genuine reword - needs native-speaker review
v901,450,ذهني صحت ۽ جذباتي ڀلائي,جڏهن ۽ ڪيئن مدد طلب ڪجي,ڇا اهو ضروري آهي ته علاج ڳولڻ کان اڳ هڪ سخت مسئلو آهي؟,علاج ڳولڻ کان اڳ سخت مسئلو هجڻ ضروري آهي ڇا؟,auto_ok,genuine reword - needs native-speaker review
v902,450,ذهني صحت ۽ جذباتي ڀلائي,جڏهن ۽ ڪيئن مدد طلب ڪجي,ڇا اهو ضروري آهي ته علاج ڳولڻ کان اڳ هڪ سخت مسئلو آهي؟,بغير وڏي مسئلي جي به therapy وٺي سگهجي ٿي ڇا؟,auto_ok,genuine reword - needs native-speaker review
v903,451,ذهني صحت ۽ جذباتي ڀلائي,جڏهن ۽ ڪيئن مدد طلب ڪجي,پهرين ذهني صحت جي تشخيص دوران ڪنهن کي ڪهڙي اميد رکڻ گهرجي؟,پهرين ذهني صحت جي تشخيص دوران ڪهڙي اميد رکجي؟,auto_ok,genuine reword - needs native-speaker review
v904,451,ذهني صحت ۽ جذباتي ڀلائي,جڏهن ۽ ڪيئن مدد طلب ڪجي,پهرين ذهني صحت جي تشخيص دوران ڪنهن کي ڪهڙي اميد رکڻ گهرجي؟,پهرين مانسک ارزیابی وقت ڇا توقع رکجي؟,auto_ok,genuine reword - needs native-speaker review
v905,452,ذهني صحت ۽ جذباتي ڀلائي,جڏهن ۽ ڪيئن مدد طلب ڪجي,ڇا قيمت ذهني صحت جي مدد حاصل ڪرڻ ۾ رڪاوٽ ٿي سگهي ٿي، ۽ اتي گهٽ قيمت جا اختيار آهن؟,قيمت ذهني صحت جي مدد حاصل ڪرڻ ۾ رڪاوٽ آهي ڇا، ۽ ڇا سستا آپشن موجود آهن؟,auto_ok,genuine reword - needs native-speaker review
v906,452,ذهني صحت ۽ جذباتي ڀلائي,جڏهن ۽ ڪيئن مدد طلب ڪجي,ڇا قيمت ذهني صحت جي مدد حاصل ڪرڻ ۾ رڪاوٽ ٿي سگهي ٿي، ۽ اتي گهٽ قيمت جا اختيار آهن؟,علاج جو خرچ رڪاوٽ بڻجي ته گھٽ خرچ وارا طريقا ڪهڙا آهن؟,auto_ok,genuine reword - needs native-speaker review
v907,453,ذهني صحت ۽ جذباتي ڀلائي,جڏهن ۽ ڪيئن مدد طلب ڪجي,ڇا اهو مناسب آهي ته ڪنهن خاص زندگي جي واقعي سان لاڳاپيل دٻاء لاء مدد طلب ڪرڻ، جهڙوڪ نوڪري جي نقصان؟,نوڪري وڃائجڻ جهڙي خاص زندگي جي واقعي لاءِ مدد وٺڻ مناسب آهي ڇا؟,auto_ok,genuine reword - needs native-speaker review
v908,453,ذهني صحت ۽ جذباتي ڀلائي,جڏهن ۽ ڪيئن مدد طلب ڪجي,ڇا اهو مناسب آهي ته ڪنهن خاص زندگي جي واقعي سان لاڳاپيل دٻاء لاء مدد طلب ڪرڻ، جهڙوڪ نوڪري جي نقصان؟,ڪنهن خاص صدمي وقت به علاج وٺڻ ٺيڪ آهي ڇا؟,auto_ok,genuine reword - needs native-speaker review
v909,454,ذهني صحت ۽ جذباتي ڀلائي,جڏهن ۽ ڪيئن مدد طلب ڪجي,ذهني صحت جي بحران واري لائن ڇا آهي ۽ ان کي ڪڏهن استعمال ڪيو وڃي؟,ذهني صحت جي بحران واري لائين (crisis line) ڇا آهي ۽ ڪڏهن استعمال ڪجي؟,auto_ok,genuine reword - needs native-speaker review
v910,454,ذهني صحت ۽ جذباتي ڀلائي,جڏهن ۽ ڪيئن مدد طلب ڪجي,ذهني صحت جي بحران واري لائن ڇا آهي ۽ ان کي ڪڏهن استعمال ڪيو وڃي؟,mental health helpline ڪهڙي حالت ۾ فون ڪجي؟,auto_ok,genuine reword - needs native-speaker review
v911,455,ذهني صحت ۽ جذباتي ڀلائي,جڏهن ۽ ڪيئن مدد طلب ڪجي,ڇا ڪو ماڻهو ذهني صحت جي مدد حاصل ڪري سگهي ٿو جيتوڻيڪ اهي يقين نه آهن ته ڇا غلط آهي؟,ڪو ماڻهو مدد وٺي سگهي ٿو جيتوڻيڪ ڄاڻي نه ته مسئلو ڪهڙو آهي؟,auto_ok,genuine reword - needs native-speaker review
v912,455,ذهني صحت ۽ جذباتي ڀلائي,جڏهن ۽ ڪيئن مدد طلب ڪجي,ڇا ڪو ماڻهو ذهني صحت جي مدد حاصل ڪري سگهي ٿو جيتوڻيڪ اهي يقين نه آهن ته ڇا غلط آهي؟,پاڻ کي خبر نه هجي ته ڇا خراب آهي، پوءِ به therapy وٺي سگهجي ٿي ڇا؟,auto_ok,genuine reword - needs native-speaker review
v913,456,ذهني صحت ۽ جذباتي ڀلائي,جڏهن ۽ ڪيئن مدد طلب ڪجي,ڇا اھو عام آھي ماڻھن لاءِ بھتر محسوس ڪرڻ کان پوءِ صرف پنھنجي جدوجهد بابت ڪنھن سان ڳالھائڻ کان پوءِ، ان کان اڳ جو رسمي علاج شروع ٿئي؟,رسمي علاج شروع ٿيڻ کان اڳ صرف ڪنهن سان ڳالهائڻ سان ئي بهتر محسوس ٿيڻ عام آهي ڇا؟,auto_ok,genuine reword - needs native-speaker review
v914,456,ذهني صحت ۽ جذباتي ڀلائي,جڏهن ۽ ڪيئن مدد طلب ڪجي,ڇا اھو عام آھي ماڻھن لاءِ بھتر محسوس ڪرڻ کان پوءِ صرف پنھنجي جدوجهد بابت ڪنھن سان ڳالھائڻ کان پوءِ، ان کان اڳ جو رسمي علاج شروع ٿئي؟,علاج شروع ٿيڻ کان اڳ ئي دل جي ڳالھ ونڊڻ سان آرام اچي ٿو ڇا؟,auto_ok,genuine reword - needs native-speaker review
v915,457,ذهني صحت ۽ جذباتي ڀلائي,جڏهن ۽ ڪيئن مدد طلب ڪجي,ڪو ڪيئن اندازو لڳائي سگھي ٿو ته ڇا انهن جو دٻاء هڪ تشخيصي حالت بڻجي چڪو آهي جهڙوڪ پريشاني خرابي؟,پنهنجو دٻاءُ ڪڏهن ڪنهن تشخيصي حالت (جهڙوڪ anxiety disorder) بڻجي ويو، اهو ڪيئن اندازو لڳائجي؟,auto_ok,genuine reword - needs native-speaker review
v916,457,ذهني صحت ۽ جذباتي ڀلائي,جڏهن ۽ ڪيئن مدد طلب ڪجي,ڪو ڪيئن اندازو لڳائي سگھي ٿو ته ڇا انهن جو دٻاء هڪ تشخيصي حالت بڻجي چڪو آهي جهڙوڪ پريشاني خرابي؟,عام ٽينشن ڪڏهن حقيقي بيماري بڻجي، ان جي پرک ڪيئن ڪجي؟,auto_ok,genuine reword - needs native-speaker review
v917,458,ذهني صحت ۽ جذباتي ڀلائي,جڏهن ۽ ڪيئن مدد طلب ڪجي,ڇا اهو ٺيڪ آهي ذهني صحت جي مدد حاصل ڪرڻ لاءِ صرف بهتر نموني جي صلاحيتن کي ٺاهڻ لاءِ، بغير ڪنهن موجوده مسئلي جي؟,بغير ڪنهن موجوده مسئلي جي به رڳو صلاحيتون ٺاهڻ لاءِ therapy وٺڻ ٺيڪ آهي ڇا؟,auto_ok,genuine reword - needs native-speaker review
v918,458,ذهني صحت ۽ جذباتي ڀلائي,جڏهن ۽ ڪيئن مدد طلب ڪجي,ڇا اهو ٺيڪ آهي ذهني صحت جي مدد حاصل ڪرڻ لاءِ صرف بهتر نموني جي صلاحيتن کي ٺاهڻ لاءِ، بغير ڪنهن موجوده مسئلي جي؟,ڪو تڪليف نه هجي، پوءِ به علاج وٺي سگهجي ٿو ڇا؟,auto_ok,genuine reword - needs native-speaker review
v919,459,ذهني صحت ۽ جذباتي ڀلائي,جڏهن ۽ ڪيئن مدد طلب ڪجي,پيشه ورانه علاج سان گڏ سپورٽ گروپ ڪهڙو ڪردار ادا ڪن ٿا؟,پروفيشنل علاج سان گڏ سپورٽ گروپ ڪهڙو ڪردار ادا ڪن ٿا؟,auto_ok,genuine reword - needs native-speaker review
v920,459,ذهني صحت ۽ جذباتي ڀلائي,جڏهن ۽ ڪيئن مدد طلب ڪجي,پيشه ورانه علاج سان گڏ سپورٽ گروپ ڪهڙو ڪردار ادا ڪن ٿا؟,علاج سان گڏ سپورٽ گروپ جي ڀرپور مدد ڇا ٿئي ٿي؟,auto_ok,genuine reword - needs native-speaker review
v921,460,ذهني صحت ۽ جذباتي ڀلائي,جڏهن ۽ ڪيئن مدد طلب ڪجي,ڇا ڪم جي جڳه تي دٻاء هڪ صحيح سبب ٿي سگهي ٿو پروفيسر ذهني صحت جي مدد حاصل ڪرڻ لاء؟,ڪم جي جڳھ جو دٻاءُ پروفيشنل مدد وٺڻ جو صحيح سبب آهي ڇا؟,auto_ok,genuine reword - needs native-speaker review
v922,460,ذهني صحت ۽ جذباتي ڀلائي,جڏهن ۽ ڪيئن مدد طلب ڪجي,ڇا ڪم جي جڳه تي دٻاء هڪ صحيح سبب ٿي سگهي ٿو پروفيسر ذهني صحت جي مدد حاصل ڪرڻ لاء؟,نوڪري جو ٽينشن therapist وٽ وڃڻ لاءِ ڪافي وجہ آهي ڇا؟,auto_ok,genuine reword - needs native-speaker review
v923,461,ذهني صحت ۽ جذباتي ڀلائي,جڏهن ۽ ڪيئن مدد طلب ڪجي,ڇا علاج شروع ڪرڻ لاء 'صحيح وقت' آهي، يا اهو ڪنهن به وقت شروع ڪري سگهجي ٿو؟,علاج شروع ڪرڻ لاءِ ڪو 'صحيح وقت' آهي؟,auto_ok,genuine reword - needs native-speaker review
v924,461,ذهني صحت ۽ جذباتي ڀلائي,جڏهن ۽ ڪيئن مدد طلب ڪجي,ڇا علاج شروع ڪرڻ لاء 'صحيح وقت' آهي، يا اهو ڪنهن به وقت شروع ڪري سگهجي ٿو؟,therapy ڪنهن به وقت شروع ڪري سگهجي ٿي ڇا؟,auto_ok,genuine reword - needs native-speaker review
v925,462,ذهني صحت ۽ جذباتي ڀلائي,جڏهن ۽ ڪيئن مدد طلب ڪجي,ڪو ماڻهو ڪيئن تيار ڪري سگھي ٿو پنھنجي پھرين علاج واري سيشن لاءِ ان مان گھڻو فائدو حاصل ڪرڻ لاءِ؟,پهرين علاج واري سيشن مان گھڻو فائدو حاصل ڪرڻ لاءِ ڪيئن تيار ٿجي؟,auto_ok,genuine reword - needs native-speaker review
v926,462,ذهني صحت ۽ جذباتي ڀلائي,جڏهن ۽ ڪيئن مدد طلب ڪجي,ڪو ماڻهو ڪيئن تيار ڪري سگھي ٿو پنھنجي پھرين علاج واري سيشن لاءِ ان مان گھڻو فائدو حاصل ڪرڻ لاءِ؟,پهرين therapy session ۾ ڇا تياري ڪري وڃجي؟,auto_ok,genuine reword - needs native-speaker review
v927,463,ذهني صحت ۽ جذباتي ڀلائي,جڏهن ۽ ڪيئن مدد طلب ڪجي,ڇا اهو ضروري آهي ته علاج جاري رکڻ لاء اڻڄاتل هڪ ڀيرو شروع ڪيو وڃي؟,علاج جاري رکڻ لاءِ ڪا هڪ خاص مقرر ٿيل مدت آهي ڇا؟,auto_ok,genuine reword - needs native-speaker review
v928,463,ذهني صحت ۽ جذباتي ڀلائي,جڏهن ۽ ڪيئن مدد طلب ڪجي,ڇا اهو ضروري آهي ته علاج جاري رکڻ لاء اڻڄاتل هڪ ڀيرو شروع ڪيو وڃي؟,therapy ڪيترو وقت هلائجي، ان جي ڪا مقرر حد آهي ڇا؟,auto_ok,genuine reword - needs native-speaker review
v929,464,ذهني صحت ۽ جذباتي ڀلائي,ذهني صحت بابت اسٽيگما ۽ ڳالهائڻ,ذهني صحت جي داغ ڇا آهي؟,ذهني صحت جي داغ (stigma) ڇا آهي؟,auto_ok,genuine reword - needs native-speaker review
v930,464,ذهني صحت ۽ جذباتي ڀلائي,ذهني صحت بابت اسٽيگما ۽ ڳالهائڻ,ذهني صحت جي داغ ڇا آهي؟,mental health stigma جو مطلب ڪهڙو آهي؟,auto_ok,genuine reword - needs native-speaker review
v931,465,ذهني صحت ۽ جذباتي ڀلائي,ذهني صحت بابت اسٽيگما ۽ ڳالهائڻ,ڪيترين ئي برادرين ۾ ذهني صحت جي چوڌاري داغ اڃا تائين ڇو موجود آهي؟,ڪيترين ئي برادرين ۾ ذهني صحت جو داغ اڃا ڇو موجود آهي؟,auto_ok,genuine reword - needs native-speaker review
v932,465,ذهني صحت ۽ جذباتي ڀلائي,ذهني صحت بابت اسٽيگما ۽ ڳالهائڻ,ڪيترين ئي برادرين ۾ ذهني صحت جي چوڌاري داغ اڃا تائين ڇو موجود آهي؟,معاشري ۾ ذهني بيماري بابت شرم ابھی تائين ڇو رهي ٿو؟,auto_ok,genuine reword - needs native-speaker review
v933,466,ذهني صحت ۽ جذباتي ڀلائي,ذهني صحت بابت اسٽيگما ۽ ڳالهائڻ,ڇا اسٽيگما ماڻهن کي ذهني صحت جو علاج ڳولڻ کان روڪي سگهي ٿو؟,اسٽگما ماڻهن کي ذهني صحت جو علاج وٺڻ کان روڪي سگهي ٿو ڇا؟,auto_ok,genuine reword - needs native-speaker review
v934,466,ذهني صحت ۽ جذباتي ڀلائي,ذهني صحت بابت اسٽيگما ۽ ڳالهائڻ,ڇا اسٽيگما ماڻهن کي ذهني صحت جو علاج ڳولڻ کان روڪي سگهي ٿو؟,بدنامي جي ڊپ سبب ماڻهو علاج نٿا وٺن ڇا؟,auto_ok,genuine reword - needs native-speaker review
v935,467,ذهني صحت ۽ جذباتي ڀلائي,ذهني صحت بابت اسٽيگما ۽ ڳالهائڻ,ذهني صحت جي باري ۾ پڌرو ڳالهائڻ ڪيئن بدنامي کي گهٽائڻ ۾ مدد ڪري سگهي ٿو؟,کليل ڳالھ ٻولھ سان ذهني صحت جو داغ گھٽ ٿي سگهي ٿو ڇا؟,auto_ok,genuine reword - needs native-speaker review
v936,467,ذهني صحت ۽ جذباتي ڀلائي,ذهني صحت بابت اسٽيگما ۽ ڳالهائڻ,ذهني صحت جي باري ۾ پڌرو ڳالهائڻ ڪيئن بدنامي کي گهٽائڻ ۾ مدد ڪري سگهي ٿو؟,کلي ذهني صحت تي ڳالهائڻ سان بدنامي گھٽجي ٿي ڇا؟,auto_ok,genuine reword - needs native-speaker review
v937,468,ذهني صحت ۽ جذباتي ڀلائي,ذهني صحت بابت اسٽيگما ۽ ڳالهائڻ,ڇا اهو عام طور تي مردن لاءِ عام طور تي جذباتي جدوجهد جي اظهار جي چوڌاري داغ کي منهن ڏيڻ آهي؟,مردن کي جذباتي جدوجهد ظاهر ڪرڻ ۾ خاص طور تي داغ جو منهن ڏيڻو پوي ٿو ڇا؟,auto_ok,genuine reword - needs native-speaker review
v938,468,ذهني صحت ۽ جذباتي ڀلائي,ذهني صحت بابت اسٽيگما ۽ ڳالهائڻ,ڇا اهو عام طور تي مردن لاءِ عام طور تي جذباتي جدوجهد جي اظهار جي چوڌاري داغ کي منهن ڏيڻ آهي؟,پرين مردن لاءِ پنهنجو دک ظاهر ڪرڻ وڌيڪ شرم جي ڳالھ آهي ڇا؟,auto_ok,genuine reword - needs native-speaker review
v939,469,ذهني صحت ۽ جذباتي ڀلائي,ذهني صحت بابت اسٽيگما ۽ ڳالهائڻ,ڇا ڪم جي جڳهه ڪلچر ذهني صحت جي داغ ۾ مدد ڪري سگهي ٿي؟,ڪم جي جڳھ جو ڪلچر ذهني صحت جي بدنامي ۾ مدد ڏئي ٿو ڇا؟,auto_ok,genuine reword - needs native-speaker review
v940,469,ذهني صحت ۽ جذباتي ڀلائي,ذهني صحت بابت اسٽيگما ۽ ڳالهائڻ,ڇا ڪم جي جڳهه ڪلچر ذهني صحت جي داغ ۾ مدد ڪري سگهي ٿي؟,نوڪري وارو ماحول mental health stigma وڌائي سگهي ٿو ڇا؟,auto_ok,genuine reword - needs native-speaker review
v941,470,ذهني صحت ۽ جذباتي ڀلائي,ذهني صحت بابت اسٽيگما ۽ ڳالهائڻ,ذهني صحت جي حوالي سان 'خود-داغ' ڇا آهي؟,ذهني صحت جي حوالي سان 'خود-داغ' (self-stigma) ڇا آهي؟,auto_ok,genuine reword - needs native-speaker review
v942,470,ذهني صحت ۽ جذباتي ڀلائي,ذهني صحت بابت اسٽيگما ۽ ڳالهائڻ,ذهني صحت جي حوالي سان 'خود-داغ' ڇا آهي؟,پاڻ کي پاڻ ئي بدنام سمجهڻ کي ڇا چئبو آهي؟,auto_ok,genuine reword - needs native-speaker review
v943,471,ذهني صحت ۽ جذباتي ڀلائي,ذهني صحت بابت اسٽيگما ۽ ڳالهائڻ,اسڪول ڪيئن مدد ڪري سگھن ٿا نوجوانن ۾ ذهني صحت جي داغ کي گهٽائڻ ۾؟,اسڪول نوجوانن ۾ ذهني صحت جي بدنامي گھٽائڻ ۾ ڪيئن مدد ڪن ٿا؟,auto_ok,genuine reword - needs native-speaker review
v944,471,ذهني صحت ۽ جذباتي ڀلائي,ذهني صحت بابت اسٽيگما ۽ ڳالهائڻ,اسڪول ڪيئن مدد ڪري سگھن ٿا نوجوانن ۾ ذهني صحت جي داغ کي گهٽائڻ ۾؟,اسڪول اسٽيگما گھٽائڻ لاءِ ڇا ڪري سگهن ٿا؟,auto_ok,genuine reword - needs native-speaker review
v945,472,ذهني صحت ۽ جذباتي ڀلائي,ذهني صحت بابت اسٽيگما ۽ ڳالهائڻ,ڇا ٻولي جي چونڊ ذهني صحت جي داغ کي متاثر ڪري سگھي ٿي؟,استعمال ٿيندڙ لفظن جي چونڊ ذهني صحت جي بدنامي کي اثر انداز ڪري ٿي ڇا؟,auto_ok,genuine reword - needs native-speaker review
v946,472,ذهني صحت ۽ جذباتي ڀلائي,ذهني صحت بابت اسٽيگما ۽ ڳالهائڻ,ڇا ٻولي جي چونڊ ذهني صحت جي داغ کي متاثر ڪري سگھي ٿي؟,ٻولي ۾ لفظن جو استعمال stigma کي وڌ ٿا ڪري؟,auto_ok,genuine reword - needs native-speaker review
v947,473,ذهني صحت ۽ جذباتي ڀلائي,ذهني صحت بابت اسٽيگما ۽ ڳالهائڻ,ڇا ذهني صحت جي چوڌاري داغ مختلف ثقافتن ۾ مختلف آهي؟,ذهني صحت جو داغ مختلف ثقافتن ۾ مختلف آهي ڇا؟,auto_ok,genuine reword - needs native-speaker review
v948,473,ذهني صحت ۽ جذباتي ڀلائي,ذهني صحت بابت اسٽيگما ۽ ڳالهائڻ,ڇا ذهني صحت جي چوڌاري داغ مختلف ثقافتن ۾ مختلف آهي؟,هر معاشري ۾ mental health stigma هڪجهڙو آهي يا مختلف؟,auto_ok,genuine reword - needs native-speaker review
v949,474,ذهني صحت ۽ جذباتي ڀلائي,ذهني صحت بابت اسٽيگما ۽ ڳالهائڻ,جيڪڏهن ڪو دوست ذهني صحت جي جدوجهد کي حصيداري ڪري ٿو ته ڪو ماڻهو ڪيئن سهڪار سان جواب ڏئي سگهي ٿو؟,دوست پنهنجي ذهني صحت جي جدوجهد ونڊي ته ان جو سٺو جواب ڪيئن ڏجي؟,auto_ok,genuine reword - needs native-speaker review
v950,474,ذهني صحت ۽ جذباتي ڀلائي,ذهني صحت بابت اسٽيگما ۽ ڳالهائڻ,جيڪڏهن ڪو دوست ذهني صحت جي جدوجهد کي حصيداري ڪري ٿو ته ڪو ماڻهو ڪيئن سهڪار سان جواب ڏئي سگهي ٿو؟,ڪو دوست پنهنجو دک ٻڌائي ته ان کي ڪيئن سنڀاليو وڃي؟,auto_ok,genuine reword - needs native-speaker review
v951,475,ذهني صحت ۽ جذباتي ڀلائي,ذهني صحت بابت اسٽيگما ۽ ڳالهائڻ,ڇا عوامي شعور جون مهمون ذهني صحت جي داغ کي گهٽائڻ ۾ مدد ڪري سگھن ٿيون؟,عوامي شعور واريون مهمون ذهني صحت جي بدنامي گھٽائڻ ۾ مدد ڏين ٿيون ڇا؟,auto_ok,genuine reword - needs native-speaker review
v952,475,ذهني صحت ۽ جذباتي ڀلائي,ذهني صحت بابت اسٽيگما ۽ ڳالهائڻ,ڇا عوامي شعور جون مهمون ذهني صحت جي داغ کي گهٽائڻ ۾ مدد ڪري سگھن ٿيون؟,awareness campaigns سان stigma گھٽجي ٿو ڇا؟,auto_ok,genuine reword - needs native-speaker review
v953,476,ذهني صحت ۽ جذباتي ڀلائي,ذهني صحت بابت اسٽيگما ۽ ڳالهائڻ,ڇا اهو عام آهي ته ماڻهن جي ذهني صحت جي جدوجهد کي خاندان کان لڪائڻ لاء فيصلي جي خوف سبب؟,فيصلي جي ڊپ سبب ذهني صحت جي جدوجهد کي خاندان کان لڪائڻ عام آهي ڇا؟,auto_ok,genuine reword - needs native-speaker review
v954,476,ذهني صحت ۽ جذباتي ڀلائي,ذهني صحت بابت اسٽيگما ۽ ڳالهائڻ,ڇا اهو عام آهي ته ماڻهن جي ذهني صحت جي جدوجهد کي خاندان کان لڪائڻ لاء فيصلي جي خوف سبب؟,گھر وارن جو ڪهڙو سوچيندو ان ڊپ کان دک لڪائي رکجي، اهو ٿيندو آهي ڇا؟,auto_ok,genuine reword - needs native-speaker review
v955,477,ذهني صحت ۽ جذباتي ڀلائي,ذهني صحت بابت اسٽيگما ۽ ڳالهائڻ,اسٽيگما عالمي سطح تي ذهني صحت جي سنڀال تائين رسائي کي ڪيئن متاثر ڪري ٿو؟,اسٽگما عالمي سطح تي ذهني صحت جي سنڀال تائين رسائي کي ڪيئن متاثر ڪري ٿو؟,auto_ok,genuine reword - needs native-speaker review
v956,477,ذهني صحت ۽ جذباتي ڀلائي,ذهني صحت بابت اسٽيگما ۽ ڳالهائڻ,اسٽيگما عالمي سطح تي ذهني صحت جي سنڀال تائين رسائي کي ڪيئن متاثر ڪري ٿو؟,بدنامي دنيا ۾ ذهني علاج تائين پهچ کي ڪيئن گھٽ ڪري ٿي؟,auto_ok,genuine reword - needs native-speaker review
v957,478,ذهني صحت ۽ جذباتي ڀلائي,ذهني صحت بابت اسٽيگما ۽ ڳالهائڻ,ڇا عوامي شخصيت کي کليل طور تي بحث ڪرڻ سان انهن جي ذهني صحت جي جدوجهد کي داغ کي گهٽائڻ ۾ مدد ملندي؟,عوامي شخصيتون کليل طور تي پنهنجي ذهني صحت بابت ڳالهائين ته ان سان ڇا فائدو ٿئي ٿو؟,auto_ok,genuine reword - needs native-speaker review
v958,478,ذهني صحت ۽ جذباتي ڀلائي,ذهني صحت بابت اسٽيگما ۽ ڳالهائڻ,ڇا عوامي شخصيت کي کليل طور تي بحث ڪرڻ سان انهن جي ذهني صحت جي جدوجهد کي داغ کي گهٽائڻ ۾ مدد ملندي؟,مشهور ماڻهو پنهنجو دک کلي ٻڌائين ته stigma گھٽ ٿئي ٿي ڇا؟,auto_ok,genuine reword - needs native-speaker review
v959,479,ذهني صحت ۽ جذباتي ڀلائي,ذهني صحت بابت اسٽيگما ۽ ڳالهائڻ,ڇا ڪنهن کي پنهنجي ذهني صحت جي بنياد تي 'پاگل' يا 'غير مستحڪم' طور بيان ڪرڻ بدنامي آهي؟,ڪنهن کي ذهني صحت جي بنياد تي 'پاگل' چوڻ بدنامي آهي ڇا؟,auto_ok,genuine reword - needs native-speaker review
v960,479,ذهني صحت ۽ جذباتي ڀلائي,ذهني صحت بابت اسٽيگما ۽ ڳالهائڻ,ڇا ڪنهن کي پنهنجي ذهني صحت جي بنياد تي 'پاگل' يا 'غير مستحڪم' طور بيان ڪرڻ بدنامي آهي؟,ذهني بيماري وارن کي 'مجنون' سڏڻ غلط آهي ڇا؟,auto_ok,genuine reword - needs native-speaker review
v961,480,ذهني صحت ۽ جذباتي ڀلائي,ذهني صحت بابت اسٽيگما ۽ ڳالهائڻ,ڇا مذهبي يا ثقافتي عقيدا ڪڏهن ڪڏهن ذهني صحت جي داغ ۾ مدد ڪري سگھن ٿا؟,مذهبي يا ثقافتي عقيدا ذهني صحت جي بدنامي ۾ مدد ڪري سگهن ٿا ڇا؟,auto_ok,genuine reword - needs native-speaker review
v962,480,ذهني صحت ۽ جذباتي ڀلائي,ذهني صحت بابت اسٽيگما ۽ ڳالهائڻ,ڇا مذهبي يا ثقافتي عقيدا ڪڏهن ڪڏهن ذهني صحت جي داغ ۾ مدد ڪري سگھن ٿا؟,روايتون ۽ عقيدا mental health stigma وڌائي سگهن ٿا ڇا؟,auto_ok,genuine reword - needs native-speaker review
v963,481,ذهني صحت ۽ جذباتي ڀلائي,ذهني صحت بابت اسٽيگما ۽ ڳالهائڻ,ڪم ڪار جي جڳهون ڪيئن فعال طور تي ذهني صحت جي داغ کي گھٽائي سگهن ٿيون؟,ڪم جي جڳهون فعال طور تي ذهني صحت جو داغ ڪيئن گھٽائي سگهن ٿيون؟,auto_ok,genuine reword - needs native-speaker review
v964,481,ذهني صحت ۽ جذباتي ڀلائي,ذهني صحت بابت اسٽيگما ۽ ڳالهائڻ,ڪم ڪار جي جڳهون ڪيئن فعال طور تي ذهني صحت جي داغ کي گھٽائي سگهن ٿيون؟,نوڪري جا ادارا stigma گھٽائڻ لاءِ ڪهڙا قدم کڻي سگهن ٿا؟,auto_ok,genuine reword - needs native-speaker review
v965,482,ذهني صحت ۽ جذباتي ڀلائي,ذهني صحت بابت اسٽيگما ۽ ڳالهائڻ,ڇا نوجوانن کي ذهني صحت جي جدوجهد بابت والدين کي ٻڌائڻ کان روڪڻ لاءِ اسٽيگما عام آهي؟,نوجوانن ۾ والدين کي پنهنجي ذهني صحت جي جدوجهد ٻڌائڻ کان روڪيندڙ اسٽگما عام آهي ڇا؟,auto_ok,genuine reword - needs native-speaker review
v966,482,ذهني صحت ۽ جذباتي ڀلائي,ذهني صحت بابت اسٽيگما ۽ ڳالهائڻ,ڇا نوجوانن کي ذهني صحت جي جدوجهد بابت والدين کي ٻڌائڻ کان روڪڻ لاءِ اسٽيگما عام آهي؟,ٽينز پنهنجي مسئلن کي مائٽن کان لڪائين، اهو stigma سبب آهي ڇا؟,auto_ok,genuine reword - needs native-speaker review
v967,483,ذهني صحت ۽ جذباتي ڀلائي,ذهني صحت بابت اسٽيگما ۽ ڳالهائڻ,ڇا رات جي ماني جي ٽيبل تي يا آرامده گفتگو ۾ ذهني صحت بابت ڳالهائڻ گهر ۾ بدنامي کي گهٽائڻ ۾ مدد ڪري سگهي ٿو؟,گھر ۾ آرامده ڳالهه ٻولھ ۾ ذهني صحت بابت ڳالهائڻ گھر جي بدنامي گھٽائي ٿو ڇا؟,auto_ok,genuine reword - needs native-speaker review
v968,483,ذهني صحت ۽ جذباتي ڀلائي,ذهني صحت بابت اسٽيگما ۽ ڳالهائڻ,ڇا رات جي ماني جي ٽيبل تي يا آرامده گفتگو ۾ ذهني صحت بابت ڳالهائڻ گهر ۾ بدنامي کي گهٽائڻ ۾ مدد ڪري سگهي ٿو؟,کاڌي جي ٽيبل تي کلي ڳالهيون ڪرڻ سان گھر ۾ stigma گھٽجي ٿو ڇا؟,auto_ok,genuine reword - needs native-speaker review
v969,484,ذهني صحت ۽ جذباتي ڀلائي,ذهني صحت بابت اسٽيگما ۽ ڳالهائڻ,ڇا داغ جي وچ ۾ فرق آهي ۽ صرف ذهني صحت جي حالتن کي نه سمجهڻ؟,بدنامي ۽ صرف ذهني حالت کي نه سمجهڻ ۾ ڪو فرق آهي ڇا؟,auto_ok,genuine reword - needs native-speaker review
v970,484,ذهني صحت ۽ جذباتي ڀلائي,ذهني صحت بابت اسٽيگما ۽ ڳالهائڻ,ڇا داغ جي وچ ۾ فرق آهي ۽ صرف ذهني صحت جي حالتن کي نه سمجهڻ؟,stigma ۽ ناسمجھي ۾ ڇا فرق آهي؟,auto_ok,genuine reword - needs native-speaker review
v971,485,ذهني صحت ۽ جذباتي ڀلائي,ذهني صحت بابت اسٽيگما ۽ ڳالهائڻ,ڇا ڪميونٽي سپورٽ گروپن کي ذهني صحت جي داغ کي منهن ڏيڻ ۾ مدد ڪري سگھن ٿا؟,ڪميونٽي سپورٽ گروپ ذهني صحت جي بدنامي منهن ڏيڻ ۾ مدد ڏين ٿا ڇا؟,auto_ok,genuine reword - needs native-speaker review
v972,485,ذهني صحت ۽ جذباتي ڀلائي,ذهني صحت بابت اسٽيگما ۽ ڳالهائڻ,ڇا ڪميونٽي سپورٽ گروپن کي ذهني صحت جي داغ کي منهن ڏيڻ ۾ مدد ڪري سگھن ٿا؟,علائقائي سپورٽ گروپ stigma گھٽائڻ ۾ مددگار آهن ڇا؟,auto_ok,genuine reword - needs native-speaker review
v973,486,ذهني صحت ۽ جذباتي ڀلائي,ذهني صحت بابت اسٽيگما ۽ ڳالهائڻ,ذهني بيماريءَ جي ميڊيا تصويرن کي ڪيئن متاثر ڪري سگھي ٿو عوامي داغ تي؟,ميڊيا ۾ ذهني بيماري جي تصوير عوامي بدنامي تي ڪهڙو اثر وجهي ٿي؟,auto_ok,genuine reword - needs native-speaker review
v974,486,ذهني صحت ۽ جذباتي ڀلائي,ذهني صحت بابت اسٽيگما ۽ ڳالهائڻ,ذهني بيماريءَ جي ميڊيا تصويرن کي ڪيئن متاثر ڪري سگھي ٿو عوامي داغ تي؟,فلمن يا خبرن ۾ ذهني بيماري ڏيکارڻ جو طريقو stigma کي ڪيئن اثر ڪري ٿو؟,auto_ok,genuine reword - needs native-speaker review
v975,487,ذهني صحت ۽ جذباتي ڀلائي,ذهني صحت بابت اسٽيگما ۽ ڳالهائڻ,ڇا ڪنهن کي ذهني صحت جي حالت ۾ خطرناڪ قرار ڏيڻ لاءِ بدنامي آهي؟,ڪنهن کي ذهني صحت جي حالت سبب خطرناڪ سمجھڻ بدنامي آهي ڇا؟,auto_ok,genuine reword - needs native-speaker review
v976,487,ذهني صحت ۽ جذباتي ڀلائي,ذهني صحت بابت اسٽيگما ۽ ڳالهائڻ,ڇا ڪنهن کي ذهني صحت جي حالت ۾ خطرناڪ قرار ڏيڻ لاءِ بدنامي آهي؟,mental illness وارا خطرناڪ آهن، اهو خيال غلط بدنامي آهي ڇا؟,auto_ok,genuine reword - needs native-speaker review
v977,488,ذهني صحت ۽ جذباتي ڀلائي,ذهني صحت بابت اسٽيگما ۽ ڳالهائڻ,ڇا علاج کي معمول بڻائي سگھي ٿو جيئن معمولي خود خيال جي مدد سان اسٽگما کي گھٽائڻ ۾ مدد ملندي؟,علاج کي معمولي بڻائڻ سان بدنامي گھٽجي ٿي ڇا؟,auto_ok,genuine reword - needs native-speaker review
v978,488,ذهني صحت ۽ جذباتي ڀلائي,ذهني صحت بابت اسٽيگما ۽ ڳالهائڻ,ڇا علاج کي معمول بڻائي سگھي ٿو جيئن معمولي خود خيال جي مدد سان اسٽگما کي گھٽائڻ ۾ مدد ملندي؟,therapy کي عام ڳالھ سمجھڻ سان stigma گھٽجي ٿي ڇا؟,auto_ok,genuine reword - needs native-speaker review
v979,489,ذهني صحت ۽ جذباتي ڀلائي,ذهني صحت بابت اسٽيگما ۽ ڳالهائڻ,ڇا اهو عام طور تي ڪم جي جڳهه ۾ ذهني صحت بابت ڳالهائڻ جي رضامندي کي متاثر ڪرڻ لاءِ عام آهي؟,ڪم جي جڳھ ۾ ذهني صحت بابت ڳالهائڻ جي رضامندي عام آهي ڇا؟,auto_ok,genuine reword - needs native-speaker review
v980,489,ذهني صحت ۽ جذباتي ڀلائي,ذهني صحت بابت اسٽيگما ۽ ڳالهائڻ,ڇا اهو عام طور تي ڪم جي جڳهه ۾ ذهني صحت بابت ڳالهائڻ جي رضامندي کي متاثر ڪرڻ لاءِ عام آهي؟,دفتر ۾ mental health تي کلي ڳالهه ٻولھ ڪرڻ عام آهي ڇا؟,auto_ok,genuine reword - needs native-speaker review
v981,490,ذهني صحت ۽ جذباتي ڀلائي,ذهني صحت بابت اسٽيگما ۽ ڳالهائڻ,ڇا ٻارن کي ذهني صحت جي باري ۾ ابتدائي تعليم ڏيڻ ايندڙ نسل ۾ بدنامي کي گهٽائي سگهي ٿي؟,ننڍي عمر ۾ ٻارن کي ذهني صحت جي تعليم ايندڙ نسل ۾ بدنامي گھٽائي ٿي ڇا؟,auto_ok,genuine reword - needs native-speaker review
v982,490,ذهني صحت ۽ جذباتي ڀلائي,ذهني صحت بابت اسٽيگما ۽ ڳالهائڻ,ڇا ٻارن کي ذهني صحت جي باري ۾ ابتدائي تعليم ڏيڻ ايندڙ نسل ۾ بدنامي کي گهٽائي سگهي ٿي؟,ٻارن کي شروع کان mental health سيکارڻ سان اڳتي جي نسل ۾ stigma گھٽجي ٿي ڇا؟,auto_ok,genuine reword - needs native-speaker review
v983,491,ذهني صحت ۽ جذباتي ڀلائي,ذهني صحت بابت اسٽيگما ۽ ڳالهائڻ,ڇا اهو مددگار آهي توهان جي پنهنجي ذهني صحت جي سفر کي حصيداري ڪرڻ لاءِ ٻين لاءِ بدنامي کي گهٽائڻ ۾؟,پنهنجي ذهني صحت جو سفر ونڊڻ ٻين لاءِ بدنامي گھٽائي ٿو ڇا؟,auto_ok,genuine reword - needs native-speaker review
v984,491,ذهني صحت ۽ جذباتي ڀلائي,ذهني صحت بابت اسٽيگما ۽ ڳالهائڻ,ڇا اهو مددگار آهي توهان جي پنهنجي ذهني صحت جي سفر کي حصيداري ڪرڻ لاءِ ٻين لاءِ بدنامي کي گهٽائڻ ۾؟,پاڻ جي therapy جي ڪهاڻي ٻڌائڻ سان ٻين تي مثبت اثر پوي ٿو ڇا؟,auto_ok,genuine reword - needs native-speaker review
v985,492,ذهني صحت ۽ جذباتي ڀلائي,ذهني صحت بابت اسٽيگما ۽ ڳالهائڻ,ڇا اسٽيگما مختلف ٿي سگهي ٿو مخصوص ذهني صحت جي حالت جي بنياد تي ڪنهن کي؟,اسٽگما مختلف ذهني صحت جي حالتن مطابق مختلف ٿئي ٿو ڇا؟,auto_ok,genuine reword - needs native-speaker review
v986,492,ذهني صحت ۽ جذباتي ڀلائي,ذهني صحت بابت اسٽيگما ۽ ڳالهائڻ,ڇا اسٽيگما مختلف ٿي سگهي ٿو مخصوص ذهني صحت جي حالت جي بنياد تي ڪنهن کي؟,هر مانسک بيماري لاءِ stigma هڪجهڙو ناهي ڇا؟,auto_ok,genuine reword - needs native-speaker review
v987,493,ذهني صحت ۽ جذباتي ڀلائي,ذهني صحت بابت اسٽيگما ۽ ڳالهائڻ,اتحادي ڪيئن مدد ڪري سگھن ٿا انهن جي برادرين ۾ ذهني صحت جي داغ کي گهٽائڻ ۾؟,اتحادي (allies) ڪيئن ذهني صحت جي بدنامي گھٽائڻ ۾ مدد ڪري سگهن ٿا؟,auto_ok,genuine reword - needs native-speaker review
v988,493,ذهني صحت ۽ جذباتي ڀلائي,ذهني صحت بابت اسٽيگما ۽ ڳالهائڻ,اتحادي ڪيئن مدد ڪري سگھن ٿا انهن جي برادرين ۾ ذهني صحت جي داغ کي گهٽائڻ ۾؟,سپورٽ ڪندڙ ماڻهو stigma گھٽائڻ ۾ ڪيئن مدد ڏئي سگهن ٿا؟,auto_ok,genuine reword - needs native-speaker review
v989,494,ذهني صحت ۽ جذباتي ڀلائي,ذهني صحت بابت اسٽيگما ۽ ڳالهائڻ,ڇا اسٽيگما جي گھٽتائي کي عالمي عوامي صحت جي ترجيح سمجهيو وڃي ٿو؟,اسٽگما گھٽائڻ کي عالمي صحت جي ترجيح سمجهيو وڃي ٿو ڇا؟,auto_ok,genuine reword - needs native-speaker review
v990,494,ذهني صحت ۽ جذباتي ڀلائي,ذهني صحت بابت اسٽيگما ۽ ڳالهائڻ,ڇا اسٽيگما جي گھٽتائي کي عالمي عوامي صحت جي ترجيح سمجهيو وڃي ٿو؟,mental health stigma گھٽائڻ نيشنل يا عالمي پاليسي ۾ اهم آهي ڇا؟,auto_ok,genuine reword - needs native-speaker review
v991,495,ذهني صحت ۽ جذباتي ڀلائي,ذهني صحت بابت اسٽيگما ۽ ڳالهائڻ,ڇا ڪم جي جڳه تي ذهني صحت جا ڏينهن جذباتي ڀلائي لاءِ وقت کڻڻ جي چوڌاري داغ کي گهٽائڻ ۾ مدد ڪري سگھن ٿا؟,ڪم جي جڳھ تي 'ذهني صحت جا ڏينهن' وٺڻ سان بدنامي گھٽجي ٿي ڇا؟,auto_ok,genuine reword - needs native-speaker review
v992,495,ذهني صحت ۽ جذباتي ڀلائي,ذهني صحت بابت اسٽيگما ۽ ڳالهائڻ,ڇا ڪم جي جڳه تي ذهني صحت جا ڏينهن جذباتي ڀلائي لاءِ وقت کڻڻ جي چوڌاري داغ کي گهٽائڻ ۾ مدد ڪري سگھن ٿا؟,نوڪري ۾ mental health day وٺڻ عام ٿيڻ سان stigma گھٽجي ٿو ڇا؟,auto_ok,genuine reword - needs native-speaker review
v993,496,ذهني صحت ۽ جذباتي ڀلائي,ذهني صحت بابت اسٽيگما ۽ ڳالهائڻ,ڇا اهو عام آهي ته اسٽيگما ڪنهن جي پرورش جي لحاظ کان مختلف طور تي اندروني ٿيڻ؟,پرورش جي لحاظ کان اسٽگما مختلف طور تي اندروني ٿئي ٿو ڇا؟,auto_ok,genuine reword - needs native-speaker review
v994,496,ذهني صحت ۽ جذباتي ڀلائي,ذهني صحت بابت اسٽيگما ۽ ڳالهائڻ,ڇا اهو عام آهي ته اسٽيگما ڪنهن جي پرورش جي لحاظ کان مختلف طور تي اندروني ٿيڻ؟,گھر ۾ ملي پرورش موجب stigma هر ڪنهن ۾ مختلف ٿي بيهي ٿو ڇا؟,auto_ok,genuine reword - needs native-speaker review
v995,497,ذهني صحت ۽ جذباتي ڀلائي,ذهني صحت بابت اسٽيگما ۽ ڳالهائڻ,ڇا پيئر سپورٽ پروگرام اسڪولن يا ڪم جي جڳهن ۾ اسٽگما کي گهٽائڻ ۾ مدد ڪري سگھن ٿا؟,پيئر سپورٽ پروگرام اسڪول يا ڪم جي جڳهن تي بدنامي گھٽائي سگهن ٿا ڇا؟,auto_ok,genuine reword - needs native-speaker review
v996,497,ذهني صحت ۽ جذباتي ڀلائي,ذهني صحت بابت اسٽيگما ۽ ڳالهائڻ,ڇا پيئر سپورٽ پروگرام اسڪولن يا ڪم جي جڳهن ۾ اسٽگما کي گهٽائڻ ۾ مدد ڪري سگھن ٿا؟,هم عمر سپورٽ گروپ اسڪول ۾ stigma گھٽائين ٿا ڇا؟,auto_ok,genuine reword - needs native-speaker review
v997,498,ذهني صحت ۽ جذباتي ڀلائي,ذهني صحت بابت اسٽيگما ۽ ڳالهائڻ,ڇا اهو ذهني صحت جي جدوجهد کي 'صرف حاصل ڪرڻ' لاءِ ڪنهن کي چوڻ لاءِ بدنامي آهي؟,ذهني صحت جي جدوجهد کي 'صرف ختم ڪر' چوڻ بدنامي آهي ڇا؟,auto_ok,genuine reword - needs native-speaker review
v998,498,ذهني صحت ۽ جذباتي ڀلائي,ذهني صحت بابت اسٽيگما ۽ ڳالهائڻ,ڇا اهو ذهني صحت جي جدوجهد کي 'صرف حاصل ڪرڻ' لاءِ ڪنهن کي چوڻ لاءِ بدنامي آهي؟,ڪنهن کي 'بس، پاڻ کي سنڀال' چوڻ غلط ۽ بدنامي واري ڳالھ آهي ڇا؟,auto_ok,genuine reword - needs native-speaker review
v999,499,ذهني صحت ۽ جذباتي ڀلائي,ذهني صحت بابت اسٽيگما ۽ ڳالهائڻ,ڇا دوستن جي وچ ۾ ذهني صحت جي باري ۾ گفتگو کي عام ڪرڻ سان مدد طلب ڪرڻ آسان بڻائي سگهجي ٿي؟,دوستن ۾ ذهني صحت جي ڳالهه عام ڪرڻ سان مدد وٺڻ آسان ٿئي ٿو ڇا؟,auto_ok,genuine reword - needs native-speaker review
v1000,499,ذهني صحت ۽ جذباتي ڀلائي,ذهني صحت بابت اسٽيگما ۽ ڳالهائڻ,ڇا دوستن جي وچ ۾ ذهني صحت جي باري ۾ گفتگو کي عام ڪرڻ سان مدد طلب ڪرڻ آسان بڻائي سگهجي ٿي؟,سهيلين سان ذهني صحت تي کلي ڳالهه ٻولھ ٿئي ته مدد گھرڻ آسان ٿئي ٿو ڇا؟,auto_ok,genuine reword - needs native-speaker review
v1001,500,حمل ۽ ماءُ جي صحت,حمل جي تصديق ۽ شروعاتي حمل,عام طور تي حمل جي پهرين نشاني ڇا هوندي آهي؟,حمل جي شروعات ۾ عام طور تي پهرين ڪهڙي نشاني ظاهر ٿئي ٿي؟,auto_ok,genuine reword - needs native-speaker review
v1002,500,حمل ۽ ماءُ جي صحت,حمل جي تصديق ۽ شروعاتي حمل,عام طور تي حمل جي پهرين نشاني ڇا هوندي آهي؟,حامله ٿيڻ جي سڀ کان پهرين علامت ڪهڙي هوندي آهي؟,auto_ok,genuine reword - needs native-speaker review
v1003,501,حمل ۽ ماءُ جي صحت,حمل جي تصديق ۽ شروعاتي حمل,منهنجي ماهواري دير سان اچي رهي آهي۔ ڇا آءٌ حامله ٿي سگهان ٿي؟,ماهواري دير سان اچي رهي آهي، ڇا ان جو مطلب حمل ٿي سگهي ٿو؟,auto_ok,genuine reword - needs native-speaker review
v1004,501,حمل ۽ ماءُ جي صحت,حمل جي تصديق ۽ شروعاتي حمل,منهنجي ماهواري دير سان اچي رهي آهي۔ ڇا آءٌ حامله ٿي سگهان ٿي؟,پيريڊ نه اچي رهيو آهي، ڇا مان ٻار سان آهيان؟,auto_ok,genuine reword - needs native-speaker review
v1005,502,حمل ۽ ماءُ جي صحت,حمل جي تصديق ۽ شروعاتي حمل,آءٌ ڪيئن معلوم ڪري سگهان ٿي ته آءٌ حامله آهيان؟,حامله هجڻ جو پتو ڪيئن لڳائجي؟,auto_ok,genuine reword - needs native-speaker review
v1006,502,حمل ۽ ماءُ جي صحت,حمل جي تصديق ۽ شروعاتي حمل,آءٌ ڪيئن معلوم ڪري سگهان ٿي ته آءٌ حامله آهيان؟,پاڻ کي حمل آهي يا نه، اهو ڪيئن معلوم ٿئي؟,auto_ok,genuine reword - needs native-speaker review
v1007,503,حمل ۽ ماءُ جي صحت,حمل جي تصديق ۽ شروعاتي حمل,حمل عام طور تي ڪيتري عرصي تائين رهندو آهي؟,حمل عام طور تي ڪيترا مهينا هلندو آهي؟,auto_ok,genuine reword - needs native-speaker review
v1008,503,حمل ۽ ماءُ جي صحت,حمل جي تصديق ۽ شروعاتي حمل,حمل عام طور تي ڪيتري عرصي تائين رهندو آهي؟,ٻار ٿيڻ ۾ عام طور ڪيترو وقت لڳي ٿو؟,auto_ok,genuine reword - needs native-speaker review
v1009,504,حمل ۽ ماءُ جي صحت,حمل جي تصديق ۽ شروعاتي حمل,حمل جو پتو پوڻ بعد پهريون معائنو ڪڏهن ڪرائڻ گھرجي؟,حمل جي پتي پوڻ بعد پهريون چيڪ اپ ڪڏهن ڪرائجي؟,auto_ok,genuine reword - needs native-speaker review
v1010,504,حمل ۽ ماءُ جي صحت,حمل جي تصديق ۽ شروعاتي حمل,حمل جو پتو پوڻ بعد پهريون معائنو ڪڏهن ڪرائڻ گھرجي؟,ٻار جي خبر پوڻ بعد پهرين ڀيري ڊاڪٽر وٽ ڪڏهن وڃجي؟,auto_ok,genuine reword - needs native-speaker review
v1011,505,حمل ۽ ماءُ جي صحت,حمل جي تصديق ۽ شروعاتي حمل,سڄي حمل دوران مون کي ڪيترا معائنا ڪرائڻ گھرجن؟,پوري حمل دوران ڪيترا معائنا ضروري آهن؟,auto_ok,genuine reword - needs native-speaker review
v1012,505,حمل ۽ ماءُ جي صحت,حمل جي تصديق ۽ شروعاتي حمل,سڄي حمل دوران مون کي ڪيترا معائنا ڪرائڻ گھرجن؟,9 مهينن ۾ ڪل ڪيترا چيڪ اپ ڪرائجن؟,auto_ok,genuine reword - needs native-speaker review
v1013,506,حمل ۽ ماءُ جي صحت,حمل جي تصديق ۽ شروعاتي حمل,ڇا آءٌ ٿڃ پيارڻ دوران به حامله ٿي سگهان ٿي؟,ٿڃ پيارڻ دوران به حمل ٿي سگهي ٿو ڇا؟,auto_ok,genuine reword - needs native-speaker review
v1014,506,حمل ۽ ماءُ جي صحت,حمل جي تصديق ۽ شروعاتي حمل,ڇا آءٌ ٿڃ پيارڻ دوران به حامله ٿي سگهان ٿي؟,breastfeeding ڪرڻ باوجود ٻيهر حامله ٿي سگهجي ٿو ڇا؟,auto_ok,genuine reword - needs native-speaker review
v1015,507,حمل ۽ ماءُ جي صحت,حمل جي تصديق ۽ شروعاتي حمل,مون کي صبح جو طبيعت خراب لڳي ٿي ۽ قَي اچي ٿي۔ ڇا اهو شروعاتي حمل ۾ عام آهي؟,صبح جو قَي ٿيڻ شروعاتي حمل ۾ عام آهي ڇا؟,auto_ok,genuine reword - needs native-speaker review
v1016,507,حمل ۽ ماءُ جي صحت,حمل جي تصديق ۽ شروعاتي حمل,مون کي صبح جو طبيعت خراب لڳي ٿي ۽ قَي اچي ٿي۔ ڇا اهو شروعاتي حمل ۾ عام آهي؟,morning sickness حمل جي ابتدا ۾ معمول جي ڳالھ آهي ڇا؟,auto_ok,genuine reword - needs native-speaker review
v1017,508,حمل ۽ ماءُ جي صحت,حمل جي تصديق ۽ شروعاتي حمل,ڇا شروعاتي حمل ۾ تمام گھڻي ٿڪاوت محسوس ٿيڻ عام آهي؟,شروعاتي حمل ۾ تمام گھڻي ٿڪاوٽ ٿيڻ عام آهي ڇا؟,auto_ok,genuine reword - needs native-speaker review
v1018,508,حمل ۽ ماءُ جي صحت,حمل جي تصديق ۽ شروعاتي حمل,ڇا شروعاتي حمل ۾ تمام گھڻي ٿڪاوت محسوس ٿيڻ عام آهي؟,ٻار جي شروعاتي مهينن ۾ بيحد ٿڪ محسوس ٿئي، اهو معمول آهي ڇا؟,auto_ok,genuine reword - needs native-speaker review
v1019,509,حمل ۽ ماءُ جي صحت,حمل جي تصديق ۽ شروعاتي حمل,ڇا شروعاتي حمل ۾ ڇاتين ۾ تبديلي اچڻ عام آهي؟,حمل جي شروعات ۾ ڇاتين ۾ تبديلي اچڻ عام آهي ڇا؟,auto_ok,genuine reword - needs native-speaker review
v1020,509,حمل ۽ ماءُ جي صحت,حمل جي تصديق ۽ شروعاتي حمل,ڇا شروعاتي حمل ۾ ڇاتين ۾ تبديلي اچڻ عام آهي؟,شروع جي حمل ۾ ڇاتيون سُڄي وڃن، اهو ٿيندو آهي ڇا؟,auto_ok,genuine reword - needs native-speaker review
v1021,510,حمل ۽ ماءُ جي صحت,حمل جي تصديق ۽ شروعاتي حمل,مون کي حامله ٿيڻ کانپوءِ بار بار پيشاب ڇو ٿئي ٿو؟,حمل ۾ بار بار پيشاب اچڻ جو سبب ڇا آهي؟,auto_ok,genuine reword - needs native-speaker review
v1022,510,حمل ۽ ماءُ جي صحت,حمل جي تصديق ۽ شروعاتي حمل,مون کي حامله ٿيڻ کانپوءِ بار بار پيشاب ڇو ٿئي ٿو؟,حامله ٿيڻ کان پوءِ ٽوائليٽ گھڻو ڀيرا وڃڻو پوي، ان جو ڪارڻ ڇا آهي؟,auto_ok,genuine reword - needs native-speaker review
v1023,511,حمل ۽ ماءُ جي صحت,حمل جي تصديق ۽ شروعاتي حمل,حمل جو پتو پوڻ سان ئي ڇا مون کي ڪا دوا شروع ڪرڻ گھرجي؟,حمل جي خبر پوندي ئي ڪا دوا شروع ڪرڻ گھرجي ڇا؟,auto_ok,genuine reword - needs native-speaker review
v1024,511,حمل ۽ ماءُ جي صحت,حمل جي تصديق ۽ شروعاتي حمل,حمل جو پتو پوڻ سان ئي ڇا مون کي ڪا دوا شروع ڪرڻ گھرجي؟,ٻار جو پتو پوڻ سان فوراً ڪا گولي کائجي ڇا؟,auto_ok,genuine reword - needs native-speaker review
v1025,512,حمل ۽ ماءُ جي صحت,حمل جي تصديق ۽ شروعاتي حمل,فوليڪ ايسڊ ڇا آهي ۽ اهو حمل ۾ ڇو ڏنو ويندو آهي؟,فوليڪ ايسڊ ڇا آهي ۽ حمل ۾ ان جو ڪهڙو فائدو آهي؟,auto_ok,genuine reword - needs native-speaker review
v1026,512,حمل ۽ ماءُ جي صحت,حمل جي تصديق ۽ شروعاتي حمل,فوليڪ ايسڊ ڇا آهي ۽ اهو حمل ۾ ڇو ڏنو ويندو آهي؟,حامله عورتن کي folic acid ڇو ڏنو ويندو آهي؟,auto_ok,genuine reword - needs native-speaker review
v1027,513,حمل ۽ ماءُ جي صحت,حمل جي تصديق ۽ شروعاتي حمل,مون کي شروعاتي حمل ۾ ٿورو رت اچي رهيو آهي۔ مون کي ڇا ڪرڻ گھرجي؟,شروعاتي حمل ۾ ٿورو رت اچي ته ڇا ڪجي؟,auto_ok,genuine reword - needs native-speaker review
v1028,513,حمل ۽ ماءُ جي صحت,حمل جي تصديق ۽ شروعاتي حمل,مون کي شروعاتي حمل ۾ ٿورو رت اچي رهيو آهي۔ مون کي ڇا ڪرڻ گھرجي؟,پهرين مهينن ۾ اسپاٽنگ ٿئي ته ان وقت ڪهڙو قدم کڻجي؟,auto_ok,genuine reword - needs native-speaker review
v1029,514,حمل ۽ ماءُ جي صحت,حمل جي تصديق ۽ شروعاتي حمل,مون کي ڪيئن خبر پوندي ته آءٌ ڪيترا هفتا حامله آهيان؟,پنهنجي حمل جا هفتا ڪيئن ڳڻجن؟,auto_ok,genuine reword - needs native-speaker review
v1030,514,حمل ۽ ماءُ جي صحت,حمل جي تصديق ۽ شروعاتي حمل,مون کي ڪيئن خبر پوندي ته آءٌ ڪيترا هفتا حامله آهيان؟,ٻار جي وقت جي حساب سان مان ڪيترا هفتا حامله آهيان، ان جي خبر ڪيئن پوندي؟,auto_ok,genuine reword - needs native-speaker review
v1031,515,حمل ۽ ماءُ جي صحت,حمل جي تصديق ۽ شروعاتي حمل,ڇا مون کي حمل دوران اسڪين ڪرائڻ جي ضرورت آهي؟,حمل دوران اسڪين (الٽراسائونڊ) ڪرائڻ ضروري آهي ڇا؟,auto_ok,genuine reword - needs native-speaker review
v1032,515,حمل ۽ ماءُ جي صحت,حمل جي تصديق ۽ شروعاتي حمل,ڇا مون کي حمل دوران اسڪين ڪرائڻ جي ضرورت آهي؟,ٻار جو الٽراسائونڊ ڪرائڻ لازمي آهي ڇا؟,auto_ok,genuine reword - needs native-speaker review
v1033,516,حمل ۽ ماءُ جي صحت,حمل جي تصديق ۽ شروعاتي حمل,ڇا مون کي پهريان کان کائيندڙ دوائن بابت صحت ڪارڪن کي ٻڌائڻ گھرجي؟,پهرين کان کائيندڙ دوائن بابت صحت ڪارڪن کي ٻڌائجي ڇا؟,auto_ok,genuine reword - needs native-speaker review
v1034,516,حمل ۽ ماءُ جي صحت,حمل جي تصديق ۽ شروعاتي حمل,ڇا مون کي پهريان کان کائيندڙ دوائن بابت صحت ڪارڪن کي ٻڌائڻ گھرجي؟,اڳي کان جيڪي دوائون کائي رهيا آهيون، اهي ڊاڪٽر کي ٻڌائجن ڇا؟,auto_ok,genuine reword - needs native-speaker review
v1035,517,حمل ۽ ماءُ جي صحت,حمل جي تصديق ۽ شروعاتي حمل,ڇا هاڻي حامله ٿيڻ کانپوءِ مون کي تماڪ، نسوار يا پان کائڻ ڇڏڻ گھرجي؟,حامله ٿيڻ کان پوءِ تماڪ يا پان کائڻ ڇڏڻ ضروري آهي ڇا؟,auto_ok,genuine reword - needs native-speaker review
v1036,517,حمل ۽ ماءُ جي صحت,حمل جي تصديق ۽ شروعاتي حمل,ڇا هاڻي حامله ٿيڻ کانپوءِ مون کي تماڪ، نسوار يا پان کائڻ ڇڏڻ گھرجي؟,ٻار ٿيڻ واري خبر ملڻ بعد نسوار يا گٽکا ڇڏجي ڇا؟,auto_ok,genuine reword - needs native-speaker review
v1037,518,حمل ۽ ماءُ جي صحت,حمل جي تصديق ۽ شروعاتي حمل,ڇا حامله هوندي گھر جو ڪم ۽ روزاني ڪم جاري رکڻ محفوظ آهي؟,حمل دوران گھر جو ڪم ۽ روزانو ڪم جاري رکڻ محفوظ آهي ڇا؟,auto_ok,genuine reword - needs native-speaker review
v1038,518,حمل ۽ ماءُ جي صحت,حمل جي تصديق ۽ شروعاتي حمل,ڇا حامله هوندي گھر جو ڪم ۽ روزاني ڪم جاري رکڻ محفوظ آهي؟,حامله هوندي معمول جا گھريلو ڪم ڪرڻ ۾ ڪو نقصان آهي ڇا؟,auto_ok,genuine reword - needs native-speaker review
v1039,519,حمل ۽ ماءُ جي صحت,حمل جي تصديق ۽ شروعاتي حمل,مون کي ٻار جي حرڪت محسوس ٿيڻ ڪڏهن شروع ٿيندي؟,ٻار جي حرڪت ڪڏهن کان محسوس ٿيڻ شروع ٿئي ٿي؟,auto_ok,genuine reword - needs native-speaker review
v1040,519,حمل ۽ ماءُ جي صحت,حمل جي تصديق ۽ شروعاتي حمل,مون کي ٻار جي حرڪت محسوس ٿيڻ ڪڏهن شروع ٿيندي؟,پيٽ ۾ ٻار جي چرپر ڪهڙي هفتي کان محسوس ٿيندي آهي؟,auto_ok,genuine reword - needs native-speaker review
v1041,520,حمل ۽ ماءُ جي صحت,حمل جي تصديق ۽ شروعاتي حمل,صحت ڪارڪن هر معائني تي منهنجو بلڊ پريشر ڇو چيڪ ڪندو آهي؟,هر ملاقات تي بلڊ پريشر ڇو چيڪ ڪيو ويندو آهي؟,auto_ok,genuine reword - needs native-speaker review
v1042,520,حمل ۽ ماءُ جي صحت,حمل جي تصديق ۽ شروعاتي حمل,صحت ڪارڪن هر معائني تي منهنجو بلڊ پريشر ڇو چيڪ ڪندو آهي؟,ڊاڪٽر هر ڀيري bp ڇو ماپيندو آهي؟,auto_ok,genuine reword - needs native-speaker review
v1043,521,حمل ۽ ماءُ جي صحت,حمل جي تصديق ۽ شروعاتي حمل,خون جي کوٽ ڇا آهي ۽ حمل ۾ اها ڇو اهم آهي؟,حمل ۾ خون جي کوٽ (انيميا) ڇو اهم آهي؟,auto_ok,genuine reword - needs native-speaker review
v1044,521,حمل ۽ ماءُ جي صحت,حمل جي تصديق ۽ شروعاتي حمل,خون جي کوٽ ڇا آهي ۽ حمل ۾ اها ڇو اهم آهي؟,حامله عورت لاءِ انيميا خطرناڪ ڇو آهي؟,auto_ok,genuine reword - needs native-speaker review
v1045,522,حمل ۽ ماءُ جي صحت,حمل جي تصديق ۽ شروعاتي حمل,ڇا آءٌ حامله ٿي سگهان ٿي جيتوڻيڪ ٽيسٽ ۾ نه اچي؟,ٽيسٽ ۾ نه ايندي به حمل ٿي سگهي ٿو ڇا؟,auto_ok,genuine reword - needs native-speaker review
v1046,522,حمل ۽ ماءُ جي صحت,حمل جي تصديق ۽ شروعاتي حمل,ڇا آءٌ حامله ٿي سگهان ٿي جيتوڻيڪ ٽيسٽ ۾ نه اچي؟,pregnancy test negative اچي پوءِ به حامله ٿي سگهجي ٿو ڇا؟,auto_ok,genuine reword - needs native-speaker review
v1047,523,حمل ۽ ماءُ جي صحت,حمل جي تصديق ۽ شروعاتي حمل,ڇا حمل جي پهرين خبر پوڻ تي پريشان يا اڻ يقيني محسوس ٿيڻ عام آهي؟,حمل جي پتي تي پريشان يا اڻ يقيني محسوس ڪرڻ عام آهي ڇا؟,auto_ok,genuine reword - needs native-speaker review
v1048,523,حمل ۽ ماءُ جي صحت,حمل جي تصديق ۽ شروعاتي حمل,ڇا حمل جي پهرين خبر پوڻ تي پريشان يا اڻ يقيني محسوس ٿيڻ عام آهي؟,ٻار جي خبر ملڻ تي گھٻراهٽ محسوس ٿئي، اهو معمول آهي ڇا؟,auto_ok,genuine reword - needs native-speaker review
v1049,524,حمل ۽ ماءُ جي صحت,حمل جي تصديق ۽ شروعاتي حمل,ڇا صحت ڪارڪن کي خبر هجڻ ضروري آهي ته مون کي پوئين حمل ۾ ڪا تڪليف ٿي هئي؟,پوئين حمل ۾ ٿيل تڪليف صحت ڪارڪن کي ٻڌائجي ضروري آهي ڇا؟,auto_ok,genuine reword - needs native-speaker review
v1050,524,حمل ۽ ماءُ جي صحت,حمل جي تصديق ۽ شروعاتي حمل,ڇا صحت ڪارڪن کي خبر هجڻ ضروري آهي ته مون کي پوئين حمل ۾ ڪا تڪليف ٿي هئي؟,پهرين ٻار وقت جو مسئلو هاڻ واري ڊاڪٽر کي ٻڌائجي ڇا؟,auto_ok,genuine reword - needs native-speaker review
v1051,525,حمل ۽ ماءُ جي صحت,ٽماهي وار حمل جي سنڀال,حمل جا ٽي مرحلا ڪهڙا آهن؟,حمل جا ٽي مرحلا (trimesters) ڪهڙا آهن؟,auto_ok,genuine reword - needs native-speaker review
v1052,525,حمل ۽ ماءُ جي صحت,ٽماهي وار حمل جي سنڀال,حمل جا ٽي مرحلا ڪهڙا آهن؟,9 مهينن جا ٽي حصا ڪيئن ورهايل آهن؟,auto_ok,genuine reword - needs native-speaker review
v1053,526,حمل ۽ ماءُ جي صحت,ٽماهي وار حمل جي سنڀال,حمل جي پهرين ٽن مهينن ۾ مون کي ڇا جي اميد رکڻ گھرجي؟,حمل جي پهرين ٽن مهينن ۾ ڪهڙيون تبديليون اينديون؟,auto_ok,genuine reword - needs native-speaker review
v1054,526,حمل ۽ ماءُ جي صحت,ٽماهي وار حمل جي سنڀال,حمل جي پهرين ٽن مهينن ۾ مون کي ڇا جي اميد رکڻ گھرجي؟,شروعاتي trimester ۾ ڇا ڇا محسوس ٿيندو؟,auto_ok,genuine reword - needs native-speaker review
v1055,527,حمل ۽ ماءُ جي صحت,ٽماهي وار حمل جي سنڀال,حمل جي وچين مهينن ۾ مون کي ڇا جي اميد رکڻ گھرجي؟,حمل جي وچين مهينن ۾ ڇا اميد رکجي؟,auto_ok,genuine reword - needs native-speaker review
v1056,527,حمل ۽ ماءُ جي صحت,ٽماهي وار حمل جي سنڀال,حمل جي وچين مهينن ۾ مون کي ڇا جي اميد رکڻ گھرجي؟,ٻئي trimester ۾ ڇا ڇا ٿي سگهي ٿو؟,auto_ok,genuine reword - needs native-speaker review
v1057,528,حمل ۽ ماءُ جي صحت,ٽماهي وار حمل جي سنڀال,حمل جي آخري مهينن ۾ مون کي ڇا جي اميد رکڻ گھرجي؟,حمل جي آخري مهينن ۾ ڪهڙيون تبديليون اينديون؟,auto_ok,genuine reword - needs native-speaker review
v1058,528,حمل ۽ ماءُ جي صحت,ٽماهي وار حمل جي سنڀال,حمل جي آخري مهينن ۾ مون کي ڇا جي اميد رکڻ گھرجي؟,آخري trimester ۾ ڇا ڇا محسوس ٿيندو؟,auto_ok,genuine reword - needs native-speaker review
v1059,529,حمل ۽ ماءُ جي صحت,ٽماهي وار حمل جي سنڀال,منهنجا معائنا ڪڏهن ٿيڻ گھرجن؟,چيڪ اپ ڪهڙي وقفي سان ٿيڻ گهرجن؟,auto_ok,genuine reword - needs native-speaker review
v1060,529,حمل ۽ ماءُ جي صحت,ٽماهي وار حمل جي سنڀال,منهنجا معائنا ڪڏهن ٿيڻ گھرجن؟,معائنا ڪيتري وقت بعد ٿيڻ گهرجن؟,auto_ok,genuine reword - needs native-speaker review
v1061,530,حمل ۽ ماءُ جي صحت,ٽماهي وار حمل جي سنڀال,آخر ۾ معائنا وڌيڪ بار بار ڇو ٿي وڃن ٿا؟,حمل جي پڇاڙيءَ ۾ چيڪ اپ جو تعداد ڇو وڌي وڃي ٿو؟,auto_ok,genuine reword - needs native-speaker review
v1062,530,حمل ۽ ماءُ جي صحت,ٽماهي وار حمل جي سنڀال,آخر ۾ معائنا وڌيڪ بار بار ڇو ٿي وڃن ٿا؟,آخري مهينن ۾ ڊاڪٽر وٽ گھڻو ڀيرا ڇو وڃڻو پوي ٿو؟,auto_ok,genuine reword - needs native-speaker review
v1063,531,حمل ۽ ماءُ جي صحت,ٽماهي وار حمل جي سنڀال,ڇا آخري مهينن ۾ منهنجي پيٽ جو ڪڏهن ڪڏهن سخت ٿي وڃڻ عام آهي؟,آخري مهينن ۾ پيٽ سخت ٿي وڃڻ عام آهي ڇا؟,auto_ok,genuine reword - needs native-speaker review
v1064,531,حمل ۽ ماءُ جي صحت,ٽماهي وار حمل جي سنڀال,ڇا آخري مهينن ۾ منهنجي پيٽ جو ڪڏهن ڪڏهن سخت ٿي وڃڻ عام آهي؟,ولادت کان اڳ پيٽ ڪَسجي وڃي، اهو معمول جي ڳالھ آهي ڇا؟,auto_ok,genuine reword - needs native-speaker review
v1065,532,حمل ۽ ماءُ جي صحت,ٽماهي وار حمل جي سنڀال,حمل ۾ منهنجو وزن ڪيترو وڌڻ گھرجي؟,حمل ۾ عام طور تي ڪيترو وزن وڌڻ گهرجي؟,auto_ok,genuine reword - needs native-speaker review
v1066,532,حمل ۽ ماءُ جي صحت,ٽماهي وار حمل جي سنڀال,حمل ۾ منهنجو وزن ڪيترو وڌڻ گھرجي؟,9 مهينن ۾ صحيح وزن وڌڻ ڪيترو هجڻ گهرجي؟,auto_ok,genuine reword - needs native-speaker review
v1067,533,حمل ۽ ماءُ جي صحت,ٽماهي وار حمل جي سنڀال,ڇا حمل جي آخري مهينن ۾ ساهه کڻڻ ۾ تڪليف محسوس ٿيڻ عام ڳالهه آهي؟,حمل جي آخري مهينن ۾ ساهه کڻڻ ۾ ڏکيائي محسوس ٿيڻ عام آهي ڇا؟,auto_ok,genuine reword - needs native-speaker review
v1068,533,حمل ۽ ماءُ جي صحت,ٽماهي وار حمل جي سنڀال,ڇا حمل جي آخري مهينن ۾ ساهه کڻڻ ۾ تڪليف محسوس ٿيڻ عام ڳالهه آهي؟,آخري مهينن ۾ ساهه ڦُلجي وڃي، اهو معمول جي ڳالھ آهي ڇا؟,auto_ok,genuine reword - needs native-speaker review
v1069,534,حمل ۽ ماءُ جي صحت,ٽماهي وار حمل جي سنڀال,ڇا حمل جي آخري مرحلي ۾ پُٺِ ڀر سمهڻ محفوظ آهي؟,حمل جي آخري مرحلي ۾ پُٺِ ڀر سمهڻ محفوظ آهي ڇا؟,auto_ok,genuine reword - needs native-speaker review
v1070,534,حمل ۽ ماءُ جي صحت,ٽماهي وار حمل جي سنڀال,ڇا حمل جي آخري مرحلي ۾ پُٺِ ڀر سمهڻ محفوظ آهي؟,آخري مهينن ۾ سڌو ليٽڻ ٺيڪ آهي ڇا؟,auto_ok,genuine reword - needs native-speaker review
v1071,535,حمل ۽ ماءُ جي صحت,ٽماهي وار حمل جي سنڀال,مون کي ٻار جي حرڪت ڪيتري ڀيري محسوس ڪرڻ گھرجي؟,ٻار جي حرڪت ڏينهن ۾ ڪيترا ڀيرا محسوس ٿيڻ گهرجي؟,auto_ok,genuine reword - needs native-speaker review
v1072,535,حمل ۽ ماءُ جي صحت,ٽماهي وار حمل جي سنڀال,مون کي ٻار جي حرڪت ڪيتري ڀيري محسوس ڪرڻ گھرجي؟,روزانو ٻار جي چرپر ڪيتري ڀيري محسوس ٿجي؟,auto_ok,genuine reword - needs native-speaker review
v1073,536,حمل ۽ ماءُ جي صحت,ٽماهي وار حمل جي سنڀال,جيڪڏهن ٻار غلط طرف ليٽيل هجي ته ان جو مطلب ڇا آهي؟,ٻار جو غلط طرف ليٽيل هجڻ جو مطلب ڇا آهي؟,auto_ok,genuine reword - needs native-speaker review
v1074,536,حمل ۽ ماءُ جي صحت,ٽماهي وار حمل جي سنڀال,جيڪڏهن ٻار غلط طرف ليٽيل هجي ته ان جو مطلب ڇا آهي؟,بيبي بريچ پوزيشن ۾ هجي ته ان جو ڇا مطلب ٿئي ٿو؟,auto_ok,genuine reword - needs native-speaker review
v1075,537,حمل ۽ ماءُ جي صحت,ٽماهي وار حمل جي سنڀال,ڇا حمل جي آخري مرحلي ۾ پيرن ۾ سوڄ اچڻ عام آهي؟,آخري مهينن ۾ پيرن ۾ سوڄ اچڻ عام آهي ڇا؟,auto_ok,genuine reword - needs native-speaker review
v1076,537,حمل ۽ ماءُ جي صحت,ٽماهي وار حمل جي سنڀال,ڇا حمل جي آخري مرحلي ۾ پيرن ۾ سوڄ اچڻ عام آهي؟,حمل جي آخر ۾ پير سُڄي وڃن، اهو معمول آهي ڇا؟,auto_ok,genuine reword - needs native-speaker review
v1077,538,حمل ۽ ماءُ جي صحت,ٽماهي وار حمل جي سنڀال,مون کي ڄڻڻ لاءِ تياري ڪڏهن شروع ڪرڻ گھرجي؟,ڄڻڻ لاءِ تياري ڪڏهن شروع ڪجي؟,auto_ok,genuine reword - needs native-speaker review
v1078,538,حمل ۽ ماءُ جي صحت,ٽماهي وار حمل جي سنڀال,مون کي ڄڻڻ لاءِ تياري ڪڏهن شروع ڪرڻ گھرجي؟,ولادت جي تياري ڪهڙي وقت کان ڪرڻ شروع ڪجي؟,auto_ok,genuine reword - needs native-speaker review
v1079,539,حمل ۽ ماءُ جي صحت,ٽماهي وار حمل جي سنڀال,پيدائش جي رٿا ڇا آهي ۽ ڇا مون کي ان جي ضرورت آهي؟,پيدائش جي رٿا (birth plan) ڇا آهي ۽ ڇا اها ضروري آهي؟,auto_ok,genuine reword - needs native-speaker review
v1080,539,حمل ۽ ماءُ جي صحت,ٽماهي وار حمل جي سنڀال,پيدائش جي رٿا ڇا آهي ۽ ڇا مون کي ان جي ضرورت آهي؟,birth plan ڇا ٿي آهي، ان جي ضرورت آهي ڇا؟,auto_ok,genuine reword - needs native-speaker review
v1081,540,حمل ۽ ماءُ جي صحت,ٽماهي وار حمل جي سنڀال,جيڪڏهن آءٌ پنهنجي مقرر تاريخ کان مٿي وڃان ته ڇا ٿيندو؟,مقرر تاريخ کان اڳتي وڃڻ تي ڇا ٿيندو؟,auto_ok,genuine reword - needs native-speaker review
v1082,540,حمل ۽ ماءُ جي صحت,ٽماهي وار حمل جي سنڀال,جيڪڏهن آءٌ پنهنجي مقرر تاريخ کان مٿي وڃان ته ڇا ٿيندو؟,due date گذري وڃي ته ان بعد ڇا ٿئي ٿو؟,auto_ok,genuine reword - needs native-speaker review
v1083,541,حمل ۽ ماءُ جي صحت,ٽماهي وار حمل جي سنڀال,وقت کان اڳ ڄمڻ جو مطلب ڇا آهي؟,وقت کان اڳ ڄمڻ (preterm birth) جو مطلب ڇا آهي؟,auto_ok,genuine reword - needs native-speaker review
v1084,541,حمل ۽ ماءُ جي صحت,ٽماهي وار حمل جي سنڀال,وقت کان اڳ ڄمڻ جو مطلب ڇا آهي؟,مقرر وقت کان اڳ ٻار پيدا ٿيڻ کي ڇا چئبو آهي؟,auto_ok,genuine reword - needs native-speaker review
v1085,542,حمل ۽ ماءُ جي صحت,ٽماهي وار حمل جي سنڀال,ٻار جي وقت کان اڳ اچڻ جو امڪان ڇا وڌائي ٿو؟,وقت کان اڳ ڄمڻ جو امڪان ڪهڙيون شيون وڌائين ٿيون؟,auto_ok,genuine reword - needs native-speaker review
v1086,542,حمل ۽ ماءُ جي صحت,ٽماهي وار حمل جي سنڀال,ٻار جي وقت کان اڳ اچڻ جو امڪان ڇا وڌائي ٿو؟,preterm birth جو خطرو ڪهڙن سببن سان وڌي ٿو؟,auto_ok,genuine reword - needs native-speaker review
v1087,543,حمل ۽ ماءُ جي صحت,ٽماهي وار حمل جي سنڀال,ڇا حامله هوندي سفر ڪرڻ محفوظ آهي؟,حامله هوندي سفر ڪرڻ محفوظ آهي ڇا؟,auto_ok,genuine reword - needs native-speaker review
v1088,543,حمل ۽ ماءُ جي صحت,ٽماهي وار حمل جي سنڀال,ڇا حامله هوندي سفر ڪرڻ محفوظ آهي؟,حمل دوران ڪٿي پري وڃڻ ٺيڪ آهي ڇا؟,auto_ok,genuine reword - needs native-speaker review
v1089,544,حمل ۽ ماءُ جي صحت,ٽماهي وار حمل جي سنڀال,ڇا مون کي بلڪل ٺيڪ محسوس ٿيڻ تي به پنهنجا معائنا جاري رکڻ گھرجن؟,بلڪل ٺيڪ محسوس ٿيڻ باوجود چيڪ اپ جاري رکجن ڇا؟,auto_ok,genuine reword - needs native-speaker review
v1090,544,حمل ۽ ماءُ جي صحت,ٽماهي وار حمل جي سنڀال,ڇا مون کي بلڪل ٺيڪ محسوس ٿيڻ تي به پنهنجا معائنا جاري رکڻ گھرجن؟,طبيعت سٺي هجي ته به معائنا جاري رکڻ ضروري آهن ڇا؟,auto_ok,genuine reword - needs native-speaker review
v1091,545,حمل ۽ ماءُ جي صحت,ٽماهي وار حمل جي سنڀال,ڇا حامله هوندي آءٌ پنهنجي وڏي ٻار کي کڻي سگهان ٿي؟,حامله هوندي وڏي ٻار کي کڻڻ ٺيڪ آهي ڇا؟,auto_ok,genuine reword - needs native-speaker review
v1092,545,حمل ۽ ماءُ جي صحت,ٽماهي وار حمل جي سنڀال,ڇا حامله هوندي آءٌ پنهنجي وڏي ٻار کي کڻي سگهان ٿي؟,ٻئي حمل دوران پهرين ٻار کي کنڀڻ محفوظ آهي ڇا؟,auto_ok,genuine reword - needs native-speaker review
v1093,546,حمل ۽ ماءُ جي صحت,ٽماهي وار حمل جي سنڀال,ڇا حمل جي آخري مرحلي ۾ ننڊ ۾ تڪليف ٿيڻ عام آهي؟,حمل جي آخري مرحلي ۾ ننڊ ۾ ڏکيائي ٿيڻ عام آهي ڇا؟,auto_ok,genuine reword - needs native-speaker review
v1094,546,حمل ۽ ماءُ جي صحت,ٽماهي وار حمل جي سنڀال,ڇا حمل جي آخري مرحلي ۾ ننڊ ۾ تڪليف ٿيڻ عام آهي؟,آخري مهينن ۾ رات جي ننڊ خراب ٿئي، اهو معمول آهي ڇا؟,auto_ok,genuine reword - needs native-speaker review
v1095,547,حمل ۽ ماءُ جي صحت,ٽماهي وار حمل جي سنڀال,ڇا جيڪڏهن مون کي جاڙا ٻار آهن ته مون کي ڪجهه مختلف ڪرڻ جي ضرورت آهي؟,جاڙا ٻار هجن ته ڇا ڪجهه الڳ ڪرڻو پوندو؟,auto_ok,genuine reword - needs native-speaker review
v1096,547,حمل ۽ ماءُ جي صحت,ٽماهي وار حمل جي سنڀال,ڇا جيڪڏهن مون کي جاڙا ٻار آهن ته مون کي ڪجهه مختلف ڪرڻ جي ضرورت آهي؟,twins هجڻ تي حمل جي سنڀال ۾ ڪو فرق ايندو ڇا؟,auto_ok,genuine reword - needs native-speaker review
v1097,548,حمل ۽ ماءُ جي صحت,ٽماهي وار حمل جي سنڀال,صحت ڪارڪن هر ملاقات تي منهنجو پيٽ ڇو ماپي ٿو؟,هر ملاقات تي پيٽ ڇو ماپيو ويندو آهي؟,auto_ok,genuine reword - needs native-speaker review
v1098,548,حمل ۽ ماءُ جي صحت,ٽماهي وار حمل جي سنڀال,صحت ڪارڪن هر ملاقات تي منهنجو پيٽ ڇو ماپي ٿو؟,ڊاڪٽر هر ڀيري پيٽ جو ماپ ڇو کڻي ٿو؟,auto_ok,genuine reword - needs native-speaker review
v1099,549,حمل ۽ ماءُ جي صحت,ٽماهي وار حمل جي سنڀال,مون کي ڀاري پوک يا فارم جو ڪم ڪڏهن بند ڪرڻ گھرجي؟,ڀاري پوک يا فارم جو ڪم ڪڏهن بند ڪجي؟,auto_ok,genuine reword - needs native-speaker review
v1100,549,حمل ۽ ماءُ جي صحت,ٽماهي وار حمل جي سنڀال,مون کي ڀاري پوک يا فارم جو ڪم ڪڏهن بند ڪرڻ گھرجي؟,حمل دوران ڳرو زرعي ڪم ڪهڙي مرحلي کان ڇڏجي؟,auto_ok,genuine reword - needs native-speaker review
v1101,550,حمل ۽ ماءُ جي صحت,حمل دوران معائنا ۽ ٽيسٽ,حمل دوران معائنو ڇا آهي؟,حمل دوران معائنو دراصل ڇا هوندو آهي؟,auto_ok,genuine reword - needs native-speaker review
v1102,550,حمل ۽ ماءُ جي صحت,حمل دوران معائنا ۽ ٽيسٽ,حمل دوران معائنو ڇا آهي؟,antenatal checkup ۾ ڇا ٿيندو آهي؟,auto_ok,genuine reword - needs native-speaker review
v1103,551,حمل ۽ ماءُ جي صحت,حمل دوران معائنا ۽ ٽيسٽ,هڪ حامله عورت کي ڪيترن معائنن جي ضرورت آهي؟,هڪ حامله عورت کي ڪل ڪيترا معائنا گھرجن؟,auto_ok,genuine reword - needs native-speaker review
v1104,551,حمل ۽ ماءُ جي صحت,حمل دوران معائنا ۽ ٽيسٽ,هڪ حامله عورت کي ڪيترن معائنن جي ضرورت آهي؟,حمل دوران ڪيتري ڀيري چيڪ اپ ٿيڻ گهرجي؟,auto_ok,genuine reword - needs native-speaker review
v1105,552,حمل ۽ ماءُ جي صحت,حمل دوران معائنا ۽ ٽيسٽ,پهريون معائنو ڪڏهن ٿيڻ گھرجي؟,پهريون معائنو ڪهڙي وقت ڪرائجي؟,auto_ok,genuine reword - needs native-speaker review
v1106,552,حمل ۽ ماءُ جي صحت,حمل دوران معائنا ۽ ٽيسٽ,پهريون معائنو ڪڏهن ٿيڻ گھرجي؟,پهرين ڀيري ڊاڪٽر وٽ ڪڏهن وڃجي؟,auto_ok,genuine reword - needs native-speaker review
v1107,553,حمل ۽ ماءُ جي صحت,حمل دوران معائنا ۽ ٽيسٽ,ڇا وڌيڪ معائنن لاءِ وڃڻ سچ ۾ فرق آڻي ٿو؟,زياده معائنا ڪرائڻ سان سچ ۾ فرق پوي ٿو ڇا؟,auto_ok,genuine reword - needs native-speaker review
v1108,553,حمل ۽ ماءُ جي صحت,حمل دوران معائنا ۽ ٽيسٽ,ڇا وڌيڪ معائنن لاءِ وڃڻ سچ ۾ فرق آڻي ٿو؟,گھڻا چيڪ اپ ٿيڻ واقعي فائديمند آهن ڇا؟,auto_ok,genuine reword - needs native-speaker review
v1109,554,حمل ۽ ماءُ جي صحت,حمل دوران معائنا ۽ ٽيسٽ,حمل جي معائني تي ڇا ٿيندو آهي؟,حمل جي معائني دوران ڪهڙا ڪم ٿيندا آهن؟,auto_ok,genuine reword - needs native-speaker review
v1110,554,حمل ۽ ماءُ جي صحت,حمل دوران معائنا ۽ ٽيسٽ,حمل جي معائني تي ڇا ٿيندو آهي؟,antenatal visit ۾ ڊاڪٽر ڪهڙيون شيون چيڪ ڪري ٿو؟,auto_ok,genuine reword - needs native-speaker review
v1111,555,حمل ۽ ماءُ جي صحت,حمل دوران معائنا ۽ ٽيسٽ,منهنجو بلڊ پريشر هر دفعي ڇو چيڪ ٿيندو آهي؟,هر ملاقات تي بلڊ پريشر چيڪ ڪرڻ جو مقصد ڇا آهي؟,auto_ok,genuine reword - needs native-speaker review
v1112,555,حمل ۽ ماءُ جي صحت,حمل دوران معائنا ۽ ٽيسٽ,منهنجو بلڊ پريشر هر دفعي ڇو چيڪ ٿيندو آهي؟,دفعو دفعو bp ماپڻ جي وجہ ڇا آهي؟,auto_ok,genuine reword - needs native-speaker review
v1113,556,حمل ۽ ماءُ جي صحت,حمل دوران معائنا ۽ ٽيسٽ,حمل ۾ منهنجي پيشاب جو ٽيسٽ ڇو ڪيو ويندو آهي؟,پيشاب جو ٽيسٽ حمل ۾ ڇو ڪيو ويندو آهي؟,auto_ok,genuine reword - needs native-speaker review
v1114,556,حمل ۽ ماءُ جي صحت,حمل دوران معائنا ۽ ٽيسٽ,حمل ۾ منهنجي پيشاب جو ٽيسٽ ڇو ڪيو ويندو آهي؟,urine test سان ڇا معلوم ٿئي ٿو؟,auto_ok,genuine reword - needs native-speaker review
v1115,557,حمل ۽ ماءُ جي صحت,حمل دوران معائنا ۽ ٽيسٽ,حمل ۾ منهنجو خون ڇو ٽيسٽ ڪيو ويندو آهي؟,حمل ۾ خون جو ٽيسٽ ڪرڻ جو مقصد ڇا آهي؟,auto_ok,genuine reword - needs native-speaker review
v1116,557,حمل ۽ ماءُ جي صحت,حمل دوران معائنا ۽ ٽيسٽ,حمل ۾ منهنجو خون ڇو ٽيسٽ ڪيو ويندو آهي؟,blood test سان حامله عورت جي ڇا خبر پوي ٿي؟,auto_ok,genuine reword - needs native-speaker review
v1117,558,حمل ۽ ماءُ جي صحت,حمل دوران معائنا ۽ ٽيسٽ,مون کي حمل دوران اسڪين ڪڏهن ڪرائڻ گھرجي؟,اسڪين ڪهڙي وقت ڪرائجي؟,auto_ok,genuine reword - needs native-speaker review
v1118,558,حمل ۽ ماءُ جي صحت,حمل دوران معائنا ۽ ٽيسٽ,مون کي حمل دوران اسڪين ڪڏهن ڪرائڻ گھرجي؟,الٽراسائونڊ ڪرائڻ لاءِ صحيح ٽائيم ڪهڙو آهي؟,auto_ok,genuine reword - needs native-speaker review
v1119,559,حمل ۽ ماءُ جي صحت,حمل دوران معائنا ۽ ٽيسٽ,ڇا اسڪين ٻار لاءِ محفوظ آهي؟,اسڪين ٻار لاءِ محفوظ آهي ڇا؟,auto_ok,genuine reword - needs native-speaker review
v1120,559,حمل ۽ ماءُ جي صحت,حمل دوران معائنا ۽ ٽيسٽ,ڇا اسڪين ٻار لاءِ محفوظ آهي؟,الٽراسائونڊ ڪرائڻ سان ٻار کي نقصان ته ناهي؟,auto_ok,genuine reword - needs native-speaker review
v1121,560,حمل ۽ ماءُ جي صحت,حمل دوران معائنا ۽ ٽيسٽ,جيڪڏهن آءٌ شروعات ۾ نه وڃي سگهيس ته ڇا آءٌ چوويهه هفتن کان پوءِ اسڪين ڪرائي سگهان ٿي؟,24 هفتن کان پوءِ به اسڪين ڪرائي سگهجي ٿي ڇا؟,auto_ok,genuine reword - needs native-speaker review
v1122,560,حمل ۽ ماءُ جي صحت,حمل دوران معائنا ۽ ٽيسٽ,جيڪڏهن آءٌ شروعات ۾ نه وڃي سگهيس ته ڇا آءٌ چوويهه هفتن کان پوءِ اسڪين ڪرائي سگهان ٿي؟,شروع ۾ نه ٿي سگهيو ته دير سان الٽراسائونڊ ڪرائي سگهجي ٿو ڇا؟,auto_ok,genuine reword - needs native-speaker review
v1123,561,حمل ۽ ماءُ جي صحت,حمل دوران معائنا ۽ ٽيسٽ,ڇا مون کي معائنن لاءِ وڃڻ گھرجي جيڪڏهن اهو منهنجو پهريون ٻار ناهي؟,پهريون ٻار نه هجي ته به سڀ معائنا ضروري آهن ڇا؟,auto_ok,genuine reword - needs native-speaker review
v1124,561,حمل ۽ ماءُ جي صحت,حمل دوران معائنا ۽ ٽيسٽ,ڇا مون کي معائنن لاءِ وڃڻ گھرجي جيڪڏهن اهو منهنجو پهريون ٻار ناهي؟,ٻئي يا ٽئين حمل ۾ به سڀ چيڪ اپ ڪرڻا پون ٿا ڇا؟,auto_ok,genuine reword - needs native-speaker review
v1125,562,حمل ۽ ماءُ جي صحت,حمل دوران معائنا ۽ ٽيسٽ,مون کي پنهنجي معائني تي پاڻ سان ڇا کڻي وڃڻ گھرجي؟,معائني تي وڃڻ وقت پاڻ سان ڪهڙيون شيون کڻجن؟,auto_ok,genuine reword - needs native-speaker review
v1126,562,حمل ۽ ماءُ جي صحت,حمل دوران معائنا ۽ ٽيسٽ,مون کي پنهنجي معائني تي پاڻ سان ڇا کڻي وڃڻ گھرجي؟,چيڪ اپ لاءِ وڃڻ کان اڳ ڪهڙو سامان تيار رکجي؟,auto_ok,genuine reword - needs native-speaker review
v1127,563,حمل ۽ ماءُ جي صحت,حمل دوران معائنا ۽ ٽيسٽ,مون کي پنهنجي معائني تي صحت ڪارڪن کي ڇا ٻڌائڻ گھرجي؟,معائني تي صحت ڪارڪن کي ڪهڙيون ڳالهيون ٻڌائجن؟,auto_ok,genuine reword - needs native-speaker review
v1128,563,حمل ۽ ماءُ جي صحت,حمل دوران معائنا ۽ ٽيسٽ,مون کي پنهنجي معائني تي صحت ڪارڪن کي ڇا ٻڌائڻ گھرجي؟,ڊاڪٽر کي ملڻ وقت ڪهڙي معلومات ڏجي؟,auto_ok,genuine reword - needs native-speaker review
v1129,564,حمل ۽ ماءُ جي صحت,حمل دوران معائنا ۽ ٽيسٽ,ڇا آءٌ پنهنجي معائني تي سوال پڇي سگهان ٿي؟,معائني تي سوال پڇي سگهجي ٿو ڇا؟,auto_ok,genuine reword - needs native-speaker review
v1130,564,حمل ۽ ماءُ جي صحت,حمل دوران معائنا ۽ ٽيسٽ,ڇا آءٌ پنهنجي معائني تي سوال پڇي سگهان ٿي؟,ڊاڪٽر کان سوال پڇڻ جي اجازت آهي ڇا؟,auto_ok,genuine reword - needs native-speaker review
v1131,565,حمل ۽ ماءُ جي صحت,حمل دوران معائنا ۽ ٽيسٽ,جيڪڏهن صحت مرڪز منهنجي ڳوٺ کان پري هجي ته ڇا ٿيندو؟,صحت مرڪز پري هجي ته ان حالت ۾ ڇا ڪجي؟,auto_ok,genuine reword - needs native-speaker review
v1132,565,حمل ۽ ماءُ جي صحت,حمل دوران معائنا ۽ ٽيسٽ,جيڪڏهن صحت مرڪز منهنجي ڳوٺ کان پري هجي ته ڇا ٿيندو؟,گھر کان دور اسپتال هجي ته ان مسئلي جو حل ڇا آهي؟,auto_ok,genuine reword - needs native-speaker review
v1133,566,حمل ۽ ماءُ جي صحت,حمل دوران معائنا ۽ ٽيسٽ,ڇا هڪ ليڊي هيلٿ ورڪر ڊاڪٽر جي بجاءِ منهنجا معائنا ڪري سگهي ٿي؟,ليڊي هيلٿ ورڪر ڊاڪٽر جي بدران معائنا ڪري سگهي ٿي ڇا؟,auto_ok,genuine reword - needs native-speaker review
v1134,566,حمل ۽ ماءُ جي صحت,حمل دوران معائنا ۽ ٽيسٽ,ڇا هڪ ليڊي هيلٿ ورڪر ڊاڪٽر جي بجاءِ منهنجا معائنا ڪري سگهي ٿي؟,LHW ذريعي به antenatal checkup ٿي سگهي ٿو ڇا؟,auto_ok,genuine reword - needs native-speaker review
v1135,567,حمل ۽ ماءُ جي صحت,حمل دوران معائنا ۽ ٽيسٽ,صحت ڪارڪن جيڪو ڪارڊ مون کي ڏئي ٿو اهو ڇا لاءِ آهي؟,صحت ڪارڪن جو ڏنل ڪارڊ ڪهڙي ڪم لاءِ آهي؟,auto_ok,genuine reword - needs native-speaker review
v1136,567,حمل ۽ ماءُ جي صحت,حمل دوران معائنا ۽ ٽيسٽ,صحت ڪارڪن جيڪو ڪارڊ مون کي ڏئي ٿو اهو ڇا لاءِ آهي؟,ANC card جو مقصد ڇا آهي؟,auto_ok,genuine reword - needs native-speaker review
v1137,568,حمل ۽ ماءُ جي صحت,حمل دوران معائنا ۽ ٽيسٽ,جيڪڏهن مون کان هڪ معائنو ڇُٽي وڃي ته مون کي ڇا ڪرڻ گھرجي؟,هڪ معائنو ڇُٽي وڃي ته ڇا ڪجي؟,auto_ok,genuine reword - needs native-speaker review
v1138,568,حمل ۽ ماءُ جي صحت,حمل دوران معائنا ۽ ٽيسٽ,جيڪڏهن مون کان هڪ معائنو ڇُٽي وڃي ته مون کي ڇا ڪرڻ گھرجي؟,چيڪ اپ ميس ٿي وڃي ته ان بعد ڇا ڪرڻ گهرجي؟,auto_ok,genuine reword - needs native-speaker review
v1139,569,حمل ۽ ماءُ جي صحت,حمل دوران معائنا ۽ ٽيسٽ,ڇا مون کي منهنجي ملاقاتن تي غذا ۽ سرگرمي بابت صلاح ڏني ويندي؟,ملاقاتن تي غذا ۽ سرگرمي بابت صلاح ملندي آهي ڇا؟,auto_ok,genuine reword - needs native-speaker review
v1140,569,حمل ۽ ماءُ جي صحت,حمل دوران معائنا ۽ ٽيسٽ,ڇا مون کي منهنجي ملاقاتن تي غذا ۽ سرگرمي بابت صلاح ڏني ويندي؟,ڊاڪٽر کاڌي پيتي ۽ سرگرمي بابت به ٻڌائي ٿو ڇا؟,auto_ok,genuine reword - needs native-speaker review
v1141,570,حمل ۽ ماءُ جي صحت,حمل دوران معائنا ۽ ٽيسٽ,ڇا هو مون کان تماڪ يا ٻين شين بابت پڇندا؟,تماڪ يا ٻين شين بابت پڇيو ويندو آهي ڇا؟,auto_ok,genuine reword - needs native-speaker review
v1142,570,حمل ۽ ماءُ جي صحت,حمل دوران معائنا ۽ ٽيسٽ,ڇا هو مون کان تماڪ يا ٻين شين بابت پڇندا؟,نسوار يا ٻين عادتن بابت به سوال ٿيندا آهن ڇا؟,auto_ok,genuine reword - needs native-speaker review
v1143,571,حمل ۽ ماءُ جي صحت,حمل دوران معائنا ۽ ٽيسٽ,ڇا ڪو مون کان اهو به پڇندو ته آءٌ ذهني طور تي ڪيئن محسوس ڪري رهي آهيان، نه صرف جسماني طور تي؟,ذهني حالت بابت به پڇيو ويندو آهي، نه صرف جسماني؟,auto_ok,genuine reword - needs native-speaker review
v1144,571,حمل ۽ ماءُ جي صحت,حمل دوران معائنا ۽ ٽيسٽ,ڇا ڪو مون کان اهو به پڇندو ته آءٌ ذهني طور تي ڪيئن محسوس ڪري رهي آهيان، نه صرف جسماني طور تي؟,ڪو اهو به پڇندو آهي ته دل ۾ ڪيئن محسوس ٿي رهيو آهي؟,auto_ok,genuine reword - needs native-speaker review
v1145,572,حمل ۽ ماءُ جي صحت,حمل دوران معائنا ۽ ٽيسٽ,جيڪڏهن منهنجو خون جو ٽيسٽ خون جي کوٽ ڏيکاري ته ان جو ڇا مطلب آهي؟,خون جي کوٽ ڏسڻ ۾ اچي ته ان جو مطلب ڇا آهي؟,auto_ok,genuine reword - needs native-speaker review
v1146,572,حمل ۽ ماءُ جي صحت,حمل دوران معائنا ۽ ٽيسٽ,جيڪڏهن منهنجو خون جو ٽيسٽ خون جي کوٽ ڏيکاري ته ان جو ڇا مطلب آهي؟,anemia نڪري ته ان مان ڇا سمجهجي؟,auto_ok,genuine reword - needs native-speaker review
v1147,573,حمل ۽ ماءُ جي صحت,حمل دوران معائنا ۽ ٽيسٽ,منهنجي پيشاب ۾ پروٽين هجڻ جو ڇا مطلب آهي؟,پيشاب ۾ پروٽين اچڻ جو مطلب ڇا آهي؟,auto_ok,genuine reword - needs native-speaker review
v1148,573,حمل ۽ ماءُ جي صحت,حمل دوران معائنا ۽ ٽيسٽ,منهنجي پيشاب ۾ پروٽين هجڻ جو ڇا مطلب آهي؟,urine ۾ protein نظر اچي ته ان جي ڇا اهميت آهي؟,auto_ok,genuine reword - needs native-speaker review
v1149,574,حمل ۽ ماءُ جي صحت,حمل دوران معائنا ۽ ٽيسٽ,ڇا حمل دوران سنڀال صرف انهن عورتن لاءِ آهي جيڪي طبيعت خراب محسوس ڪن ٿيون؟,حمل جي سنڀال صرف بيمار عورتن لاءِ آهي ڇا؟,auto_ok,genuine reword - needs native-speaker review
v1150,574,حمل ۽ ماءُ جي صحت,حمل دوران معائنا ۽ ٽيسٽ,ڇا حمل دوران سنڀال صرف انهن عورتن لاءِ آهي جيڪي طبيعت خراب محسوس ڪن ٿيون؟,طبيعت ٺيڪ هجي پوءِ به antenatal care گهربل آهي ڇا؟,auto_ok,genuine reword - needs native-speaker review
v1151,575,حمل ۽ ماءُ جي صحت,حمل دوران معائنا ۽ ٽيسٽ,ڇا منهنجو مڙس يا ساس کي مون سان معائنن تي اچڻ گھرجي؟,مڙس يا ساس کي معائني تي گڏ اچڻ گهرجي ڇا؟,auto_ok,genuine reword - needs native-speaker review
v1152,575,حمل ۽ ماءُ جي صحت,حمل دوران معائنا ۽ ٽيسٽ,ڇا منهنجو مڙس يا ساس کي مون سان معائنن تي اچڻ گھرجي؟,چيڪ اپ تي گھر جو ڪو ٻيو فرد گڏ اچي سگهي ٿو ڇا؟,auto_ok,genuine reword - needs native-speaker review
v1153,576,حمل ۽ ماءُ جي صحت,حمل دوران معائنا ۽ ٽيسٽ,جيڪڏهن آءٌ معائنن جو خرچ نه کڻي سگهان ته ڇا ٿيندو؟,معائني جو خرچ نه کڻي سگهجي ته ان حالت ۾ ڇا ڪجي؟,auto_ok,genuine reword - needs native-speaker review
v1154,576,حمل ۽ ماءُ جي صحت,حمل دوران معائنا ۽ ٽيسٽ,جيڪڏهن آءٌ معائنن جو خرچ نه کڻي سگهان ته ڇا ٿيندو؟,پئسا نه هجن ته چيڪ اپ ڪيئن ڪرائجي؟,auto_ok,genuine reword - needs native-speaker review
v1155,577,حمل ۽ ماءُ جي صحت,حمل دوران معائنا ۽ ٽيسٽ,جيڪڏهن خاندان جو ڪو وڏو چوي ته سڀ ڪجهه ٺيڪ لڳي رهيو آهي ته به ڇا مون کي معائنن جي ضرورت آهي؟,مائٽن جو خيال هجي ته سڀ ٺيڪ آهي، تڏهن به معائنا ضروري آهن ڇا؟,auto_ok,genuine reword - needs native-speaker review
v1156,577,حمل ۽ ماءُ جي صحت,حمل دوران معائنا ۽ ٽيسٽ,جيڪڏهن خاندان جو ڪو وڏو چوي ته سڀ ڪجهه ٺيڪ لڳي رهيو آهي ته به ڇا مون کي معائنن جي ضرورت آهي؟,خاندان چوي ته سڀ چڱو آهي، ان باوجود ڊاڪٽر وٽ وڃجي ڇا؟,auto_ok,genuine reword - needs native-speaker review
v1157,578,حمل ۽ ماءُ جي صحت,حمل دوران معائنا ۽ ٽيسٽ,ڇا هو مون کي ٻڌائيندا ته ٻار پُٽ آهي يا ڌيءَ؟,ٻار پُٽ آهي يا ڌيءَ، اهو ٻڌائيندا آهن ڇا؟,auto_ok,genuine reword - needs native-speaker review
v1158,578,حمل ۽ ماءُ جي صحت,حمل دوران معائنا ۽ ٽيسٽ,ڇا هو مون کي ٻڌائيندا ته ٻار پُٽ آهي يا ڌيءَ؟,الٽراسائونڊ ۾ ٻار جو جنس ٻڌايو ويندو آهي ڇا؟,auto_ok,genuine reword - needs native-speaker review
v1159,579,حمل ۽ ماءُ جي صحت,حمل دوران معائنا ۽ ٽيسٽ,مون کي ڪيئن خبر پوندي ته مون کي ڪٿي ڄڻڻ گھرجي؟,ڪٿي ڄڻڻ گهرجي، ان جي خبر ڪيئن پوندي؟,auto_ok,genuine reword - needs native-speaker review
v1160,579,حمل ۽ ماءُ جي صحت,حمل دوران معائنا ۽ ٽيسٽ,مون کي ڪيئن خبر پوندي ته مون کي ڪٿي ڄڻڻ گھرجي؟,ولادت لاءِ صحيح جڳھ ڪيئن چونڊجي؟,auto_ok,genuine reword - needs native-speaker review
v1161,580,حمل ۽ ماءُ جي صحت,حمل جون تڪليفون ۽ نشانيون,حمل دوران مون کي طبيعت خراب لڳي ۽ قَي ڇو ٿئي ٿي؟,حمل دوران طبيعت خراب ۽ قَي جو سبب ڇا آهي؟,auto_ok,genuine reword - needs native-speaker review
v1162,580,حمل ۽ ماءُ جي صحت,حمل جون تڪليفون ۽ نشانيون,حمل دوران مون کي طبيعت خراب لڳي ۽ قَي ڇو ٿئي ٿي؟,morning sickness ڇو ٿئي ٿو؟,auto_ok,genuine reword - needs native-speaker review
v1163,581,حمل ۽ ماءُ جي صحت,حمل جون تڪليفون ۽ نشانيون,صبح جي بيماري بابت آءٌ ڇا ڪري سگهان ٿي؟,صبح جي بيماري ۾ آرام لاءِ ڇا ڪجي؟,auto_ok,genuine reword - needs native-speaker review
v1164,581,حمل ۽ ماءُ جي صحت,حمل جون تڪليفون ۽ نشانيون,صبح جي بيماري بابت آءٌ ڇا ڪري سگهان ٿي؟,morning sickness گھٽائڻ لاءِ ڪهڙا طريقا آهن؟,auto_ok,genuine reword - needs native-speaker review
v1165,582,حمل ۽ ماءُ جي صحت,حمل جون تڪليفون ۽ نشانيون,ڇا حمل ۾ سيني ۾ سور اٿڻ (Heartburn) عام آهي؟,حمل ۾ سيني ۾ جلن (heartburn) عام آهي ڇا؟,auto_ok,genuine reword - needs native-speaker review
v1166,582,حمل ۽ ماءُ جي صحت,حمل جون تڪليفون ۽ نشانيون,ڇا حمل ۾ سيني ۾ سور اٿڻ (Heartburn) عام آهي؟,حامله هوندي سيني ۾ سور محسوس ٿئي، اهو معمول آهي ڇا؟,auto_ok,genuine reword - needs native-speaker review
v1167,583,حمل ۽ ماءُ جي صحت,حمل جون تڪليفون ۽ نشانيون,مون کي حمل ۾ قبض آهي۔ مون کي ڇا ڪرڻ گھرجي؟,حمل ۾ قبض هجي ته ان لاءِ ڇا ڪجي؟,auto_ok,genuine reword - needs native-speaker review
v1168,583,حمل ۽ ماءُ جي صحت,حمل جون تڪليفون ۽ نشانيون,مون کي حمل ۾ قبض آهي۔ مون کي ڇا ڪرڻ گھرجي؟,حامله هوندي پيٽ صاف نه ٿئي، ان جو حل ڇا آهي؟,auto_ok,genuine reword - needs native-speaker review
v1169,584,حمل ۽ ماءُ جي صحت,حمل جون تڪليفون ۽ نشانيون,مون کي رات جو پيرن ۾ چٻرا (Cramps) ڇو پوندا آهن؟,رات جو پيرن ۾ چٻرا (cramps) ڇو پوندا آهن؟,auto_ok,genuine reword - needs native-speaker review
v1170,584,حمل ۽ ماءُ جي صحت,حمل جون تڪليفون ۽ نشانيون,مون کي رات جو پيرن ۾ چٻرا (Cramps) ڇو پوندا آهن؟,حمل دوران ٽنگن ۾ رات جو سور ڇو ٿئي ٿو؟,auto_ok,genuine reword - needs native-speaker review
v1171,585,حمل ۽ ماءُ جي صحت,حمل جون تڪليفون ۽ نشانيون,مون کي حمل ۾ پُٺِ جو سور آهي۔ ڇا اهو عام آهي؟,حمل ۾ پُٺِ جو سور عام آهي ڇا؟,auto_ok,genuine reword - needs native-speaker review
v1172,585,حمل ۽ ماءُ جي صحت,حمل جون تڪليفون ۽ نشانيون,مون کي حمل ۾ پُٺِ جو سور آهي۔ ڇا اهو عام آهي؟,حامله هوندي ڪمر ۾ درد ٿيڻ معمول آهي ڇا؟,auto_ok,genuine reword - needs native-speaker review
v1173,586,حمل ۽ ماءُ جي صحت,حمل جون تڪليفون ۽ نشانيون,مون کي هيٺان، ڪتلي جي هڏي وٽ سور آهي۔ ڇا اهو عام آهي؟,ڪتلي جي هڏي وٽ سور ٿيڻ عام آهي ڇا؟,auto_ok,genuine reword - needs native-speaker review
v1174,586,حمل ۽ ماءُ جي صحت,حمل جون تڪليفون ۽ نشانيون,مون کي هيٺان، ڪتلي جي هڏي وٽ سور آهي۔ ڇا اهو عام آهي؟,پيلوس واري حصي ۾ درد محسوس ٿئي، اهو ٿيندو آهي ڇا؟,auto_ok,genuine reword - needs native-speaker review
v1175,587,حمل ۽ ماءُ جي صحت,حمل جون تڪليفون ۽ نشانيون,حمل ۾ منهنجي پيرن تي سُوڄيل رڳون ڇا آهن؟,حمل ۾ پيرن جون سُوڄيل رڳون ڪهڙي شيء آهن؟,auto_ok,genuine reword - needs native-speaker review
v1176,587,حمل ۽ ماءُ جي صحت,حمل جون تڪليفون ۽ نشانيون,حمل ۾ منهنجي پيرن تي سُوڄيل رڳون ڇا آهن؟,varicose veins حمل ۾ ڇو ظاهر ٿين ٿيون؟,auto_ok,genuine reword - needs native-speaker review
v1177,588,حمل ۽ ماءُ جي صحت,حمل جون تڪليفون ۽ نشانيون,ڇا حمل ۾ چرخي اچڻ عام آهي؟,حمل ۾ چرخي اچڻ عام آهي ڇا؟,auto_ok,genuine reword - needs native-speaker review
v1178,588,حمل ۽ ماءُ جي صحت,حمل جون تڪليفون ۽ نشانيون,ڇا حمل ۾ چرخي اچڻ عام آهي؟,حامله هوندي هڪدم مٿو گھمڻ لڳي، اهو معمول آهي ڇا؟,auto_ok,genuine reword - needs native-speaker review
v1179,589,حمل ۽ ماءُ جي صحت,حمل جون تڪليفون ۽ نشانيون,حمل ۾ آءٌ هر وقت ايتري ٿڪل ڇو رهان ٿي؟,حمل ۾ هر وقت ٿڪ محسوس ٿيڻ جو سبب ڇا آهي؟,auto_ok,genuine reword - needs native-speaker review
v1180,589,حمل ۽ ماءُ جي صحت,حمل جون تڪليفون ۽ نشانيون,حمل ۾ آءٌ هر وقت ايتري ٿڪل ڇو رهان ٿي؟,حامله هوندي ايتري ٿڪاوٽ ڇو رهي ٿي؟,auto_ok,genuine reword - needs native-speaker review
v1181,590,حمل ۽ ماءُ جي صحت,حمل جون تڪليفون ۽ نشانيون,ڇا حمل ۾ ٿورو وڌيڪ رطوبت (Discharge) اچڻ عام آهي؟,حمل ۾ رطوبت (ڊسچارج) وڌڻ عام آهي ڇا؟,auto_ok,genuine reword - needs native-speaker review
v1182,590,حمل ۽ ماءُ جي صحت,حمل جون تڪليفون ۽ نشانيون,ڇا حمل ۾ ٿورو وڌيڪ رطوبت (Discharge) اچڻ عام آهي؟,حامله هوندي سفيد پاڻي وڌي وڃي، اهو معمول آهي ڇا؟,auto_ok,genuine reword - needs native-speaker review
v1183,591,حمل ۽ ماءُ جي صحت,حمل جون تڪليفون ۽ نشانيون,ڇا حمل ۾ پيٽ ۾ هلڪي بيچيني محسوس ٿيڻ عام آهي؟,حمل ۾ پيٽ ۾ هلڪي بيچيني عام آهي ڇا؟,auto_ok,genuine reword - needs native-speaker review
v1184,591,حمل ۽ ماءُ جي صحت,حمل جون تڪليفون ۽ نشانيون,ڇا حمل ۾ پيٽ ۾ هلڪي بيچيني محسوس ٿيڻ عام آهي؟,حامله هوندي پيٽ ۾ عجيب سا محسوس ٿئي، اهو معمول آهي ڇا؟,auto_ok,genuine reword - needs native-speaker review
v1185,592,حمل ۽ ماءُ جي صحت,حمل جون تڪليفون ۽ نشانيون,ڇا حمل ۾ هلڪو مٿي جو سور عام آهي؟,حمل ۾ هلڪو مٿي جو سور عام آهي ڇا؟,auto_ok,genuine reword - needs native-speaker review
v1186,592,حمل ۽ ماءُ جي صحت,حمل جون تڪليفون ۽ نشانيون,ڇا حمل ۾ هلڪو مٿي جو سور عام آهي؟,حامله هوندي هلڪو سردرد ٿيڻ معمول جي ڳالھ آهي ڇا؟,auto_ok,genuine reword - needs native-speaker review
v1187,593,حمل ۽ ماءُ جي صحت,حمل جون تڪليفون ۽ نشانيون,منهنجا هٿ ۽ منهن سُڄي ويا آهن۔ ڇا اهو صرف عام حمل واري سوڄ آهي؟,هٿ ۽ منهن سُڄي وڃن، ڇا اهو صرف عام حمل واري سوڄ آهي؟,auto_ok,genuine reword - needs native-speaker review
v1188,593,حمل ۽ ماءُ جي صحت,حمل جون تڪليفون ۽ نشانيون,منهنجا هٿ ۽ منهن سُڄي ويا آهن۔ ڇا اهو صرف عام حمل واري سوڄ آهي؟,چهرو ۽ هٿ سُڄي وڃن ته ان کي عام حمل واري تبديلي سمجھجي ڇا؟,auto_ok,genuine reword - needs native-speaker review
v1189,594,حمل ۽ ماءُ جي صحت,حمل جون تڪليفون ۽ نشانيون,ڇا حمل ۾ گرمي محسوس ٿيڻ يا وڌيڪ پگهر اچڻ عام آهي؟,حمل ۾ گرمي محسوس ٿيڻ يا وڌيڪ پگهر اچڻ عام آهي ڇا؟,auto_ok,genuine reword - needs native-speaker review
v1190,594,حمل ۽ ماءُ جي صحت,حمل جون تڪليفون ۽ نشانيون,ڇا حمل ۾ گرمي محسوس ٿيڻ يا وڌيڪ پگهر اچڻ عام آهي؟,حامله هوندي پگهر وڌي وڃي، اهو معمول آهي ڇا؟,auto_ok,genuine reword - needs native-speaker review
v1191,595,حمل ۽ ماءُ جي صحت,حمل جون تڪليفون ۽ نشانيون,حمل ۾ منهنجيون ڇاتيون ڇو سور ڪن ٿيون؟,حمل ۾ ڇاتين ۾ سور ٿيڻ جو سبب ڇا آهي؟,auto_ok,genuine reword - needs native-speaker review
v1192,595,حمل ۽ ماءُ جي صحت,حمل جون تڪليفون ۽ نشانيون,حمل ۾ منهنجيون ڇاتيون ڇو سور ڪن ٿيون؟,حامله هوندي ڇاتيون ڇو سور ڪن ٿيون؟,auto_ok,genuine reword - needs native-speaker review
v1193,596,حمل ۽ ماءُ جي صحت,حمل جون تڪليفون ۽ نشانيون,ڇا حمل دوران مزاج ۾ تبديلي اچڻ عام آهي؟,حمل دوران مزاج ۾ تبديلي اچڻ عام آهي ڇا؟,auto_ok,genuine reword - needs native-speaker review
v1194,596,حمل ۽ ماءُ جي صحت,حمل جون تڪليفون ۽ نشانيون,ڇا حمل دوران مزاج ۾ تبديلي اچڻ عام آهي؟,حامله هوندي موڊ بدلجي وڃي، اهو معمول آهي ڇا؟,auto_ok,genuine reword - needs native-speaker review
v1195,597,حمل ۽ ماءُ جي صحت,حمل جون تڪليفون ۽ نشانيون,ڇا آءٌ حمل ۾ پنهنجي سور لاءِ درد ختم ڪندڙ دوا وٺي سگهان ٿي؟,حمل ۾ سور لاءِ درد ختم ڪندڙ دوا کائي سگهجي ٿي ڇا؟,auto_ok,genuine reword - needs native-speaker review
v1196,597,حمل ۽ ماءُ جي صحت,حمل جون تڪليفون ۽ نشانيون,ڇا آءٌ حمل ۾ پنهنجي سور لاءِ درد ختم ڪندڙ دوا وٺي سگهان ٿي؟,حامله هوندي painkiller وٺڻ محفوظ آهي ڇا؟,auto_ok,genuine reword - needs native-speaker review
v1197,598,حمل ۽ ماءُ جي صحت,حمل جون تڪليفون ۽ نشانيون,ڇا حمل ۾ گھريلو نسخا محفوظ آهن؟,حمل ۾ گھريلو نسخا محفوظ آهن ڇا؟,auto_ok,genuine reword - needs native-speaker review
v1198,598,حمل ۽ ماءُ جي صحت,حمل جون تڪليفون ۽ نشانيون,ڇا حمل ۾ گھريلو نسخا محفوظ آهن؟,حامله هوندي desi totkay استعمال ڪرڻ ٺيڪ آهن ڇا؟,auto_ok,genuine reword - needs native-speaker review
v1199,599,حمل ۽ ماءُ جي صحت,حمل جون تڪليفون ۽ نشانيون,ڇا حمل ۾ پيشاب ڪندي سڙڻ عام آهي؟,حمل ۾ پيشاب ڪندي سڙڻ عام آهي ڇا؟,auto_ok,genuine reword - needs native-speaker review
v1200,599,حمل ۽ ماءُ جي صحت,حمل جون تڪليفون ۽ نشانيون,ڇا حمل ۾ پيشاب ڪندي سڙڻ عام آهي؟,حامله هوندي ٽوائليٽ وقت جلن محسوس ٿئي، اهو معمول آهي ڇا؟,auto_ok,genuine reword - needs native-speaker review
v1201,600,حمل ۽ ماءُ جي صحت,حمل جون تڪليفون ۽ نشانيون,ڇا حمل جي آخري مرحلي ۾ مٿي چڙهڻ وقت ساهه کڄڻ عام آهي؟,حمل جي آخري مرحلي ۾ مٿي چڙهڻ وقت ساهه کڄڻ عام آهي ڇا؟,auto_ok,genuine reword - needs native-speaker review
v1202,600,حمل ۽ ماءُ جي صحت,حمل جون تڪليفون ۽ نشانيون,ڇا حمل جي آخري مرحلي ۾ مٿي چڙهڻ وقت ساهه کڄڻ عام آهي؟,آخري مهينن ۾ ڏاڪڻ چڙهندي ساهه ڦُلجي وڃي، اهو معمول آهي ڇا؟,auto_ok,genuine reword - needs native-speaker review
v1203,601,حمل ۽ ماءُ جي صحت,حمل جون تڪليفون ۽ نشانيون,حمل ۾ رات جو مون کي پيشاب لاءِ بار بار ڇو اٿڻو پوي ٿو؟,رات جو بار بار پيشاب لاءِ اٿڻو پوي، ان جو سبب ڇا آهي؟,auto_ok,genuine reword - needs native-speaker review
v1204,601,حمل ۽ ماءُ جي صحت,حمل جون تڪليفون ۽ نشانيون,حمل ۾ رات جو مون کي پيشاب لاءِ بار بار ڇو اٿڻو پوي ٿو؟,حامله هوندي رات جو ننڊ ٽوائليٽ سبب ٽٽي، اهو ڇو ٿئي ٿو؟,auto_ok,genuine reword - needs native-speaker review
v1205,602,حمل ۽ ماءُ جي صحت,حمل جون تڪليفون ۽ نشانيون,ڇا حمل ۾ چمڙي ۾ خارش ۽ ٽوٽنيون (Stretch Marks) عام آهن؟,حمل ۾ چمڙي ۾ خارش ۽ اسٽريچ مارڪس عام آهن ڇا؟,auto_ok,genuine reword - needs native-speaker review
v1206,602,حمل ۽ ماءُ جي صحت,حمل جون تڪليفون ۽ نشانيون,ڇا حمل ۾ چمڙي ۾ خارش ۽ ٽوٽنيون (Stretch Marks) عام آهن؟,حامله هوندي جسم تي کِلن جا نشان اچن، اهو معمول آهي ڇا؟,auto_ok,genuine reword - needs native-speaker review
v1207,603,حمل ۽ ماءُ جي صحت,حمل جون تڪليفون ۽ نشانيون,دند صاف ڪرڻ وقت منهنجن ڏندن جي مسورن مان رت اچي ٿو۔ ڇا اها حمل واري تبديلي آهي؟,دند صاف ڪرڻ وقت مسورن مان رت اچڻ حمل واري تبديلي آهي ڇا؟,auto_ok,genuine reword - needs native-speaker review
v1208,603,حمل ۽ ماءُ جي صحت,حمل جون تڪليفون ۽ نشانيون,دند صاف ڪرڻ وقت منهنجن ڏندن جي مسورن مان رت اچي ٿو۔ ڇا اها حمل واري تبديلي آهي؟,brushing وقت مسوڙا رت ڏين ته اهو حمل سبب آهي ڇا؟,auto_ok,genuine reword - needs native-speaker review
v1209,604,حمل ۽ ماءُ جي صحت,حمل جون تڪليفون ۽ نشانيون,ڇا ڏينهن جي آخر ۾ منهنجن پيرن جو سُڄڻ عام آهي؟,ڏينهن جي آخر ۾ پيرن جو سُڄڻ عام آهي ڇا؟,auto_ok,genuine reword - needs native-speaker review
v1210,604,حمل ۽ ماءُ جي صحت,حمل جون تڪليفون ۽ نشانيون,ڇا ڏينهن جي آخر ۾ منهنجن پيرن جو سُڄڻ عام آهي؟,شام تائين پير سُڄي وڃن، اهو معمول جي ڳالھ آهي ڇا؟,auto_ok,genuine reword - needs native-speaker review
v1211,605,حمل ۽ ماءُ جي صحت,حمل جون تڪليفون ۽ نشانيون,ڇا مون کي پنهنجي معائني تي ننڍا مسئلا ٻڌائجن، يا فقط وڏا؟,ننڍا مسئلا معائني تي ٻڌائجن يا فقط وڏا؟,auto_ok,genuine reword - needs native-speaker review
v1212,605,حمل ۽ ماءُ جي صحت,حمل جون تڪليفون ۽ نشانيون,ڇا مون کي پنهنجي معائني تي ننڍا مسئلا ٻڌائجن، يا فقط وڏا؟,ٿورڙي تڪليف به ڊاڪٽر کي ٻڌائجي يا رڳو وڏا مسئلا؟,auto_ok,genuine reword - needs native-speaker review
v1213,606,حمل ۽ ماءُ جي صحت,حمل جون تڪليفون ۽ نشانيون,آءٌ عام تڪليف ۽ خطري جي نشاني ۾ فرق ڪيئن سمجهان؟,عام تڪليف ۽ خطري جي نشاني ۾ فرق ڪيئن ڪجي؟,auto_ok,genuine reword - needs native-speaker review
v1214,606,حمل ۽ ماءُ جي صحت,حمل جون تڪليفون ۽ نشانيون,آءٌ عام تڪليف ۽ خطري جي نشاني ۾ فرق ڪيئن سمجهان؟,ڪا ڳالھ خطرناڪ آهي يا عام، ان جي پرک ڪيئن ٿئي؟,auto_ok,genuine reword - needs native-speaker review
v1215,607,حمل ۽ ماءُ جي صحت,حمل جون تڪليفون ۽ نشانيون,ڇا سرگرم رهڻ حمل جي سورن ۾ مدد ڪري سگهي ٿو؟,سرگرم رهڻ حمل جي سورن ۾ مدد ڪري ٿو ڇا؟,auto_ok,genuine reword - needs native-speaker review
v1216,607,حمل ۽ ماءُ جي صحت,حمل جون تڪليفون ۽ نشانيون,ڇا سرگرم رهڻ حمل جي سورن ۾ مدد ڪري سگهي ٿو؟,هلڻ يا ورزش ڪرڻ سان حمل جو درد گھٽجي ٿو ڇا؟,auto_ok,genuine reword - needs native-speaker review
v1217,608,حمل ۽ ماءُ جي صحت,حمل جون تڪليفون ۽ نشانيون,مون کي بلڪل به ڪا تڪليف ناهي۔ ڇا ڪا خراب ڳالهه آهي؟,بلڪل تڪليف نه هجي ته ڇا ڪا خراب ڳالھ آهي؟,auto_ok,genuine reword - needs native-speaker review
v1218,608,حمل ۽ ماءُ جي صحت,حمل جون تڪليفون ۽ نشانيون,مون کي بلڪل به ڪا تڪليف ناهي۔ ڇا ڪا خراب ڳالهه آهي؟,ڪجهه به محسوس نه ٿئي، ان ۾ ڪا فڪر جي ڳالھ آهي ڇا؟,auto_ok,genuine reword - needs native-speaker review
v1219,609,حمل ۽ ماءُ جي صحت,حمل جون تڪليفون ۽ نشانيون,حمل جي آخري مرحلي ۾ ٻيهر طبيعت خراب لڳڻ شروع ٿي وئي آهي۔ ڇا مون کي پريشان ٿيڻ گھرجي؟,آخري مرحلي ۾ ٻيهر طبيعت خراب لڳي، ان تي پريشان ٿجي ڇا؟,auto_ok,genuine reword - needs native-speaker review
v1220,609,حمل ۽ ماءُ جي صحت,حمل جون تڪليفون ۽ نشانيون,حمل جي آخري مرحلي ۾ ٻيهر طبيعت خراب لڳڻ شروع ٿي وئي آهي۔ ڇا مون کي پريشان ٿيڻ گھرجي؟,آخري مهينن ۾ وري متلي اچي ته ان تي ڳڻتي ڪجي ڇا؟,auto_ok,genuine reword - needs native-speaker review
v1221,610,حمل ۽ ماءُ جي صحت,حمل دوران غذا (آئرن، فوليڪ ايسڊ ۽ خوراڪ),حمل دوران مون کي ڇا کائڻ گھرجي؟,حمل دوران ڪهڙي غذا کائجي؟,auto_ok,genuine reword - needs native-speaker review
v1222,610,حمل ۽ ماءُ جي صحت,حمل دوران غذا (آئرن، فوليڪ ايسڊ ۽ خوراڪ),حمل دوران مون کي ڇا کائڻ گھرجي؟,حامله عورت لاءِ صحيح خوراڪ ڪهڙي آهي؟,auto_ok,genuine reword - needs native-speaker review
v1223,611,حمل ۽ ماءُ جي صحت,حمل دوران غذا (آئرن، فوليڪ ايسڊ ۽ خوراڪ),ڇا مون کي حمل ۾ ٻن ماڻهن جيتري غذا کائڻ گھرجي؟,حمل ۾ ٻن ماڻهن جيتري غذا کائڻ ضروري آهي ڇا؟,auto_ok,genuine reword - needs native-speaker review
v1224,611,حمل ۽ ماءُ جي صحت,حمل دوران غذا (آئرن، فوليڪ ايسڊ ۽ خوراڪ),ڇا مون کي حمل ۾ ٻن ماڻهن جيتري غذا کائڻ گھرجي؟,'ٻن جو کاڌو' واري ڳالھ صحيح آهي ڇا؟,auto_ok,genuine reword - needs native-speaker review
v1225,612,حمل ۽ ماءُ جي صحت,حمل دوران غذا (آئرن، فوليڪ ايسڊ ۽ خوراڪ),حمل ۾ آئرن ۽ فوليڪ ايسڊ جون گوريون ڇو ڏنيون وينديون آهن؟,آئرن ۽ فوليڪ ايسڊ جون گوريون حمل ۾ ڇو ڏنيون وينديون آهن؟,auto_ok,genuine reword - needs native-speaker review
v1226,612,حمل ۽ ماءُ جي صحت,حمل دوران غذا (آئرن، فوليڪ ايسڊ ۽ خوراڪ),حمل ۾ آئرن ۽ فوليڪ ايسڊ جون گوريون ڇو ڏنيون وينديون آهن؟,iron folic acid tablets حامله کي ڪهڙي فائدي لاءِ ڏجن ٿيون؟,auto_ok,genuine reword - needs native-speaker review
v1227,613,حمل ۽ ماءُ جي صحت,حمل دوران غذا (آئرن، فوليڪ ايسڊ ۽ خوراڪ),مون کي پنهنجيون آئرن ۽ فوليڪ ايسڊ جون گوريون ڪيتري عرصي تائين کائڻ گھرجن؟,آئرن ۽ فوليڪ ايسڊ جون گوريون ڪيترو ماهواري کائجن؟,auto_ok,genuine reword - needs native-speaker review
v1228,613,حمل ۽ ماءُ جي صحت,حمل دوران غذا (آئرن، فوليڪ ايسڊ ۽ خوراڪ),مون کي پنهنجيون آئرن ۽ فوليڪ ايسڊ جون گوريون ڪيتري عرصي تائين کائڻ گھرجن؟,iron folic acid ڪيترن مهينن تائين استعمال ڪجي؟,auto_ok,genuine reword - needs native-speaker review
v1229,614,حمل ۽ ماءُ جي صحت,حمل دوران غذا (آئرن، فوليڪ ايسڊ ۽ خوراڪ),آئرن جون گوريون منهنجي پيٽ کي خراب ڪن ٿيون۔ ڇا مون کي انهن کي بند ڪري ڏيڻ گھرجي؟,آئرن جون گوريون پيٽ خراب ڪن ته انهن کي بند ڪري ڏجي ڇا؟,auto_ok,genuine reword - needs native-speaker review
v1230,614,حمل ۽ ماءُ جي صحت,حمل دوران غذا (آئرن، فوليڪ ايسڊ ۽ خوراڪ),آئرن جون گوريون منهنجي پيٽ کي خراب ڪن ٿيون۔ ڇا مون کي انهن کي بند ڪري ڏيڻ گھرجي؟,iron tablets سان پيٽ ۾ تڪليف ٿئي ته ڇڏي ڏجن ڇا؟,auto_ok,genuine reword - needs native-speaker review
v1231,615,حمل ۽ ماءُ جي صحت,حمل دوران غذا (آئرن، فوليڪ ايسڊ ۽ خوراڪ),ڪهڙيون شيون خون ٺاهڻ ۾ مدد ڪن ٿيون؟,خون ٺاهڻ ۾ ڪهڙيون شيون مدد ڏين ٿيون؟,auto_ok,genuine reword - needs native-speaker review
v1232,615,حمل ۽ ماءُ جي صحت,حمل دوران غذا (آئرن، فوليڪ ايسڊ ۽ خوراڪ),ڪهڙيون شيون خون ٺاهڻ ۾ مدد ڪن ٿيون؟,جسم ۾ رت وڌائڻ لاءِ ڪهڙو کاڌو کائجي؟,auto_ok,genuine reword - needs native-speaker review
v1233,616,حمل ۽ ماءُ جي صحت,حمل دوران غذا (آئرن، فوليڪ ايسڊ ۽ خوراڪ),ڇا چانهه پيئڻ منهنجي آئرن تي اثر انداز ٿئي ٿو؟,چانهه پيئڻ سان آئرن جو جذب ٿيڻ متاثر ٿئي ٿو ڇا؟,auto_ok,genuine reword - needs native-speaker review
v1234,616,حمل ۽ ماءُ جي صحت,حمل دوران غذا (آئرن، فوليڪ ايسڊ ۽ خوراڪ),ڇا چانهه پيئڻ منهنجي آئرن تي اثر انداز ٿئي ٿو؟,چانهه سان آئرنه (iron) جو اثر گھٽجي ٿو ڇا؟,auto_ok,genuine reword - needs native-speaker review
v1235,617,حمل ۽ ماءُ جي صحت,حمل دوران غذا (آئرن، فوليڪ ايسڊ ۽ خوراڪ),خون جي کوٽ ڇا آهي ۽ حمل ۾ اها ڪيتري عام آهي؟,خون جي کوٽ (انيميا) حمل ۾ ڪيتري عام آهي؟,auto_ok,genuine reword - needs native-speaker review
v1236,617,حمل ۽ ماءُ جي صحت,حمل دوران غذا (آئرن، فوليڪ ايسڊ ۽ خوراڪ),خون جي کوٽ ڇا آهي ۽ حمل ۾ اها ڪيتري عام آهي؟,حامله عورتن ۾ anemia ٿيڻ عام ڳالھ آهي ڇا؟,auto_ok,genuine reword - needs native-speaker review
v1237,618,حمل ۽ ماءُ جي صحت,حمل دوران غذا (آئرن، فوليڪ ايسڊ ۽ خوراڪ),خون جي کوٽ جون نشانيون ڪهڙيون آهن؟,خون جي کوٽ جون علامتون ڪهڙيون آهن؟,auto_ok,genuine reword - needs native-speaker review
v1238,618,حمل ۽ ماءُ جي صحت,حمل دوران غذا (آئرن، فوليڪ ايسڊ ۽ خوراڪ),خون جي کوٽ جون نشانيون ڪهڙيون آهن؟,انيميا هجڻ جون نشانيون ڪهڙيون آهن؟,auto_ok,genuine reword - needs native-speaker review
v1239,619,حمل ۽ ماءُ جي صحت,حمل دوران غذا (آئرن، فوليڪ ايسڊ ۽ خوراڪ),خون جي کوٽ منهنجي حمل کي ڇا نقصان ڏئي سگهي ٿي؟,خون جي کوٽ حمل کي ڪهڙو نقصان ڏئي سگهي ٿي؟,auto_ok,genuine reword - needs native-speaker review
v1240,619,حمل ۽ ماءُ جي صحت,حمل دوران غذا (آئرن، فوليڪ ايسڊ ۽ خوراڪ),خون جي کوٽ منهنجي حمل کي ڇا نقصان ڏئي سگهي ٿي؟,انيميا هجڻ سان حمل تي ڪهڙو خراب اثر پوي ٿو؟,auto_ok,genuine reword - needs native-speaker review
v1241,620,حمل ۽ ماءُ جي صحت,حمل دوران غذا (آئرن، فوليڪ ايسڊ ۽ خوراڪ),ڇا خون جي کوٽ غذا کان سواءِ ٻئي ڪنهن سبب ٿي سگهي ٿي؟,خون جي کوٽ صرف غذا کان علاوه ٻئي سبب به ٿي سگهي ٿي ڇا؟,auto_ok,genuine reword - needs native-speaker review
v1242,620,حمل ۽ ماءُ جي صحت,حمل دوران غذا (آئرن، فوليڪ ايسڊ ۽ خوراڪ),ڇا خون جي کوٽ غذا کان سواءِ ٻئي ڪنهن سبب ٿي سگهي ٿي؟,انيميا جو ڪارڻ کاڌي کان سواءِ ٻيو به ٿي سگهي ٿو ڇا؟,auto_ok,genuine reword - needs native-speaker review
v1243,621,حمل ۽ ماءُ جي صحت,حمل دوران غذا (آئرن، فوليڪ ايسڊ ۽ خوراڪ),مون کي حمل ۾ ڪيترو پاڻي پيئڻ گھرجي؟,حمل ۾ روزانو ڪيترو پاڻي پيئڻ گهرجي؟,auto_ok,genuine reword - needs native-speaker review
v1244,621,حمل ۽ ماءُ جي صحت,حمل دوران غذا (آئرن، فوليڪ ايسڊ ۽ خوراڪ),مون کي حمل ۾ ڪيترو پاڻي پيئڻ گھرجي؟,حامله عورت لاءِ پاڻي جي صحيح مقدار ڪيتري آهي؟,auto_ok,genuine reword - needs native-speaker review
v1245,622,حمل ۽ ماءُ جي صحت,حمل دوران غذا (آئرن، فوليڪ ايسڊ ۽ خوراڪ),ڇا حمل ۾ روزو رکڻ محفوظ آهي؟,حمل ۾ روزو رکڻ محفوظ آهي ڇا؟,auto_ok,genuine reword - needs native-speaker review
v1246,622,حمل ۽ ماءُ جي صحت,حمل دوران غذا (آئرن، فوليڪ ايسڊ ۽ خوراڪ),ڇا حمل ۾ روزو رکڻ محفوظ آهي؟,حامله هوندي fasting ڪرڻ ٺيڪ آهي ڇا؟,auto_ok,genuine reword - needs native-speaker review
v1247,623,حمل ۽ ماءُ جي صحت,حمل دوران غذا (آئرن، فوليڪ ايسڊ ۽ خوراڪ),ڇا مون کي حمل ۾ ڪنهن به قسم جي غذا کان پاسو ڪرڻ گھرجي؟,حمل ۾ ڪنهن قسم جي غذا کان پاسو ڪجي ڇا؟,auto_ok,genuine reword - needs native-speaker review
v1248,623,حمل ۽ ماءُ جي صحت,حمل دوران غذا (آئرن، فوليڪ ايسڊ ۽ خوراڪ),ڇا مون کي حمل ۾ ڪنهن به قسم جي غذا کان پاسو ڪرڻ گھرجي؟,حامله هوندي ڪهڙا کاڌا نه کائجن؟,auto_ok,genuine reword - needs native-speaker review
v1249,624,حمل ۽ ماءُ جي صحت,حمل دوران غذا (آئرن، فوليڪ ايسڊ ۽ خوراڪ),ڇا آءٌ حامله هوندي پنهنجي ڳوٺاڻي عام غذا کائي سگهان ٿي؟,حامله هوندي پنهنجي ڳوٺاڻي عام غذا کائي سگهجي ٿي ڇا؟,auto_ok,genuine reword - needs native-speaker review
v1250,624,حمل ۽ ماءُ جي صحت,حمل دوران غذا (آئرن، فوليڪ ايسڊ ۽ خوراڪ),ڇا آءٌ حامله هوندي پنهنجي ڳوٺاڻي عام غذا کائي سگهان ٿي؟,روزمره جو ديسي کاڌو حمل ۾ کائڻ ٺيڪ آهي ڇا؟,auto_ok,genuine reword - needs native-speaker review
v1251,625,حمل ۽ ماءُ جي صحت,حمل دوران غذا (آئرن، فوليڪ ايسڊ ۽ خوراڪ),ڇا حمل ۾ ڀاڄيون ۽ ميوا اهم آهن؟,حمل ۾ ڀاڄيون ۽ ميوا کائڻ ضروري آهي ڇا؟,auto_ok,genuine reword - needs native-speaker review
v1252,625,حمل ۽ ماءُ جي صحت,حمل دوران غذا (آئرن، فوليڪ ايسڊ ۽ خوراڪ),ڇا حمل ۾ ڀاڄيون ۽ ميوا اهم آهن؟,حامله لاءِ سبزيون ۽ فروٽ ڪيترا اهم آهن؟,auto_ok,genuine reword - needs native-speaker review
v1253,626,حمل ۽ ماءُ جي صحت,حمل دوران غذا (آئرن، فوليڪ ايسڊ ۽ خوراڪ),آءٌ گوشت نٿي کائان۔ ڇا مون کي پوءِ به لوڙهيندڙ آئرن ملي سگهي ٿو؟,گوشت نه کائجي ته پوءِ به آئرن ملي سگهي ٿو ڇا؟,auto_ok,genuine reword - needs native-speaker review
v1254,626,حمل ۽ ماءُ جي صحت,حمل دوران غذا (آئرن، فوليڪ ايسڊ ۽ خوراڪ),آءٌ گوشت نٿي کائان۔ ڇا مون کي پوءِ به لوڙهيندڙ آئرن ملي سگهي ٿو؟,ويجيٽيرين هجڻ باوجود آئرنه (iron) ملي سگهي ٿو ڇا؟,auto_ok,genuine reword - needs native-speaker review
v1255,627,حمل ۽ ماءُ جي صحت,حمل دوران غذا (آئرن، فوليڪ ايسڊ ۽ خوراڪ),ڇا مون کي آئرن ۽ فوليڪ ايسڊ کان سواءِ ٻين وٽامنن جي ضرورت آهي؟,آئرن ۽ فوليڪ ايسڊ کان علاوه ٻيا وٽامن به گهربل آهن ڇا؟,auto_ok,genuine reword - needs native-speaker review
v1256,627,حمل ۽ ماءُ جي صحت,حمل دوران غذا (آئرن، فوليڪ ايسڊ ۽ خوراڪ),ڇا مون کي آئرن ۽ فوليڪ ايسڊ کان سواءِ ٻين وٽامنن جي ضرورت آهي؟,ٻين سپليمينٽس جي به حمل ۾ ضرورت آهي ڇا؟,auto_ok,genuine reword - needs native-speaker review
v1257,628,حمل ۽ ماءُ جي صحت,حمل دوران غذا (آئرن، فوليڪ ايسڊ ۽ خوراڪ),ڇا سٺي غذا کائڻ منهنجي ٻار کي ننڍي ڄمڻ کان روڪي سگهي ٿو؟,سٺي غذا کائڻ سان ٻار ننڍي ڄمڻ کان بچي سگهي ٿو ڇا؟,auto_ok,genuine reword - needs native-speaker review
v1258,628,حمل ۽ ماءُ جي صحت,حمل دوران غذا (آئرن، فوليڪ ايسڊ ۽ خوراڪ),ڇا سٺي غذا کائڻ منهنجي ٻار کي ننڍي ڄمڻ کان روڪي سگهي ٿو؟,کاڌي پيتي جو خيال رکڻ سان low birth weight کان بچاءُ ٿئي ٿو ڇا؟,auto_ok,genuine reword - needs native-speaker review
v1259,629,حمل ۽ ماءُ جي صحت,حمل دوران غذا (آئرن، فوليڪ ايسڊ ۽ خوراڪ),ڇا حمل ۾ وزن وڌڻ خراب ڳالهه آهي؟,حمل ۾ وزن وڌڻ خراب ڳالھ آهي ڇا؟,auto_ok,genuine reword - needs native-speaker review
v1260,629,حمل ۽ ماءُ جي صحت,حمل دوران غذا (آئرن، فوليڪ ايسڊ ۽ خوراڪ),ڇا حمل ۾ وزن وڌڻ خراب ڳالهه آهي؟,حامله هوندي وزن وڌڻ نقصانڪار آهي ڇا؟,auto_ok,genuine reword - needs native-speaker review
v1261,630,حمل ۽ ماءُ جي صحت,حمل دوران غذا (آئرن، فوليڪ ايسڊ ۽ خوراڪ),مون کي ڀُڪَ ناهي لڳندي۔ مون کي ڇا ڪرڻ گھرجي؟,ڀُڪَ نه لڳي ته ان لاءِ ڇا ڪجي؟,auto_ok,genuine reword - needs native-speaker review
v1262,630,حمل ۽ ماءُ جي صحت,حمل دوران غذا (آئرن، فوليڪ ايسڊ ۽ خوراڪ),مون کي ڀُڪَ ناهي لڳندي۔ مون کي ڇا ڪرڻ گھرجي؟,کائڻ جو دل نه چوندو هجي ته ان جو حل ڇا آهي؟,auto_ok,genuine reword - needs native-speaker review
v1263,631,حمل ۽ ماءُ جي صحت,حمل دوران غذا (آئرن، فوليڪ ايسڊ ۽ خوراڪ),ڇا منهنجي غذا جو اثر پوءِ ايندڙ منهنجي کير تي ٿئي ٿو؟,منهنجي غذا جو اثر پوءِ ايندڙ کير تي پوي ٿو ڇا؟,auto_ok,genuine reword - needs native-speaker review
v1264,631,حمل ۽ ماءُ جي صحت,حمل دوران غذا (آئرن، فوليڪ ايسڊ ۽ خوراڪ),ڇا منهنجي غذا جو اثر پوءِ ايندڙ منهنجي کير تي ٿئي ٿو؟,حمل واري کاڌي جو اثر breastmilk تي رهي ٿو ڇا؟,auto_ok,genuine reword - needs native-speaker review
v1265,632,حمل ۽ ماءُ جي صحت,حمل دوران غذا (آئرن، فوليڪ ايسڊ ۽ خوراڪ),ڇا جيڪڏهن مون کي جاڙا ٻار آهن ته مون کي مختلف غذا کائڻ گھرجي؟,جاڙا ٻار هجن ته مختلف غذا کائڻ گهرجي ڇا؟,auto_ok,genuine reword - needs native-speaker review
v1266,632,حمل ۽ ماءُ جي صحت,حمل دوران غذا (آئرن، فوليڪ ايسڊ ۽ خوراڪ),ڇا جيڪڏهن مون کي جاڙا ٻار آهن ته مون کي مختلف غذا کائڻ گھرجي؟,twins حمل ۾ خوراڪ ۾ ڪو خاص فرق ڪجي ڇا؟,auto_ok,genuine reword - needs native-speaker review
v1267,633,حمل ۽ ماءُ جي صحت,حمل دوران غذا (آئرن، فوليڪ ايسڊ ۽ خوراڪ),ڇا آءٌ آئرن جون گوريون خالي پيٽ تي کائي سگهان ٿي؟,آئرن جون گوريون خالي پيٽ کائي سگهجن ٿيون ڇا؟,auto_ok,genuine reword - needs native-speaker review
v1268,633,حمل ۽ ماءُ جي صحت,حمل دوران غذا (آئرن، فوليڪ ايسڊ ۽ خوراڪ),ڇا آءٌ آئرن جون گوريون خالي پيٽ تي کائي سگهان ٿي؟,iron tablet صبح خالي پيٽ کائڻ ٺيڪ آهي ڇا؟,auto_ok,genuine reword - needs native-speaker review
v1269,634,حمل ۽ ماءُ جي صحت,حمل دوران غذا (آئرن، فوليڪ ايسڊ ۽ خوراڪ),ڇا ٻار ڄمڻ کانپوءِ به منهنجي آئرن جي ضرورت جاري رهي ٿي؟,ٻار ڄمڻ بعد به آئرن جي ضرورت رهي ٿي ڇا؟,auto_ok,genuine reword - needs native-speaker review
v1270,634,حمل ۽ ماءُ جي صحت,حمل دوران غذا (آئرن، فوليڪ ايسڊ ۽ خوراڪ),ڇا ٻار ڄمڻ کانپوءِ به منهنجي آئرن جي ضرورت جاري رهي ٿي؟,ولادت کان پوءِ به iron جي ضرورت جاري رهي ٿي ڇا؟,auto_ok,genuine reword - needs native-speaker review
v1271,635,حمل ۽ ماءُ جي صحت,حمل دوران غذا (آئرن، فوليڪ ايسڊ ۽ خوراڪ),ڇا حمل ۾ کير اهم آهي؟,حمل ۾ کير پيئڻ ضروري آهي ڇا؟,auto_ok,genuine reword - needs native-speaker review
v1272,635,حمل ۽ ماءُ جي صحت,حمل دوران غذا (آئرن، فوليڪ ايسڊ ۽ خوراڪ),ڇا حمل ۾ کير اهم آهي؟,حامله لاءِ کير ڪيترو اهم آهي؟,auto_ok,genuine reword - needs native-speaker review
v1273,636,حمل ۽ ماءُ جي صحت,حمل دوران غذا (آئرن، فوليڪ ايسڊ ۽ خوراڪ),ڇا ڪجهه خاص طعام کائڻ سان اهو طئي ٿيندو ته منهنجو پُٽ ٿيندو يا ڌيءَ؟,ڪجهه خاص کاڌو کائڻ سان ٻار جو جنس طئي ٿئي ٿو ڇا؟,auto_ok,genuine reword - needs native-speaker review
v1274,636,حمل ۽ ماءُ جي صحت,حمل دوران غذا (آئرن، فوليڪ ايسڊ ۽ خوراڪ),ڇا ڪجهه خاص طعام کائڻ سان اهو طئي ٿيندو ته منهنجو پُٽ ٿيندو يا ڌيءَ؟,ڪا خاص خوراڪ کائڻ سان پُٽ يا ڌيءَ ٿيندي، اهو صحيح آهي ڇا؟,auto_ok,genuine reword - needs native-speaker review
v1275,637,حمل ۽ ماءُ جي صحت,حمل دوران غذا (آئرن، فوليڪ ايسڊ ۽ خوراڪ),ڇا مون کي گھٽ کائڻ گھرجي ته جيئن ٻار ننڍو رهي ۽ ڄمڻ آسان ٿئي؟,گھٽ کائڻ سان ٻار ننڍو رهي ۽ ڄڻڻ آسان ٿئي، اهو صحيح آهي ڇا؟,auto_ok,genuine reword - needs native-speaker review
v1276,637,حمل ۽ ماءُ جي صحت,حمل دوران غذا (آئرن، فوليڪ ايسڊ ۽ خوراڪ),ڇا مون کي گھٽ کائڻ گھرجي ته جيئن ٻار ننڍو رهي ۽ ڄمڻ آسان ٿئي؟,ٻار ننڍو رکڻ لاءِ کاڌو گھٽ ڪجي، اهو خيال درست آهي ڇا؟,auto_ok,genuine reword - needs native-speaker review
v1277,638,حمل ۽ ماءُ جي صحت,حمل دوران غذا (آئرن، فوليڪ ايسڊ ۽ خوراڪ),ڇا مون کي پنهنجيون گوريون کائڻ جي ضرورت آهي جيتوڻيڪ آءٌ بلڪل صحتمند محسوس ڪريان ٿي؟,پاڻ کي بلڪل صحتمند محسوس ٿئي ته به گوريون کائجن ضروري آهي ڇا؟,auto_ok,genuine reword - needs native-speaker review
v1278,638,حمل ۽ ماءُ جي صحت,حمل دوران غذا (آئرن، فوليڪ ايسڊ ۽ خوراڪ),ڇا مون کي پنهنجيون گوريون کائڻ جي ضرورت آهي جيتوڻيڪ آءٌ بلڪل صحتمند محسوس ڪريان ٿي؟,طبيعت سٺي هجي پوءِ به سپليمينٽ کائڻ ضروري آهي ڇا؟,auto_ok,genuine reword - needs native-speaker review
v1279,639,حمل ۽ ماءُ جي صحت,حمل دوران غذا (آئرن، فوليڪ ايسڊ ۽ خوراڪ),مون کي آئرن ۽ فوليڪ ايسڊ جون گوريون ڪٿان ملي سگهن ٿيون؟,iron ۽ folic acid tablets وٺڻ لاءِ ڪٿي وڃجي؟,auto_ok,genuine reword - needs native-speaker review
v1280,639,حمل ۽ ماءُ جي صحت,حمل دوران غذا (آئرن، فوليڪ ايسڊ ۽ خوراڪ),مون کي آئرن ۽ فوليڪ ايسڊ جون گوريون ڪٿان ملي سگهن ٿيون؟,iron folic acid tablets ڪٿان حاصل ٿي سگهن ٿيون؟,auto_ok,genuine reword - needs native-speaker review
v1281,640,حمل ۽ ماءُ جي صحت,ليبر، ويم ۽ ڄڻڻ جي جاءِ,ڄڻڻ لاءِ سڀ کان محفوظ جاءِ ڪهڙي آهي؟,ولادت لاءِ سڀ کان محفوظ جڳھ ڪهڙي آهي؟,auto_ok,genuine reword - needs native-speaker review
v1282,640,حمل ۽ ماءُ جي صحت,ليبر، ويم ۽ ڄڻڻ جي جاءِ,ڄڻڻ لاءِ سڀ کان محفوظ جاءِ ڪهڙي آهي؟,ٻار ڄڻڻ لاءِ سٺي ترين جاءِ ڪهڙي هجي؟,auto_ok,genuine reword - needs native-speaker review
v1283,641,حمل ۽ ماءُ جي صحت,ليبر، ويم ۽ ڄڻڻ جي جاءِ,اهو ڇو اهم آهي ته منهنجي ڄڻڻ ۾ ڪير مدد ڪري؟,ڄڻڻ وقت مهارت واري مدد هجڻ ڇو ضروري آهي؟,auto_ok,genuine reword - needs native-speaker review
v1284,641,حمل ۽ ماءُ جي صحت,ليبر، ويم ۽ ڄڻڻ جي جاءِ,اهو ڇو اهم آهي ته منهنجي ڄڻڻ ۾ ڪير مدد ڪري؟,ولادت تي تربيت يافته مدد ڇو اهم آهي؟,auto_ok,genuine reword - needs native-speaker review
v1285,642,حمل ۽ ماءُ جي صحت,ليبر، ويم ۽ ڄڻڻ جي جاءِ,ماهر ڄڻائيندڙ (Skilled Birth Attendant) ڇا آهي؟,Skilled Birth Attendant ڇا آهي؟,auto_ok,genuine reword - needs native-speaker review
v1286,642,حمل ۽ ماءُ جي صحت,ليبر، ويم ۽ ڄڻڻ جي جاءِ,ماهر ڄڻائيندڙ (Skilled Birth Attendant) ڇا آهي؟,تربيت يافته دائي يا نرس کي ڇا سڏجي ٿو؟,auto_ok,genuine reword - needs native-speaker review
v1287,643,حمل ۽ ماءُ جي صحت,ليبر، ويم ۽ ڄڻڻ جي جاءِ,مون کي ڪيئن خبر پوندي ته دردِ زه شروع ٿي ويو آهي؟,درد زه (labor pain) شروع ٿيڻ جي خبر ڪيئن پوندي؟,auto_ok,genuine reword - needs native-speaker review
v1288,643,حمل ۽ ماءُ جي صحت,ليبر، ويم ۽ ڄڻڻ جي جاءِ,مون کي ڪيئن خبر پوندي ته دردِ زه شروع ٿي ويو آهي؟,ڄمڻ جا درد شروع ٿيڻ جو احساس ڪيئن ٿيندو آهي؟,auto_ok,genuine reword - needs native-speaker review
v1289,644,حمل ۽ ماءُ جي صحت,ليبر، ويم ۽ ڄڻڻ جي جاءِ,جيڪڏهن منهنجو پاڻي ٽٽي وڃي ته مون کي ڇا ڪرڻ گھرجي؟,پاڻي ٽٽي وڃي (water break) ته ان وقت ڇا ڪجي؟,auto_ok,genuine reword - needs native-speaker review
v1290,644,حمل ۽ ماءُ جي صحت,ليبر، ويم ۽ ڄڻڻ جي جاءِ,جيڪڏهن منهنجو پاڻي ٽٽي وڃي ته مون کي ڇا ڪرڻ گھرجي؟,امينوٽڪ فلوئڊ نڪري ته فوراً ڪهڙو قدم کڻجي؟,auto_ok,genuine reword - needs native-speaker review
v1291,645,حمل ۽ ماءُ جي صحت,ليبر، ويم ۽ ڄڻڻ جي جاءِ,مون کي ڄڻڻ لاءِ پاڻ سان ڇا کڻي وڃڻ گھرجي؟,ولادت لاءِ پاڻ سان ڪهڙو سامان کڻجي؟,auto_ok,genuine reword - needs native-speaker review
v1292,645,حمل ۽ ماءُ جي صحت,ليبر، ويم ۽ ڄڻڻ جي جاءِ,مون کي ڄڻڻ لاءِ پاڻ سان ڇا کڻي وڃڻ گھرجي؟,ڄڻڻ لاءِ اسپتال ۾ ڪهڙيون شيون کڻي وڃجن؟,auto_ok,genuine reword - needs native-speaker review
v1293,646,حمل ۽ ماءُ جي صحت,ليبر، ويم ۽ ڄڻڻ جي جاءِ,آءٌ ڄڻڻ لاءِ اچ وڃ جي رٿابندي ڪيئن ڪريان؟,ولادت لاءِ اسپتال اچ وڃ جي رٿابندي ڪيئن ڪجي؟,auto_ok,genuine reword - needs native-speaker review
v1294,646,حمل ۽ ماءُ جي صحت,ليبر، ويم ۽ ڄڻڻ جي جاءِ,آءٌ ڄڻڻ لاءِ اچ وڃ جي رٿابندي ڪيئن ڪريان؟,ڄڻڻ وقت سفر جو بندوبست اڳواٽ ڪيئن ڪري رکجي؟,auto_ok,genuine reword - needs native-speaker review
v1295,647,حمل ۽ ماءُ جي صحت,ليبر، ويم ۽ ڄڻڻ جي جاءِ,جيڪڏهن رات جو دردِ زه شروع ٿئي يا رستا ڏکيا هجن ته ڇا ٿيندو؟,رات جو درد زه شروع ٿئي يا رستا ڏکيا هجن ته ڇا ٿيندو؟,auto_ok,genuine reword - needs native-speaker review
v1296,647,حمل ۽ ماءُ جي صحت,ليبر، ويم ۽ ڄڻڻ جي جاءِ,جيڪڏهن رات جو دردِ زه شروع ٿئي يا رستا ڏکيا هجن ته ڇا ٿيندو؟,رستو خراب هجي ۽ رات جو درد اٿي ته ان مسئلي جو حل ڇا آهي؟,auto_ok,genuine reword - needs native-speaker review
v1297,648,حمل ۽ ماءُ جي صحت,ليبر، ويم ۽ ڄڻڻ جي جاءِ,دردِ زه عام طور تي ڪيتري دير رهندو آهي؟,درد زه عام طور تي ڪيتري وقت رهندو آهي؟,auto_ok,genuine reword - needs native-speaker review
v1298,648,حمل ۽ ماءُ جي صحت,ليبر، ويم ۽ ڄڻڻ جي جاءِ,دردِ زه عام طور تي ڪيتري دير رهندو آهي؟,labor pain ڪيترن ڪلاڪن تائين هلي ٿو؟,auto_ok,genuine reword - needs native-speaker review
v1299,649,حمل ۽ ماءُ جي صحت,ليبر، ويم ۽ ڄڻڻ جي جاءِ,ڇا دردِ زه دوران ڪو منهنجي ڀرسان ٿي سگهي ٿو؟,درد زه دوران ڪو ماڻهو ڀرسان رهي سگهي ٿو ڇا؟,auto_ok,genuine reword - needs native-speaker review
v1300,649,حمل ۽ ماءُ جي صحت,ليبر، ويم ۽ ڄڻڻ جي جاءِ,ڇا دردِ زه دوران ڪو منهنجي ڀرسان ٿي سگهي ٿو؟,ولادت وقت ڪو ساٿی گڏ رهي سگهي ٿو ڇا؟,auto_ok,genuine reword - needs native-speaker review
v1301,650,حمل ۽ ماءُ جي صحت,ليبر، ويم ۽ ڄڻڻ جي جاءِ,ڄمڻ کانپوءِ گھڻو رت وهڻ ڇا آهي؟,ولادت بعد گھڻي رت وهڻ کي ڇا چئبو آهي؟,auto_ok,genuine reword - needs native-speaker review
v1302,650,حمل ۽ ماءُ جي صحت,ليبر، ويم ۽ ڄڻڻ جي جاءِ,ڄمڻ کانپوءِ گھڻو رت وهڻ ڇا آهي؟,postpartum hemorrhage ڇا آهي؟,auto_ok,genuine reword - needs native-speaker review
v1303,651,حمل ۽ ماءُ جي صحت,ليبر، ويم ۽ ڄڻڻ جي جاءِ,ڄڻڻ جي چوڌاري وڏا خطرا ڪهڙا آهن؟,ولادت جي دوران وڏا خطرا ڪهڙا آهن؟,auto_ok,genuine reword - needs native-speaker review
v1304,651,حمل ۽ ماءُ جي صحت,ليبر، ويم ۽ ڄڻڻ جي جاءِ,ڄڻڻ جي چوڌاري وڏا خطرا ڪهڙا آهن؟,ڄڻڻ وقت ڪهڙيون خطرناڪ حالتون پيدا ٿي سگهن ٿيون؟,auto_ok,genuine reword - needs native-speaker review
v1305,652,حمل ۽ ماءُ جي صحت,ليبر، ويم ۽ ڄڻڻ جي جاءِ,سيزيرين (Caesarean) ڇا آهي ۽ اهو ڪڏهن ضروري ٿئي ٿو؟,سيزيرين آپريشن ڇا آهي ۽ ڪڏهن ضروري ٿي پوندو آهي؟,auto_ok,genuine reword - needs native-speaker review
v1306,652,حمل ۽ ماءُ جي صحت,ليبر، ويم ۽ ڄڻڻ جي جاءِ,سيزيرين (Caesarean) ڇا آهي ۽ اهو ڪڏهن ضروري ٿئي ٿو؟,C-section ڪهڙي حالت ۾ ڪرڻو پوي ٿو؟,auto_ok,genuine reword - needs native-speaker review
v1307,653,حمل ۽ ماءُ جي صحت,ليبر، ويم ۽ ڄڻڻ جي جاءِ,مون کي ڪيئن خبر پوندي ته ڄڻڻ لاءِ مون کي آپريشن جي ضرورت پوندي؟,آپريشن جي ضرورت جي خبر ڪيئن پوندي؟,auto_ok,genuine reword - needs native-speaker review
v1308,653,حمل ۽ ماءُ جي صحت,ليبر، ويم ۽ ڄڻڻ جي جاءِ,مون کي ڪيئن خبر پوندي ته ڄڻڻ لاءِ مون کي آپريشن جي ضرورت پوندي؟,ولادت لاءِ سرجري گهربل آهي، اهو ڪيئن معلوم ٿئي ٿو؟,auto_ok,genuine reword - needs native-speaker review
v1309,654,حمل ۽ ماءُ جي صحت,ليبر، ويم ۽ ڄڻڻ جي جاءِ,ڇا هڪ تجربيڪار وڏي عورت سان گڏ گھر ۾ ڄڻڻ محفوظ آهي؟,تجربيڪار وڏي عورت سان گھر ۾ ڄڻڻ محفوظ آهي ڇا؟,auto_ok,genuine reword - needs native-speaker review
v1310,654,حمل ۽ ماءُ جي صحت,ليبر، ويم ۽ ڄڻڻ جي جاءِ,ڇا هڪ تجربيڪار وڏي عورت سان گڏ گھر ۾ ڄڻڻ محفوظ آهي؟,دائي جي مدد سان گھر ۾ ولادت ڪرائجي، اهو محفوظ آهي ڇا؟,auto_ok,genuine reword - needs native-speaker review
v1311,655,حمل ۽ ماءُ جي صحت,ليبر، ويم ۽ ڄڻڻ جي جاءِ,ٻار ڄمڻ فوراً پوءِ ڇا ٿيڻ گھرجي؟,ٻار ڄمڻ فوراً پوءِ ڪهڙو عمل ٿيڻ گهرجي؟,auto_ok,genuine reword - needs native-speaker review
v1312,655,حمل ۽ ماءُ جي صحت,ليبر، ويم ۽ ڄڻڻ جي جاءِ,ٻار ڄمڻ فوراً پوءِ ڇا ٿيڻ گھرجي؟,ولادت جي فوري بعد ڇا ٿيڻ گهرجي؟,auto_ok,genuine reword - needs native-speaker review
v1313,656,حمل ۽ ماءُ جي صحت,ليبر، ويم ۽ ڄڻڻ جي جاءِ,ناڙ کي فوراً ڇو نه ڪٽجي؟,ناڙ کي فوراً نه ڪٽڻ جو سبب ڇا آهي؟,auto_ok,genuine reword - needs native-speaker review
v1314,656,حمل ۽ ماءُ جي صحت,ليبر، ويم ۽ ڄڻڻ جي جاءِ,ناڙ کي فوراً ڇو نه ڪٽجي؟,umbilical cord فوراً ڪٽڻ کان ڇو منع ڪيو ويندو آهي؟,auto_ok,genuine reword - needs native-speaker review
v1315,657,حمل ۽ ماءُ جي صحت,ليبر، ويم ۽ ڄڻڻ جي جاءِ,ڄمڻ کانپوءِ مون کي ڪيتري جلدي ٻار کي کير پيارڻ گھرجي؟,ولادت کان پوءِ ٻار کي ڪيتري جلدي کير پيارجي؟,auto_ok,genuine reword - needs native-speaker review
v1316,657,حمل ۽ ماءُ جي صحت,ليبر، ويم ۽ ڄڻڻ جي جاءِ,ڄمڻ کانپوءِ مون کي ڪيتري جلدي ٻار کي کير پيارڻ گھرجي؟,پيدائش بعد پهريون ڀيرو breastfeeding ڪيترن گھنٽن ۾ شروع ڪجي؟,auto_ok,genuine reword - needs native-speaker review
v1317,658,حمل ۽ ماءُ جي صحت,ليبر، ويم ۽ ڄڻڻ جي جاءِ,ٻار ڄمڻ کانپوءِ مون کي سهولت تي ڪيتري دير رهڻ گھرجي؟,ولادت کان پوءِ اسپتال ۾ ڪيتري دير رهجي؟,auto_ok,genuine reword - needs native-speaker review
v1318,658,حمل ۽ ماءُ جي صحت,ليبر، ويم ۽ ڄڻڻ جي جاءِ,ٻار ڄمڻ کانپوءِ مون کي سهولت تي ڪيتري دير رهڻ گھرجي؟,ٻار ٿيڻ بعد سهولت تي ڪيترا ڏينهن ترسجي؟,auto_ok,genuine reword - needs native-speaker review
v1319,659,حمل ۽ ماءُ جي صحت,ليبر، ويم ۽ ڄڻڻ جي جاءِ,جيڪڏهن آءٌ اوچتو گھر ۾ ڄڻي وجهان ته ڇا ٿيندو؟,اوچتو گھر ۾ ولادت ٿي وڃي ته ڇا ڪجي؟,auto_ok,genuine reword - needs native-speaker review
v1320,659,حمل ۽ ماءُ جي صحت,ليبر، ويم ۽ ڄڻڻ جي جاءِ,جيڪڏهن آءٌ اوچتو گھر ۾ ڄڻي وجهان ته ڇا ٿيندو؟,پلاننگ کان اڳ ئي ولادت گھر ۾ ٿي وڃي ته ان وقت ڇا ڪجي؟,auto_ok,genuine reword - needs native-speaker review
v1321,660,حمل ۽ ماءُ جي صحت,ليبر، ويم ۽ ڄڻڻ جي جاءِ,جيڪڏهن ٻار وقت کان اڳ اچي وڃي ته ڇا ٿيندو؟,مقرر تاريخ کان اڳ ٻار ڄمي پوي ته ان بعد ڪهڙا قدم کنيا ويندا آهن؟,auto_ok,genuine reword - needs native-speaker review
v1322,660,حمل ۽ ماءُ جي صحت,ليبر، ويم ۽ ڄڻڻ جي جاءِ,جيڪڏهن ٻار وقت کان اڳ اچي وڃي ته ڇا ٿيندو؟,preterm delivery ٿئي ته ان بعد ڇا ٿئي ٿو؟,auto_ok,genuine reword - needs native-speaker review
v1323,661,حمل ۽ ماءُ جي صحت,ليبر، ويم ۽ ڄڻڻ جي جاءِ,ڪينگرو موم ڪيئر (Kangaroo Mother Care) ڇا آهي؟,ڪينگرو موم ڪيئر ڇا آهي؟,auto_ok,genuine reword - needs native-speaker review
v1324,661,حمل ۽ ماءُ جي صحت,ليبر، ويم ۽ ڄڻڻ جي جاءِ,ڪينگرو موم ڪيئر (Kangaroo Mother Care) ڇا آهي؟,Kangaroo Mother Care جو مطلب ڇا آهي؟,auto_ok,genuine reword - needs native-speaker review
v1325,662,حمل ۽ ماءُ جي صحت,ليبر، ويم ۽ ڄڻڻ جي جاءِ,ڇا وقت کان اڳ ٻارن جا گھڻا مسئلا روڪي سگهجن ٿا؟,وقت کان اڳ ٻارن جا مسئلا روڪي سگهجن ٿا ڇا؟,auto_ok,genuine reword - needs native-speaker review
v1326,662,حمل ۽ ماءُ جي صحت,ليبر، ويم ۽ ڄڻڻ جي جاءِ,ڇا وقت کان اڳ ٻارن جا گھڻا مسئلا روڪي سگهجن ٿا؟,preterm baby جا خطرا گھٽائي سگهجن ٿا ڇا؟,auto_ok,genuine reword - needs native-speaker review
v1327,663,حمل ۽ ماءُ جي صحت,ليبر، ويم ۽ ڄڻڻ جي جاءِ,ڇا مون کي دردِ زه شروع ٿيڻ کان اڳ سهولت تي وڃڻ گھرجي؟,درد زه شروع ٿيڻ کان اڳ اسپتال وڃجي ڇا؟,auto_ok,genuine reword - needs native-speaker review
v1328,663,حمل ۽ ماءُ جي صحت,ليبر، ويم ۽ ڄڻڻ جي جاءِ,ڇا مون کي دردِ زه شروع ٿيڻ کان اڳ سهولت تي وڃڻ گھرجي؟,labor pain شروع ٿيڻ کان اڳ ئي هسپتال ڏانهن روانو ٿجي ڇا؟,auto_ok,genuine reword - needs native-speaker review
v1329,664,حمل ۽ ماءُ جي صحت,ليبر، ويم ۽ ڄڻڻ جي جاءِ,جيڪڏهن اڳ ۾ منهنجي ڏکي ڄڻڻ ٿي هجي ته ڇا ٿيندو؟,اڳ ۾ ڏکي ولادت ٿي هجي ته ان بعد ڇا ٿيندو؟,auto_ok,genuine reword - needs native-speaker review
v1330,664,حمل ۽ ماءُ جي صحت,ليبر، ويم ۽ ڄڻڻ جي جاءِ,جيڪڏهن اڳ ۾ منهنجي ڏکي ڄڻڻ ٿي هجي ته ڇا ٿيندو؟,پهرين ولادت مشڪل هجي، ان جو هاڻي ڪهڙو اثر پوندو؟,auto_ok,genuine reword - needs native-speaker review
v1331,665,حمل ۽ ماءُ جي صحت,ليبر، ويم ۽ ڄڻڻ جي جاءِ,ڇا ڄڻڻ کان ڊڄڻ عام آهي؟,ڄڻڻ کان ڊڄڻ عام آهي ڇا؟,auto_ok,genuine reword - needs native-speaker review
v1332,665,حمل ۽ ماءُ جي صحت,ليبر، ويم ۽ ڄڻڻ جي جاءِ,ڇا ڄڻڻ کان ڊڄڻ عام آهي؟,ولادت جو ڊپ لڳڻ معمول جي ڳالھ آهي ڇا؟,auto_ok,genuine reword - needs native-speaker review
v1333,666,حمل ۽ ماءُ جي صحت,ليبر، ويم ۽ ڄڻڻ جي جاءِ,ڇا آءٌ سيزيرين کانپوءِ به وڌيڪ ٻار ڄڻي سگهنديس؟,سيزيرين بعد به وڌيڪ ٻار ٿي سگهن ٿا ڇا؟,auto_ok,genuine reword - needs native-speaker review
v1334,666,حمل ۽ ماءُ جي صحت,ليبر، ويم ۽ ڄڻڻ جي جاءِ,ڇا آءٌ سيزيرين کانپوءِ به وڌيڪ ٻار ڄڻي سگهنديس؟,هڪ C-section بعد ٻيا ٻار ٿي سگهن ٿا ڇا؟,auto_ok,genuine reword - needs native-speaker review
v1335,667,حمل ۽ ماءُ جي صحت,ليبر، ويم ۽ ڄڻڻ جي جاءِ,ڄمڻ کانپوءِ ٻار کي ڪيتري جلدي چيڪ ٿيڻ گھرجي؟,ولادت کان پوءِ ٻار کي ڪيتري جلدي چيڪ ڪجي؟,auto_ok,genuine reword - needs native-speaker review
v1336,667,حمل ۽ ماءُ جي صحت,ليبر، ويم ۽ ڄڻڻ جي جاءِ,ڄمڻ کانپوءِ ٻار کي ڪيتري جلدي چيڪ ٿيڻ گھرجي؟,پيدائش بعد نئين ٻار جو معائنو ڪڏهن ٿجي؟,auto_ok,genuine reword - needs native-speaker review
v1337,668,حمل ۽ ماءُ جي صحت,ليبر، ويم ۽ ڄڻڻ جي جاءِ,منهنجي لاءِ پهريون پوسٽ نيٽل معائنا ڪهڙا آهن؟,ماءُ لاءِ پهريون پوسٽ نيٽل معائنا ڪهڙا هوندا آهن؟,auto_ok,genuine reword - needs native-speaker review
v1338,668,حمل ۽ ماءُ جي صحت,ليبر، ويم ۽ ڄڻڻ جي جاءِ,منهنجي لاءِ پهريون پوسٽ نيٽل معائنا ڪهڙا آهن؟,ولادت بعد ماءُ جو پهريون چيڪ اپ ڇا ڏسي ٿو؟,auto_ok,genuine reword - needs native-speaker review
v1339,669,حمل ۽ ماءُ جي صحت,ليبر، ويم ۽ ڄڻڻ جي جاءِ,ڇا گھڻين عورتن ۽ ٻارن کي ڄمڻ کانپوءِ سنڀال ملي ٿي؟,گھڻين عورتن ۽ ٻارن کي ولادت کان پوءِ سنڀال ملي ٿي ڇا؟,auto_ok,genuine reword - needs native-speaker review
v1340,669,حمل ۽ ماءُ جي صحت,ليبر، ويم ۽ ڄڻڻ جي جاءِ,ڇا گھڻين عورتن ۽ ٻارن کي ڄمڻ کانپوءِ سنڀال ملي ٿي؟,postnatal care عام طور تي هر ماءُ ۽ ٻار کي ملي ٿي ڇا؟,auto_ok,genuine reword - needs native-speaker review
v1341,670,حمل ۽ ماءُ جي صحت,جسماني ٻار ڄڻڻ کان پوءِ صحتيابي,ڄمڻ کانپوءِ مون کي فوراً اسپتال نه ڇڏڻ گھرجي، ڇو؟,ولادت بعد فوراً اسپتال ڇو نه ڇڏجي؟,auto_ok,genuine reword - needs native-speaker review
v1342,670,حمل ۽ ماءُ جي صحت,جسماني ٻار ڄڻڻ کان پوءِ صحتيابي,ڄمڻ کانپوءِ مون کي فوراً اسپتال نه ڇڏڻ گھرجي، ڇو؟,ٻار ٿيڻ بعد جلدي گھر وڃڻ ٺيڪ ناهي، ڇو؟,auto_ok,genuine reword - needs native-speaker review
v1343,671,حمل ۽ ماءُ جي صحت,جسماني ٻار ڄڻڻ کان پوءِ صحتيابي,ٻار ڄمڻ کانپوءِ مون کي ڪيترا معائنا ڪرائڻ جي ضرورت آهي؟,ولادت کان پوءِ ماءُ کي ڪيترا معائنا ضروري آهن؟,auto_ok,genuine reword - needs native-speaker review
v1344,671,حمل ۽ ماءُ جي صحت,جسماني ٻار ڄڻڻ کان پوءِ صحتيابي,ٻار ڄمڻ کانپوءِ مون کي ڪيترا معائنا ڪرائڻ جي ضرورت آهي؟,ٻار ٿيڻ بعد ماءُ جا چيڪ اپ ڪيترا ٿيڻ گهرجن؟,auto_ok,genuine reword - needs native-speaker review
v1345,672,حمل ۽ ماءُ جي صحت,جسماني ٻار ڄڻڻ کان پوءِ صحتيابي,جيڪڏهن مون گھر ۾ ٻار ڄڻيو هجي ته پهريون معائنو ڪڏهن ٿيڻ گھرجي؟,گھر ۾ ولادت ٿي هجي ته پهريون معائنو ڪڏهن ٿيڻ گهرجي؟,auto_ok,genuine reword - needs native-speaker review
v1346,672,حمل ۽ ماءُ جي صحت,جسماني ٻار ڄڻڻ کان پوءِ صحتيابي,جيڪڏهن مون گھر ۾ ٻار ڄڻيو هجي ته پهريون معائنو ڪڏهن ٿيڻ گھرجي؟,گھر ۾ ٻار ٿئي ته پهرين ڀيري چيڪ اپ ڪهڙي وقت ٿجي؟,auto_ok,genuine reword - needs native-speaker review
v1347,673,حمل ۽ ماءُ جي صحت,جسماني ٻار ڄڻڻ کان پوءِ صحتيابي,ڄمڻ کانپوءِ جو وقت ايترو اهم ڇو آهي؟,ولادت کان پوءِ وارو وقت ايترو اهم ڇو آهي؟,auto_ok,genuine reword - needs native-speaker review
v1348,673,حمل ۽ ماءُ جي صحت,جسماني ٻار ڄڻڻ کان پوءِ صحتيابي,ڄمڻ کانپوءِ جو وقت ايترو اهم ڇو آهي؟,postpartum period اهميت وارو ڇو سمجهيو ويندو آهي؟,auto_ok,genuine reword - needs native-speaker review
v1349,674,حمل ۽ ماءُ جي صحت,جسماني ٻار ڄڻڻ کان پوءِ صحتيابي,ڄمڻ کانپوءِ ڪيترو رت وهڻ عام آهي؟,ولادت کان پوءِ ڪيترو رت وهڻ عام آهي؟,auto_ok,genuine reword - needs native-speaker review
v1350,674,حمل ۽ ماءُ جي صحت,جسماني ٻار ڄڻڻ کان پوءِ صحتيابي,ڄمڻ کانپوءِ ڪيترو رت وهڻ عام آهي؟,ٻار ٿيڻ بعد عام مقدار ۾ رت وهڻ ڪيترو هجي ٿو؟,auto_ok,genuine reword - needs native-speaker review
v1351,675,حمل ۽ ماءُ جي صحت,جسماني ٻار ڄڻڻ کان پوءِ صحتيابي,ڄمڻ کانپوءِ منهنجي لاءِ خطري جون نشانيون ڪهڙيون آهن؟,ولادت بعد ماءُ لاءِ خطري جون نشانيون ڪهڙيون آهن؟,auto_ok,genuine reword - needs native-speaker review
v1352,675,حمل ۽ ماءُ جي صحت,جسماني ٻار ڄڻڻ کان پوءِ صحتيابي,ڄمڻ کانپوءِ منهنجي لاءِ خطري جون نشانيون ڪهڙيون آهن؟,ٻار ٿيڻ بعد ڪهڙي حالت خطرناڪ سمجهجي؟,auto_ok,genuine reword - needs native-speaker review
v1353,676,حمل ۽ ماءُ جي صحت,جسماني ٻار ڄڻڻ کان پوءِ صحتيابي,ڇا ٻار ڄمڻ کانپوءِ بخار هجڻ سنگين آهي؟,ولادت کان پوءِ بخار هجڻ سنگين آهي ڇا؟,auto_ok,genuine reword - needs native-speaker review
v1354,676,حمل ۽ ماءُ جي صحت,جسماني ٻار ڄڻڻ کان پوءِ صحتيابي,ڇا ٻار ڄمڻ کانپوءِ بخار هجڻ سنگين آهي؟,ٻار ٿيڻ بعد تپ چڙهي ته اهو خطرناڪ آهي ڇا؟,auto_ok,genuine reword - needs native-speaker review
v1355,677,حمل ۽ ماءُ جي صحت,جسماني ٻار ڄڻڻ کان پوءِ صحتيابي,ڄمڻ کانپوءِ بدبودار رطوبت جو ڇا مطلب آهي؟,ولادت کان پوءِ بدبودار رطوبت جو مطلب ڇا آهي؟,auto_ok,genuine reword - needs native-speaker review
v1356,677,حمل ۽ ماءُ جي صحت,جسماني ٻار ڄڻڻ کان پوءِ صحتيابي,ڄمڻ کانپوءِ بدبودار رطوبت جو ڇا مطلب آهي؟,postpartum discharge ۾ بوءِ اچي ته ان جو ڪارڻ ڇا آهي؟,auto_ok,genuine reword - needs native-speaker review
v1357,678,حمل ۽ ماءُ جي صحت,جسماني ٻار ڄڻڻ کان پوءِ صحتيابي,ڇا ٻار ڄمڻ کانپوءِ به بلڊ پريشر جا مسئلا ٿي سگهن ٿا؟,ولادت کان پوءِ به بلڊ پريشر جا مسئلا ٿي سگهن ٿا ڇا؟,auto_ok,genuine reword - needs native-speaker review
v1358,678,حمل ۽ ماءُ جي صحت,جسماني ٻار ڄڻڻ کان پوءِ صحتيابي,ڇا ٻار ڄمڻ کانپوءِ به بلڊ پريشر جا مسئلا ٿي سگهن ٿا؟,ٻار ٿيڻ بعد به bp خراب ٿي سگهي ٿو ڇا؟,auto_ok,genuine reword - needs native-speaker review
v1359,679,حمل ۽ ماءُ جي صحت,جسماني ٻار ڄڻڻ کان پوءِ صحتيابي,ٻار ڄمڻ کانپوءِ صحتياب ٿيڻ ۾ ڪيترو وقت لڳي ٿو؟,ولادت کان پوءِ صحتياب ٿيڻ ۾ ڪيترو وقت لڳي ٿو؟,auto_ok,genuine reword - needs native-speaker review
v1360,679,حمل ۽ ماءُ جي صحت,جسماني ٻار ڄڻڻ کان پوءِ صحتيابي,ٻار ڄمڻ کانپوءِ صحتياب ٿيڻ ۾ ڪيترو وقت لڳي ٿو؟,ٻار ٿيڻ بعد جسم ٺيڪ ٿيڻ ۾ ڪيترا هفتا لڳن ٿا؟,auto_ok,genuine reword - needs native-speaker review
v1361,680,حمل ۽ ماءُ جي صحت,جسماني ٻار ڄڻڻ کان پوءِ صحتيابي,ٻار ڄمڻ کانپوءِ مون کي ڪيترو آرام جي ضرورت آهي؟,ولادت کان پوءِ ماءُ کي ڪيترو آرام گهرجي؟,auto_ok,genuine reword - needs native-speaker review
v1362,680,حمل ۽ ماءُ جي صحت,جسماني ٻار ڄڻڻ کان پوءِ صحتيابي,ٻار ڄمڻ کانپوءِ مون کي ڪيترو آرام جي ضرورت آهي؟,ٻار ٿيڻ بعد ڪيترو وقت آرام ڪرڻ ضروري آهي؟,auto_ok,genuine reword - needs native-speaker review
v1363,681,حمل ۽ ماءُ جي صحت,جسماني ٻار ڄڻڻ کان پوءِ صحتيابي,آءٌ ٻيهر هلڻ ڦرڻ ۽ سرگرم ٿيڻ ڪڏهن شروع ڪري سگهان ٿي؟,ٻيهر هلڻ ڦرڻ ۽ سرگرم ٿيڻ ڪڏهن شروع ڪجي؟,auto_ok,genuine reword - needs native-speaker review
v1364,681,حمل ۽ ماءُ جي صحت,جسماني ٻار ڄڻڻ کان پوءِ صحتيابي,آءٌ ٻيهر هلڻ ڦرڻ ۽ سرگرم ٿيڻ ڪڏهن شروع ڪري سگهان ٿي؟,ٻار ٿيڻ بعد عام سرگرمي ڪڏهن شروع ٿي سگهي ٿي؟,auto_ok,genuine reword - needs native-speaker review
v1365,682,حمل ۽ ماءُ جي صحت,جسماني ٻار ڄڻڻ کان پوءِ صحتيابي,آءٌ ڀاري گھريلو يا فارم جي ڪم ڏانهن ڪڏهن موٽي سگهان ٿي؟,ڀاري گھريلو يا فارم جي ڪم ڏانهن ڪڏهن موٽجي؟,auto_ok,genuine reword - needs native-speaker review
v1366,682,حمل ۽ ماءُ جي صحت,جسماني ٻار ڄڻڻ کان پوءِ صحتيابي,آءٌ ڀاري گھريلو يا فارم جي ڪم ڏانهن ڪڏهن موٽي سگهان ٿي؟,ٿورو ڳرو ڪم دوباره ڪهڙي وقت کان شروع ڪري سگهجي ٿو؟,auto_ok,genuine reword - needs native-speaker review
v1367,683,حمل ۽ ماءُ جي صحت,جسماني ٻار ڄڻڻ کان پوءِ صحتيابي,ٻار ڄمڻ کانپوءِ مون کي ڇا کائڻ گھرجي؟,ولادت کان پوءِ ڪهڙي غذا کائجي؟,auto_ok,genuine reword - needs native-speaker review
v1368,683,حمل ۽ ماءُ جي صحت,جسماني ٻار ڄڻڻ کان پوءِ صحتيابي,ٻار ڄمڻ کانپوءِ مون کي ڇا کائڻ گھرجي؟,ٻار ٿيڻ بعد ماءُ کي ڪهڙو کاڌو کائڻ گهرجي؟,auto_ok,genuine reword - needs native-speaker review
v1369,684,حمل ۽ ماءُ جي صحت,جسماني ٻار ڄڻڻ کان پوءِ صحتيابي,ڄمڻ کانپوءِ آءٌ ايتري ٿڪل ۽ ڪمزور ڇو محسوس ڪريان ٿي؟,ولادت کان پوءِ ايتري ٿڪاوٽ ۽ ڪمزوري جو سبب ڇا آهي؟,auto_ok,genuine reword - needs native-speaker review
v1370,684,حمل ۽ ماءُ جي صحت,جسماني ٻار ڄڻڻ کان پوءِ صحتيابي,ڄمڻ کانپوءِ آءٌ ايتري ٿڪل ۽ ڪمزور ڇو محسوس ڪريان ٿي؟,ٻار ٿيڻ بعد بدن ايترو ڪمزور ڇو محسوس ٿئي ٿو؟,auto_ok,genuine reword - needs native-speaker review
v1371,685,حمل ۽ ماءُ جي صحت,جسماني ٻار ڄڻڻ کان پوءِ صحتيابي,ڇا ٻار ڄمڻ کانپوءِ به مون کي آئرن جي ضرورت آهي؟,ولادت کان پوءِ به آئرن جي ضرورت آهي ڇا؟,auto_ok,genuine reword - needs native-speaker review
v1372,685,حمل ۽ ماءُ جي صحت,جسماني ٻار ڄڻڻ کان پوءِ صحتيابي,ڇا ٻار ڄمڻ کانپوءِ به مون کي آئرن جي ضرورت آهي؟,ٻار ٿيڻ بعد به آئرنه (iron) گهربل آهي ڇا؟,auto_ok,genuine reword - needs native-speaker review
v1373,686,حمل ۽ ماءُ جي صحت,جسماني ٻار ڄڻڻ کان پوءِ صحتيابي,ٻار ڄمڻ کانپوءِ آءٌ پاڻ کي ڪيئن صاف رکان؟,ولادت کان پوءِ پاڻ کي ڪيئن صاف رکجي؟,auto_ok,genuine reword - needs native-speaker review
v1374,686,حمل ۽ ماءُ جي صحت,جسماني ٻار ڄڻڻ کان پوءِ صحتيابي,ٻار ڄمڻ کانپوءِ آءٌ پاڻ کي ڪيئن صاف رکان؟,ٻار ٿيڻ بعد صفائي ستٿرائي ڪيئن رکجي؟,auto_ok,genuine reword - needs native-speaker review
v1375,687,حمل ۽ ماءُ جي صحت,جسماني ٻار ڄڻڻ کان پوءِ صحتيابي,ٻار ڄمڻ کانپوءِ منهنجي ماهواري ڪڏهن واپس ايندي؟,ولادت کان پوءِ ماهواري ڪڏهن واپس اچي ٿي؟,auto_ok,genuine reword - needs native-speaker review
v1376,687,حمل ۽ ماءُ جي صحت,جسماني ٻار ڄڻڻ کان پوءِ صحتيابي,ٻار ڄمڻ کانپوءِ منهنجي ماهواري ڪڏهن واپس ايندي؟,ٻار ٿيڻ بعد period وري ڪهڙي وقت شروع ٿئي ٿي؟,auto_ok,genuine reword - needs native-speaker review
v1377,688,حمل ۽ ماءُ جي صحت,جسماني ٻار ڄڻڻ کان پوءِ صحتيابي,ڇا آءٌ پنهنجي ماهواري واپس اچڻ کان اڳ ٻيهر حامله ٿي سگهان ٿي؟,ماهواري واپس اچڻ کان اڳ ٻيهر حمل ٿي سگهي ٿو ڇا؟,auto_ok,genuine reword - needs native-speaker review
v1378,688,حمل ۽ ماءُ جي صحت,جسماني ٻار ڄڻڻ کان پوءِ صحتيابي,ڇا آءٌ پنهنجي ماهواري واپس اچڻ کان اڳ ٻيهر حامله ٿي سگهان ٿي؟,period نه اچي هجي پوءِ به ٻيهر حامله ٿي سگهجي ٿو ڇا؟,auto_ok,genuine reword - needs native-speaker review
v1379,689,حمل ۽ ماءُ جي صحت,جسماني ٻار ڄڻڻ کان پوءِ صحتيابي,ڄمڻ کانپوءِ خانداني منصوبابندي بابت آءٌ ڪڏهن ڳالهايان؟,ولادت کان پوءِ خانداني منصوبابندي بابت ڪڏهن ڳالهائجي؟,auto_ok,genuine reword - needs native-speaker review
v1380,689,حمل ۽ ماءُ جي صحت,جسماني ٻار ڄڻڻ کان پوءِ صحتيابي,ڄمڻ کانپوءِ خانداني منصوبابندي بابت آءٌ ڪڏهن ڳالهايان؟,ٻار ٿيڻ بعد family planning جي ڳالھ ڪهڙي وقت ڪجي؟,auto_ok,genuine reword - needs native-speaker review
v1381,690,حمل ۽ ماءُ جي صحت,جسماني ٻار ڄڻڻ کان پوءِ صحتيابي,منهنجي صحت لاءِ ٻارن ۾ وقفو رکڻ ڇو اهم آهي؟,ٻارن ۾ وقفو رکڻ صحت لاءِ ڇو اهم آهي؟,auto_ok,genuine reword - needs native-speaker review
v1382,690,حمل ۽ ماءُ جي صحت,جسماني ٻار ڄڻڻ کان پوءِ صحتيابي,منهنجي صحت لاءِ ٻارن ۾ وقفو رکڻ ڇو اهم آهي؟,birth spacing ماءُ جي صحت لاءِ ڇو ضروري آهي؟,auto_ok,genuine reword - needs native-speaker review
v1383,691,حمل ۽ ماءُ جي صحت,جسماني ٻار ڄڻڻ کان پوءِ صحتيابي,ٻار ڄمڻ کانپوءِ اداس يا روئڻاڪ محسوس ٿيڻ عام آهي؟,ولادت کان پوءِ اداس يا روئڻاڪ محسوس ٿيڻ عام آهي ڇا؟,auto_ok,genuine reword - needs native-speaker review
v1384,691,حمل ۽ ماءُ جي صحت,جسماني ٻار ڄڻڻ کان پوءِ صحتيابي,ٻار ڄمڻ کانپوءِ اداس يا روئڻاڪ محسوس ٿيڻ عام آهي؟,ٻار ٿيڻ بعد اوچتو ڳوڙها اچن، اهو معمول جي ڳالھ آهي ڇا؟,auto_ok,genuine reword - needs native-speaker review
v1385,692,حمل ۽ ماءُ جي صحت,جسماني ٻار ڄڻڻ کان پوءِ صحتيابي,جيڪڏهن ٻار ڄمڻ کانپوءِ آءٌ تمام گھڻي اداس محسوس ڪريان ته آءٌ ڪنهن سان ڳالهائي سگهان ٿي؟,ولادت کان پوءِ تمام گھڻي اداسي هجي ته ڪنهن سان ڳالهائجي؟,auto_ok,genuine reword - needs native-speaker review
v1386,692,حمل ۽ ماءُ جي صحت,جسماني ٻار ڄڻڻ کان پوءِ صحتيابي,جيڪڏهن ٻار ڄمڻ کانپوءِ آءٌ تمام گھڻي اداس محسوس ڪريان ته آءٌ ڪنهن سان ڳالهائي سگهان ٿي؟,ٻار ٿيڻ بعد بيحد غم محسوس ٿئي ته ڪا مدد ڪٿان ملي؟,auto_ok,genuine reword - needs native-speaker review
v1387,693,حمل ۽ ماءُ جي صحت,جسماني ٻار ڄڻڻ کان پوءِ صحتيابي,جيڪڏهن منهنجو سيزيرين ٿيو هجي ته ڇا صحتياب ٿيڻ مختلف آهي؟,سيزيرين ٿيو هجي ته صحتياب ٿيڻ مختلف آهي ڇا؟,auto_ok,genuine reword - needs native-speaker review
v1388,693,حمل ۽ ماءُ جي صحت,جسماني ٻار ڄڻڻ کان پوءِ صحتيابي,جيڪڏهن منهنجو سيزيرين ٿيو هجي ته ڇا صحتياب ٿيڻ مختلف آهي؟,C-section بعد recovery عام ولادت کان مختلف آهي ڇا؟,auto_ok,genuine reword - needs native-speaker review
v1389,694,حمل ۽ ماءُ جي صحت,جسماني ٻار ڄڻڻ کان پوءِ صحتيابي,ڇا ٻار ڄمڻ کانپوءِ پيٽ ۾ سور عام آهي؟,ولادت کان پوءِ پيٽ ۾ سور عام آهي ڇا؟,auto_ok,genuine reword - needs native-speaker review
v1390,694,حمل ۽ ماءُ جي صحت,جسماني ٻار ڄڻڻ کان پوءِ صحتيابي,ڇا ٻار ڄمڻ کانپوءِ پيٽ ۾ سور عام آهي؟,ٻار ٿيڻ بعد پيٽ ۾ درد هجڻ معمول جي ڳالھ آهي ڇا؟,auto_ok,genuine reword - needs native-speaker review
v1391,695,حمل ۽ ماءُ جي صحت,جسماني ٻار ڄڻڻ کان پوءِ صحتيابي,گھر واپس اچڻ کانپوءِ ٻار کي ڪڏهن چيڪ ٿيڻ گھرجي؟,گھر واپس اچڻ کان پوءِ ٻار کي ڪڏهن چيڪ ڪجي؟,auto_ok,genuine reword - needs native-speaker review
v1392,695,حمل ۽ ماءُ جي صحت,جسماني ٻار ڄڻڻ کان پوءِ صحتيابي,گھر واپس اچڻ کانپوءِ ٻار کي ڪڏهن چيڪ ٿيڻ گھرجي؟,ٻار کي گھر آڻڻ بعد پهريون چيڪ اپ ڪهڙي وقت ٿئي؟,auto_ok,genuine reword - needs native-speaker review
v1393,696,حمل ۽ ماءُ جي صحت,جسماني ٻار ڄڻڻ کان پوءِ صحتيابي,ڇا مون کي سهولت تي ٻار کي پاڻ سان رکڻ گھرجي؟,اسپتال ۾ ٻار کي پاڻ سان رکجي ڇا؟,auto_ok,genuine reword - needs native-speaker review
v1394,696,حمل ۽ ماءُ جي صحت,جسماني ٻار ڄڻڻ کان پوءِ صحتيابي,ڇا مون کي سهولت تي ٻار کي پاڻ سان رکڻ گھرجي؟,hospital ۾ ٻار کي ماءُ وٽ رکڻ گهرجي ڇا؟,auto_ok,genuine reword - needs native-speaker review
v1395,697,حمل ۽ ماءُ جي صحت,جسماني ٻار ڄڻڻ کان پوءِ صحتيابي,ڇا ڄمڻ کانپوءِ صحت ڪارڪن مون کي گھر تي ڏسڻ اچي سگهي ٿو؟,ولادت کان پوءِ صحت ڪارڪن گھر تي اچي چيڪ ڪري سگهي ٿو ڇا؟,auto_ok,genuine reword - needs native-speaker review
v1396,697,حمل ۽ ماءُ جي صحت,جسماني ٻار ڄڻڻ کان پوءِ صحتيابي,ڇا ڄمڻ کانپوءِ صحت ڪارڪن مون کي گھر تي ڏسڻ اچي سگهي ٿو؟,ٻار ٿيڻ بعد LHW گھر تي ملاقات لاءِ اچي سگهي ٿي ڇا؟,auto_ok,genuine reword - needs native-speaker review
v1397,698,حمل ۽ ماءُ جي صحت,جسماني ٻار ڄڻڻ کان پوءِ صحتيابي,ٻار ڄمڻ کانپوءِ آءٌ بلڪل ٺيڪ محسوس ڪريان ٿي۔ ڇا مون کي پوءِ به معائنن جي ضرورت آهي؟,بلڪل ٺيڪ محسوس ٿئي، تڏهن به معائنا ضروري آهن ڇا؟,auto_ok,genuine reword - needs native-speaker review
v1398,698,حمل ۽ ماءُ جي صحت,جسماني ٻار ڄڻڻ کان پوءِ صحتيابي,ٻار ڄمڻ کانپوءِ آءٌ بلڪل ٺيڪ محسوس ڪريان ٿي۔ ڇا مون کي پوءِ به معائنن جي ضرورت آهي؟,طبيعت سٺي هجي پوءِ به postnatal checkup ڪجي ڇا؟,auto_ok,genuine reword - needs native-speaker review
v1399,699,حمل ۽ ماءُ جي صحت,جسماني ٻار ڄڻڻ کان پوءِ صحتيابي,ڇهن هفتن جي چيڪ ڪهڙي لاءِ آهي؟,ڇهن هفتن جي چيڪ ڇو ضروري آهي؟,auto_ok,genuine reword - needs native-speaker review
v1400,699,حمل ۽ ماءُ جي صحت,جسماني ٻار ڄڻڻ کان پوءِ صحتيابي,ڇهن هفتن جي چيڪ ڪهڙي لاءِ آهي؟,6 week checkup ۾ ڇا ڏٺو ويندو آهي؟,auto_ok,genuine reword - needs native-speaker review
v1401,700,حمل ۽ ماءُ جي صحت,ٿڃ پيارڻ ۽ نئين ڄاول ٻار جون بنيادي ڳالهيون,ڄمڻ کانپوءِ مون کي ٿڃ پيارڻ ڪڏهن شروع ڪرڻ گھرجي؟,ولادت کان پوءِ ٿڃ پيارڻ ڪڏهن شروع ڪجي؟,auto_ok,genuine reword - needs native-speaker review
v1402,700,حمل ۽ ماءُ جي صحت,ٿڃ پيارڻ ۽ نئين ڄاول ٻار جون بنيادي ڳالهيون,ڄمڻ کانپوءِ مون کي ٿڃ پيارڻ ڪڏهن شروع ڪرڻ گھرجي؟,ٻار ٿيڻ بعد پهريون ڀيرو breastfeeding ڪڏهن شروع ٿئي؟,auto_ok,genuine reword - needs native-speaker review
v1403,701,حمل ۽ ماءُ جي صحت,ٿڃ پيارڻ ۽ نئين ڄاول ٻار جون بنيادي ڳالهيون,ڇا مون کي پهرين مهينن ۾ ٻار کي ماءُ جي کير کان علاوه ڪا ٻي شيءِ ڏيڻ گھرجي؟,پهرين مهينن ۾ ٻار کي ماءُ جي کير کان علاوه ٻي شيءِ ڏجي ڇا؟,auto_ok,genuine reword - needs native-speaker review
v1404,701,حمل ۽ ماءُ جي صحت,ٿڃ پيارڻ ۽ نئين ڄاول ٻار جون بنيادي ڳالهيون,ڇا مون کي پهرين مهينن ۾ ٻار کي ماءُ جي کير کان علاوه ڪا ٻي شيءِ ڏيڻ گھرجي؟,شروعاتي مهينن ۾ صرف کير کان سواءِ ڪجهه ٻيو کارائجي ڇا؟,auto_ok,genuine reword - needs native-speaker review
v1405,702,حمل ۽ ماءُ جي صحت,ٿڃ پيارڻ ۽ نئين ڄاول ٻار جون بنيادي ڳالهيون,ڇا آءٌ گرم موسم ۾ پنهنجي نئين ڄاول ٻار کي پاڻي ڏئي سگهان ٿي؟,گرم موسم ۾ نئين ڄاول ٻار کي پاڻي ڏجي ڇا؟,auto_ok,genuine reword - needs native-speaker review
v1406,702,حمل ۽ ماءُ جي صحت,ٿڃ پيارڻ ۽ نئين ڄاول ٻار جون بنيادي ڳالهيون,ڇا آءٌ گرم موسم ۾ پنهنجي نئين ڄاول ٻار کي پاڻي ڏئي سگهان ٿي؟,سخت گرمي ۾ ننڍڙي ٻار کي واڌو پاڻي پيارجي ڇا؟,auto_ok,genuine reword - needs native-speaker review
v1407,703,حمل ۽ ماءُ جي صحت,ٿڃ پيارڻ ۽ نئين ڄاول ٻار جون بنيادي ڳالهيون,مون کي پنهنجي ٻار کي ڪيتري عرصي تائين ٿڃ پيارڻ گھرجي؟,ٻار کي ڪيترو ماهواري ٿڃ پيارجي؟,auto_ok,genuine reword - needs native-speaker review
v1408,703,حمل ۽ ماءُ جي صحت,ٿڃ پيارڻ ۽ نئين ڄاول ٻار جون بنيادي ڳالهيون,مون کي پنهنجي ٻار کي ڪيتري عرصي تائين ٿڃ پيارڻ گھرجي؟,breastfeeding ڪيترن مهينن يا سالن تائين جاري رکجي؟,auto_ok,genuine reword - needs native-speaker review
v1409,704,حمل ۽ ماءُ جي صحت,ٿڃ پيارڻ ۽ نئين ڄاول ٻار جون بنيادي ڳالهيون,مون کي پنهنجي ٻار کي ٻي غذا ڏيڻ ڪڏهن شروع ڪرڻ گھرجي؟,ٻار کي ٻي غذا ڏيڻ ڪڏهن شروع ڪجي؟,auto_ok,genuine reword - needs native-speaker review
v1410,704,حمل ۽ ماءُ جي صحت,ٿڃ پيارڻ ۽ نئين ڄاول ٻار جون بنيادي ڳالهيون,مون کي پنهنجي ٻار کي ٻي غذا ڏيڻ ڪڏهن شروع ڪرڻ گھرجي؟,solid food شروع ڪرڻ جو صحيح وقت ڪهڙو آهي؟,auto_ok,genuine reword - needs native-speaker review
v1411,705,حمل ۽ ماءُ جي صحت,ٿڃ پيارڻ ۽ نئين ڄاول ٻار جون بنيادي ڳالهيون,ڇهن مهينن جي ٻار کي ڏينهن ۾ ڪيترا ڀيرا کائڻ گھرجي؟,ڇهن مهينن جي ٻار کي ڏينهن ۾ ڪيترا ڀيرا کارايو وڃي؟,auto_ok,genuine reword - needs native-speaker review
v1412,705,حمل ۽ ماءُ جي صحت,ٿڃ پيارڻ ۽ نئين ڄاول ٻار جون بنيادي ڳالهيون,ڇهن مهينن جي ٻار کي ڏينهن ۾ ڪيترا ڀيرا کائڻ گھرجي؟,6 مهينن جو ٻار روزانو ڪيترا ڀيرا کائي ٿو؟,auto_ok,genuine reword - needs native-speaker review
v1413,706,حمل ۽ ماءُ جي صحت,ٿڃ پيارڻ ۽ نئين ڄاول ٻار جون بنيادي ڳالهيون,ٿڃ پيارڻ منهنجي ٻار جي ڪيئن مدد ڪري ٿو؟,ٿڃ پيارڻ ٻار جي ڪيئن مدد ڪري ٿو؟,auto_ok,genuine reword - needs native-speaker review
v1414,706,حمل ۽ ماءُ جي صحت,ٿڃ پيارڻ ۽ نئين ڄاول ٻار جون بنيادي ڳالهيون,ٿڃ پيارڻ منهنجي ٻار جي ڪيئن مدد ڪري ٿو؟,breastfeeding ٻار جي صحت لاءِ ڪهڙو فائدو ڏئي ٿو؟,auto_ok,genuine reword - needs native-speaker review
v1415,707,حمل ۽ ماءُ جي صحت,ٿڃ پيارڻ ۽ نئين ڄاول ٻار جون بنيادي ڳالهيون,ڇا ٿڃ پيارڻ ٻار سان گڏ مون کي به فائدو ڏئي ٿو؟,ٿڃ پيارڻ ٻار سان گڏ ماءُ کي به فائدو ڏئي ٿو ڇا؟,auto_ok,genuine reword - needs native-speaker review
v1416,707,حمل ۽ ماءُ جي صحت,ٿڃ پيارڻ ۽ نئين ڄاول ٻار جون بنيادي ڳالهيون,ڇا ٿڃ پيارڻ ٻار سان گڏ مون کي به فائدو ڏئي ٿو؟,breastfeeding ماءُ لاءِ به فائديمند آهي ڇا؟,auto_ok,genuine reword - needs native-speaker review
v1417,708,حمل ۽ ماءُ جي صحت,ٿڃ پيارڻ ۽ نئين ڄاول ٻار جون بنيادي ڳالهيون,ڇا ٿڃ پيارڻ سچ ۾ ٻارن جي موتين کي روڪي سگهي ٿو؟,ٿڃ پيارڻ ٻارن جي بيماري روڪي سگهي ٿو ڇا؟,auto_ok,genuine reword - needs native-speaker review
v1418,708,حمل ۽ ماءُ جي صحت,ٿڃ پيارڻ ۽ نئين ڄاول ٻار جون بنيادي ڳالهيون,ڇا ٿڃ پيارڻ سچ ۾ ٻارن جي موتين کي روڪي سگهي ٿو؟,breastfeeding سان ٻارن جو بيمار ٿيڻ گھٽجي ٿو ڇا؟,auto_ok,genuine reword - needs native-speaker review
v1419,709,حمل ۽ ماءُ جي صحت,ٿڃ پيارڻ ۽ نئين ڄاول ٻار جون بنيادي ڳالهيون,ڇا گھڻن ٻارن کي ڇهن مهينن تائين صرف ماءُ جو کير ملي ٿو؟,گھڻن ٻارن کي ڇهن مهينن تائين صرف ماءُ جو کير ملي ٿو ڇا؟,auto_ok,genuine reword - needs native-speaker review
v1420,709,حمل ۽ ماءُ جي صحت,ٿڃ پيارڻ ۽ نئين ڄاول ٻار جون بنيادي ڳالهيون,ڇا گھڻن ٻارن کي ڇهن مهينن تائين صرف ماءُ جو کير ملي ٿو؟,exclusive breastfeeding 6 مهينن تائين ٿيندي آهي ڇا؟,auto_ok,genuine reword - needs native-speaker review
v1421,710,حمل ۽ ماءُ جي صحت,ٿڃ پيارڻ ۽ نئين ڄاول ٻار جون بنيادي ڳالهيون,مون کي لڳي ٿو ته منهنجو کير گھٽ آهي۔ مون کي ڇا ڪرڻ گھرجي؟,کير گھٽ محسوس ٿئي ته ان لاءِ ڇا ڪجي؟,auto_ok,genuine reword - needs native-speaker review
v1422,710,حمل ۽ ماءُ جي صحت,ٿڃ پيارڻ ۽ نئين ڄاول ٻار جون بنيادي ڳالهيون,مون کي لڳي ٿو ته منهنجو کير گھٽ آهي۔ مون کي ڇا ڪرڻ گھرجي؟,دودھ گھٽ ٿي رهيو آهي، ان جو حل ڇا آهي؟,auto_ok,genuine reword - needs native-speaker review
v1423,711,حمل ۽ ماءُ جي صحت,ٿڃ پيارڻ ۽ نئين ڄاول ٻار جون بنيادي ڳالهيون,جيڪڏهن ٿڃ پيارڻ سور واري يا ڏکيو هجي ته مون کي ڪير مدد ڪري سگهي ٿو؟,ٿڃ پيارڻ سور واري هجي ته ڪير مدد ڪري سگهي ٿو؟,auto_ok,genuine reword - needs native-speaker review
v1424,711,حمل ۽ ماءُ جي صحت,ٿڃ پيارڻ ۽ نئين ڄاول ٻار جون بنيادي ڳالهيون,جيڪڏهن ٿڃ پيارڻ سور واري يا ڏکيو هجي ته مون کي ڪير مدد ڪري سگهي ٿو؟,breastfeeding ۾ سور ٿئي ته ان لاءِ مدد ڪٿان ملي؟,auto_ok,genuine reword - needs native-speaker review
v1425,712,حمل ۽ ماءُ جي صحت,ٿڃ پيارڻ ۽ نئين ڄاول ٻار جون بنيادي ڳالهيون,ڇا پهريون ٿلهو پيلو کير ٻار لاءِ سٺو آهي؟,پهريون ٿلهو پيلو کير (colostrum) ٻار لاءِ سٺو آهي ڇا؟,auto_ok,genuine reword - needs native-speaker review
v1426,712,حمل ۽ ماءُ جي صحت,ٿڃ پيارڻ ۽ نئين ڄاول ٻار جون بنيادي ڳالهيون,ڇا پهريون ٿلهو پيلو کير ٻار لاءِ سٺو آهي؟,شروعاتي پيلو گاڙهو کير ٻار لاءِ فائديمند آهي ڇا؟,auto_ok,genuine reword - needs native-speaker review
v1427,713,حمل ۽ ماءُ جي صحت,ٿڃ پيارڻ ۽ نئين ڄاول ٻار جون بنيادي ڳالهيون,ڇا مون کي ٻار کي مقرر وقت تي کير پيارڻ گھرجي؟,ٻار کي مقرر وقت تي کير پيارجي ڇا؟,auto_ok,genuine reword - needs native-speaker review
v1428,713,حمل ۽ ماءُ جي صحت,ٿڃ پيارڻ ۽ نئين ڄاول ٻار جون بنيادي ڳالهيون,ڇا مون کي ٻار کي مقرر وقت تي کير پيارڻ گھرجي؟,کير پيارڻ لاءِ ٽائيم ٽيبل رکجي ڇا؟,auto_ok,genuine reword - needs native-speaker review
v1429,714,حمل ۽ ماءُ جي صحت,ٿڃ پيارڻ ۽ نئين ڄاول ٻار جون بنيادي ڳالهيون,ڇا آءٌ ٿڃ پيارائي سگهان ٿي جيڪڏهن منهنجو ٻار وقت کان اڳ ڄميو هو؟,وقت کان اڳ ڄاول ٻار کي ٿڃ پيارائي سگهجي ٿي ڇا؟,auto_ok,genuine reword - needs native-speaker review
v1430,714,حمل ۽ ماءُ جي صحت,ٿڃ پيارڻ ۽ نئين ڄاول ٻار جون بنيادي ڳالهيون,ڇا آءٌ ٿڃ پيارائي سگهان ٿي جيڪڏهن منهنجو ٻار وقت کان اڳ ڄميو هو؟,preterm baby کي breastfeeding ڪرائي سگهجي ٿي ڇا؟,auto_ok,genuine reword - needs native-speaker review
v1431,715,حمل ۽ ماءُ جي صحت,ٿڃ پيارڻ ۽ نئين ڄاول ٻار جون بنيادي ڳالهيون,آءٌ نئين ڄاول ٻار کي ڪيئن گرم رکان؟,نئين ڄاول ٻار کي گرم ڪيئن رکجي؟,auto_ok,genuine reword - needs native-speaker review
v1432,715,حمل ۽ ماءُ جي صحت,ٿڃ پيارڻ ۽ نئين ڄاول ٻار جون بنيادي ڳالهيون,آءٌ نئين ڄاول ٻار کي ڪيئن گرم رکان؟,ننڍڙي ٻار جو جسم گرم رکڻ لاءِ ڇا ڪجي؟,auto_ok,genuine reword - needs native-speaker review
v1433,716,حمل ۽ ماءُ جي صحت,ٿڃ پيارڻ ۽ نئين ڄاول ٻار جون بنيادي ڳالهيون,اُڀ سان اُڀ سنڀال (Skin to Skin) ڇا آهي ۽ اها ڇو مدد ڪري ٿي؟,اُڀ سان اُڀ سنڀال (Skin to Skin) ڇا آهي ۽ ان جو ڇا فائدو آهي؟,auto_ok,genuine reword - needs native-speaker review
v1434,716,حمل ۽ ماءُ جي صحت,ٿڃ پيارڻ ۽ نئين ڄاول ٻار جون بنيادي ڳالهيون,اُڀ سان اُڀ سنڀال (Skin to Skin) ڇا آهي ۽ اها ڇو مدد ڪري ٿي؟,skin-to-skin contact ننڍڙي ٻار جي ڪيئن مدد ڪري ٿو؟,auto_ok,genuine reword - needs native-speaker review
v1435,717,حمل ۽ ماءُ جي صحت,ٿڃ پيارڻ ۽ نئين ڄاول ٻار جون بنيادي ڳالهيون,ڇا منهنجي ٻار کي ڄمڻ وقت ويڪسين لڳڻ گھرجي؟,ٻار کي ڄمڻ وقت ويڪسين لڳڻ گهرجي ڇا؟,auto_ok,genuine reword - needs native-speaker review
v1436,717,حمل ۽ ماءُ جي صحت,ٿڃ پيارڻ ۽ نئين ڄاول ٻار جون بنيادي ڳالهيون,ڇا منهنجي ٻار کي ڄمڻ وقت ويڪسين لڳڻ گھرجي؟,پيدائش وقت ٻار کي ٽيڪو لڳڻ ضروري آهي ڇا؟,auto_ok,genuine reword - needs native-speaker review
v1437,718,حمل ۽ ماءُ جي صحت,ٿڃ پيارڻ ۽ نئين ڄاول ٻار جون بنيادي ڳالهيون,ڇا ڄمڻ کانپوءِ منهنجي ٻار جي ٻڌڻ ۽ نظر جو چيڪ ٿيندو؟,ولادت کان پوءِ ٻار جي ٻڌڻ ۽ نظر جو چيڪ ٿيندو آهي ڇا؟,auto_ok,genuine reword - needs native-speaker review
v1438,718,حمل ۽ ماءُ جي صحت,ٿڃ پيارڻ ۽ نئين ڄاول ٻار جون بنيادي ڳالهيون,ڇا ڄمڻ کانپوءِ منهنجي ٻار جي ٻڌڻ ۽ نظر جو چيڪ ٿيندو؟,نئون ٻار جو hearing ۽ eyesight ٽيسٽ ٿيندو آهي ڇا؟,auto_ok,genuine reword - needs native-speaker review
v1439,719,حمل ۽ ماءُ جي صحت,ٿڃ پيارڻ ۽ نئين ڄاول ٻار جون بنيادي ڳالهيون,منهنجي نئين ڄاول ٻار کي صحت ڪارڪن کان ڪڏهن چيڪ ٿيڻ گھرجي؟,نئين ڄاول ٻار کي صحت ڪارڪن کان ڪڏهن چيڪ ڪرائجي؟,auto_ok,genuine reword - needs native-speaker review
v1440,719,حمل ۽ ماءُ جي صحت,ٿڃ پيارڻ ۽ نئين ڄاول ٻار جون بنيادي ڳالهيون,منهنجي نئين ڄاول ٻار کي صحت ڪارڪن کان ڪڏهن چيڪ ٿيڻ گھرجي؟,ننڍڙي ٻار جو پهريون معائنو ڪهڙي وقت ٿجي؟,auto_ok,genuine reword - needs native-speaker review
v1441,720,حمل ۽ ماءُ جي صحت,ٿڃ پيارڻ ۽ نئين ڄاول ٻار جون بنيادي ڳالهيون,مون کي پنهنجي نئين ڄاول ٻار ۾ ڪهڙين خطري جي نشانين تي نظر رکڻ گھرجي؟,نئين ڄاول ٻار ۾ ڪهڙين خطري جي نشانين تي نظر رکجي؟,auto_ok,genuine reword - needs native-speaker review
v1442,720,حمل ۽ ماءُ جي صحت,ٿڃ پيارڻ ۽ نئين ڄاول ٻار جون بنيادي ڳالهيون,مون کي پنهنجي نئين ڄاول ٻار ۾ ڪهڙين خطري جي نشانين تي نظر رکڻ گھرجي؟,ننڍڙي ٻار ۾ ڪهڙيون علامتون خطرناڪ سمجهجن؟,auto_ok,genuine reword - needs native-speaker review
v1443,721,حمل ۽ ماءُ جي صحت,ٿڃ پيارڻ ۽ نئين ڄاول ٻار جون بنيادي ڳالهيون,منهنجو ٻار کير نٿو پيئي۔ ڇا اهو سنگين آهي؟,ٻار کير نٿو پيئي ته اهو سنگين آهي ڇا؟,auto_ok,genuine reword - needs native-speaker review
v1444,721,حمل ۽ ماءُ جي صحت,ٿڃ پيارڻ ۽ نئين ڄاول ٻار جون بنيادي ڳالهيون,منهنجو ٻار کير نٿو پيئي۔ ڇا اهو سنگين آهي؟,نئون ٻار کير چوسڻ کان انڪار ڪري ته ان ۾ ڪا فڪر جي ڳالھ آهي ڇا؟,auto_ok,genuine reword - needs native-speaker review
v1445,722,حمل ۽ ماءُ جي صحت,ٿڃ پيارڻ ۽ نئين ڄاول ٻار جون بنيادي ڳالهيون,ڇا ٻار کي مون سان گڏ سمهڻ گھرجي يا الڳ؟,ٻار کي ماءُ سان گڏ سمهڻ گهرجي يا الڳ؟,auto_ok,genuine reword - needs native-speaker review
v1446,722,حمل ۽ ماءُ جي صحت,ٿڃ پيارڻ ۽ نئين ڄاول ٻار جون بنيادي ڳالهيون,ڇا ٻار کي مون سان گڏ سمهڻ گھرجي يا الڳ؟,نئون ٻار ماءُ جي ڀرسان سمهي يا پنهنجي پينگهي ۾؟,auto_ok,genuine reword - needs native-speaker review
v1447,723,حمل ۽ ماءُ جي صحت,ٿڃ پيارڻ ۽ نئين ڄاول ٻار جون بنيادي ڳالهيون,ڇا آءٌ ٿڃ پيارائي سگهان ٿي جيڪڏهن آءٌ بيمار آهيان؟,ماءُ بيمار هجي ته به ٿڃ پيارائي سگهي ٿي ڇا؟,auto_ok,genuine reword - needs native-speaker review
v1448,723,حمل ۽ ماءُ جي صحت,ٿڃ پيارڻ ۽ نئين ڄاول ٻار جون بنيادي ڳالهيون,ڇا آءٌ ٿڃ پيارائي سگهان ٿي جيڪڏهن آءٌ بيمار آهيان؟,طبيعت خراب هجڻ باوجود breastfeeding جاري رکي سگهجي ٿي ڇا؟,auto_ok,genuine reword - needs native-speaker review
v1449,724,حمل ۽ ماءُ جي صحت,ٿڃ پيارڻ ۽ نئين ڄاول ٻار جون بنيادي ڳالهيون,ڇا ٿڃ پيارڻ مون کي حامله ٿيڻ کان روڪي ٿو؟,ٿڃ پيارڻ حمل کان روڪي ٿو ڇا؟,auto_ok,genuine reword - needs native-speaker review
v1450,724,حمل ۽ ماءُ جي صحت,ٿڃ پيارڻ ۽ نئين ڄاول ٻار جون بنيادي ڳالهيون,ڇا ٿڃ پيارڻ مون کي حامله ٿيڻ کان روڪي ٿو؟,breastfeeding قدرتي طور تي حمل کان بچاءُ ڏئي ٿو ڇا؟,auto_ok,genuine reword - needs native-speaker review
v1451,725,حمل ۽ ماءُ جي صحت,ٿڃ پيارڻ ۽ نئين ڄاول ٻار جون بنيادي ڳالهيون,ڇا مون کي ڇهن مهينن تي ٻي غذا شروع ڪرڻ وقت ٿڃ پيارڻ بند ڪرڻ گھرجي؟,ٻي غذا شروع ڪرڻ وقت ٿڃ پيارڻ بند ڪجي ڇا؟,auto_ok,genuine reword - needs native-speaker review
v1452,725,حمل ۽ ماءُ جي صحت,ٿڃ پيارڻ ۽ نئين ڄاول ٻار جون بنيادي ڳالهيون,ڇا مون کي ڇهن مهينن تي ٻي غذا شروع ڪرڻ وقت ٿڃ پيارڻ بند ڪرڻ گھرجي؟,solids شروع ٿيڻ تي breastfeeding ڇڏي ڏجي ڇا؟,auto_ok,genuine reword - needs native-speaker review
v1453,726,حمل ۽ ماءُ جي صحت,ٿڃ پيارڻ ۽ نئين ڄاول ٻار جون بنيادي ڳالهيون,ڇهن مهينن تي مون کي پنهنجي ٻار کي ڪهڙي قسم جي غذا شروع ڪرڻ گھرجي؟,ڇهن مهينن تي ٻار کي ڪهڙي قسم جي غذا شروع ڪجي؟,auto_ok,genuine reword - needs native-speaker review
v1454,726,حمل ۽ ماءُ جي صحت,ٿڃ پيارڻ ۽ نئين ڄاول ٻار جون بنيادي ڳالهيون,ڇهن مهينن تي مون کي پنهنجي ٻار کي ڪهڙي قسم جي غذا شروع ڪرڻ گھرجي؟,6 مهينن جي ٻار لاءِ پهرين ڪهڙو کاڌو ڏجي؟,auto_ok,genuine reword - needs native-speaker review
v1455,727,حمل ۽ ماءُ جي صحت,ٿڃ پيارڻ ۽ نئين ڄاول ٻار جون بنيادي ڳالهيون,ڇا اهو فائديمند آهي جيڪڏهن آءٌ صرف ڪجهه مهينا ئي ٿڃ پيارائي سگهان؟,ٿورا مهينا ئي ٿڃ پيارائجي ته به فائدو ٿئي ٿو ڇا؟,auto_ok,genuine reword - needs native-speaker review
v1456,727,حمل ۽ ماءُ جي صحت,ٿڃ پيارڻ ۽ نئين ڄاول ٻار جون بنيادي ڳالهيون,ڇا اهو فائديمند آهي جيڪڏهن آءٌ صرف ڪجهه مهينا ئي ٿڃ پيارائي سگهان؟,ٿورو وقت breastfeeding ڪرڻ به ڪجهه ته فائديمند آهي ڇا؟,auto_ok,genuine reword - needs native-speaker review
v1457,728,حمل ۽ ماءُ جي صحت,ٿڃ پيارڻ ۽ نئين ڄاول ٻار جون بنيادي ڳالهيون,ماڻهو ڇو چون ٿا ته ٿڃ پيارڻ هڪ سٺي سيڙپڪاري آهي؟,ٿڃ پيارڻ کي سٺي سيڙپڪاري ڇو چئبو آهي؟,auto_ok,genuine reword - needs native-speaker review
v1458,728,حمل ۽ ماءُ جي صحت,ٿڃ پيارڻ ۽ نئين ڄاول ٻار جون بنيادي ڳالهيون,ماڻهو ڇو چون ٿا ته ٿڃ پيارڻ هڪ سٺي سيڙپڪاري آهي؟,ماڻهو breastfeeding کي وڏو فائدو ڇو سمجهن ٿا؟,auto_ok,genuine reword - needs native-speaker review
v1459,729,حمل ۽ ماءُ جي صحت,ٿڃ پيارڻ ۽ نئين ڄاول ٻار جون بنيادي ڳالهيون,منهنجو خاندان چوي ٿو ته نئين ڄاول ٻار کي ماکي يا پاڻي ڏجي۔ ڇا اهو صحيح آهي؟,نئين ڄاول ٻار کي ماکي يا پاڻي ڏجي، اهو صحيح آهي ڇا؟,auto_ok,genuine reword - needs native-speaker review
v1460,729,حمل ۽ ماءُ جي صحت,ٿڃ پيارڻ ۽ نئين ڄاول ٻار جون بنيادي ڳالهيون,منهنجو خاندان چوي ٿو ته نئين ڄاول ٻار کي ماکي يا پاڻي ڏجي۔ ڇا اهو صحيح آهي؟,ننڍڙي ٻار کي شروع ۾ ماکي/پاڻي ڏيڻ گھر وارن جو مشورو ٺيڪ آهي ڇا؟,auto_ok,genuine reword - needs native-speaker review
v1461,730,حمل ۽ ماءُ جي صحت,حمل ۽ زچگي کانپوءِ خطري جون نشانيون,حمل ۾ اهي ڪهڙيون خطري جون نشانيون آهن جن جو مطلب آهي ته مون کي فوراً مدد وٺڻ گھرجي؟,حمل ۾ ڪهڙين نشانين تي فوراً مدد وٺجي؟,auto_ok,genuine reword - needs native-speaker review
v1462,730,حمل ۽ ماءُ جي صحت,حمل ۽ زچگي کانپوءِ خطري جون نشانيون,حمل ۾ اهي ڪهڙيون خطري جون نشانيون آهن جن جو مطلب آهي ته مون کي فوراً مدد وٺڻ گھرجي؟,حامله هوندي ڪهڙيون علامتون فوري طبي مدد گھرن ٿيون؟,auto_ok,genuine reword - needs native-speaker review
v1463,731,حمل ۽ ماءُ جي صحت,حمل ۽ زچگي کانپوءِ خطري جون نشانيون,مون کي حمل ۾ رت وهي رهيو آهي۔ مون کي ڇا ڪرڻ گھرجي؟,حمل ۾ رت وهڻ شروع ٿي وڃي ته ڇا ڪجي؟,auto_ok,genuine reword - needs native-speaker review
v1464,731,حمل ۽ ماءُ جي صحت,حمل ۽ زچگي کانپوءِ خطري جون نشانيون,مون کي حمل ۾ رت وهي رهيو آهي۔ مون کي ڇا ڪرڻ گھرجي؟,حامله هوندي bleeding ٿئي ته فوري ڪهڙو قدم کڻجي؟,auto_ok,genuine reword - needs native-speaker review
v1465,732,حمل ۽ ماءُ جي صحت,حمل ۽ زچگي کانپوءِ خطري جون نشانيون,مون کي سخت مٿي جو سور آهي ۽ منهنجي نظر ڌنڌلي آهي۔ ڇا اهو سنگين آهي؟,سخت مٿي جو سور ۽ ڌنڌلي نظر سنگين آهن ڇا؟,auto_ok,genuine reword - needs native-speaker review
v1466,732,حمل ۽ ماءُ جي صحت,حمل ۽ زچگي کانپوءِ خطري جون نشانيون,مون کي سخت مٿي جو سور آهي ۽ منهنجي نظر ڌنڌلي آهي۔ ڇا اهو سنگين آهي؟,شديد سردرد ۽ نظر ڌنڌلائجڻ خطرناڪ نشاني آهي ڇا؟,auto_ok,genuine reword - needs native-speaker review
v1467,733,حمل ۽ ماءُ جي صحت,حمل ۽ زچگي کانپوءِ خطري جون نشانيون,منهنجا هٿ ۽ منهن سُڄي ويا آهن۔ ڇا مون کي پريشان ٿيڻ گھرجي؟,هٿ ۽ منهن سُڄي وڃن ته پريشان ٿيڻ گهرجي ڇا؟,auto_ok,genuine reword - needs native-speaker review
v1468,733,حمل ۽ ماءُ جي صحت,حمل ۽ زچگي کانپوءِ خطري جون نشانيون,منهنجا هٿ ۽ منهن سُڄي ويا آهن۔ ڇا مون کي پريشان ٿيڻ گھرجي؟,چهرو ۽ هٿ اوچتو سُڄي وڃن ته اهو خطري جي نشاني آهي ڇا؟,auto_ok,genuine reword - needs native-speaker review
v1469,734,حمل ۽ ماءُ جي صحت,حمل ۽ زچگي کانپوءِ خطري جون نشانيون,منهنجي مٿئين پيٽ ۾ سخت سور آهي۔ ان جو ڇا مطلب آهي؟,مٿئين پيٽ ۾ سخت سور جو مطلب ڇا آهي؟,auto_ok,genuine reword - needs native-speaker review
v1470,734,حمل ۽ ماءُ جي صحت,حمل ۽ زچگي کانپوءِ خطري جون نشانيون,منهنجي مٿئين پيٽ ۾ سخت سور آهي۔ ان جو ڇا مطلب آهي؟,پيٽ جي مٿئين حصي ۾ تکو درد ٿئي ته ان جو ڪارڻ ڇا ٿي سگهي ٿو؟,auto_ok,genuine reword - needs native-speaker review
v1471,735,حمل ۽ ماءُ جي صحت,حمل ۽ زچگي کانپوءِ خطري جون نشانيون,مون کي حامله هوندي بخار آهي۔ ڇا مون کي گھر ۾ ان جو علاج ڪرڻ گھرجي؟,حامله هوندي بخار ٿئي ته گھر ۾ علاج ڪجي ڇا؟,auto_ok,genuine reword - needs native-speaker review
v1472,735,حمل ۽ ماءُ جي صحت,حمل ۽ زچگي کانپوءِ خطري جون نشانيون,مون کي حامله هوندي بخار آهي۔ ڇا مون کي گھر ۾ ان جو علاج ڪرڻ گھرجي؟,حمل دوران تپ چڙهي ته پاڻ ئي دوا کائجي ڇا؟,auto_ok,genuine reword - needs native-speaker review
v1473,736,حمل ۽ ماءُ جي صحت,حمل ۽ زچگي کانپوءِ خطري جون نشانيون,ٻار جي حرڪت بند ٿي وئي آهي يا گھڻو گھٽجي وئي آهي۔ مون کي ڇا ڪرڻ گھرجي؟,ٻار جي حرڪت گھٽجي يا بند ٿي وڃي ته ڇا ڪجي؟,auto_ok,genuine reword - needs native-speaker review
v1474,736,حمل ۽ ماءُ جي صحت,حمل ۽ زچگي کانپوءِ خطري جون نشانيون,ٻار جي حرڪت بند ٿي وئي آهي يا گھڻو گھٽجي وئي آهي۔ مون کي ڇا ڪرڻ گھرجي؟,پيٽ ۾ ٻار جي چرپر محسوس نه ٿئي ته فوري ڇا ڪجي؟,auto_ok,genuine reword - needs native-speaker review
v1475,737,حمل ۽ ماءُ جي صحت,حمل ۽ زچگي کانپوءِ خطري جون نشانيون,مون کي ساهه کڻڻ ۾ ڏکيائي ٿي رهي آهي۔ ڇا حمل ۾ اهو ايمرجنسي آهي؟,ساهه کڻڻ ۾ ڏکيائي حمل ۾ ايمرجنسي آهي ڇا؟,auto_ok,genuine reword - needs native-speaker review
v1476,737,حمل ۽ ماءُ جي صحت,حمل ۽ زچگي کانپوءِ خطري جون نشانيون,مون کي ساهه کڻڻ ۾ ڏکيائي ٿي رهي آهي۔ ڇا حمل ۾ اهو ايمرجنسي آهي؟,حامله هوندي ساهه ڦُلجي وڃي ته اهو خطرناڪ آهي ڇا؟,auto_ok,genuine reword - needs native-speaker review
v1477,738,حمل ۽ ماءُ جي صحت,حمل ۽ زچگي کانپوءِ خطري جون نشانيون,حامله هوندي مون کي دورو پيو يا آءٌ بيهوش ٿي وئيس۔ منهنجي خاندان کي ڇا ڪرڻ گھرجي؟,حامله هوندي دورو پوي يا بيهوش ٿي وڃجي ته خاندان کي ڇا ڪرڻ گهرجي؟,auto_ok,genuine reword - needs native-speaker review
v1478,738,حمل ۽ ماءُ جي صحت,حمل ۽ زچگي کانپوءِ خطري جون نشانيون,حامله هوندي مون کي دورو پيو يا آءٌ بيهوش ٿي وئيس۔ منهنجي خاندان کي ڇا ڪرڻ گھرجي؟,حمل ۾ اوچتو بيهوشي اچي ته گھر وارا فوري ڪهڙو قدم کڻن؟,auto_ok,genuine reword - needs native-speaker review
v1479,739,حمل ۽ ماءُ جي صحت,حمل ۽ زچگي کانپوءِ خطري جون نشانيون,ايڪلمپسيا (Eclampsia) ڇا آهي؟,ايڪلمپسيا (eclampsia) ڇا آهي؟,auto_ok,genuine reword - needs native-speaker review
v1480,739,حمل ۽ ماءُ جي صحت,حمل ۽ زچگي کانپوءِ خطري جون نشانيون,ايڪلمپسيا (Eclampsia) ڇا آهي؟,eclampsia جو مطلب ڪهڙو آهي؟,auto_ok,genuine reword - needs native-speaker review
v1481,740,حمل ۽ ماءُ جي صحت,حمل ۽ زچگي کانپوءِ خطري جون نشانيون,پري-ايڪلمپسيا (Pre-eclampsia) ڇا آهي؟,پري-ايڪلمپسيا (pre-eclampsia) ڇا آهي؟,auto_ok,genuine reword - needs native-speaker review
v1482,740,حمل ۽ ماءُ جي صحت,حمل ۽ زچگي کانپوءِ خطري جون نشانيون,پري-ايڪلمپسيا (Pre-eclampsia) ڇا آهي؟,pre-eclampsia جو مطلب ڪهڙو آهي؟,auto_ok,genuine reword - needs native-speaker review
v1483,741,حمل ۽ ماءُ جي صحت,حمل ۽ زچگي کانپوءِ خطري جون نشانيون,ڇا مون کي ڪجهه به محسوس ڪرڻ کان سواءِ پري-ايڪلمپسيا ٿي سگهي ٿو؟,بغير ڪجهه محسوس ڪرڻ جي پري-ايڪلمپسيا ٿي سگهي ٿو ڇا؟,auto_ok,genuine reword - needs native-speaker review
v1484,741,حمل ۽ ماءُ جي صحت,حمل ۽ زچگي کانپوءِ خطري جون نشانيون,ڇا مون کي ڪجهه به محسوس ڪرڻ کان سواءِ پري-ايڪلمپسيا ٿي سگهي ٿو؟,علامت محسوس نه ٿئي، تڏهن به pre-eclampsia هجي سگهي ٿو ڇا؟,auto_ok,genuine reword - needs native-speaker review
v1485,742,حمل ۽ ماءُ جي صحت,حمل ۽ زچگي کانپوءِ خطري جون نشانيون,پري-ايڪلمپسيا ٿيڻ جو امڪان ڪنهن کي وڌيڪ آهي؟,پري-ايڪلمپسيا ٿيڻ جو خطرو ڪنهن کي وڌيڪ آهي؟,auto_ok,genuine reword - needs native-speaker review
v1486,742,حمل ۽ ماءُ جي صحت,حمل ۽ زچگي کانپوءِ خطري جون نشانيون,پري-ايڪلمپسيا ٿيڻ جو امڪان ڪنهن کي وڌيڪ آهي؟,ڪهڙيون عورتون pre-eclampsia لاءِ وڌيڪ خطري ۾ آهن؟,auto_ok,genuine reword - needs native-speaker review
v1487,743,حمل ۽ ماءُ جي صحت,حمل ۽ زچگي کانپوءِ خطري جون نشانيون,ڇا پري-ايڪلمپسيا کان بچاءُ ٿي سگهي ٿو؟,پري-ايڪلمپسيا کان بچاءُ ٿي سگهي ٿو ڇا؟,auto_ok,genuine reword - needs native-speaker review
v1488,743,حمل ۽ ماءُ جي صحت,حمل ۽ زچگي کانپوءِ خطري جون نشانيون,ڇا پري-ايڪلمپسيا کان بچاءُ ٿي سگهي ٿو؟,pre-eclampsia کي روڪي سگهجي ٿو ڇا؟,auto_ok,genuine reword - needs native-speaker review
v1489,744,حمل ۽ ماءُ جي صحت,حمل ۽ زچگي کانپوءِ خطري جون نشانيون,حمل ۾ بلڊ پريشر جا مسئلا ڪيترا خطرناڪ آهن؟,حامله هوندي bp خراب ٿيڻ ڪيترو نقصانڪار آهي؟,auto_ok,genuine reword - needs native-speaker review
v1490,744,حمل ۽ ماءُ جي صحت,حمل ۽ زچگي کانپوءِ خطري جون نشانيون,حمل ۾ بلڊ پريشر جا مسئلا ڪيترا خطرناڪ آهن؟,حامله هوندي bp خراب ٿيڻ ڪيترو نقصانڪار آهي؟,auto_ok,genuine reword - needs native-speaker review
v1491,745,حمل ۽ ماءُ جي صحت,حمل ۽ زچگي کانپوءِ خطري جون نشانيون,ڄمڻ کانپوءِ مون کي گھڻو رت وهي رهيو آهي۔ مون کي ڇا ڪرڻ گھرجي؟,ولادت کان پوءِ گھڻو رت وهي ته ڇا ڪجي؟,auto_ok,genuine reword - needs native-speaker review
v1492,745,حمل ۽ ماءُ جي صحت,حمل ۽ زچگي کانپوءِ خطري جون نشانيون,ڄمڻ کانپوءِ مون کي گھڻو رت وهي رهيو آهي۔ مون کي ڇا ڪرڻ گھرجي؟,ٻار ٿيڻ بعد زياده bleeding ٿئي ته فوري ڪهڙو قدم کڻجي؟,auto_ok,genuine reword - needs native-speaker review
v1493,746,حمل ۽ ماءُ جي صحت,حمل ۽ زچگي کانپوءِ خطري جون نشانيون,ٻار ڄمڻ کانپوءِ مون کي بخار ۽ بدبودار رطوبت آهي۔ ڇا اهو سنگين آهي؟,ولادت کان پوءِ بخار ۽ بدبودار رطوبت سنگين آهن ڇا؟,auto_ok,genuine reword - needs native-speaker review
v1494,746,حمل ۽ ماءُ جي صحت,حمل ۽ زچگي کانپوءِ خطري جون نشانيون,ٻار ڄمڻ کانپوءِ مون کي بخار ۽ بدبودار رطوبت آهي۔ ڇا اهو سنگين آهي؟,ٻار ٿيڻ بعد تپ سان گڏ بدبو واري ڊسچارج خطرناڪ آهي ڇا؟,auto_ok,genuine reword - needs native-speaker review
v1495,747,حمل ۽ ماءُ جي صحت,حمل ۽ زچگي کانپوءِ خطري جون نشانيون,ڇا ڄمڻ کانپوءِ هفتن ۾ به خطرناڪ مسئلا ٿي سگهن ٿا؟,ولادت کان پوءِ هفتن ۾ به خطرناڪ مسئلا ٿي سگهن ٿا ڇا؟,auto_ok,genuine reword - needs native-speaker review
v1496,747,حمل ۽ ماءُ جي صحت,حمل ۽ زچگي کانپوءِ خطري جون نشانيون,ڇا ڄمڻ کانپوءِ هفتن ۾ به خطرناڪ مسئلا ٿي سگهن ٿا؟,postpartum جي هفتن دوران به سنگين مسئلا اچي سگهن ٿا ڇا؟,auto_ok,genuine reword - needs native-speaker review
v1497,748,حمل ۽ ماءُ جي صحت,حمل ۽ زچگي کانپوءِ خطري جون نشانيون,جيڪڏهن مون کي خطري جي نشاني نظر اچي ته مون کي ڪيتري جلدي عمل ڪرڻ جي ضرورت آهي؟,خطري جي نشاني نظر اچڻ تي ڪيتري جلدي عمل ڪجي؟,auto_ok,genuine reword - needs native-speaker review
v1498,748,حمل ۽ ماءُ جي صحت,حمل ۽ زچگي کانپوءِ خطري جون نشانيون,جيڪڏهن مون کي خطري جي نشاني نظر اچي ته مون کي ڪيتري جلدي عمل ڪرڻ جي ضرورت آهي؟,ڪا خطرناڪ علامت هجي ته فوري طور ڪيتري تيزيءَ سان قدم کڻجي؟,auto_ok,genuine reword - needs native-speaker review
v1499,749,حمل ۽ ماءُ جي صحت,حمل ۽ زچگي کانپوءِ خطري جون نشانيون,منهنجي نئين ڄاول ٻار ۾ مون کي ڪهڙين خطري جي نشانين تي نظر رکڻ گھرجي؟,نئين ڄاول ٻار ۾ ڪهڙين خطري جي نشانين تي ڌيان ڏجي؟,auto_ok,genuine reword - needs native-speaker review
v1500,749,حمل ۽ ماءُ جي صحت,حمل ۽ زچگي کانپوءِ خطري جون نشانيون,منهنجي نئين ڄاول ٻار ۾ مون کي ڪهڙين خطري جي نشانين تي نظر رکڻ گھرجي؟,ننڍڙي ٻار ۾ ڪهڙيون علامتون خطرناڪ سمجهي مدد وٺجي؟,auto_ok,genuine reword - needs native-speaker review
v1501,750,پي سي او ايس ۽ هارموني صحت,پي سي او ايس ڇا آهي ۽ عام نشانيون,پي سي او ايس (PCOS) ڇا آهي؟,PCOS دراصل ڇا آهي؟,auto_ok,genuine reword - needs native-speaker review
v1502,750,پي سي او ايس ۽ هارموني صحت,پي سي او ايس ڇا آهي ۽ عام نشانيون,پي سي او ايس (PCOS) ڇا آهي؟,پي سي او ايس جو مطلب ڪهڙو آهي؟,auto_ok,genuine reword - needs native-speaker review
v1503,751,پي سي او ايس ۽ هارموني صحت,پي سي او ايس ڇا آهي ۽ عام نشانيون,پي سي او ايس ڪيتري عام آهي؟,PCOS ڪيتري عام آهي؟,auto_ok,genuine reword - needs native-speaker review
v1504,751,پي سي او ايس ۽ هارموني صحت,پي سي او ايس ڇا آهي ۽ عام نشانيون,پي سي او ايس ڪيتري عام آهي؟,عورتن ۾ PCOS هجڻ ڪيترو معمول جي ڳالھ آهي؟,auto_ok,genuine reword - needs native-speaker review
v1505,752,پي سي او ايس ۽ هارموني صحت,پي سي او ايس ڇا آهي ۽ عام نشانيون,ڇا پي سي او ايس واريون گھڻيون عورتون ڄاڻن ٿيون ته انهن کي اها آهي؟,گھڻين عورتن کي خبر آهي ته کين PCOS آهي ڇا؟,auto_ok,genuine reword - needs native-speaker review
v1506,752,پي سي او ايس ۽ هارموني صحت,پي سي او ايس ڇا آهي ۽ عام نشانيون,ڇا پي سي او ايس واريون گھڻيون عورتون ڄاڻن ٿيون ته انهن کي اها آهي؟,PCOS واريون عورتون اڪثر ان کان اڻڄاڻ رهنديون آهن ڇا؟,auto_ok,genuine reword - needs native-speaker review
v1507,753,پي سي او ايس ۽ هارموني صحت,پي سي او ايس ڇا آهي ۽ عام نشانيون,پي سي او ايس جون بنيادي نشانيون ڪهڙيون آهن؟,PCOS جون بنيادي نشانيون ڪهڙيون آهن؟,auto_ok,genuine reword - needs native-speaker review
v1508,753,پي سي او ايس ۽ هارموني صحت,پي سي او ايس ڇا آهي ۽ عام نشانيون,پي سي او ايس جون بنيادي نشانيون ڪهڙيون آهن؟,PCOS هجڻ جون عام علامتون ڇا آهن؟,auto_ok,genuine reword - needs native-speaker review
v1509,754,پي سي او ايس ۽ هارموني صحت,پي سي او ايس ڇا آهي ۽ عام نشانيون,ڇا پي سي او ايس جو مطلب آهي ته منهنجي بيضه دان ۾ رسولين (Cysts) آهن؟,PCOS جو مطلب بيضه دان ۾ رسولين هجڻ آهي ڇا؟,auto_ok,genuine reword - needs native-speaker review
v1510,754,پي سي او ايس ۽ هارموني صحت,پي سي او ايس ڇا آهي ۽ عام نشانيون,ڇا پي سي او ايس جو مطلب آهي ته منهنجي بيضه دان ۾ رسولين (Cysts) آهن؟,PCOS ۾ اووري ۾ cysts هجڻ ضروري آهي ڇا؟,auto_ok,genuine reword - needs native-speaker review
v1511,755,پي سي او ايس ۽ هارموني صحت,پي سي او ايس ڇا آهي ۽ عام نشانيون,پي سي او ايس جو سبب ڇا آهي؟,PCOS ٿيڻ جو سبب ڇا آهي؟,auto_ok,genuine reword - needs native-speaker review
v1512,755,پي سي او ايس ۽ هارموني صحت,پي سي او ايس ڇا آهي ۽ عام نشانيون,پي سي او ايس جو سبب ڇا آهي؟,PCOS ڇو ٿيندي آهي؟,auto_ok,genuine reword - needs native-speaker review
v1513,756,پي سي او ايس ۽ هارموني صحت,پي سي او ايس ڇا آهي ۽ عام نشانيون,ڇا پي سي او ايس منهنجي غلطي آهي؟,PCOS پنهنجي غلطي سبب ٿي آهي ڇا؟,auto_ok,genuine reword - needs native-speaker review
v1514,756,پي سي او ايس ۽ هارموني صحت,پي سي او ايس ڇا آهي ۽ عام نشانيون,ڇا پي سي او ايس منهنجي غلطي آهي؟,پاڻ ڪا غلطي ڪئي هجي ان ڪري PCOS ٿي ڇا؟,auto_ok,genuine reword - needs native-speaker review
v1515,757,پي سي او ايس ۽ هارموني صحت,پي سي او ايس ڇا آهي ۽ عام نشانيون,پي سي او ايس عام طور تي ڪهڙي عمر ۾ شروع ٿئي ٿي؟,PCOS عام طور ڪهڙي عمر ۾ شروع ٿي ٿي؟,auto_ok,genuine reword - needs native-speaker review
v1516,757,پي سي او ايس ۽ هارموني صحت,پي سي او ايس ڇا آهي ۽ عام نشانيون,پي سي او ايس عام طور تي ڪهڙي عمر ۾ شروع ٿئي ٿي؟,PCOS جي شروعات ڪهڙي عمر کان ٿئي ٿي؟,auto_ok,genuine reword - needs native-speaker review
v1517,758,پي سي او ايس ۽ هارموني صحت,پي سي او ايس ڇا آهي ۽ عام نشانيون,پي سي او ايس ڇو ڪيترين عورتن جي حامله نه ٿي سگهڻ جو سبب آهي؟,PCOS حمل نه ٿيڻ جو سبب ڇو بڻجي ٿي؟,auto_ok,genuine reword - needs native-speaker review
v1518,758,پي سي او ايس ۽ هارموني صحت,پي سي او ايس ڇا آهي ۽ عام نشانيون,پي سي او ايس ڇو ڪيترين عورتن جي حامله نه ٿي سگهڻ جو سبب آهي؟,PCOS ڪري ڇو ڪيتريون عورتون حامله نٿيون ٿي سگهن؟,auto_ok,genuine reword - needs native-speaker review
v1519,759,پي سي او ايس ۽ هارموني صحت,پي سي او ايس ڇا آهي ۽ عام نشانيون,جيڪڏهن مون کي پي سي او ايس آهي ته ڇا آءٌ اڃا به ٻار ڄڻي سگهان ٿي؟,PCOS هجڻ باوجود ٻار ٿي سگهي ٿو ڇا؟,auto_ok,genuine reword - needs native-speaker review
v1520,759,پي سي او ايس ۽ هارموني صحت,پي سي او ايس ڇا آهي ۽ عام نشانيون,جيڪڏهن مون کي پي سي او ايس آهي ته ڇا آءٌ اڃا به ٻار ڄڻي سگهان ٿي؟,PCOS سان به حمل ممڪن آهي ڇا؟,auto_ok,genuine reword - needs native-speaker review
v1521,760,پي سي او ايس ۽ هارموني صحت,پي سي او ايس ڇا آهي ۽ عام نشانيون,ڇا پي سي او ايس منهنجي پوري جسم تي اثر انداز ٿئي ٿي يا صرف ماهواري تي؟,PCOS پوري جسم تي اثر وجهي ٿي يا صرف ماهواري تي؟,auto_ok,genuine reword - needs native-speaker review
v1522,760,پي سي او ايس ۽ هارموني صحت,پي سي او ايس ڇا آهي ۽ عام نشانيون,ڇا پي سي او ايس منهنجي پوري جسم تي اثر انداز ٿئي ٿي يا صرف ماهواري تي؟,PCOS جو اثر رڳو period تي آهي يا سڄي بدن تي؟,auto_ok,genuine reword - needs native-speaker review
v1523,761,پي سي او ايس ۽ هارموني صحت,پي سي او ايس ڇا آهي ۽ عام نشانيون,پي سي او ايس ڪهڙن صحت جي مسئلن سان لاڳاپيل آهي؟,PCOS ڪهڙن ٻين صحت جي مسئلن سان جڙيل آهي؟,auto_ok,genuine reword - needs native-speaker review
v1524,761,پي سي او ايس ۽ هارموني صحت,پي سي او ايس ڇا آهي ۽ عام نشانيون,پي سي او ايس ڪهڙن صحت جي مسئلن سان لاڳاپيل آهي؟,PCOS سان گڏ ڪهڙيون ٻيون بيماريون اچي سگهن ٿيون؟,auto_ok,genuine reword - needs native-speaker review
v1525,762,پي سي او ايس ۽ هارموني صحت,پي سي او ايس ڇا آهي ۽ عام نشانيون,ڇا پي سي او ايس منهنجي ذیابيطس جو خطرو وڌائي ٿي؟,PCOS ذیابيطس جو خطرو وڌائي ٿي ڇا؟,auto_ok,genuine reword - needs native-speaker review
v1526,762,پي سي او ايس ۽ هارموني صحت,پي سي او ايس ڇا آهي ۽ عام نشانيون,ڇا پي سي او ايس منهنجي ذیابيطس جو خطرو وڌائي ٿي؟,PCOS هجڻ سان شگر (diabetes) جو چانس وڌي ٿو ڇا؟,auto_ok,genuine reword - needs native-speaker review
v1527,763,پي سي او ايس ۽ هارموني صحت,پي سي او ايس ڇا آهي ۽ عام نشانيون,ڇا پي سي او ايس ٻچيدان تي اثر انداز ٿئي ٿي؟,PCOS ٻچيدان تي اثر انداز ٿئي ٿي ڇا؟,auto_ok,genuine reword - needs native-speaker review
v1528,763,پي سي او ايس ۽ هارموني صحت,پي سي او ايس ڇا آهي ۽ عام نشانيون,ڇا پي سي او ايس ٻچيدان تي اثر انداز ٿئي ٿي؟,PCOS uterus تي اثر وجهي ٿي ڇا؟,auto_ok,genuine reword - needs native-speaker review
v1529,764,پي سي او ايس ۽ هارموني صحت,پي سي او ايس ڇا آهي ۽ عام نشانيون,ڇا پي سي او ايس منهنجي مزاج تي اثر انداز ٿي سگهي ٿي؟,PCOS مزاج تي اثر وجهي سگهي ٿي ڇا؟,auto_ok,genuine reword - needs native-speaker review
v1530,764,پي سي او ايس ۽ هارموني صحت,پي سي او ايس ڇا آهي ۽ عام نشانيون,ڇا پي سي او ايس منهنجي مزاج تي اثر انداز ٿي سگهي ٿي؟,PCOS سبب موڊ خراب ٿي سگهي ٿو ڇا؟,auto_ok,genuine reword - needs native-speaker review
v1531,765,پي سي او ايس ۽ هارموني صحت,پي سي او ايس ڇا آهي ۽ عام نشانيون,ڇا پي سي او ايس ڦھلندڙ (Contagious) آهي؟,PCOS ڦھلندڙ (contagious) بيماري آهي ڇا؟,auto_ok,genuine reword - needs native-speaker review
v1532,765,پي سي او ايس ۽ هارموني صحت,پي سي او ايس ڇا آهي ۽ عام نشانيون,ڇا پي سي او ايس ڦھلندڙ (Contagious) آهي؟,PCOS هڪ کان ٻي کي ٿي سگهي ٿي ڇا؟,auto_ok,genuine reword - needs native-speaker review
v1533,766,پي سي او ايس ۽ هارموني صحت,پي سي او ايس ڇا آهي ۽ عام نشانيون,ڇا پي سي او ايس پاڻ مرادو ختم ٿي وڃي ٿي؟,PCOS پاڻ مرادو ختم ٿي وڃي ٿي ڇا؟,auto_ok,genuine reword - needs native-speaker review
v1534,766,پي سي او ايس ۽ هارموني صحت,پي سي او ايس ڇا آهي ۽ عام نشانيون,ڇا پي سي او ايس پاڻ مرادو ختم ٿي وڃي ٿي؟,علاج کان سواءِ PCOS خودبخود ٺيڪ ٿي وڃي ٿي ڇا؟,auto_ok,genuine reword - needs native-speaker review
v1535,767,پي سي او ايس ۽ هارموني صحت,پي سي او ايس ڇا آهي ۽ عام نشانيون,ڇا پي سي او ايس هڪ سنگين حالت آهي؟,PCOS هڪ سنگين حالت آهي ڇا؟,auto_ok,genuine reword - needs native-speaker review
v1536,767,پي سي او ايس ۽ هارموني صحت,پي سي او ايس ڇا آهي ۽ عام نشانيون,ڇا پي سي او ايس هڪ سنگين حالت آهي؟,PCOS خطرناڪ بيماري سمجهي وڃي ٿي ڇا؟,auto_ok,genuine reword - needs native-speaker review
v1537,768,پي سي او ايس ۽ هارموني صحت,پي سي او ايس ڇا آهي ۽ عام نشانيون,ڇا پي سي او ايس واريون سڀ عورتون وزن وڌائين ٿيون؟,PCOS واريون سڀ عورتون وزن وڌائين ٿيون ڇا؟,auto_ok,genuine reword - needs native-speaker review
v1538,768,پي سي او ايس ۽ هارموني صحت,پي سي او ايس ڇا آهي ۽ عام نشانيون,ڇا پي سي او ايس واريون سڀ عورتون وزن وڌائين ٿيون؟,هر PCOS واري عورت جو وزن وڌي ٿو ڇا؟,auto_ok,genuine reword - needs native-speaker review
v1539,769,پي سي او ايس ۽ هارموني صحت,پي سي او ايس ڇا آهي ۽ عام نشانيون,ڇا پي سي او ايس واري سڀني عورتن کي اضافي وار اُڀرن ٿا؟,PCOS واري سڀني عورتن کي اضافي وار اُڀرن ٿا ڇا؟,auto_ok,genuine reword - needs native-speaker review
v1540,769,پي سي او ايس ۽ هارموني صحت,پي سي او ايس ڇا آهي ۽ عام نشانيون,ڇا پي سي او ايس واري سڀني عورتن کي اضافي وار اُڀرن ٿا؟,هر PCOS مريضا کي جسم تي وڌيڪ وار اچن ٿا ڇا؟,auto_ok,genuine reword - needs native-speaker review
v1541,770,پي سي او ايس ۽ هارموني صحت,پي سي او ايس ڇا آهي ۽ عام نشانيون,ڇا پي سي او ايس مٿي جي وارن جي کِرڻ جو سبب ٿي سگهي ٿي؟,PCOS مٿي جي وارن جي کِرڻ جو سبب ٿي سگهي ٿي ڇا؟,auto_ok,genuine reword - needs native-speaker review
v1542,770,پي سي او ايس ۽ هارموني صحت,پي سي او ايس ڇا آهي ۽ عام نشانيون,ڇا پي سي او ايس مٿي جي وارن جي کِرڻ جو سبب ٿي سگهي ٿي؟,PCOS سبب سر جا وار جهڙي ٿي سگهن ٿا ڇا؟,auto_ok,genuine reword - needs native-speaker review
v1543,771,پي سي او ايس ۽ هارموني صحت,پي سي او ايس ڇا آهي ۽ عام نشانيون,ڇا پي سي او ايس مهاسن جو سبب ٿي سگهي ٿي؟,PCOS مهاسن (acne) جو سبب ٿي سگهي ٿي ڇا؟,auto_ok,genuine reword - needs native-speaker review
v1544,771,پي سي او ايس ۽ هارموني صحت,پي سي او ايس ڇا آهي ۽ عام نشانيون,ڇا پي سي او ايس مهاسن جو سبب ٿي سگهي ٿي؟,PCOS ڪري منهن تي مُنڍيون اچي سگهن ٿيون ڇا؟,auto_ok,genuine reword - needs native-speaker review
v1545,772,پي سي او ايس ۽ هارموني صحت,پي سي او ايس ڇا آهي ۽ عام نشانيون,ڇا پي سي او ايس گھڻي يا سور واري ماهواري جو سبب ٿي سگهي ٿي؟,PCOS گھڻي يا سور واري ماهواري جو سبب ٿي سگهي ٿي ڇا؟,auto_ok,genuine reword - needs native-speaker review
v1546,772,پي سي او ايس ۽ هارموني صحت,پي سي او ايس ڇا آهي ۽ عام نشانيون,ڇا پي سي او ايس گھڻي يا سور واري ماهواري جو سبب ٿي سگهي ٿي؟,PCOS سبب ماهواري ڳري يا سورن واري ٿي سگهي ٿي ڇا؟,auto_ok,genuine reword - needs native-speaker review
v1547,773,پي سي او ايس ۽ هارموني صحت,پي سي او ايس ڇا آهي ۽ عام نشانيون,ڇا پي سي او ايس حمل دوران مسئلا پيدا ڪري سگهي ٿي؟,PCOS حمل دوران مسئلا پيدا ڪري سگهي ٿي ڇا؟,auto_ok,genuine reword - needs native-speaker review
v1548,773,پي سي او ايس ۽ هارموني صحت,پي سي او ايس ڇا آهي ۽ عام نشانيون,ڇا پي سي او ايس حمل دوران مسئلا پيدا ڪري سگهي ٿي؟,PCOS هجڻ سبب حمل ۾ پيچيدگيون اچي سگهن ٿيون ڇا؟,auto_ok,genuine reword - needs native-speaker review
v1549,774,پي سي او ايس ۽ هارموني صحت,پي سي او ايس ڇا آهي ۽ عام نشانيون,ڇا پي سي او ايس ننڊ جا مسئلا پيدا ڪري ٿي؟,PCOS ننڊ جا مسئلا پيدا ڪري ٿي ڇا؟,auto_ok,genuine reword - needs native-speaker review
v1550,774,پي سي او ايس ۽ هارموني صحت,پي سي او ايس ڇا آهي ۽ عام نشانيون,ڇا پي سي او ايس ننڊ جا مسئلا پيدا ڪري ٿي؟,PCOS سبب ننڊ خراب ٿي سگهي ٿي ڇا؟,auto_ok,genuine reword - needs native-speaker review
v1551,775,پي سي او ايس ۽ هارموني صحت,پي سي او ايس ڇا آهي ۽ عام نشانيون,ڇا پي سي او ايس جگر تي اثر انداز ٿئي ٿي؟,PCOS جگر تي اثر انداز ٿئي ٿي ڇا؟,auto_ok,genuine reword - needs native-speaker review
v1552,775,پي سي او ايس ۽ هارموني صحت,پي سي او ايس ڇا آهي ۽ عام نشانيون,ڇا پي سي او ايس جگر تي اثر انداز ٿئي ٿي؟,PCOS liver کي متاثر ڪري ٿي ڇا؟,auto_ok,genuine reword - needs native-speaker review
v1553,776,پي سي او ايس ۽ هارموني صحت,پي سي او ايس ڇا آهي ۽ عام نشانيون,ڇا پي سي او ايس بلند بلڊ پريشر جو سبب ٿي سگهي ٿي؟,PCOS بلند بلڊ پريشر جو سبب ٿي سگهي ٿي ڇا؟,auto_ok,genuine reword - needs native-speaker review
v1554,776,پي سي او ايس ۽ هارموني صحت,پي سي او ايس ڇا آهي ۽ عام نشانيون,ڇا پي سي او ايس بلند بلڊ پريشر جو سبب ٿي سگهي ٿي؟,PCOS سبب bp وڌي سگهي ٿو ڇا؟,auto_ok,genuine reword - needs native-speaker review
v1555,777,پي سي او ايس ۽ هارموني صحت,پي سي او ايس ڇا آهي ۽ عام نشانيون,ڇا پي سي او ايس بي قاعده ماهواري جي برابر آهي؟,PCOS بي قاعده ماهواري جي برابر آهي ڇا؟,auto_ok,genuine reword - needs native-speaker review
v1556,777,پي سي او ايس ۽ هارموني صحت,پي سي او ايس ڇا آهي ۽ عام نشانيون,ڇا پي سي او ايس بي قاعده ماهواري جي برابر آهي؟,بي ترتيب period هجڻ سڌو PCOS آهي ڇا؟,auto_ok,genuine reword - needs native-speaker review
v1557,778,پي سي او ايس ۽ هارموني صحت,پي سي او ايس ڇا آهي ۽ عام نشانيون,ڇا پي سي او ايس بلڪل به ماهواري نه اچڻ سان به ٿي سگهي ٿي؟,PCOS بلڪل به ماهواري نه اچڻ سان به ٿي سگهي ٿي ڇا؟,auto_ok,genuine reword - needs native-speaker review
v1558,778,پي سي او ايس ۽ هارموني صحت,پي سي او ايس ڇا آهي ۽ عام نشانيون,ڇا پي سي او ايس بلڪل به ماهواري نه اچڻ سان به ٿي سگهي ٿي؟,period مڪمل بند ٿئي ته به PCOS جو امڪان آهي ڇا؟,auto_ok,genuine reword - needs native-speaker review
v1559,779,پي سي او ايس ۽ هارموني صحت,پي سي او ايس ڇا آهي ۽ عام نشانيون,ڇا پي سي او ايس ڪجهه ملڪن ۾ ٻين کان وڌيڪ عام آهي؟,PCOS ڪجهه ملڪن ۾ ٻين کان وڌيڪ عام آهي ڇا؟,auto_ok,genuine reword - needs native-speaker review
v1560,779,پي سي او ايس ۽ هارموني صحت,پي سي او ايس ڇا آهي ۽ عام نشانيون,ڇا پي سي او ايس ڪجهه ملڪن ۾ ٻين کان وڌيڪ عام آهي؟,PCOS جو تناسب مختلف ملڪن ۾ فرق رکي ٿو ڇا؟,auto_ok,genuine reword - needs native-speaker review
v1561,780,پي سي او ايس ۽ هارموني صحت,پي سي او ايس ڇا آهي ۽ عام نشانيون,جيڪڏهن منهنجي ماهواري باقاعده آهي ته به ڇا مون کي پي سي او ايس ٿي سگهي ٿي؟,ماهواري باقاعده هجي ته به PCOS ٿي سگهي ٿي ڇا؟,auto_ok,genuine reword - needs native-speaker review
v1562,780,پي سي او ايس ۽ هارموني صحت,پي سي او ايس ڇا آهي ۽ عام نشانيون,جيڪڏهن منهنجي ماهواري باقاعده آهي ته به ڇا مون کي پي سي او ايس ٿي سگهي ٿي؟,period وقت تي اچي، تڏهن به PCOS ٿي سگهي ٿي ڇا؟,auto_ok,genuine reword - needs native-speaker review
v1563,781,پي سي او ايس ۽ هارموني صحت,پي سي او ايس ڇا آهي ۽ عام نشانيون,ڇا مون کي ڊاڪٽر کي ڏسڻ گھرجي جيڪڏهن مون کي لڳي ته مون کي پي سي او ايس آهي؟,PCOS جو شڪ هجي ته ڊاڪٽر وٽ وڃجي ڇا؟,auto_ok,genuine reword - needs native-speaker review
v1564,781,پي سي او ايس ۽ هارموني صحت,پي سي او ايس ڇا آهي ۽ عام نشانيون,ڇا مون کي ڊاڪٽر کي ڏسڻ گھرجي جيڪڏهن مون کي لڳي ته مون کي پي سي او ايس آهي؟,پاڻ کي لڳي ته PCOS آهي ته طبيب کي ملجي ڇا؟,auto_ok,genuine reword - needs native-speaker review
v1565,782,پي سي او ايس ۽ هارموني صحت,تشخيص مرض ۽ ڪڏهن معائنو ڪرائجي,پي سي او ايس جي تشخيص ڪيئن ٿيندي آهي؟,PCOS جي تشخيص ڪيئن ٿيندي آهي؟,auto_ok,genuine reword - needs native-speaker review
v1566,782,پي سي او ايس ۽ هارموني صحت,تشخيص مرض ۽ ڪڏهن معائنو ڪرائجي,پي سي او ايس جي تشخيص ڪيئن ٿيندي آهي؟,PCOS جو پتو ڪهڙي طريقي سان لڳائجي ٿو؟,auto_ok,genuine reword - needs native-speaker review
v1567,783,پي سي او ايس ۽ هارموني صحت,تشخيص مرض ۽ ڪڏهن معائنو ڪرائجي,ڇا مون کي پي سي او ايس ٻڌائڻ لاءِ ٽنهي نتيجن جي ضرورت آهي؟,PCOS ٻڌائڻ لاءِ ٽيئي نتيجا ضروري آهن ڇا؟,auto_ok,genuine reword - needs native-speaker review
v1568,783,پي سي او ايس ۽ هارموني صحت,تشخيص مرض ۽ ڪڏهن معائنو ڪرائجي,ڇا مون کي پي سي او ايس ٻڌائڻ لاءِ ٽنهي نتيجن جي ضرورت آهي؟,PCOS جي تشخيص لاءِ سڀ ٽي معيار پورا ٿيڻ گهرجن ڇا؟,auto_ok,genuine reword - needs native-speaker review
v1569,784,پي سي او ايس ۽ هارموني صحت,تشخيص مرض ۽ ڪڏهن معائنو ڪرائجي,ماهواري کي بي قاعده ڪڏهن سمجهيو ويندو آهي؟,ماهواري کي ڪڏهن بي قاعده سمجهيو ويندو آهي؟,auto_ok,genuine reword - needs native-speaker review
v1570,784,پي سي او ايس ۽ هارموني صحت,تشخيص مرض ۽ ڪڏهن معائنو ڪرائجي,ماهواري کي بي قاعده ڪڏهن سمجهيو ويندو آهي؟,period کي irregular ڪڏهن چئبو آهي؟,auto_ok,genuine reword - needs native-speaker review
v1571,785,پي سي او ايس ۽ هارموني صحت,تشخيص مرض ۽ ڪڏهن معائنو ڪرائجي,مقابلي لاءِ عام چڪر جي ڊگھائي ڪيتري آهي؟,مقابلي لاءِ عام چڪر جي ڊگھائي ڪيتري ليکجي ٿي؟,auto_ok,genuine reword - needs native-speaker review
v1572,785,پي سي او ايس ۽ هارموني صحت,تشخيص مرض ۽ ڪڏهن معائنو ڪرائجي,مقابلي لاءِ عام چڪر جي ڊگھائي ڪيتري آهي؟,عام ماهواري جي سائيڪل جي ڊيگهه ڪيتري سمجهي وڃي ٿي؟,auto_ok,genuine reword - needs native-speaker review
v1573,786,پي سي او ايس ۽ هارموني صحت,تشخيص مرض ۽ ڪڏهن معائنو ڪرائجي,پي سي او ايس چيڪ ڪرڻ لاءِ ڪهڙا خوني ٽيسٽ استعمال ٿين ٿا؟,PCOS چيڪ ڪرڻ لاءِ ڪهڙا خون جا ٽيسٽ ٿين ٿا؟,auto_ok,genuine reword - needs native-speaker review
v1574,786,پي سي او ايس ۽ هارموني صحت,تشخيص مرض ۽ ڪڏهن معائنو ڪرائجي,پي سي او ايس چيڪ ڪرڻ لاءِ ڪهڙا خوني ٽيسٽ استعمال ٿين ٿا؟,PCOS جي تصديق لاءِ ڪهڙا blood tests ڪرايا وڃن ٿا؟,auto_ok,genuine reword - needs native-speaker review
v1575,787,پي سي او ايس ۽ هارموني صحت,تشخيص مرض ۽ ڪڏهن معائنو ڪرائجي,ڇا پي سي او ايس جي تشخيص لاءِ مون کي هميشه الٽراسائونڊ اسڪين جي ضرورت آهي؟,PCOS جي تشخيص لاءِ هميشه اسڪين ضروري آهي ڇا؟,auto_ok,genuine reword - needs native-speaker review
v1576,787,پي سي او ايس ۽ هارموني صحت,تشخيص مرض ۽ ڪڏهن معائنو ڪرائجي,ڇا پي سي او ايس جي تشخيص لاءِ مون کي هميشه الٽراسائونڊ اسڪين جي ضرورت آهي؟,ultrasound کان سواءِ به PCOS جي تشخيص ٿي سگهي ٿي ڇا؟,auto_ok,genuine reword - needs native-speaker review
v1577,788,پي سي او ايس ۽ هارموني صحت,تشخيص مرض ۽ ڪڏهن معائنو ڪرائجي,اسڪين ڇا ڳولي ٿو؟,اسڪين ۾ ڇا ڳوليو ويندو آهي؟,auto_ok,genuine reword - needs native-speaker review
v1578,788,پي سي او ايس ۽ هارموني صحت,تشخيص مرض ۽ ڪڏهن معائنو ڪرائجي,اسڪين ڇا ڳولي ٿو؟,ultrasound دوران ڇا ڏٺو ويندو آهي؟,auto_ok,genuine reword - needs native-speaker review
v1579,789,پي سي او ايس ۽ هارموني صحت,تشخيص مرض ۽ ڪڏهن معائنو ڪرائجي,ڇا نوجوان ڇوڪري کي پي سي او ايس چيڪ ڪرڻ لاءِ اسڪين ڪرائڻ گھرجي؟,نوجوان ڇوڪري کي PCOS چيڪ ڪرڻ لاءِ اسڪين ڪرائجي ڇا؟,auto_ok,genuine reword - needs native-speaker review
v1580,789,پي سي او ايس ۽ هارموني صحت,تشخيص مرض ۽ ڪڏهن معائنو ڪرائجي,ڇا نوجوان ڇوڪري کي پي سي او ايس چيڪ ڪرڻ لاءِ اسڪين ڪرائڻ گھرجي؟,ٽينز ڇوڪري ۾ PCOS لاءِ الٽراسائونڊ ضروري آهي ڇا؟,auto_ok,genuine reword - needs native-speaker review
v1581,790,پي سي او ايس ۽ هارموني صحت,تشخيص مرض ۽ ڪڏهن معائنو ڪرائجي,نوجوانن ۾ پي سي او ايس جي تشخيص وڌيڪ ڏکي ڇو آهي؟,نوجوانن ۾ PCOS جي تشخيص وڌيڪ ڏکي ڇو آهي؟,auto_ok,genuine reword - needs native-speaker review
v1582,790,پي سي او ايس ۽ هارموني صحت,تشخيص مرض ۽ ڪڏهن معائنو ڪرائجي,نوجوانن ۾ پي سي او ايس جي تشخيص وڌيڪ ڏکي ڇو آهي؟,teenage ۾ PCOS جو پتو لڳائڻ مشڪل ڇو هوندو آهي؟,auto_ok,genuine reword - needs native-speaker review
v1583,791,پي سي او ايس ۽ هارموني صحت,تشخيص مرض ۽ ڪڏهن معائنو ڪرائجي,جيڪڏهن هڪ نوجوان ڇوڪري ۾ ڊاڪٽر يقين نه رکي ته ڇا ٿيندو؟,ڊاڪٽر کي نوجوان ڇوڪري ۾ يقين نه هجي ته ڇا ٿيندو؟,auto_ok,genuine reword - needs native-speaker review
v1584,791,پي سي او ايس ۽ هارموني صحت,تشخيص مرض ۽ ڪڏهن معائنو ڪرائجي,جيڪڏهن هڪ نوجوان ڇوڪري ۾ ڊاڪٽر يقين نه رکي ته ڇا ٿيندو؟,شڪ هجي پر پڪ نه هجي ته ٻيهر ڪهڙو قدم کنيو ويندو آهي؟,auto_ok,genuine reword - needs native-speaker review
v1585,792,پي سي او ايس ۽ هارموني صحت,تشخيص مرض ۽ ڪڏهن معائنو ڪرائجي,AMH خوني ٽيسٽ ڇا آهي؟,AMH خون جو ٽيسٽ ڇا آهي؟,auto_ok,genuine reword - needs native-speaker review
v1586,792,پي سي او ايس ۽ هارموني صحت,تشخيص مرض ۽ ڪڏهن معائنو ڪرائجي,AMH خوني ٽيسٽ ڇا آهي؟,AMH test ڇا ٻڌائي ٿو؟,auto_ok,genuine reword - needs native-speaker review
v1587,793,پي سي او ايس ۽ هارموني صحت,تشخيص مرض ۽ ڪڏهن معائنو ڪرائجي,ڇا مون کي اسڪين ۽ AMH ٽيسٽ ٻئي ڪرائڻ گھرجن؟,اسڪين ۽ AMH ٽيسٽ ٻئي ضروري آهن ڇا؟,auto_ok,genuine reword - needs native-speaker review
v1588,793,پي سي او ايس ۽ هارموني صحت,تشخيص مرض ۽ ڪڏهن معائنو ڪرائجي,ڇا مون کي اسڪين ۽ AMH ٽيسٽ ٻئي ڪرائڻ گھرجن؟,الٽراسائونڊ سان گڏ AMH به ڪرائجي ڇا؟,auto_ok,genuine reword - needs native-speaker review
v1589,794,پي سي او ايس ۽ هارموني صحت,تشخيص مرض ۽ ڪڏهن معائنو ڪرائجي,ڇا هارمون جون گوريون کائڻ ٽيسٽن تي اثر انداز ٿين ٿيون؟,هارمون جون گوريون کائڻ ٽيسٽن تي اثر انداز ٿين ٿيون ڇا؟,auto_ok,genuine reword - needs native-speaker review
v1590,794,پي سي او ايس ۽ هارموني صحت,تشخيص مرض ۽ ڪڏهن معائنو ڪرائجي,ڇا هارمون جون گوريون کائڻ ٽيسٽن تي اثر انداز ٿين ٿيون؟,برٿ ڪنٽرول گوريون کائڻ نتيجن کي بدلائي سگهن ٿيون ڇا؟,auto_ok,genuine reword - needs native-speaker review
v1591,795,پي سي او ايس ۽ هارموني صحت,تشخيص مرض ۽ ڪڏهن معائنو ڪرائجي,هرسوٽزم (Hirsutism) ڇا آهي ۽ ان جو جائزو ڪيئن ورتو ويندو آهي؟,هرسوٽزم (Hirsutism) ڇا آهي ۽ ان جي جانچ ڪيئن ٿئي ٿي؟,auto_ok,genuine reword - needs native-speaker review
v1592,795,پي سي او ايس ۽ هارموني صحت,تشخيص مرض ۽ ڪڏهن معائنو ڪرائجي,هرسوٽزم (Hirsutism) ڇا آهي ۽ ان جو جائزو ڪيئن ورتو ويندو آهي؟,hirsutism جو مطلب ۽ ان جو اندازو ڪيئن لڳايو وڃي ٿو؟,auto_ok,genuine reword - needs native-speaker review
v1593,796,پي سي او ايس ۽ هارموني صحت,تشخيص مرض ۽ ڪڏهن معائنو ڪرائجي,ڇا منهن تي ڪجهه وار هجڻ جو مطلب آهي ته مون کي پي سي او ايس آهي؟,منهن تي ٿورا وار هجڻ جو مطلب PCOS آهي ڇا؟,auto_ok,genuine reword - needs native-speaker review
v1594,796,پي سي او ايس ۽ هارموني صحت,تشخيص مرض ۽ ڪڏهن معائنو ڪرائجي,ڇا منهن تي ڪجهه وار هجڻ جو مطلب آهي ته مون کي پي سي او ايس آهي؟,چهري تي ٿورا وار اچن ته اهو سڌو PCOS ٻڌائي ٿو ڇا؟,auto_ok,genuine reword - needs native-speaker review
v1595,797,پي سي او ايس ۽ هارموني صحت,تشخيص مرض ۽ ڪڏهن معائنو ڪرائجي,پي سي او ايس جي تشخيص کان اڳ ڪهڙيون ٻيون حالتون رد ڪرڻيون آهن؟,PCOS جي تشخيص کان اڳ ڪهڙيون ٻيون حالتون رد ڪجن؟,auto_ok,genuine reword - needs native-speaker review
v1596,797,پي سي او ايس ۽ هارموني صحت,تشخيص مرض ۽ ڪڏهن معائنو ڪرائجي,پي سي او ايس جي تشخيص کان اڳ ڪهڙيون ٻيون حالتون رد ڪرڻيون آهن؟,PCOS چئڻ کان اڳ ٻيون ڪهڙيون بيماريون خارج ڪجن؟,auto_ok,genuine reword - needs native-speaker review
v1597,798,پي سي او ايس ۽ هارموني صحت,تشخيص مرض ۽ ڪڏهن معائنو ڪرائجي,تشخيص واري وقت مون کي ڪهڙا ٽيسٽ ڪرائڻ گھرجن؟,تشخيص وقت ڪهڙا ٽيسٽ ڪرائجن؟,auto_ok,genuine reword - needs native-speaker review
v1598,798,پي سي او ايس ۽ هارموني صحت,تشخيص مرض ۽ ڪڏهن معائنو ڪرائجي,تشخيص واري وقت مون کي ڪهڙا ٽيسٽ ڪرائڻ گھرجن؟,PCOS جي پڪ لاءِ ڪهڙا ٽيسٽ گهربل آهن؟,auto_ok,genuine reword - needs native-speaker review
v1599,799,پي سي او ايس ۽ هارموني صحت,تشخيص مرض ۽ ڪڏهن معائنو ڪرائجي,پي سي او ايس ۾ ڪهڙو خون ۾ شگر جو ٽيسٽ استعمال ٿئي ٿو؟,PCOS ۾ خون ۾ شگر جو ڪهڙو ٽيسٽ استعمال ٿئي ٿو؟,auto_ok,genuine reword - needs native-speaker review
v1600,799,پي سي او ايس ۽ هارموني صحت,تشخيص مرض ۽ ڪڏهن معائنو ڪرائجي,پي سي او ايس ۾ ڪهڙو خون ۾ شگر جو ٽيسٽ استعمال ٿئي ٿو؟,PCOS لاءِ blood sugar test ڪهڙو ڪرايو ويندو آهي؟,auto_ok,genuine reword - needs native-speaker review
v1601,800,پي سي او ايس ۽ هارموني صحت,تشخيص مرض ۽ ڪڏهن معائنو ڪرائجي,منهنجي خون جي شگر کي وري ڪيتري ڀيري چيڪ ٿيڻ گھرجي؟,خون جي شگر ٻيهر ڪيترن وقفن تي چيڪ ٿيڻ گهرجي؟,auto_ok,genuine reword - needs native-speaker review
v1602,800,پي سي او ايس ۽ هارموني صحت,تشخيص مرض ۽ ڪڏهن معائنو ڪرائجي,منهنجي خون جي شگر کي وري ڪيتري ڀيري چيڪ ٿيڻ گھرجي؟,sugar test ڪيتري ڀيري ورجائجي؟,auto_ok,genuine reword - needs native-speaker review
v1603,801,پي سي او ايس ۽ هارموني صحت,تشخيص مرض ۽ ڪڏهن معائنو ڪرائجي,جيڪڏهن مون کي پي سي او ايس آهي ته منهنجو بلڊ پريشر ڪيتري ڀيري چيڪ ٿيڻ گھرجي؟,PCOS هجڻ تي بلڊ پريشر ڪيتري ڀيري چيڪ ٿيڻ گهرجي؟,auto_ok,genuine reword - needs native-speaker review
v1604,801,پي سي او ايس ۽ هارموني صحت,تشخيص مرض ۽ ڪڏهن معائنو ڪرائجي,جيڪڏهن مون کي پي سي او ايس آهي ته منهنجو بلڊ پريشر ڪيتري ڀيري چيڪ ٿيڻ گھرجي؟,PCOS مريضا کي bp ڪيتري وقفي تي ماپجي؟,auto_ok,genuine reword - needs native-speaker review
v1605,802,پي سي او ايس ۽ هارموني صحت,تشخيص مرض ۽ ڪڏهن معائنو ڪرائجي,ڇا مون کي پي سي او ايس هجڻ تي ڪولیسٽرول جو چيڪ ڪرائڻ جي ضرورت آهي؟,PCOS هجڻ تي ڪوليسٽرول جو چيڪ ضروري آهي ڇا؟,auto_ok,genuine reword - needs native-speaker review
v1606,802,پي سي او ايس ۽ هارموني صحت,تشخيص مرض ۽ ڪڏهن معائنو ڪرائجي,ڇا مون کي پي سي او ايس هجڻ تي ڪولیسٽرول جو چيڪ ڪرائڻ جي ضرورت آهي؟,PCOS سان cholesterol test گهربل آهي ڇا؟,auto_ok,genuine reword - needs native-speaker review
v1607,803,پي سي او ايس ۽ هارموني صحت,تشخيص مرض ۽ ڪڏهن معائنو ڪرائجي,ڇا ڊاڪٽر مون کان منهنجي مزاج بابت پڇندو؟,ڊاڪٽر مزاج بابت به پڇندو آهي ڇا؟,auto_ok,genuine reword - needs native-speaker review
v1608,803,پي سي او ايس ۽ هارموني صحت,تشخيص مرض ۽ ڪڏهن معائنو ڪرائجي,ڇا ڊاڪٽر مون کان منهنجي مزاج بابت پڇندو؟,PCOS جي تشخيص وقت موڊ بابت به سوال ٿيندو آهي ڇا؟,auto_ok,genuine reword - needs native-speaker review
v1609,804,پي سي او ايس ۽ هارموني صحت,تشخيص مرض ۽ ڪڏهن معائنو ڪرائجي,ڇا اهي منهنجي ننڊ بابت پڇندا؟,ننڊ بابت به پڇيو ويندو آهي ڇا؟,auto_ok,genuine reword - needs native-speaker review
v1610,804,پي سي او ايس ۽ هارموني صحت,تشخيص مرض ۽ ڪڏهن معائنو ڪرائجي,ڇا اهي منهنجي ننڊ بابت پڇندا؟,sleep pattern بابت به معلومات ورتي ويندي آهي ڇا؟,auto_ok,genuine reword - needs native-speaker review
v1611,805,پي سي او ايس ۽ هارموني صحت,تشخيص مرض ۽ ڪڏهن معائنو ڪرائجي,ڇا مون کان پنهنجي جسم يا کاڌي بابت پنهنجي احساسن بابت پڇجڻ گھرجي؟,پنهنجي جسم يا کاڌي بابت احساسن جو به پڇيو ويندو آهي ڇا؟,auto_ok,genuine reword - needs native-speaker review
v1612,805,پي سي او ايس ۽ هارموني صحت,تشخيص مرض ۽ ڪڏهن معائنو ڪرائجي,ڇا مون کان پنهنجي جسم يا کاڌي بابت پنهنجي احساسن بابت پڇجڻ گھرجي؟,body image ۽ کاڌي واري رويي بابت به سوال ٿيندا آهن ڇا؟,auto_ok,genuine reword - needs native-speaker review
v1613,806,پي سي او ايس ۽ هارموني صحت,تشخيص مرض ۽ ڪڏهن معائنو ڪرائجي,مون کي ملاقات لاءِ پاڻ سان ڇا کڻي وڃڻ گھرجي؟,ملاقات تي پاڻ سان ڇا کڻي وڃجي؟,auto_ok,genuine reword - needs native-speaker review
v1614,806,پي سي او ايس ۽ هارموني صحت,تشخيص مرض ۽ ڪڏهن معائنو ڪرائجي,مون کي ملاقات لاءِ پاڻ سان ڇا کڻي وڃڻ گھرجي؟,ڊاڪٽر وٽ وڃڻ کان اڳ ڪهڙي تياري رکجي؟,auto_ok,genuine reword - needs native-speaker review
v1615,807,پي سي او ايس ۽ هارموني صحت,تشخيص مرض ۽ ڪڏهن معائنو ڪرائجي,پي سي او ايس جي تشخيص ٿيڻ ۾ ڪيترو وقت لڳي ٿو؟,PCOS جي تشخيص ٿيڻ ۾ ڪيترو وقت لڳي ٿو؟,auto_ok,genuine reword - needs native-speaker review
v1616,807,پي سي او ايس ۽ هارموني صحت,تشخيص مرض ۽ ڪڏهن معائنو ڪرائجي,پي سي او ايس جي تشخيص ٿيڻ ۾ ڪيترو وقت لڳي ٿو؟,PCOS جو پڪو نتيجو اچڻ ۾ ڪيترو وقت گھرجي؟,auto_ok,genuine reword - needs native-speaker review
v1617,808,پي سي او ايس ۽ هارموني صحت,تشخيص مرض ۽ ڪڏهن معائنو ڪرائجي,ڇا هڪ ليڊي هيلٿ ورڪر پي سي او ايس جي تشخيص ڪري سگهي ٿي؟,ليڊي هيلٿ ورڪر PCOS جي تشخيص ڪري سگهي ٿي ڇا؟,auto_ok,genuine reword - needs native-speaker review
v1618,808,پي سي او ايس ۽ هارموني صحت,تشخيص مرض ۽ ڪڏهن معائنو ڪرائجي,ڇا هڪ ليڊي هيلٿ ورڪر پي سي او ايس جي تشخيص ڪري سگهي ٿي؟,LHW PCOS جو پتو لڳائي سگهي ٿي ڇا؟,auto_ok,genuine reword - needs native-speaker review
v1619,809,پي سي او ايس ۽ هارموني صحت,تشخيص مرض ۽ ڪڏهن معائنو ڪرائجي,ڇا پي سي او ايس صرف نشانين مان تشخيص ٿي سگهي ٿي؟,PCOS صرف نشانين مان تشخيص ٿي سگهي ٿي ڇا؟,auto_ok,genuine reword - needs native-speaker review
v1620,809,پي سي او ايس ۽ هارموني صحت,تشخيص مرض ۽ ڪڏهن معائنو ڪرائجي,ڇا پي سي او ايس صرف نشانين مان تشخيص ٿي سگهي ٿي؟,بغير ٽيسٽ جي رڳو علامتن مان PCOS چئي سگهجي ٿو ڇا؟,auto_ok,genuine reword - needs native-speaker review
v1621,810,پي سي او ايس ۽ هارموني صحت,تشخيص مرض ۽ ڪڏهن معائنو ڪرائجي,مون کي ڪهڙي موقعي تي وڃي چيڪ ڪرائڻ گھرجي؟,ڪهڙي موقعي تي وڃي چيڪ ڪرائجي؟,auto_ok,genuine reword - needs native-speaker review
v1622,810,پي سي او ايس ۽ هارموني صحت,تشخيص مرض ۽ ڪڏهن معائنو ڪرائجي,مون کي ڪهڙي موقعي تي وڃي چيڪ ڪرائڻ گھرجي؟,PCOS چيڪ ڪرائڻ لاءِ ڪهڙو وقت مناسب آهي؟,auto_ok,genuine reword - needs native-speaker review
v1623,811,پي سي او ايس ۽ هارموني صحت,تشخيص مرض ۽ ڪڏهن معائنو ڪرائجي,ڇا چيڪ ٿيڻ کان اڳ منهنجي شادي ٿيل هجڻ يا ٻار لاءِ ڪوشش ڪيل هجڻ ضروري آهي؟,چيڪ ٿيڻ کان اڳ شادي ٿيل هجڻ يا ٻار لاءِ ڪوشش ڪيل هجڻ ضروري آهي ڇا؟,auto_ok,genuine reword - needs native-speaker review
v1624,811,پي سي او ايس ۽ هارموني صحت,تشخيص مرض ۽ ڪڏهن معائنو ڪرائجي,ڇا چيڪ ٿيڻ کان اڳ منهنجي شادي ٿيل هجڻ يا ٻار لاءِ ڪوشش ڪيل هجڻ ضروري آهي؟,غير شادي شده هجي تڏهن به PCOS چيڪ ڪرائي سگهجي ٿو ڇا؟,auto_ok,genuine reword - needs native-speaker review
v1625,812,پي سي او ايس ۽ هارموني صحت,تشخيص مرض ۽ ڪڏهن معائنو ڪرائجي,جيڪڏهن ڊاڪٽر منهنجن نشانين کي رد ڪري ڏئي ته ڇا ٿيندو؟,ڊاڪٽر نشانين کي رد ڪري ڏئي ته ڇا ٿيندو؟,auto_ok,genuine reword - needs native-speaker review
v1626,812,پي سي او ايس ۽ هارموني صحت,تشخيص مرض ۽ ڪڏهن معائنو ڪرائجي,جيڪڏهن ڊاڪٽر منهنجن نشانين کي رد ڪري ڏئي ته ڇا ٿيندو؟,ڊاڪٽر چوي ته ڪجهه ناهي، پوءِ ڇا ڪجي؟,auto_ok,genuine reword - needs native-speaker review
v1627,813,پي سي او ايس ۽ هارموني صحت,تشخيص مرض ۽ ڪڏهن معائنو ڪرائجي,ڇا مون کي بعد ۾ ٻيهر چيڪ ٿيڻ گھرجي جيڪڏهن پهرين جانچ واضح نه هئي؟,پهرين جانچ واضح نه هجي ته بعد ۾ ٻيهر چيڪ ٿيڻ گهرجي ڇا؟,auto_ok,genuine reword - needs native-speaker review
v1628,813,پي سي او ايس ۽ هارموني صحت,تشخيص مرض ۽ ڪڏهن معائنو ڪرائجي,ڇا مون کي بعد ۾ ٻيهر چيڪ ٿيڻ گھرجي جيڪڏهن پهرين جانچ واضح نه هئي؟,پهريون نتيجو صاف نه هجي ته ٻيهر ٽيسٽ ضروري آهي ڇا؟,auto_ok,genuine reword - needs native-speaker review
v1629,814,پي سي او ايس ۽ هارموني صحت,پي سي او ايس ۽ ماهواري,پي سي او ايس منهنجي ماهواري کي بي قاعده ڇو بڻائي ٿي؟,PCOS ماهواري کي بي قاعده ڇو بڻائي ٿي؟,auto_ok,genuine reword - needs native-speaker review
v1630,814,پي سي او ايس ۽ هارموني صحت,پي سي او ايس ۽ ماهواري,پي سي او ايس منهنجي ماهواري کي بي قاعده ڇو بڻائي ٿي؟,PCOS سبب period ڇو غير ترتيب ٿي وڃي ٿي؟,auto_ok,genuine reword - needs native-speaker review
v1631,815,پي سي او ايس ۽ هارموني صحت,پي سي او ايس ۽ ماهواري,پي سي او ايس ۾ ماهواري جا ڪهڙا نمونا ڏٺا وڃن ٿا؟,PCOS ۾ ماهواري جا ڪهڙا نمونا ڏٺا وڃن ٿا؟,auto_ok,genuine reword - needs native-speaker review
v1632,815,پي سي او ايس ۽ هارموني صحت,پي سي او ايس ۽ ماهواري,پي سي او ايس ۾ ماهواري جا ڪهڙا نمونا ڏٺا وڃن ٿا؟,PCOS واريون عورتون عام طور ڪهڙي قسم جي period محسوس ڪن ٿيون؟,auto_ok,genuine reword - needs native-speaker review
v1633,816,پي سي او ايس ۽ هارموني صحت,پي سي او ايس ۽ ماهواري,ڪيتري بي قاعدگي وڌيڪ آهي؟,ڪيتري بي قاعدگي وڌيڪ سمجهي وڃي ٿي؟,auto_ok,genuine reword - needs native-speaker review
v1634,816,پي سي او ايس ۽ هارموني صحت,پي سي او ايس ۽ ماهواري,ڪيتري بي قاعدگي وڌيڪ آهي؟,ماهواري ڪيتري بي ترتيب هجي ته ان کي گھڻي سمجهجي؟,auto_ok,genuine reword - needs native-speaker review
v1635,817,پي سي او ايس ۽ هارموني صحت,پي سي او ايس ۽ ماهواري,منهنجي ماهواري هر ٻن يا ٽن مهينن ۾ ايندي آهي۔ ڇا اهو مسئلو آهي؟,هر ٻن ٽن مهينن ۾ ماهواري اچڻ مسئلو آهي ڇا؟,auto_ok,genuine reword - needs native-speaker review
v1636,817,پي سي او ايس ۽ هارموني صحت,پي سي او ايس ۽ ماهواري,منهنجي ماهواري هر ٻن يا ٽن مهينن ۾ ايندي آهي۔ ڇا اهو مسئلو آهي؟,period هر 2-3 مهينن بعد اچي ته ان ۾ ڪا ڳڻتي آهي ڇا؟,auto_ok,genuine reword - needs native-speaker review
v1637,818,پي سي او ايس ۽ هارموني صحت,پي سي او ايس ۽ ماهواري,منهنجي ماهواري مڪمل طور تي بند ٿي وئي آهي۔ مون کي ڇا ڪرڻ گھرجي؟,ماهواري مڪمل بند ٿي وڃي ته ڇا ڪجي؟,auto_ok,genuine reword - needs native-speaker review
v1638,818,پي سي او ايس ۽ هارموني صحت,پي سي او ايس ۽ ماهواري,منهنجي ماهواري مڪمل طور تي بند ٿي وئي آهي۔ مون کي ڇا ڪرڻ گھرجي؟,period بلڪل رڪجي وڃي ته ان لاءِ ڇا قدم کڻجي؟,auto_ok,genuine reword - needs native-speaker review
v1639,819,پي سي او ايس ۽ هارموني صحت,پي سي او ايس ۽ ماهواري,ڇا مهينن تائين ماهواري نه اچڻ خطرناڪ آهي؟,مهينن تائين ماهواري نه اچڻ خطرناڪ آهي ڇا؟,auto_ok,genuine reword - needs native-speaker review
v1640,819,پي سي او ايس ۽ هارموني صحت,پي سي او ايس ۽ ماهواري,ڇا مهينن تائين ماهواري نه اچڻ خطرناڪ آهي؟,گھڻن مهينن کان period نه اچي ته اهو نقصانڪار آهي ڇا؟,auto_ok,genuine reword - needs native-speaker review
v1641,820,پي سي او ايس ۽ هارموني صحت,پي سي او ايس ۽ ماهواري,ڇا پي سي او ايس گھڻو رت وهڻ جو سبب ٿي سگهي ٿي؟,PCOS گھڻو رت وهڻ جو سبب ٿي سگهي ٿي ڇا؟,auto_ok,genuine reword - needs native-speaker review
v1642,820,پي سي او ايس ۽ هارموني صحت,پي سي او ايس ۽ ماهواري,ڇا پي سي او ايس گھڻو رت وهڻ جو سبب ٿي سگهي ٿي؟,PCOS سان ماهواري ۾ زياده bleeding ٿي سگهي ٿي ڇا؟,auto_ok,genuine reword - needs native-speaker review
v1643,821,پي سي او ايس ۽ هارموني صحت,پي سي او ايس ۽ ماهواري,ڇا گھڻي ماهواري مون کي ڪمزور بڻائي سگهي ٿي؟,گھڻي ماهواري ڪمزوري پيدا ڪري سگهي ٿي ڇا؟,auto_ok,genuine reword - needs native-speaker review
v1644,821,پي سي او ايس ۽ هارموني صحت,پي سي او ايس ۽ ماهواري,ڇا گھڻي ماهواري مون کي ڪمزور بڻائي سگهي ٿي؟,زياده period سبب بدن ڪمزور ٿي سگهي ٿو ڇا؟,auto_ok,genuine reword - needs native-speaker review
v1645,822,پي سي او ايس ۽ هارموني صحت,پي سي او ايس ۽ ماهواري,عام طور تي عورتن ۾ گھڻو رت اچڻ ڪيتري عام آهي؟,عورتن ۾ گھڻو رت اچڻ ڪيتري عام ڳالھ آهي؟,auto_ok,genuine reword - needs native-speaker review
v1646,822,پي سي او ايس ۽ هارموني صحت,پي سي او ايس ۽ ماهواري,عام طور تي عورتن ۾ گھڻو رت اچڻ ڪيتري عام آهي؟,heavy period عام طور ڪيترن عورتن کي ٿئي ٿي؟,auto_ok,genuine reword - needs native-speaker review
v1647,823,پي سي او ايس ۽ هارموني صحت,پي سي او ايس ۽ ماهواري,ڇا پي سي او ايس سور واري ماهواري جو سبب ٿي سگهي ٿي؟,PCOS سور واري ماهواري جو سبب ٿي سگهي ٿي ڇا؟,auto_ok,genuine reword - needs native-speaker review
v1648,823,پي سي او ايس ۽ هارموني صحت,پي سي او ايس ۽ ماهواري,ڇا پي سي او ايس سور واري ماهواري جو سبب ٿي سگهي ٿي؟,PCOS سبب period ۾ سور وڌي سگهي ٿو ڇا؟,auto_ok,genuine reword - needs native-speaker review
v1649,824,پي سي او ايس ۽ هارموني صحت,پي سي او ايس ۽ ماهواري,ڇا بي قاعده ماهواري هميشه پي سي او ايس سبب ٿيندي آهي؟,بي قاعده ماهواري هميشه PCOS سبب ٿيندي آهي ڇا؟,auto_ok,genuine reword - needs native-speaker review
v1650,824,پي سي او ايس ۽ هارموني صحت,پي سي او ايس ۽ ماهواري,ڇا بي قاعده ماهواري هميشه پي سي او ايس سبب ٿيندي آهي؟,هر بي ترتيب period جو مطلب PCOS آهي ڇا؟,auto_ok,genuine reword - needs native-speaker review
v1651,825,پي سي او ايس ۽ هارموني صحت,پي سي او ايس ۽ ماهواري,ڇا ذهني دٻاءُ يا وزن ۾ تبديلي منهنجي ماهواري کي بدران بي قاعده بڻائي سگهي ٿو؟,ذهني دٻاءُ يا وزن ۾ تبديلي به ماهواري کي بي قاعده بڻائي سگهي ٿي ڇا؟,auto_ok,genuine reword - needs native-speaker review
v1652,825,پي سي او ايس ۽ هارموني صحت,پي سي او ايس ۽ ماهواري,ڇا ذهني دٻاءُ يا وزن ۾ تبديلي منهنجي ماهواري کي بدران بي قاعده بڻائي سگهي ٿو؟,ٽينشن يا وزن گھٽ وڌ ٿيڻ سبب period بگڙي سگهي ٿي ڇا؟,auto_ok,genuine reword - needs native-speaker review
v1653,826,پي سي او ايس ۽ هارموني صحت,پي سي او ايس ۽ ماهواري,مون کي ڪيئن خبر پوندي ته منهنجي بي قاعده ماهواري پي سي او ايس آهي يا ٻي ڪا شيءِ؟,بي قاعده ماهواري PCOS آهي يا ٻي شيءِ، ان جي خبر ڪيئن پوندي؟,auto_ok,genuine reword - needs native-speaker review
v1654,826,پي سي او ايس ۽ هارموني صحت,پي سي او ايس ۽ ماهواري,مون کي ڪيئن خبر پوندي ته منهنجي بي قاعده ماهواري پي سي او ايس آهي يا ٻي ڪا شيءِ؟,period بي ترتيب هجڻ جو اصل سبب ڪيئن سمجهجي؟,auto_ok,genuine reword - needs native-speaker review
v1655,827,پي سي او ايس ۽ هارموني صحت,پي سي او ايس ۽ ماهواري,ڇا علاج سان منهنجي ماهواري ٻيهر باقاعده ٿي سگهي ٿي؟,علاج سان ماهواري ٻيهر باقاعده ٿي سگهي ٿي ڇا؟,auto_ok,genuine reword - needs native-speaker review
v1656,827,پي سي او ايس ۽ هارموني صحت,پي سي او ايس ۽ ماهواري,ڇا علاج سان منهنجي ماهواري ٻيهر باقاعده ٿي سگهي ٿي؟,treatment سان period ٻيهر وقت تي اچي سگهي ٿي ڇا؟,auto_ok,genuine reword - needs native-speaker review
v1657,828,پي سي او ايس ۽ هارموني صحت,پي سي او ايس ۽ ماهواري,هارمون جون گوريون پي سي او ايس ۾ منهنجي چڪر جي ڪيئن مدد ڪن ٿيون؟,هارمون جون گوريون PCOS ۾ چڪر جي ڪيئن مدد ڪن ٿيون؟,auto_ok,genuine reword - needs native-speaker review
v1658,828,پي سي او ايس ۽ هارموني صحت,پي سي او ايس ۽ ماهواري,هارمون جون گوريون پي سي او ايس ۾ منهنجي چڪر جي ڪيئن مدد ڪن ٿيون؟,هارمونل tablets سان period ڪيئن ٺيڪ ٿي وڃي ٿي؟,auto_ok,genuine reword - needs native-speaker review
v1659,829,پي سي او ايس ۽ هارموني صحت,پي سي او ايس ۽ ماهواري,ڇا جيڪڏهن آءٌ وزن گھٽايان ته منهنجي ماهواري عام ٿي ويندي؟,وزن گھٽائڻ سان ماهواري عام ٿي ويندي ڇا؟,auto_ok,genuine reword - needs native-speaker review
v1660,829,پي سي او ايس ۽ هارموني صحت,پي سي او ايس ۽ ماهواري,ڇا جيڪڏهن آءٌ وزن گھٽايان ته منهنجي ماهواري عام ٿي ويندي؟,وزن گھٽجڻ سان period وري ترتيب ۾ اچي وڃي ٿي ڇا؟,auto_ok,genuine reword - needs native-speaker review
v1661,830,پي سي او ايس ۽ هارموني صحت,پي سي او ايس ۽ ماهواري,ڇا جيڪڏهن مون کي پي سي او ايس آهي ته مون کي پنهنجي ماهواري جو رڪارڊ رکڻ گھرجي؟,PCOS هجڻ تي ماهواري جو رڪارڊ رکجي ڇا؟,auto_ok,genuine reword - needs native-speaker review
v1662,830,پي سي او ايس ۽ هارموني صحت,پي سي او ايس ۽ ماهواري,ڇا جيڪڏهن مون کي پي سي او ايس آهي ته مون کي پنهنجي ماهواري جو رڪارڊ رکڻ گھرجي؟,PCOS ۾ period tracking ڪرڻ ضروري آهي ڇا؟,auto_ok,genuine reword - needs native-speaker review
v1663,831,پي سي او ايس ۽ هارموني صحت,پي سي او ايس ۽ ماهواري,جيڪڏهن آءٌ پڙهي يا لکي نه سگهان ته آءٌ پنهنجو چڪر ڪيئن رکان؟,پڙهي لکي نه سگهجي ته چڪر ڪيئن رکجي؟,auto_ok,genuine reword - needs native-speaker review
v1664,831,پي سي او ايس ۽ هارموني صحت,پي سي او ايس ۽ ماهواري,جيڪڏهن آءٌ پڙهي يا لکي نه سگهان ته آءٌ پنهنجو چڪر ڪيئن رکان؟,لکڻ نه اچي ته پوءِ period جو حساب ڪيئن رکجي؟,auto_ok,genuine reword - needs native-speaker review
v1665,832,پي سي او ايس ۽ هارموني صحت,پي سي او ايس ۽ ماهواري,ڇا هر مهيني ماهواري اچڻ جو مطلب آهي ته منهنجو بيضو خارج ٿي رهيو آهي؟,هر مهيني ماهواري اچڻ جو مطلب اووليشن ٿي رهي آهي ڇا؟,auto_ok,genuine reword - needs native-speaker review
v1666,832,پي سي او ايس ۽ هارموني صحت,پي سي او ايس ۽ ماهواري,ڇا هر مهيني ماهواري اچڻ جو مطلب آهي ته منهنجو بيضو خارج ٿي رهيو آهي؟,period هر مهيني اچي ته ان جو مطلب ovulation ٿي رهي آهي ڇا؟,auto_ok,genuine reword - needs native-speaker review
v1667,833,پي سي او ايس ۽ هارموني صحت,پي سي او ايس ۽ ماهواري,جيڪڏهن منهنجي ماهواري بي قاعده هجي ته ڇا آءٌ حامله ٿي سگهان ٿي؟,بي قاعده ماهواري هجي ته حمل ٿي سگهي ٿو ڇا؟,auto_ok,genuine reword - needs native-speaker review
v1668,833,پي سي او ايس ۽ هارموني صحت,پي سي او ايس ۽ ماهواري,جيڪڏهن منهنجي ماهواري بي قاعده هجي ته ڇا آءٌ حامله ٿي سگهان ٿي؟,period بي ترتيب هجي ته به ٻار ٿي سگهي ٿو ڇا؟,auto_ok,genuine reword - needs native-speaker review
v1669,834,پي سي او ايس ۽ هارموني صحت,پي سي او ايس ۽ ماهواري,PMS ڇا آهي ۽ ڇا اهو پي سي او ايس سان لاڳاپيل آهي؟,PMS ڇا آهي ۽ ڇا اهو PCOS سان جڙيل آهي؟,auto_ok,genuine reword - needs native-speaker review
v1670,834,پي سي او ايس ۽ هارموني صحت,پي سي او ايس ۽ ماهواري,PMS ڇا آهي ۽ ڇا اهو پي سي او ايس سان لاڳاپيل آهي؟,PMS ۽ PCOS ۾ ڪو تعلق آهي ڇا؟,auto_ok,genuine reword - needs native-speaker review
v1671,835,پي سي او ايس ۽ هارموني صحت,پي سي او ايس ۽ ماهواري,ڇا ماهواري جو سور صرف هڪ عورت هجڻ جو عام حصو آهي جيڪو مون کي سهي وڃجي؟,ماهواري جو سور صرف عورت هجڻ جو حصو آهي ان کي سهي وڃجي ڇا؟,auto_ok,genuine reword - needs native-speaker review
v1672,835,پي سي او ايس ۽ هارموني صحت,پي سي او ايس ۽ ماهواري,ڇا ماهواري جو سور صرف هڪ عورت هجڻ جو عام حصو آهي جيڪو مون کي سهي وڃجي؟,period جو درد خاموشيءَ سان برداشت ڪرڻ ضروري آهي ڇا؟,auto_ok,genuine reword - needs native-speaker review
v1673,836,پي سي او ايس ۽ هارموني صحت,پي سي او ايس ۽ ماهواري,ڇا ماهواري بابت ڳالهائڻ شرمناڪ آهي؟,ماهواري بابت ڳالهائڻ شرمناڪ آهي ڇا؟,auto_ok,genuine reword - needs native-speaker review
v1674,836,پي سي او ايس ۽ هارموني صحت,پي سي او ايس ۽ ماهواري,ڇا ماهواري بابت ڳالهائڻ شرمناڪ آهي؟,period تي ڳالهه ٻولھ ڪرڻ عيب سمجهيو وڃي ٿو ڇا؟,auto_ok,genuine reword - needs native-speaker review
v1675,837,پي سي او ايس ۽ هارموني صحت,پي سي او ايس ۽ ماهواري,ڇا پي سي او ايس ماهواري شروع ٿيڻ جي جلد پوءِ ماهواري کي اثر انداز ڪري سگهي ٿي؟,PCOS ماهواري شروع ٿيڻ جي جلد بعد به اثر انداز ٿي سگهي ٿي ڇا؟,auto_ok,genuine reword - needs native-speaker review
v1676,837,پي سي او ايس ۽ هارموني صحت,پي سي او ايس ۽ ماهواري,ڇا پي سي او ايس ماهواري شروع ٿيڻ جي جلد پوءِ ماهواري کي اثر انداز ڪري سگهي ٿي؟,پهرين ماهواري بعد ئي PCOS جو اثر شروع ٿي سگهي ٿو ڇا؟,auto_ok,genuine reword - needs native-speaker review
v1677,838,پي سي او ايس ۽ هارموني صحت,پي سي او ايس ۽ ماهواري,ڇا ماهواري جي وچ ۾ ٿورو رت اچڻ پي سي او ايس جو حصو آهي؟,ماهواري وچ ۾ ٿورو رت اچڻ PCOS جو حصو آهي ڇا؟,auto_ok,genuine reword - needs native-speaker review
v1678,838,پي سي او ايس ۽ هارموني صحت,پي سي او ايس ۽ ماهواري,ڇا ماهواري جي وچ ۾ ٿورو رت اچڻ پي سي او ايس جو حصو آهي؟,period جي وچ ۾ اسپاٽنگ PCOS سبب ٿئي ٿي ڇا؟,auto_ok,genuine reword - needs native-speaker review
v1679,839,پي سي او ايس ۽ هارموني صحت,پي سي او ايس ۽ ماهواري,ڇا پي سي او ايس منهنجي رت اچڻ جي مدت تي اثر انداز ٿئي ٿي؟,PCOS رت اچڻ جي مدت تي اثر انداز ٿئي ٿي ڇا؟,auto_ok,genuine reword - needs native-speaker review
v1680,839,پي سي او ايس ۽ هارموني صحت,پي سي او ايس ۽ ماهواري,ڇا پي سي او ايس منهنجي رت اچڻ جي مدت تي اثر انداز ٿئي ٿي؟,PCOS سبب period ڪيترا ڏينهن هلي ٿي، اهو بدلجي ٿو ڇا؟,auto_ok,genuine reword - needs native-speaker review
v1681,840,پي سي او ايس ۽ هارموني صحت,پي سي او ايس ۽ ماهواري,ڇا مون کي ڪنهن کي ڏسڻ جي ضرورت آهي جيڪڏهن منهنجي ماهواري اوچتو نمونو بدلائي؟,ماهواري اوچتو نمونو بدلائي ته ڪنهن کي ڏسڻ ضروري آهي ڇا؟,auto_ok,genuine reword - needs native-speaker review
v1682,840,پي سي او ايس ۽ هارموني صحت,پي سي او ايس ۽ ماهواري,ڇا مون کي ڪنهن کي ڏسڻ جي ضرورت آهي جيڪڏهن منهنجي ماهواري اوچتو نمونو بدلائي؟,period جو انداز اوچتو مختلف ٿي وڃي ته ڊاڪٽر ڏسائجي ڇا؟,auto_ok,genuine reword - needs native-speaker review
v1683,841,پي سي او ايس ۽ هارموني صحت,پي سي او ايس ۽ ماهواري,دنيا ۾ ڪيتريون عورتون ماهواري جا مسئلا رکن ٿيون؟,period problems دنيا ۾ عام طور ڪيترين عورتن کي ٿيندا آهن؟,auto_ok,genuine reword - needs native-speaker review
v1684,841,پي سي او ايس ۽ هارموني صحت,پي سي او ايس ۽ ماهواري,دنيا ۾ ڪيتريون عورتون ماهواري جا مسئلا رکن ٿيون؟,عالمي سطح تي period problems ڪيترين عورتن کي ٿيندا آهن؟,auto_ok,genuine reword - needs native-speaker review
v1685,842,پي سي او ايس ۽ هارموني صحت,پي سي او ايس ۽ ماهواري,ڇا پي سي او ايس سان گڏ عمر وڌڻ سان منهنجي ماهواري بدلبي؟,PCOS سان گڏ عمر وڌڻ سان ماهواري بدلبي ڇا؟,auto_ok,genuine reword - needs native-speaker review
v1686,842,پي سي او ايس ۽ هارموني صحت,پي سي او ايس ۽ ماهواري,ڇا پي سي او ايس سان گڏ عمر وڌڻ سان منهنجي ماهواري بدلبي؟,PCOS مريضا جي period وڏي عمر ۾ بدلجي ٿي ڇا؟,auto_ok,genuine reword - needs native-speaker review
v1687,843,پي سي او ايس ۽ هارموني صحت,پي سي او ايس ۽ ماهواري,جيڪڏهن مون کي پي سي او ايس آهي ۽ منهنجي ڌيءَ جي ماهواري بي قاعده آهي ته ڇا کيس چيڪ ٿيڻ جي ضرورت آهي؟,ماءُ کي PCOS هجي ۽ ڌيءَ جي period بي قاعده هجي ته ڌيءَ کي به چيڪ ڪرائجي ڇا؟,auto_ok,genuine reword - needs native-speaker review
v1688,843,پي سي او ايس ۽ هارموني صحت,پي سي او ايس ۽ ماهواري,جيڪڏهن مون کي پي سي او ايس آهي ۽ منهنجي ڌيءَ جي ماهواري بي قاعده آهي ته ڇا کيس چيڪ ٿيڻ جي ضرورت آهي؟,خاندان ۾ PCOS هجي ته ننڍي ڌيءَ کي به ٽيسٽ ڪرائجن ڇا؟,auto_ok,genuine reword - needs native-speaker review
v1689,844,پي سي او ايس ۽ هارموني صحت,پي سي او ايس ۽ ماهواري,ڇا صفائي جا طريقا منهنجي ماهواري تي اثر انداز ٿي سگهن ٿا؟,صفائي جا طريقا ماهواري تي اثر انداز ٿي سگهن ٿا ڇا؟,auto_ok,genuine reword - needs native-speaker review
v1690,844,پي سي او ايس ۽ هارموني صحت,پي سي او ايس ۽ ماهواري,ڇا صفائي جا طريقا منهنجي ماهواري تي اثر انداز ٿي سگهن ٿا؟,hygiene practices period تي ڪو اثر وجهن ٿا ڇا؟,auto_ok,genuine reword - needs native-speaker review
v1691,845,پي سي او ايس ۽ هارموني صحت,پي سي او ايس ۽ ماهواري,بي قاعده ماهواري بابت مون کي پهريان ڪٿي وڃڻ گھرجي؟,بي قاعده ماهواري بابت پهريان ڪٿي وڃجي؟,auto_ok,genuine reword - needs native-speaker review
v1692,845,پي سي او ايس ۽ هارموني صحت,پي سي او ايس ۽ ماهواري,بي قاعده ماهواري بابت مون کي پهريان ڪٿي وڃڻ گھرجي؟,period بي ترتيب هجي ته پهريون قدم ڪهڙو کڻجي؟,auto_ok,genuine reword - needs native-speaker review
v1693,846,پي سي او ايس ۽ هارموني صحت,پي سي او ايس، وزن ۽ انسولين مزاحمت,انسولين مزاحمت ڇا آهي؟,انسولين مزاحمت (insulin resistance) ڇا آهي؟,auto_ok,genuine reword - needs native-speaker review
v1694,846,پي سي او ايس ۽ هارموني صحت,پي سي او ايس، وزن ۽ انسولين مزاحمت,انسولين مزاحمت ڇا آهي؟,insulin resistance جو مطلب ڪهڙو آهي؟,auto_ok,genuine reword - needs native-speaker review
v1695,847,پي سي او ايس ۽ هارموني صحت,پي سي او ايس، وزن ۽ انسولين مزاحمت,انسولين مزاحمت پي سي او ايس سان ڇو لاڳاپيل آهي؟,انسولين مزاحمت PCOS سان ڇو جڙيل آهي؟,auto_ok,genuine reword - needs native-speaker review
v1696,847,پي سي او ايس ۽ هارموني صحت,پي سي او ايس، وزن ۽ انسولين مزاحمت,انسولين مزاحمت پي سي او ايس سان ڇو لاڳاپيل آهي؟,insulin resistance ۽ PCOS جو ڪهڙو تعلق آهي؟,auto_ok,genuine reword - needs native-speaker review
v1697,848,پي سي او ايس ۽ هارموني صحت,پي سي او ايس، وزن ۽ انسولين مزاحمت,ڇا پي سي او ايس وزن وڌائي ٿي؟,PCOS وزن وڌائي ٿي ڇا؟,auto_ok,genuine reword - needs native-speaker review
v1698,848,پي سي او ايس ۽ هارموني صحت,پي سي او ايس، وزن ۽ انسولين مزاحمت,ڇا پي سي او ايس وزن وڌائي ٿي؟,PCOS سبب وزن وڌي سگهي ٿو ڇا؟,auto_ok,genuine reword - needs native-speaker review
v1699,849,پي سي او ايس ۽ هارموني صحت,پي سي او ايس، وزن ۽ انسولين مزاحمت,ڇا مون کي سنهڙي هجڻ باوجود پي سي او ايس ٿي سگهي ٿي؟,سنهڙي هجڻ باوجود PCOS ٿي سگهي ٿي ڇا؟,auto_ok,genuine reword - needs native-speaker review
v1700,849,پي سي او ايس ۽ هارموني صحت,پي سي او ايس، وزن ۽ انسولين مزاحمت,ڇا مون کي سنهڙي هجڻ باوجود پي سي او ايس ٿي سگهي ٿي؟,پتلي عورت کي به PCOS ٿي سگهي ٿي ڇا؟,auto_ok,genuine reword - needs native-speaker review
v1701,850,پي سي او ايس ۽ هارموني صحت,پي سي او ايس، وزن ۽ انسولين مزاحمت,ڇا سنهڙيون عورتون جن کي پي سي او ايس آهي انهن کي پوءِ به خون ۾ شگر جي ٽيسٽ جي ضرورت آهي؟,سنهڙي عورتن کي به شگر جي ٽيسٽ ضروري آهي ڇا؟,auto_ok,genuine reword - needs native-speaker review
v1702,850,پي سي او ايس ۽ هارموني صحت,پي سي او ايس، وزن ۽ انسولين مزاحمت,ڇا سنهڙيون عورتون جن کي پي سي او ايس آهي انهن کي پوءِ به خون ۾ شگر جي ٽيسٽ جي ضرورت آهي؟,پتلي PCOS واري عورت کي به sugar test گهربل آهي ڇا؟,auto_ok,genuine reword - needs native-speaker review
v1703,851,پي سي او ايس ۽ هارموني صحت,پي سي او ايس، وزن ۽ انسولين مزاحمت,پي سي او ايس ۾ خون ۾ شگر جو جائزو ڪيئن ورتو ويندو آهي؟,PCOS ۾ خون ۾ شگر جو جائزو ڪيئن ورتو ويندو آهي؟,auto_ok,genuine reword - needs native-speaker review
v1704,851,پي سي او ايس ۽ هارموني صحت,پي سي او ايس، وزن ۽ انسولين مزاحمت,پي سي او ايس ۾ خون ۾ شگر جو جائزو ڪيئن ورتو ويندو آهي؟,PCOS ۾ blood sugar ڪيئن چيڪ ڪيو ويندو آهي؟,auto_ok,genuine reword - needs native-speaker review
v1705,852,پي سي او ايس ۽ هارموني صحت,پي سي او ايس، وزن ۽ انسولين مزاحمت,خون ۾ شگر ٻيهر ڪيتري ڀيري چيڪ ٿيڻ گھرجي؟,خون جي شگر ٻيهر ڪيترو وقفو رکي چيڪ ٿجي؟,auto_ok,genuine reword - needs native-speaker review
v1706,852,پي سي او ايس ۽ هارموني صحت,پي سي او ايس، وزن ۽ انسولين مزاحمت,خون ۾ شگر ٻيهر ڪيتري ڀيري چيڪ ٿيڻ گھرجي؟,sugar test ڪيتري ڀيري ورجائجي؟,auto_ok,genuine reword - needs native-speaker review
v1707,853,پي سي او ايس ۽ هارموني صحت,پي سي او ايس، وزن ۽ انسولين مزاحمت,ڇا جيڪڏهن مون کي پي سي او ايس آهي ته آءٌ ضرور ذیابيطس ۾ مبتلا ٿي وينديس؟,PCOS هجڻ تي ضرور ذیابيطس ٿي ويندي ڇا؟,auto_ok,genuine reword - needs native-speaker review
v1708,853,پي سي او ايس ۽ هارموني صحت,پي سي او ايس، وزن ۽ انسولين مزاحمت,ڇا جيڪڏهن مون کي پي سي او ايس آهي ته آءٌ ضرور ذیابيطس ۾ مبتلا ٿي وينديس؟,PCOS هجي ته diabetes پڪو ٿي ويندي ڇا؟,auto_ok,genuine reword - needs native-speaker review
v1709,854,پي سي او ايس ۽ هارموني صحت,پي سي او ايس، وزن ۽ انسولين مزاحمت,ڇا پي سي او ايس حمل دوران منهنجي خون جي شگر تي اثر انداز ٿئي ٿي؟,PCOS حمل دوران خون جي شگر تي اثر انداز ٿئي ٿي ڇا؟,auto_ok,genuine reword - needs native-speaker review
v1710,854,پي سي او ايس ۽ هارموني صحت,پي سي او ايس، وزن ۽ انسولين مزاحمت,ڇا پي سي او ايس حمل دوران منهنجي خون جي شگر تي اثر انداز ٿئي ٿي؟,حمل ۾ PCOS سبب sugar تي ڪو فرق پوي ٿو ڇا؟,auto_ok,genuine reword - needs native-speaker review
v1711,855,پي سي او ايس ۽ هارموني صحت,پي سي او ايس، وزن ۽ انسولين مزاحمت,ڇا مون کي پنهنجو ڪولیسٽرول چيڪ ڪرائڻ گھرجي؟,ڪوليسٽرول جو چيڪ ڪرائجي ضروري آهي ڇا؟,auto_ok,genuine reword - needs native-speaker review
v1712,855,پي سي او ايس ۽ هارموني صحت,پي سي او ايس، وزن ۽ انسولين مزاحمت,ڇا مون کي پنهنجو ڪولیسٽرول چيڪ ڪرائڻ گھرجي؟,PCOS ۾ cholesterol test گهربل آهي ڇا؟,auto_ok,genuine reword - needs native-speaker review
v1713,856,پي سي او ايس ۽ هارموني صحت,پي سي او ايس، وزن ۽ انسولين مزاحمت,دل جي صحت پي سي او ايس جي سنڀال جو حصو ڇو آهي؟,دل جي صحت PCOS جي سنڀال جو حصو ڇو آهي؟,auto_ok,genuine reword - needs native-speaker review
v1714,856,پي سي او ايس ۽ هارموني صحت,پي سي او ايس، وزن ۽ انسولين مزاحمت,دل جي صحت پي سي او ايس جي سنڀال جو حصو ڇو آهي؟,PCOS جي علاج ۾ heart health ڇو شامل آهي؟,auto_ok,genuine reword - needs native-speaker review
v1715,857,پي سي او ايس ۽ هارموني صحت,پي سي او ايس، وزن ۽ انسولين مزاحمت,منهنجو بلڊ پريشر ڪيتري ڀيري چيڪ ٿيڻ گھرجي؟,بلڊ پريشر ڪيتري ڀيري چيڪ ٿيڻ گهرجي؟,auto_ok,genuine reword - needs native-speaker review
v1716,857,پي سي او ايس ۽ هارموني صحت,پي سي او ايس، وزن ۽ انسولين مزاحمت,منهنجو بلڊ پريشر ڪيتري ڀيري چيڪ ٿيڻ گھرجي؟,PCOS ۾ bp ماپڻ ڪيتري وقفي تي ضروري آهي؟,auto_ok,genuine reword - needs native-speaker review
v1717,858,پي سي او ايس ۽ هارموني صحت,پي سي او ايس، وزن ۽ انسولين مزاحمت,ڇا وزن گھٽائڻ پي سي او ايس جو جواب آهي؟,وزن گھٽائڻ PCOS جو جواب آهي ڇا؟,auto_ok,genuine reword - needs native-speaker review
v1718,858,پي سي او ايس ۽ هارموني صحت,پي سي او ايس، وزن ۽ انسولين مزاحمت,ڇا وزن گھٽائڻ پي سي او ايس جو جواب آهي؟,PCOS جو حل صرف وزن گھٽائڻ آهي ڇا؟,auto_ok,genuine reword - needs native-speaker review
v1719,859,پي سي او ايس ۽ هارموني صحت,پي سي او ايس، وزن ۽ انسولين مزاحمت,مون کي ڪيترو وزن گھٽائڻ جي ضرورت آهي؟,ڪيترو وزن گھٽائڻ ضروري آهي؟,auto_ok,genuine reword - needs native-speaker review
v1720,859,پي سي او ايس ۽ هارموني صحت,پي سي او ايس، وزن ۽ انسولين مزاحمت,مون کي ڪيترو وزن گھٽائڻ جي ضرورت آهي؟,PCOS ۾ وزن ڪيترو گھٽ ڪجي؟,auto_ok,genuine reword - needs native-speaker review
v1721,860,پي سي او ايس ۽ هارموني صحت,پي سي او ايس، وزن ۽ انسولين مزاحمت,ڇا پي سي او ايس لاءِ ڪا هڪ بهترين غذا آهي؟,PCOS لاءِ ڪا هڪ بهترين غذا آهي ڇا؟,auto_ok,genuine reword - needs native-speaker review
v1722,860,پي سي او ايس ۽ هارموني صحت,پي سي او ايس، وزن ۽ انسولين مزاحمت,ڇا پي سي او ايس لاءِ ڪا هڪ بهترين غذا آهي؟,PCOS جو ڪو خاص ديٽ پلان آهي ڇا؟,auto_ok,genuine reword - needs native-speaker review
v1723,861,پي سي او ايس ۽ هارموني صحت,پي سي او ايس، وزن ۽ انسولين مزاحمت,ڇا مون کي پي سي او ايس کي قابو ۾ رکڻ لاءِ سخت غذا تي هلڻ گھرجي؟,PCOS قابو ۾ رکڻ لاءِ سخت غذا ضروري آهي ڇا؟,auto_ok,genuine reword - needs native-speaker review
v1724,861,پي سي او ايس ۽ هارموني صحت,پي سي او ايس، وزن ۽ انسولين مزاحمت,ڇا مون کي پي سي او ايس کي قابو ۾ رکڻ لاءِ سخت غذا تي هلڻ گھرجي؟,PCOS مينيج ڪرڻ لاءِ strict diet گهربل آهي ڇا؟,auto_ok,genuine reword - needs native-speaker review
v1725,862,پي سي او ايس ۽ هارموني صحت,پي سي او ايس، وزن ۽ انسولين مزاحمت,پي سي او ايس لاءِ ڪيتري ورزش صلاح ڏنل آهي؟,PCOS لاءِ ڪيتري ورزش صلاح ڏنل آهي؟,auto_ok,genuine reword - needs native-speaker review
v1726,862,پي سي او ايس ۽ هارموني صحت,پي سي او ايس، وزن ۽ انسولين مزاحمت,پي سي او ايس لاءِ ڪيتري ورزش صلاح ڏنل آهي؟,PCOS مريضا کي هفتي ۾ ڪيتري ڪسرت گهرجي؟,auto_ok,genuine reword - needs native-speaker review
v1727,863,پي سي او ايس ۽ هارموني صحت,پي سي او ايس، وزن ۽ انسولين مزاحمت,معتدل سرگرمي ۾ ڇا شامل ٿئي ٿو؟,معتدل سرگرمي ۾ ڪهڙيون شيون شامل ٿين ٿيون؟,auto_ok,genuine reword - needs native-speaker review
v1728,863,پي سي او ايس ۽ هارموني صحت,پي سي او ايس، وزن ۽ انسولين مزاحمت,معتدل سرگرمي ۾ ڇا شامل ٿئي ٿو؟,moderate exercise ۾ ڇا ڇا اچي ٿو؟,auto_ok,genuine reword - needs native-speaker review
v1729,864,پي سي او ايس ۽ هارموني صحت,پي سي او ايس، وزن ۽ انسولين مزاحمت,ڇا ورزش مدد ڪري ٿي توڙي جو منهنجو وزن نه گھٽجي؟,وزن نه گھٽجي تڏهن به ورزش فائديمند آهي ڇا؟,auto_ok,genuine reword - needs native-speaker review
v1730,864,پي سي او ايس ۽ هارموني صحت,پي سي او ايس، وزن ۽ انسولين مزاحمت,ڇا ورزش مدد ڪري ٿي توڙي جو منهنجو وزن نه گھٽجي؟,کسرت سان وزن گھٽ نه ٿئي پوءِ به ان جو فائدو ٿئي ٿو ڇا؟,auto_ok,genuine reword - needs native-speaker review
v1731,865,پي سي او ايس ۽ هارموني صحت,پي سي او ايس، وزن ۽ انسولين مزاحمت,ڇا پي سي او ايس لاءِ هلڻ ڪافي ورزش آهي؟,PCOS لاءِ هلڻ ڪافي ورزش آهي ڇا؟,auto_ok,genuine reword - needs native-speaker review
v1732,865,پي سي او ايس ۽ هارموني صحت,پي سي او ايس، وزن ۽ انسولين مزاحمت,ڇا پي سي او ايس لاءِ هلڻ ڪافي ورزش آهي؟,روزانو walk ڪرڻ PCOS لاءِ ڪافي آهي ڇا؟,auto_ok,genuine reword - needs native-speaker review
v1733,866,پي سي او ايس ۽ هارموني صحت,پي سي او ايس، وزن ۽ انسولين مزاحمت,ڇا پي سي او ايس جي خون جي شگر واري پاسي ۾ مدد لاءِ ڪا دوا آهي؟,PCOS جي شگر واري پاسي لاءِ ڪا دوا آهي ڇا؟,auto_ok,genuine reword - needs native-speaker review
v1734,866,پي سي او ايس ۽ هارموني صحت,پي سي او ايس، وزن ۽ انسولين مزاحمت,ڇا پي سي او ايس جي خون جي شگر واري پاسي ۾ مدد لاءِ ڪا دوا آهي؟,PCOS ۾ sugar سنڀالڻ لاءِ ڪا خاص دوا ڏني ويندي آهي ڇا؟,auto_ok,genuine reword - needs native-speaker review
v1735,867,پي سي او ايس ۽ هارموني صحت,پي سي او ايس، وزن ۽ انسولين مزاحمت,ڇا آءٌ اها دوا وٺي سگهان ٿي جيڪا مون ٻڌي آهي ته پي سي او ايس وارو وزن گھٽائڻ ۾ مدد ڪري ٿي؟,ٻڌل دوا وزن گھٽائڻ ۾ مدد ڏئي ٿي، اها وٺي سگهجي ٿي ڇا؟,auto_ok,genuine reword - needs native-speaker review
v1736,867,پي سي او ايس ۽ هارموني صحت,پي سي او ايس، وزن ۽ انسولين مزاحمت,ڇا آءٌ اها دوا وٺي سگهان ٿي جيڪا مون ٻڌي آهي ته پي سي او ايس وارو وزن گھٽائڻ ۾ مدد ڪري ٿي؟,ماڻهن جي ٻڌايل PCOS واري وزن گھٽائيندڙ دوا استعمال ڪري سگهجي ٿي ڇا؟,auto_ok,genuine reword - needs native-speaker review
v1737,868,پي سي او ايس ۽ هارموني صحت,پي سي او ايس، وزن ۽ انسولين مزاحمت,ڇا پي سي او ايس وزن گھٽائڻ کي وڌيڪ ڏکيو بڻائي ٿي؟,PCOS وزن گھٽائڻ کي وڌيڪ ڏکيو بڻائي ٿي ڇا؟,auto_ok,genuine reword - needs native-speaker review
v1738,868,پي سي او ايس ۽ هارموني صحت,پي سي او ايس، وزن ۽ انسولين مزاحمت,ڇا پي سي او ايس وزن گھٽائڻ کي وڌيڪ ڏکيو بڻائي ٿي؟,PCOS هجڻ سبب وزن گھٽائڻ مشڪل ٿي ٿو ڇا؟,auto_ok,genuine reword - needs native-speaker review
v1739,869,پي سي او ايس ۽ هارموني صحت,پي سي او ايس، وزن ۽ انسولين مزاحمت,ڇا زندگيءَ جي رٿا مون لاءِ ٺاهجي يا مون سان گڏ؟,زندگيءَ جي رٿا پاڻ لاءِ ٺاهجي يا ڊاڪٽر سان گڏجي؟,auto_ok,genuine reword - needs native-speaker review
v1740,869,پي سي او ايس ۽ هارموني صحت,پي سي او ايس، وزن ۽ انسولين مزاحمت,ڇا زندگيءَ جي رٿا مون لاءِ ٺاهجي يا مون سان گڏ؟,PCOS لاءِ lifestyle plan اڪيل ٺاهجي يا ماهر سان صلاح سان؟,auto_ok,genuine reword - needs native-speaker review
v1741,870,پي سي او ايس ۽ هارموني صحت,پي سي او ايس، وزن ۽ انسولين مزاحمت,ڇا مون کي پي سي او ايس سان گڏ جگر ۾ چربي بابت پريشان ٿيڻ گھرجي؟,PCOS سان جگر ۾ چربي بابت پريشان ٿيڻ گھرجي ڇا؟,auto_ok,genuine reword - needs native-speaker review
v1742,870,پي سي او ايس ۽ هارموني صحت,پي سي او ايس، وزن ۽ انسولين مزاحمت,ڇا مون کي پي سي او ايس سان گڏ جگر ۾ چربي بابت پريشان ٿيڻ گھرجي؟,PCOS ۾ فیٹی لیور جو خيال ڪرڻ ضروري آهي ڇا؟,auto_ok,genuine reword - needs native-speaker review
v1743,871,پي سي او ايس ۽ هارموني صحت,پي سي او ايس، وزن ۽ انسولين مزاحمت,ڇا پي سي او ايس ننڊ اپنيا (Sleep Apnoea) جو سبب بڻجي ٿي؟,PCOS ننڊ اپنيا (sleep apnoea) جو سبب بڻجي ٿي ڇا؟,auto_ok,genuine reword - needs native-speaker review
v1744,871,پي سي او ايس ۽ هارموني صحت,پي سي او ايس، وزن ۽ انسولين مزاحمت,ڇا پي سي او ايس ننڊ اپنيا (Sleep Apnoea) جو سبب بڻجي ٿي؟,PCOS سبب رات جو ساهه رڪجي سگهي ٿو ڇا؟,auto_ok,genuine reword - needs native-speaker review
v1745,872,پي سي او ايس ۽ هارموني صحت,پي سي او ايس، وزن ۽ انسولين مزاحمت,پي سي او ايس ۾ ننڊ ڇو اهم آهي؟,PCOS ۾ ننڊ ڇو اهم آهي؟,auto_ok,genuine reword - needs native-speaker review
v1746,872,پي سي او ايس ۽ هارموني صحت,پي سي او ايس، وزن ۽ انسولين مزاحمت,پي سي او ايس ۾ ننڊ ڇو اهم آهي؟,PCOS جي سنڀال ۾ سٺي ننڊ جو ڇو ڪردار آهي؟,auto_ok,genuine reword - needs native-speaker review
v1747,873,پي سي او ايس ۽ هارموني صحت,پي سي او ايس، وزن ۽ انسولين مزاحمت,ڇا اڪيلي زندگيءَ جي تبديلي پي سي او ايس کي قابو ۾ رکي سگهي ٿي؟,اڪيل زندگيءَ جي تبديلي PCOS کي قابو ۾ رکي سگهي ٿي ڇا؟,auto_ok,genuine reword - needs native-speaker review
v1748,873,پي سي او ايس ۽ هارموني صحت,پي سي او ايس، وزن ۽ انسولين مزاحمت,ڇا اڪيلي زندگيءَ جي تبديلي پي سي او ايس کي قابو ۾ رکي سگهي ٿي؟,صرف lifestyle change سان PCOS مينيج ٿي سگهي ٿي ڇا؟,auto_ok,genuine reword - needs native-speaker review
v1749,874,پي سي او ايس ۽ هارموني صحت,پي سي او ايس، وزن ۽ انسولين مزاحمت,ڇا جيڪڏهن منهنجو وزن بهتر ٿئي ته مون کي پنهنجيون ملاقاتون بند ڪري ڏيڻ گھرجن؟,وزن بهتر ٿئي ته ملاقاتون بند ڪجن ڇا؟,auto_ok,genuine reword - needs native-speaker review
v1750,874,پي سي او ايس ۽ هارموني صحت,پي سي او ايس، وزن ۽ انسولين مزاحمت,ڇا جيڪڏهن منهنجو وزن بهتر ٿئي ته مون کي پنهنجيون ملاقاتون بند ڪري ڏيڻ گھرجن؟,وزن ڪنٽرول ۾ اچي وڃي ته چيڪ اپ ڇڏي ڏجن ڇا؟,auto_ok,genuine reword - needs native-speaker review
v1751,875,پي سي او ايس ۽ هارموني صحت,پي سي او ايس، وزن ۽ انسولين مزاحمت,ڇا اهو منهنجو ڏوهه آهي جيڪڏهن پي سي او ايس سان مون وزن وڌايو آهي؟,PCOS سان وزن وڌيو آهي، ان ۾ پنهنجي ڏوهه آهي ڇا؟,auto_ok,genuine reword - needs native-speaker review
v1752,875,پي سي او ايس ۽ هارموني صحت,پي سي او ايس، وزن ۽ انسولين مزاحمت,ڇا اهو منهنجو ڏوهه آهي جيڪڏهن پي سي او ايس سان مون وزن وڌايو آهي؟,PCOS سبب وزن وڌي ته اها پنهنجي غلطي آهي ڇا؟,auto_ok,genuine reword - needs native-speaker review
v1753,876,پي سي او ايس ۽ هارموني صحت,پي سي او ايس، وزن ۽ انسولين مزاحمت,جيڪڏهن مون کي خاص غذا يا جم جو خرچ نه کڻڻو هجي ته ڇا ٿيندو؟,خاص غذا يا جم جو خرچ نه کڻي سگهجي ته ڇا ٿيندو؟,auto_ok,genuine reword - needs native-speaker review
v1754,876,پي سي او ايس ۽ هارموني صحت,پي سي او ايس، وزن ۽ انسولين مزاحمت,جيڪڏهن مون کي خاص غذا يا جم جو خرچ نه کڻڻو هجي ته ڇا ٿيندو؟,پئسا نه هجن ته diet ۽ gym کان سواءِ PCOS مينيج ٿي سگهي ٿي ڇا؟,auto_ok,genuine reword - needs native-speaker review
v1755,877,پي سي او ايس ۽ هارموني صحت,پي سي او ايس، وزن ۽ انسولين مزاحمت,پي سي او ايس جي ميٽابولڪ پاسي لاءِ آءٌ سڀ کان لاڀائتي شيءِ ڇا ڪري سگهان ٿي؟,PCOS جي ميٽابولڪ پاسي لاءِ سڀ کان فائديمند شيءِ ڇا آهي؟,auto_ok,genuine reword - needs native-speaker review
v1756,877,پي سي او ايس ۽ هارموني صحت,پي سي او ايس، وزن ۽ انسولين مزاحمت,پي سي او ايس جي ميٽابولڪ پاسي لاءِ آءٌ سڀ کان لاڀائتي شيءِ ڇا ڪري سگهان ٿي؟,PCOS جي میٹابولک مسئلي ۾ سڀ کان وڌيڪ فائدو ڪهڙي شيء ڏئي ٿي؟,auto_ok,genuine reword - needs native-speaker review
v1757,878,پي سي او ايس ۽ هارموني صحت,چمڙي ۽ وارن ۾ تبديليون,پي سي او ايس اضافي وارن جو سبب ڇو بڻجي ٿي؟,PCOS اضافي وارن جو سبب ڇو بڻجي ٿي؟,auto_ok,genuine reword - needs native-speaker review
v1758,878,پي سي او ايس ۽ هارموني صحت,چمڙي ۽ وارن ۾ تبديليون,پي سي او ايس اضافي وارن جو سبب ڇو بڻجي ٿي؟,PCOS سبب جسم تي وڌيڪ وار ڇو اچن ٿا؟,auto_ok,genuine reword - needs native-speaker review
v1759,879,پي سي او ايس ۽ هارموني صحت,چمڙي ۽ وارن ۾ تبديليون,هرسوٽزم (Hirsutism) ڇا آهي؟,hirsutism جو مطلب سادي لفظن ۾ ڇا آهي؟,auto_ok,genuine reword - needs native-speaker review
v1760,879,پي سي او ايس ۽ هارموني صحت,چمڙي ۽ وارن ۾ تبديليون,هرسوٽزم (Hirsutism) ڇا آهي؟,hirsutism جو مطلب ڪهڙو آهي؟,auto_ok,genuine reword - needs native-speaker review
v1761,880,پي سي او ايس ۽ هارموني صحت,چمڙي ۽ وارن ۾ تبديليون,ڇا اضافي وارن جو اُڀرڻ پي سي او ايس جي ڀروسي جوڳي نشاني آهي؟,اضافي وارن جو اُڀرڻ PCOS جي ڀروسي جوڳي نشاني آهي ڇا؟,auto_ok,genuine reword - needs native-speaker review
v1762,880,پي سي او ايس ۽ هارموني صحت,چمڙي ۽ وارن ۾ تبديليون,ڇا اضافي وارن جو اُڀرڻ پي سي او ايس جي ڀروسي جوڳي نشاني آهي؟,جسم تي وڌيڪ وار اچن ته اهو PCOS جو پڪو ثبوت آهي ڇا؟,auto_ok,genuine reword - needs native-speaker review
v1763,881,پي سي او ايس ۽ هارموني صحت,چمڙي ۽ وارن ۾ تبديليون,ڊاڪٽر ڪيئن فيصلو ڪن ٿا ته منهنجن وارن جو اُڀرڻ ضرورت کان وڌيڪ آهي؟,ڊاڪٽر ڪيئن فيصلو ڪن ٿا ته وار ضرورت کان وڌيڪ آهن؟,auto_ok,genuine reword - needs native-speaker review
v1764,881,پي سي او ايس ۽ هارموني صحت,چمڙي ۽ وارن ۾ تبديليون,ڊاڪٽر ڪيئن فيصلو ڪن ٿا ته منهنجن وارن جو اُڀرڻ ضرورت کان وڌيڪ آهي؟,hirsutism جي حد ڊاڪٽر ڪيئن ماپين ٿا؟,auto_ok,genuine reword - needs native-speaker review
v1765,882,پي سي او ايس ۽ هارموني صحت,چمڙي ۽ وارن ۾ تبديليون,منهنجي سڄي خاندان کي منهن جا وار آهن۔ ڇا ان جو مطلب اهو آهي ته اهو پي سي او ايس ناهي؟,سڄي خاندان کي منهن جا وار آهن، ان جو مطلب PCOS ناهي ڇا؟,auto_ok,genuine reword - needs native-speaker review
v1766,882,پي سي او ايس ۽ هارموني صحت,چمڙي ۽ وارن ۾ تبديليون,منهنجي سڄي خاندان کي منهن جا وار آهن۔ ڇا ان جو مطلب اهو آهي ته اهو پي سي او ايس ناهي؟,وار خاندان ۾ عام آهن ته PCOS جو امڪان گھٽ آهي ڇا؟,auto_ok,genuine reword - needs native-speaker review
v1767,883,پي سي او ايس ۽ هارموني صحت,چمڙي ۽ وارن ۾ تبديليون,ڇا پي سي او ايس منهنجي مٿي جي وارن جي کِرڻ جو سبب ٿي سگهي ٿي؟,PCOS مٿي جي وارن جي کِرڻ جو سبب ٿي سگهي ٿي ڇا؟,auto_ok,genuine reword - needs native-speaker review
v1768,883,پي سي او ايس ۽ هارموني صحت,چمڙي ۽ وارن ۾ تبديليون,ڇا پي سي او ايس منهنجي مٿي جي وارن جي کِرڻ جو سبب ٿي سگهي ٿي؟,PCOS سبب سر جا وار جهڙي ٿي سگهن ٿا ڇا؟,auto_ok,genuine reword - needs native-speaker review
v1769,884,پي سي او ايس ۽ هارموني صحت,چمڙي ۽ وارن ۾ تبديليون,ڇا پي سي او ايس کان وارن جو کِرڻ هميشه رهي ٿو؟,PCOS کان وارن جو کِرڻ هميشه هوندو آهي ڇا؟,auto_ok,genuine reword - needs native-speaker review
v1770,884,پي سي او ايس ۽ هارموني صحت,چمڙي ۽ وارن ۾ تبديليون,ڇا پي سي او ايس کان وارن جو کِرڻ هميشه رهي ٿو؟,PCOS ۾ hair loss هر ڪنهن کي ٿيندو آهي ڇا؟,auto_ok,genuine reword - needs native-speaker review
v1771,885,پي سي او ايس ۽ هارموني صحت,چمڙي ۽ وارن ۾ تبديليون,پي سي او ايس مهاسن جو سبب ڇو بڻجي ٿي؟,PCOS مهاسن جو سبب ڇو بڻجي ٿي؟,auto_ok,genuine reword - needs native-speaker review
v1772,885,پي سي او ايس ۽ هارموني صحت,چمڙي ۽ وارن ۾ تبديليون,پي سي او ايس مهاسن جو سبب ڇو بڻجي ٿي؟,PCOS سبب منهن تي مُنڍيون ڇو نڪرن ٿيون؟,auto_ok,genuine reword - needs native-speaker review
v1773,886,پي سي او ايس ۽ هارموني صحت,چمڙي ۽ وارن ۾ تبديليون,ڇا منهنجا مهاسا گندگي يا کائيندڙ کاڌي سبب آهن؟,مهاسا گندگي يا کائيندڙ کاڌي سبب آهن ڇا؟,auto_ok,genuine reword - needs native-speaker review
v1774,886,پي سي او ايس ۽ هارموني صحت,چمڙي ۽ وارن ۾ تبديليون,ڇا منهنجا مهاسا گندگي يا کائيندڙ کاڌي سبب آهن؟,acne صفائي جي کوٽ يا کاڌي جي سبب آهي ڇا؟,auto_ok,genuine reword - needs native-speaker review
v1775,887,پي سي او ايس ۽ هارموني صحت,چمڙي ۽ وارن ۾ تبديليون,پي سي او ايس ۾ ناپسنديده وارن لاءِ ڪهڙا علاج موجود آهن؟,PCOS ۾ ناپسنديده وارن لاءِ ڪهڙا علاج موجود آهن؟,auto_ok,genuine reword - needs native-speaker review
v1776,887,پي سي او ايس ۽ هارموني صحت,چمڙي ۽ وارن ۾ تبديليون,پي سي او ايس ۾ ناپسنديده وارن لاءِ ڪهڙا علاج موجود آهن؟,hirsutism لاءِ ڪهڙا علاج ٿين ٿا؟,auto_ok,genuine reword - needs native-speaker review
v1777,888,پي سي او ايس ۽ هارموني صحت,چمڙي ۽ وارن ۾ تبديليون,ڇا هارمون جون گوريون مهاسن ۽ وارن جي اُڀرڻ ۾ مدد ڪري سگهن ٿيون؟,هارمون جون گوريون مهاسن ۽ وارن ۾ مدد ڪري سگهن ٿيون ڇا؟,auto_ok,genuine reword - needs native-speaker review
v1778,888,پي سي او ايس ۽ هارموني صحت,چمڙي ۽ وارن ۾ تبديليون,ڇا هارمون جون گوريون مهاسن ۽ وارن جي اُڀرڻ ۾ مدد ڪري سگهن ٿيون؟,برٿ ڪنٽرول tablets acne ۽ hirsutism گھٽائي سگهن ٿيون ڇا؟,auto_ok,genuine reword - needs native-speaker review
v1779,889,پي سي او ايس ۽ هارموني صحت,چمڙي ۽ وارن ۾ تبديليون,وارن ۽ چمڙي لاءِ علاج ڪيتري دير ۾ اثر ڏيکارين ٿا؟,وارن ۽ چمڙي جو علاج ڪيتري وقت ۾ اثر ڏيکاري ٿو؟,auto_ok,genuine reword - needs native-speaker review
v1780,889,پي سي او ايس ۽ هارموني صحت,چمڙي ۽ وارن ۾ تبديليون,وارن ۽ چمڙي لاءِ علاج ڪيتري دير ۾ اثر ڏيکارين ٿا؟,hirsutism يا acne جي علاج جو نتيجو ڪيترن مهينن ۾ نظر اچي ٿو؟,auto_ok,genuine reword - needs native-speaker review
v1781,890,پي سي او ايس ۽ هارموني صحت,چمڙي ۽ وارن ۾ تبديليون,ڇا آءٌ پي سي او ايس جي مهاسن لاءِ دڪان جون ڪريمون يا نسخا استعمال ڪري سگهان ٿي؟,دڪان جون ڪريمون يا نسخا مهاسن لاءِ استعمال ڪري سگهجن ٿيون ڇا؟,auto_ok,genuine reword - needs native-speaker review
v1782,890,پي سي او ايس ۽ هارموني صحت,چمڙي ۽ وارن ۾ تبديليون,ڇا آءٌ پي سي او ايس جي مهاسن لاءِ دڪان جون ڪريمون يا نسخا استعمال ڪري سگهان ٿي؟,over-the-counter cream استعمال ڪرڻ ٺيڪ آهي ڇا؟,auto_ok,genuine reword - needs native-speaker review
v1783,891,پي سي او ايس ۽ هارموني صحت,چمڙي ۽ وارن ۾ تبديليون,ڇا گھر ۾ وار ڪڍڻ محفوظ آهي؟,گھر ۾ وار ڪڍڻ محفوظ آهي ڇا؟,auto_ok,genuine reword - needs native-speaker review
v1784,891,پي سي او ايس ۽ هارموني صحت,چمڙي ۽ وارن ۾ تبديليون,ڇا گھر ۾ وار ڪڍڻ محفوظ آهي؟,پاڻ گھر تي waxing/threading ڪرڻ نقصانڪار آهي ڇا؟,auto_ok,genuine reword - needs native-speaker review
v1785,892,پي سي او ايس ۽ هارموني صحت,چمڙي ۽ وارن ۾ تبديليون,ڇا وار ڪڍڻ سان اهي وڌيڪ ٿلها ٿي ويندا؟,وار ڪڍڻ سان وڌيڪ ٿلها ٿي ويندا ڇا؟,auto_ok,genuine reword - needs native-speaker review
v1786,892,پي سي او ايس ۽ هارموني صحت,چمڙي ۽ وارن ۾ تبديليون,ڇا وار ڪڍڻ سان اهي وڌيڪ ٿلها ٿي ويندا؟,بار بار وار ڪڍڻ سان اهي مضبوط ٿي وڃن ٿا ڇا؟,auto_ok,genuine reword - needs native-speaker review
v1787,893,پي سي او ايس ۽ هارموني صحت,چمڙي ۽ وارن ۾ تبديليون,ڇا جسم جي مُڙَن ۾ چمڙي جو ڪارو ٿيڻ پي سي او ايس سان لاڳاپيل آهي؟,جسم جي مُڙَن ۾ چمڙي جو ڪارو ٿيڻ PCOS سان جڙيل آهي ڇا؟,auto_ok,genuine reword - needs native-speaker review
v1788,893,پي سي او ايس ۽ هارموني صحت,چمڙي ۽ وارن ۾ تبديليون,ڇا جسم جي مُڙَن ۾ چمڙي جو ڪارو ٿيڻ پي سي او ايس سان لاڳاپيل آهي؟,گردن يا ٻغل ۾ ڪاري چمڙي PCOS جي نشاني آهي ڇا؟,auto_ok,genuine reword - needs native-speaker review
v1789,894,پي سي او ايس ۽ هارموني صحت,چمڙي ۽ وارن ۾ تبديليون,ڇا چمڙي ۽ وارن جا مسئلا علاج ٿيڻ گھرجن، يا اهي فقط ظاهري صورت جا آهن؟,چمڙي ۽ وارن جا مسئلا علاج ضروري آهن، يا فقط ظاهري آهن؟,auto_ok,genuine reword - needs native-speaker review
v1790,894,پي سي او ايس ۽ هارموني صحت,چمڙي ۽ وارن ۾ تبديليون,ڇا چمڙي ۽ وارن جا مسئلا علاج ٿيڻ گھرجن، يا اهي فقط ظاهري صورت جا آهن؟,acne ۽ hirsutism صرف ظاهري مسئلا آهن يا انهن جو علاج ضروري آهي؟,auto_ok,genuine reword - needs native-speaker review
v1791,895,پي سي او ايس ۽ هارموني صحت,چمڙي ۽ وارن ۾ تبديليون,چمڙي ۽ وارن جون تبديليون عورتن جي محسوس ٿيڻ کي ڪيئن اثر انداز ڪن ٿيون؟,چمڙي ۽ وارن جون تبديليون عورتن جي احساس تي ڪيئن اثر وجهن ٿيون؟,auto_ok,genuine reword - needs native-speaker review
v1792,895,پي سي او ايس ۽ هارموني صحت,چمڙي ۽ وارن ۾ تبديليون,چمڙي ۽ وارن جون تبديليون عورتن جي محسوس ٿيڻ کي ڪيئن اثر انداز ڪن ٿيون؟,hirsutism يا acne جو اثر عورتن جي ذهني حالت تي ڪيئن پوي ٿو؟,auto_ok,genuine reword - needs native-speaker review
v1793,896,پي سي او ايس ۽ هارموني صحت,چمڙي ۽ وارن ۾ تبديليون,مون کي پنهنجي منهن جي وارن تي شرم محسوس ٿئي ٿو۔ ڇا اهو عام آهي؟,منهن جي وارن تي شرم محسوس ٿئي، اهو عام آهي ڇا؟,auto_ok,genuine reword - needs native-speaker review
v1794,896,پي سي او ايس ۽ هارموني صحت,چمڙي ۽ وارن ۾ تبديليون,مون کي پنهنجي منهن جي وارن تي شرم محسوس ٿئي ٿو۔ ڇا اهو عام آهي؟,چهري جي وارن سبب پاڻ کي شرمائجڻ معمول جي ڳالھ آهي ڇا؟,auto_ok,genuine reword - needs native-speaker review
v1795,897,پي سي او ايس ۽ هارموني صحت,چمڙي ۽ وارن ۾ تبديليون,ڇا مون کي چمڙي ۽ وارن جي تبديلين جو ذڪر ڪرڻ گھرجي جيتوڻيڪ آءٌ پنهنجي ماهواري بابت آيس؟,ماهواري بابت آيو هجان، ته چمڙي وارن جو به ذڪر ڪجي ڇا؟,auto_ok,genuine reword - needs native-speaker review
v1796,897,پي سي او ايس ۽ هارموني صحت,چمڙي ۽ وارن ۾ تبديليون,ڇا مون کي چمڙي ۽ وارن جي تبديلين جو ذڪر ڪرڻ گھرجي جيتوڻيڪ آءٌ پنهنجي ماهواري بابت آيس؟,period جي ڳالھ ڪرڻ آيو هجان ته اضافي وارن جو مسئلو به ٻڌائجي ڇا؟,auto_ok,genuine reword - needs native-speaker review
v1797,898,پي سي او ايس ۽ هارموني صحت,چمڙي ۽ وارن ۾ تبديليون,ڇا اڪيلو چمڙي ۽ وارن جون نشانيون پي سي او ايس جي تصديق ڪن ٿيون؟,اڪيلا چمڙي ۽ وارن جا نشان PCOS جي تصديق ڪن ٿا ڇا؟,auto_ok,genuine reword - needs native-speaker review
v1798,898,پي سي او ايس ۽ هارموني صحت,چمڙي ۽ وارن ۾ تبديليون,ڇا اڪيلو چمڙي ۽ وارن جون نشانيون پي سي او ايس جي تصديق ڪن ٿيون؟,صرف acne يا hirsutism ڏسي PCOS جي پڪ ٿي سگهي ٿي ڇا؟,auto_ok,genuine reword - needs native-speaker review
v1799,899,پي سي او ايس ۽ هارموني صحت,چمڙي ۽ وارن ۾ تبديليون,ڇا خوني ٽيسٽ منهنجي وارن جي اُڀرڻ جو سبب ڏيکاري سگهن ٿا؟,خون جو ٽيسٽ وارن جي اُڀرڻ جو سبب ڏيکاري سگهي ٿو ڇا؟,auto_ok,genuine reword - needs native-speaker review
v1800,899,پي سي او ايس ۽ هارموني صحت,چمڙي ۽ وارن ۾ تبديليون,ڇا خوني ٽيسٽ منهنجي وارن جي اُڀرڻ جو سبب ڏيکاري سگهن ٿا؟,blood test مان hirsutism جو ڪارڻ خبر پئجي سگهي ٿو ڇا؟,auto_ok,genuine reword - needs native-speaker review
v1801,900,پي سي او ايس ۽ هارموني صحت,چمڙي ۽ وارن ۾ تبديليون,ڇا مهاسا ۽ وارن جو اُڀرڻ چڪر جي مسئلن کان اڳ ظاهر ٿي سگهن ٿا؟,مهاسا ۽ وارن جو اُڀرڻ چڪر جي مسئلن کان اڳ ظاهر ٿي سگهن ٿا ڇا؟,auto_ok,genuine reword - needs native-speaker review
v1802,900,پي سي او ايس ۽ هارموني صحت,چمڙي ۽ وارن ۾ تبديليون,ڇا مهاسا ۽ وارن جو اُڀرڻ چڪر جي مسئلن کان اڳ ظاهر ٿي سگهن ٿا؟,period بگڙڻ کان اڳ acne يا hirsutism اچي سگهن ٿا ڇا؟,auto_ok,genuine reword - needs native-speaker review
v1803,901,پي سي او ايس ۽ هارموني صحت,چمڙي ۽ وارن ۾ تبديليون,ڇا چمڙي ۽ وارن جون تبديليون ڪجهه عورتن ۾ ٻين کان وڌيڪ سخت آهن؟,چمڙي ۽ وارن جون تبديليون ڪجهه عورتن ۾ ٻين کان وڌيڪ سخت آهن ڇا؟,auto_ok,genuine reword - needs native-speaker review
v1804,901,پي سي او ايس ۽ هارموني صحت,چمڙي ۽ وارن ۾ تبديليون,ڇا چمڙي ۽ وارن جون تبديليون ڪجهه عورتن ۾ ٻين کان وڌيڪ سخت آهن؟,hirsutism جي شدت هر عورت ۾ مختلف آهي ڇا؟,auto_ok,genuine reword - needs native-speaker review
v1805,902,پي سي او ايس ۽ هارموني صحت,چمڙي ۽ وارن ۾ تبديليون,ڇا اهي تبديليون مينوپاز کانپوءِ ختم ٿي وينديون؟,اهي تبديليون مينوپاز کان پوءِ ختم ٿي وينديون ڇا؟,auto_ok,genuine reword - needs native-speaker review
v1806,902,پي سي او ايس ۽ هارموني صحت,چمڙي ۽ وارن ۾ تبديليون,ڇا اهي تبديليون مينوپاز کانپوءِ ختم ٿي وينديون؟,menopause بعد acne يا hirsutism گھٽ ٿي وڃن ٿا ڇا؟,auto_ok,genuine reword - needs native-speaker review
v1807,903,پي سي او ايس ۽ هارموني صحت,چمڙي ۽ وارن ۾ تبديليون,ڇا وارن ۽ چمڙي جو علاج ڪرڻ باقي پي سي او ايس کي به علاج ڪري ٿو؟,وارن ۽ چمڙي جو علاج باقي PCOS کي به ٺيڪ ڪري ٿو ڇا؟,auto_ok,genuine reword - needs native-speaker review
v1808,903,پي سي او ايس ۽ هارموني صحت,چمڙي ۽ وارن ۾ تبديليون,ڇا وارن ۽ چمڙي جو علاج ڪرڻ باقي پي سي او ايس کي به علاج ڪري ٿو؟,صرف hirsutism جو علاج PCOS جي ٻين مسئلن کي به حل ڪري ٿو ڇا؟,auto_ok,genuine reword - needs native-speaker review
v1809,904,پي سي او ايس ۽ هارموني صحت,چمڙي ۽ وارن ۾ تبديليون,ڇا زندگيءَ جي تبديليون چمڙي ۽ وارن جي نشانين کي بهتر ڪري سگهن ٿيون؟,زندگيءَ جون تبديليون چمڙي ۽ وارن جي نشانين کي بهتر ڪري سگهن ٿيون ڇا؟,auto_ok,genuine reword - needs native-speaker review
v1810,904,پي سي او ايس ۽ هارموني صحت,چمڙي ۽ وارن ۾ تبديليون,ڇا زندگيءَ جي تبديليون چمڙي ۽ وارن جي نشانين کي بهتر ڪري سگهن ٿيون؟,lifestyle change سان acne يا hirsutism بهتر ٿي سگهن ٿا ڇا؟,auto_ok,genuine reword - needs native-speaker review
v1811,905,پي سي او ايس ۽ هارموني صحت,چمڙي ۽ وارن ۾ تبديليون,ڇا ليزر يا ڪلينڪ وار ڪڍڻ ضروري آهي؟,ليزر يا ڪلينڪ وار ڪڍڻ ضروري آهي ڇا؟,auto_ok,genuine reword - needs native-speaker review
v1812,905,پي سي او ايس ۽ هارموني صحت,چمڙي ۽ وارن ۾ تبديليون,ڇا ليزر يا ڪلينڪ وار ڪڍڻ ضروري آهي؟,laser hair removal ڪرائڻ لازمي آهي ڇا؟,auto_ok,genuine reword - needs native-speaker review
v1813,906,پي سي او ايس ۽ هارموني صحت,چمڙي ۽ وارن ۾ تبديليون,ڇا آءٌ وار ۽ چمڙي لاءِ علاج ڪرائي سگهان ٿي جيڪڏهن آءٌ ٻار ڄڻڻ جي ڪوشش نٿي ڪريان؟,ٻار ڄڻڻ جي ڪوشش نه ڪجي تڏهن به وارن جو علاج ڪرائي سگهجي ٿو ڇا؟,auto_ok,genuine reword - needs native-speaker review
v1814,906,پي سي او ايس ۽ هارموني صحت,چمڙي ۽ وارن ۾ تبديليون,ڇا آءٌ وار ۽ چمڙي لاءِ علاج ڪرائي سگهان ٿي جيڪڏهن آءٌ ٻار ڄڻڻ جي ڪوشش نٿي ڪريان؟,حمل نه چاهڻ باوجود hirsutism جو علاج ٿي سگهي ٿو ڇا؟,auto_ok,genuine reword - needs native-speaker review
v1815,907,پي سي او ايس ۽ هارموني صحت,چمڙي ۽ وارن ۾ تبديليون,مون کي چمڙي جي ڊاڪٽر وٽ وڃڻ گھرجي يا عام ڊاڪٽر وٽ؟,چمڙي جي ماهر وٽ وڃجي يا عام ڊاڪٽر وٽ؟,auto_ok,genuine reword - needs native-speaker review
v1816,907,پي سي او ايس ۽ هارموني صحت,چمڙي ۽ وارن ۾ تبديليون,مون کي چمڙي جي ڊاڪٽر وٽ وڃڻ گھرجي يا عام ڊاڪٽر وٽ؟,acne لاءِ dermatologist وٽ وڃجي يا family doctor وٽ؟,auto_ok,genuine reword - needs native-speaker review
v1817,908,پي سي او ايس ۽ هارموني صحت,چمڙي ۽ وارن ۾ تبديليون,ڇا صرف مهاسن لاءِ ڊاڪٽر وٽ وڃڻ جي قابل آهي؟,صرف مهاسن لاءِ ڊاڪٽر وٽ وڃڻ درست آهي ڇا؟,auto_ok,genuine reword - needs native-speaker review
v1818,908,پي سي او ايس ۽ هارموني صحت,چمڙي ۽ وارن ۾ تبديليون,ڇا صرف مهاسن لاءِ ڊاڪٽر وٽ وڃڻ جي قابل آهي؟,acne جي مسئلي تي ئي طبيب کي ملڻ ٺيڪ آهي ڇا؟,auto_ok,genuine reword - needs native-speaker review
v1819,909,پي سي او ايس ۽ هارموني صحت,چمڙي ۽ وارن ۾ تبديليون,مون کي پنهنجي چمڙي ۽ وارن بابت ڊاڪٽر کي ڇا ٻڌائڻ گھرجي؟,ڊاڪٽر کي چمڙي ۽ وارن بابت ڪهڙيون ڳالهيون ٻڌائجن؟,auto_ok,genuine reword - needs native-speaker review
v1820,909,پي سي او ايس ۽ هارموني صحت,چمڙي ۽ وارن ۾ تبديليون,مون کي پنهنجي چمڙي ۽ وارن بابت ڊاڪٽر کي ڇا ٻڌائڻ گھرجي؟,acne يا hirsutism بابت ڊاڪٽر کي ڇا ٻڌائجي؟,auto_ok,genuine reword - needs native-speaker review
v1821,910,پي سي او ايس ۽ هارموني صحت,ٿائرائيڊ ۽ ٻيا هارموني عدم توازن,ٿائرائيڊ ڇا آهي؟,thyroid جو مطلب ڪهڙو آهي؟,auto_ok,genuine reword - needs native-speaker review
v1822,910,پي سي او ايس ۽ هارموني صحت,ٿائرائيڊ ۽ ٻيا هارموني عدم توازن,ٿائرائيڊ ڇا آهي؟,thyroid جو مطلب ڪهڙو آهي؟,auto_ok,genuine reword - needs native-speaker review
v1823,911,پي سي او ايس ۽ هارموني صحت,ٿائرائيڊ ۽ ٻيا هارموني عدم توازن,ڇا ٿائرائيڊ جو مسئلو منهنجي ماهواري تي اثر انداز ٿي سگهي ٿو؟,ٿائرائيڊ جو مسئلو ماهواري تي اثر انداز ٿي سگهي ٿو ڇا؟,auto_ok,genuine reword - needs native-speaker review
v1824,911,پي سي او ايس ۽ هارموني صحت,ٿائرائيڊ ۽ ٻيا هارموني عدم توازن,ڇا ٿائرائيڊ جو مسئلو منهنجي ماهواري تي اثر انداز ٿي سگهي ٿو؟,thyroid خراب هجي ته period تي اثر پوي ٿو ڇا؟,auto_ok,genuine reword - needs native-speaker review
v1825,912,پي سي او ايس ۽ هارموني صحت,ٿائرائيڊ ۽ ٻيا هارموني عدم توازن,ڇا ٿائرائيڊ جو مسئلو حامله ٿيڻ کي وڌيڪ ڏکيو بڻائي سگهي ٿو؟,ٿائرائيڊ جو مسئلو حمل کي ڏکيو بڻائي سگهي ٿو ڇا؟,auto_ok,genuine reword - needs native-speaker review
v1826,912,پي سي او ايس ۽ هارموني صحت,ٿائرائيڊ ۽ ٻيا هارموني عدم توازن,ڇا ٿائرائيڊ جو مسئلو حامله ٿيڻ کي وڌيڪ ڏکيو بڻائي سگهي ٿو؟,thyroid problem سبب حمل ٿيڻ مشڪل ٿئي ٿو ڇا؟,auto_ok,genuine reword - needs native-speaker review
v1827,913,پي سي او ايس ۽ هارموني صحت,ٿائرائيڊ ۽ ٻيا هارموني عدم توازن,جيڪڏهن منهنجي ماهواري بي قاعده آهي ته ڇا منهنجو ٿائرائيڊ چيڪ ٿيڻ گھرجي؟,ماهواري بي قاعده هجي ته ٿائرائيڊ چيڪ ٿيڻ گهرجي ڇا؟,auto_ok,genuine reword - needs native-speaker review
v1828,913,پي سي او ايس ۽ هارموني صحت,ٿائرائيڊ ۽ ٻيا هارموني عدم توازن,جيڪڏهن منهنجي ماهواري بي قاعده آهي ته ڇا منهنجو ٿائرائيڊ چيڪ ٿيڻ گھرجي؟,period irregular هجي ته thyroid test ڪرائجي ڇا؟,auto_ok,genuine reword - needs native-speaker review
v1829,914,پي سي او ايس ۽ هارموني صحت,ٿائرائيڊ ۽ ٻيا هارموني عدم توازن,سست ٿائرائيڊ (Underactive Thyroid) ڇا آهي؟,سست ٿائرائيڊ (underactive thyroid) ڇا آهي؟,auto_ok,genuine reword - needs native-speaker review
v1830,914,پي سي او ايس ۽ هارموني صحت,ٿائرائيڊ ۽ ٻيا هارموني عدم توازن,سست ٿائرائيڊ (Underactive Thyroid) ڇا آهي؟,hypothyroidism جو مطلب ڇا آهي؟,auto_ok,genuine reword - needs native-speaker review
v1831,915,پي سي او ايس ۽ هارموني صحت,ٿائرائيڊ ۽ ٻيا هارموني عدم توازن,تيز ٿائرائيڊ (Overactive Thyroid) ڇا آهي؟,تيز ٿائرائيڊ (overactive thyroid) ڇا آهي؟,auto_ok,genuine reword - needs native-speaker review
v1832,915,پي سي او ايس ۽ هارموني صحت,ٿائرائيڊ ۽ ٻيا هارموني عدم توازن,تيز ٿائرائيڊ (Overactive Thyroid) ڇا آهي؟,hyperthyroidism جو مطلب ڇا آهي؟,auto_ok,genuine reword - needs native-speaker review
v1833,916,پي سي او ايس ۽ هارموني صحت,ٿائرائيڊ ۽ ٻيا هارموني عدم توازن,ڇا مون کي حمل ۾ پنهنجو ٿائرائيڊ چيڪ ڪرائڻ گھرجي؟,حمل ۾ ٿائرائيڊ چيڪ ڪرائجي ضروري آهي ڇا؟,auto_ok,genuine reword - needs native-speaker review
v1834,916,پي سي او ايس ۽ هارموني صحت,ٿائرائيڊ ۽ ٻيا هارموني عدم توازن,ڇا مون کي حمل ۾ پنهنجو ٿائرائيڊ چيڪ ڪرائڻ گھرجي؟,حامله هوندي thyroid test ڪرائڻ گهرجي ڇا؟,auto_ok,genuine reword - needs native-speaker review
v1835,917,پي سي او ايس ۽ هارموني صحت,ٿائرائيڊ ۽ ٻيا هارموني عدم توازن,ڇا ٿائرائيڊ جا مسئلا ٻار ڄمڻ کانپوءِ ظاهر ٿي سگهن ٿا؟,ٿائرائيڊ جا مسئلا ٻار ڄمڻ کان پوءِ ظاهر ٿي سگهن ٿا ڇا؟,auto_ok,genuine reword - needs native-speaker review
v1836,917,پي سي او ايس ۽ هارموني صحت,ٿائرائيڊ ۽ ٻيا هارموني عدم توازن,ڇا ٿائرائيڊ جا مسئلا ٻار ڄمڻ کانپوءِ ظاهر ٿي سگهن ٿا؟,postpartum thyroid problem ٿي سگهي ٿو ڇا؟,auto_ok,genuine reword - needs native-speaker review
v1837,918,پي سي او ايس ۽ هارموني صحت,ٿائرائيڊ ۽ ٻيا هارموني عدم توازن,ڇا آئوڊين ٿائرائيڊ لاءِ اهم آهي؟,آئوڊين ٿائرائيڊ لاءِ اهم آهي ڇا؟,auto_ok,genuine reword - needs native-speaker review
v1838,918,پي سي او ايس ۽ هارموني صحت,ٿائرائيڊ ۽ ٻيا هارموني عدم توازن,ڇا آئوڊين ٿائرائيڊ لاءِ اهم آهي؟,iodine thyroid جي صحت لاءِ ضروري آهي ڇا؟,auto_ok,genuine reword - needs native-speaker review
v1839,919,پي سي او ايس ۽ هارموني صحت,ٿائرائيڊ ۽ ٻيا هارموني عدم توازن,ڇا آءٌ ٿڃ پيارائي سگهان ٿي جيڪڏهن مون کي ٿائرائيڊ جي حالت آهي؟,ٿائرائيڊ جي حالت هجي ته ٿڃ پيارائي سگهجي ٿي ڇا؟,auto_ok,genuine reword - needs native-speaker review
v1840,919,پي سي او ايس ۽ هارموني صحت,ٿائرائيڊ ۽ ٻيا هارموني عدم توازن,ڇا آءٌ ٿڃ پيارائي سگهان ٿي جيڪڏهن مون کي ٿائرائيڊ جي حالت آهي؟,thyroid condition سان breastfeeding ٿي سگهي ٿي ڇا؟,auto_ok,genuine reword - needs native-speaker review
v1841,920,پي سي او ايس ۽ هارموني صحت,ٿائرائيڊ ۽ ٻيا هارموني عدم توازن,ڇا مون کي هڪ ئي وقت پي سي او ايس ۽ ٿائرائيڊ جو مسئلو ٿي سگهي ٿو؟,هڪ ئي وقت PCOS ۽ ٿائرائيڊ ٻئي مسئلا ٿي سگهن ٿا ڇا؟,auto_ok,genuine reword - needs native-speaker review
v1842,920,پي سي او ايس ۽ هارموني صحت,ٿائرائيڊ ۽ ٻيا هارموني عدم توازن,ڇا مون کي هڪ ئي وقت پي سي او ايس ۽ ٿائرائيڊ جو مسئلو ٿي سگهي ٿو؟,PCOS ۽ thyroid problem گڏ ٿي سگهن ٿا ڇا؟,auto_ok,genuine reword - needs native-speaker review
v1843,921,پي سي او ايس ۽ هارموني صحت,ٿائرائيڊ ۽ ٻيا هارموني عدم توازن,مون کي ڪيئن خبر پوندي ته منهنجيون نشانيون ٿائرائيڊ آهن يا پي سي او ايس؟,نشانيون ٿائرائيڊ آهن يا PCOS، ان جي خبر ڪيئن پوندي؟,auto_ok,genuine reword - needs native-speaker review
v1844,921,پي سي او ايس ۽ هارموني صحت,ٿائرائيڊ ۽ ٻيا هارموني عدم توازن,مون کي ڪيئن خبر پوندي ته منهنجيون نشانيون ٿائرائيڊ آهن يا پي سي او ايس؟,علامتون thyroid جون آهن يا PCOS جون، ان جي پرک ڪيئن ٿئي؟,auto_ok,genuine reword - needs native-speaker review
v1845,922,پي سي او ايس ۽ هارموني صحت,ٿائرائيڊ ۽ ٻيا هارموني عدم توازن,پي سي او ايس کان علاوه ٻيون ڪهڙيون حالتون ماهواري کي بگاڙي سگهن ٿيون؟,PCOS کان علاوه ٻيون ڪهڙيون حالتون ماهواري بگاڙي سگهن ٿيون؟,auto_ok,genuine reword - needs native-speaker review
v1846,922,پي سي او ايس ۽ هارموني صحت,ٿائرائيڊ ۽ ٻيا هارموني عدم توازن,پي سي او ايس کان علاوه ٻيون ڪهڙيون حالتون ماهواري کي بگاڙي سگهن ٿيون؟,period problem جا PCOS کان سواءِ ٻيا ڪهڙا سبب ٿي سگهن ٿا؟,auto_ok,genuine reword - needs native-speaker review
v1847,923,پي سي او ايس ۽ هارموني صحت,ٿائرائيڊ ۽ ٻيا هارموني عدم توازن,بيضه دان جو جلدي ڪم بند ٿيڻ ڇا آهي؟,premature ovarian failure کي سادي لفظن ۾ ڇا سمجهجي؟,auto_ok,genuine reword - needs native-speaker review
v1848,923,پي سي او ايس ۽ هارموني صحت,ٿائرائيڊ ۽ ٻيا هارموني عدم توازن,بيضه دان جو جلدي ڪم بند ٿيڻ ڇا آهي؟,premature ovarian failure جو مطلب ڇا آهي؟,auto_ok,genuine reword - needs native-speaker review
v1849,924,پي سي او ايس ۽ هارموني صحت,ٿائرائيڊ ۽ ٻيا هارموني عدم توازن,فائبرائيڊز (Fibroids) ڇا آهن؟,فائبرائيڊز (fibroids) ڇا آهن؟,auto_ok,genuine reword - needs native-speaker review
v1850,924,پي سي او ايس ۽ هارموني صحت,ٿائرائيڊ ۽ ٻيا هارموني عدم توازن,فائبرائيڊز (Fibroids) ڇا آهن؟,uterine fibroids جو مطلب ڪهڙو آهي؟,auto_ok,genuine reword - needs native-speaker review
v1851,925,پي سي او ايس ۽ هارموني صحت,ٿائرائيڊ ۽ ٻيا هارموني عدم توازن,اينڊوميٽرائيوسس (Endometriosis) ڇا آهي؟,اينڊوميٽرائيوسس (endometriosis) ڇا آهي؟,auto_ok,genuine reword - needs native-speaker review
v1852,925,پي سي او ايس ۽ هارموني صحت,ٿائرائيڊ ۽ ٻيا هارموني عدم توازن,اينڊوميٽرائيوسس (Endometriosis) ڇا آهي؟,endometriosis جو مطلب ڪهڙو آهي؟,auto_ok,genuine reword - needs native-speaker review
v1853,926,پي سي او ايس ۽ هارموني صحت,ٿائرائيڊ ۽ ٻيا هارموني عدم توازن,ڇا رت وهڻ جي بيماري گھڻي ماهواري جو سبب بڻجي سگهي ٿي؟,رت وهڻ جي بيماري گھڻي ماهواري جو سبب بڻجي سگهي ٿي ڇا؟,auto_ok,genuine reword - needs native-speaker review
v1854,926,پي سي او ايس ۽ هارموني صحت,ٿائرائيڊ ۽ ٻيا هارموني عدم توازن,ڇا رت وهڻ جي بيماري گھڻي ماهواري جو سبب بڻجي سگهي ٿي؟,bleeding disorder سبب period ۾ زياده رت اچي سگهي ٿو ڇا؟,auto_ok,genuine reword - needs native-speaker review
v1855,927,پي سي او ايس ۽ هارموني صحت,ٿائرائيڊ ۽ ٻيا هارموني عدم توازن,ڇا مون کي هارموني مسئلن لاءِ ڪنهن ماهر وٽ وڃڻ جي ضرورت آهي؟,هارموني مسئلن لاءِ ماهر وٽ وڃڻ ضروري آهي ڇا؟,auto_ok,genuine reword - needs native-speaker review
v1856,927,پي سي او ايس ۽ هارموني صحت,ٿائرائيڊ ۽ ٻيا هارموني عدم توازن,ڇا مون کي هارموني مسئلن لاءِ ڪنهن ماهر وٽ وڃڻ جي ضرورت آهي؟,hormonal issue لاءِ specialist کي ملجي ضروري آهي ڇا؟,auto_ok,genuine reword - needs native-speaker review
v1857,928,پي سي او ايس ۽ هارموني صحت,ٿائرائيڊ ۽ ٻيا هارموني عدم توازن,ڇا هارموني مسئلن جو علاج ٿي سگهي ٿو؟,هارموني مسئلن جو علاج ٿي سگهي ٿو ڇا؟,auto_ok,genuine reword - needs native-speaker review
v1858,928,پي سي او ايس ۽ هارموني صحت,ٿائرائيڊ ۽ ٻيا هارموني عدم توازن,ڇا هارموني مسئلن جو علاج ٿي سگهي ٿو؟,hormonal imbalance جو مڪمل علاج ممڪن آهي ڇا؟,auto_ok,genuine reword - needs native-speaker review
v1859,929,پي سي او ايس ۽ هارموني صحت,ٿائرائيڊ ۽ ٻيا هارموني عدم توازن,ڇا مون کي ڪنهن جي صلاح ڏنل هارموني دوا کائڻ گھرجي؟,ڪنهن جي ٻڌايل هارموني دوا کائجي ڇا؟,auto_ok,genuine reword - needs native-speaker review
v1860,929,پي سي او ايس ۽ هارموني صحت,ٿائرائيڊ ۽ ٻيا هارموني عدم توازن,ڇا مون کي ڪنهن جي صلاح ڏنل هارموني دوا کائڻ گھرجي؟,ماڻهن جي صلاح تي hormonal دوا استعمال ڪرڻ ٺيڪ آهي ڇا؟,auto_ok,genuine reword - needs native-speaker review
v1861,930,پي سي او ايس ۽ هارموني صحت,ٿائرائيڊ ۽ ٻيا هارموني عدم توازن,هارموني حالتون ڪيتري عرصي رهنديون آهن؟,hormonal imbalance عام طور ڪيترو وقت هلندي آهي؟,auto_ok,genuine reword - needs native-speaker review
v1862,930,پي سي او ايس ۽ هارموني صحت,ٿائرائيڊ ۽ ٻيا هارموني عدم توازن,هارموني حالتون ڪيتري عرصي رهنديون آهن؟,hormonal imbalance ڪيترو وقت هلندي آهي؟,auto_ok,genuine reword - needs native-speaker review
v1863,931,پي سي او ايس ۽ هارموني صحت,ٿائرائيڊ ۽ ٻيا هارموني عدم توازن,مون کي پنهنجن هارموني نشانين بابت ڊاڪٽر کي ڇا ٻڌائڻ گھرجي؟,هارموني نشانين بابت ڊاڪٽر کي ڇا ٻڌائجي؟,auto_ok,genuine reword - needs native-speaker review
v1864,931,پي سي او ايس ۽ هارموني صحت,ٿائرائيڊ ۽ ٻيا هارموني عدم توازن,مون کي پنهنجن هارموني نشانين بابت ڊاڪٽر کي ڇا ٻڌائڻ گھرجي؟,hormonal symptoms جو ذڪر طبيب کي ڪيئن ڪجي؟,auto_ok,genuine reword - needs native-speaker review
v1865,932,پي سي او ايس ۽ هارموني صحت,طرز زندگي جي سنڀال,پي سي او ايس ۾ ڪهڙيون زندگيءَ جون تبديليون مدد ڪن ٿيون؟,PCOS ۾ ڪهڙيون زندگيءَ جون تبديليون مدد ڪن ٿيون؟,auto_ok,genuine reword - needs native-speaker review
v1866,932,پي سي او ايس ۽ هارموني صحت,طرز زندگي جي سنڀال,پي سي او ايس ۾ ڪهڙيون زندگيءَ جون تبديليون مدد ڪن ٿيون؟,PCOS مينيج ڪرڻ لاءِ ڪهڙيون عادتون فائديمند آهن؟,auto_ok,genuine reword - needs native-speaker review
v1867,933,پي سي او ايس ۽ هارموني صحت,طرز زندگي جي سنڀال,ڇا زندگيءَ جي صلاح پي سي او ايس واري هر عورت لاءِ آهي يا صرف ڪجهه لاءِ؟,زندگيءَ جي صلاح هر PCOS واري عورت لاءِ آهي يا صرف ڪجهه لاءِ؟,auto_ok,genuine reword - needs native-speaker review
v1868,933,پي سي او ايس ۽ هارموني صحت,طرز زندگي جي سنڀال,ڇا زندگيءَ جي صلاح پي سي او ايس واري هر عورت لاءِ آهي يا صرف ڪجهه لاءِ؟,lifestyle advice سڀني کي لاڳو ٿئي ٿي يا مخصوص حالتن لاءِ آهي؟,auto_ok,genuine reword - needs native-speaker review
v1869,934,پي سي او ايس ۽ هارموني صحت,طرز زندگي جي سنڀال,ڇا رٿا مون سان گڏ ٺاهجي يا منهنجي لاءِ؟,رٿا پاڻ سان گڏ ٺاهجي يا پنهنجي لاءِ؟,auto_ok,genuine reword - needs native-speaker review
v1870,934,پي سي او ايس ۽ هارموني صحت,طرز زندگي جي سنڀال,ڇا رٿا مون سان گڏ ٺاهجي يا منهنجي لاءِ؟,plan ڊاڪٽر سان گڏجي ٺاهجي يا اڪيل؟,auto_ok,genuine reword - needs native-speaker review
v1871,935,پي سي او ايس ۽ هارموني صحت,طرز زندگي جي سنڀال,پي سي او ايس لاءِ ڪهڙي غذا سڀ کان بهتر آهي؟,PCOS لاءِ ڪهڙي غذا سڀ کان بهتر آهي؟,auto_ok,genuine reword - needs native-speaker review
v1872,935,پي سي او ايس ۽ هارموني صحت,طرز زندگي جي سنڀال,پي سي او ايس لاءِ ڪهڙي غذا سڀ کان بهتر آهي؟,PCOS ۾ سٺي ترين خوراڪ ڪهڙي سمجهي وڃي ٿي؟,auto_ok,genuine reword - needs native-speaker review
v1873,936,پي سي او ايس ۽ هارموني صحت,طرز زندگي جي سنڀال,ڇا مون کي پوري طور تي ڪجهه طعامن جي قسمون ڇڏي ڏيڻ گھرجن؟,ڪجهه طعامن جي قسمون مڪمل ڇڏي ڏجن ضروري آهن ڇا؟,auto_ok,genuine reword - needs native-speaker review
v1874,936,پي سي او ايس ۽ هارموني صحت,طرز زندگي جي سنڀال,ڇا مون کي پوري طور تي ڪجهه طعامن جي قسمون ڇڏي ڏيڻ گھرجن؟,ڪجهه کاڌا مڪمل بند ڪرڻ لازمي آهي ڇا؟,auto_ok,genuine reword - needs native-speaker review
v1875,937,پي سي او ايس ۽ هارموني صحت,طرز زندگي جي سنڀال,ڇا مون کي پي سي او ايس لاءِ خاص طعام خريد ڪرڻ جي ضرورت آهي؟,PCOS لاءِ خاص طعام خريد ڪرڻ ضروري آهي ڇا؟,auto_ok,genuine reword - needs native-speaker review
v1876,937,پي سي او ايس ۽ هارموني صحت,طرز زندگي جي سنڀال,ڇا مون کي پي سي او ايس لاءِ خاص طعام خريد ڪرڻ جي ضرورت آهي؟,special diet food خريد ڪرڻ لازمي آهي ڇا؟,auto_ok,genuine reword - needs native-speaker review
v1877,938,پي سي او ايس ۽ هارموني صحت,طرز زندگي جي سنڀال,مون کي هر هفتي ڪيتري سرگرمي جو مقصد رکڻ گھرجي؟,هر هفتي ڪيتري سرگرمي جو مقصد رکجي؟,auto_ok,genuine reword - needs native-speaker review
v1878,938,پي سي او ايس ۽ هارموني صحت,طرز زندگي جي سنڀال,مون کي هر هفتي ڪيتري سرگرمي جو مقصد رکڻ گھرجي؟,هفتي ۾ ڪيتري ورزش جو ٽارگيٽ رکجي؟,auto_ok,genuine reword - needs native-speaker review
v1879,939,پي سي او ايس ۽ هارموني صحت,طرز زندگي جي سنڀال,پي سي او ايس لاءِ ڪهڙي قسم جي ورزش بهتر آهي؟,PCOS لاءِ ڪهڙي قسم جي ورزش بهتر آهي؟,auto_ok,genuine reword - needs native-speaker review
v1880,939,پي سي او ايس ۽ هارموني صحت,طرز زندگي جي سنڀال,پي سي او ايس لاءِ ڪهڙي قسم جي ورزش بهتر آهي؟,PCOS ۾ ڪهڙو exercise سڀ کان فائديمند آهي؟,auto_ok,genuine reword - needs native-speaker review
v1881,940,پي سي او ايس ۽ هارموني صحت,طرز زندگي جي سنڀال,ڇا گھريلو ۽ فارم جو ڪم منهنجي سرگرمي ۾ ڳڻجي ٿو؟,گھريلو ۽ فارم جو ڪم سرگرمي ۾ ڳڻجي ٿو ڇا؟,auto_ok,genuine reword - needs native-speaker review
v1882,940,پي سي او ايس ۽ هارموني صحت,طرز زندگي جي سنڀال,ڇا گھريلو ۽ فارم جو ڪم منهنجي سرگرمي ۾ ڳڻجي ٿو؟,گھر جو ڪم physical activity ۾ شمار ٿئي ٿو ڇا؟,auto_ok,genuine reword - needs native-speaker review
v1883,941,پي سي او ايس ۽ هارموني صحت,طرز زندگي جي سنڀال,ڇا ورزش لاڀائتي آهي جيتوڻيڪ منهنجو وزن نه بدلجي؟,وزن نه بدلجي، تڏهن به ورزش فائديمند آهي ڇا؟,auto_ok,genuine reword - needs native-speaker review
v1884,941,پي سي او ايس ۽ هارموني صحت,طرز زندگي جي سنڀال,ڇا ورزش لاڀائتي آهي جيتوڻيڪ منهنجو وزن نه بدلجي؟,وزن ساڳيو رهي پوءِ به exercise جو ڪو فائدو ٿئي ٿو ڇا؟,auto_ok,genuine reword - needs native-speaker review
v1885,942,پي سي او ايس ۽ هارموني صحت,طرز زندگي جي سنڀال,ڇا مقصد وزن گھٽائڻ هجڻ گھرجي يا ڪا ٻي شيءِ؟,مقصد وزن گھٽائڻ هجڻ گهرجي يا ڪا ٻي شيءِ؟,auto_ok,genuine reword - needs native-speaker review
v1886,942,پي سي او ايس ۽ هارموني صحت,طرز زندگي جي سنڀال,ڇا مقصد وزن گھٽائڻ هجڻ گھرجي يا ڪا ٻي شيءِ؟,هدف صرف وزن گھٽائڻ رکجي يا ٻيو ڪجهه؟,auto_ok,genuine reword - needs native-speaker review
v1887,943,پي سي او ايس ۽ هارموني صحت,طرز زندگي جي سنڀال,ڇا ڪوشش ڪرڻ باوجود وزن سان جدوجهد ڪرڻ عام آهي؟,ڪوشش باوجود وزن سان جدوجهد ڪرڻ عام آهي ڇا؟,auto_ok,genuine reword - needs native-speaker review
v1888,943,پي سي او ايس ۽ هارموني صحت,طرز زندگي جي سنڀال,ڇا ڪوشش ڪرڻ باوجود وزن سان جدوجهد ڪرڻ عام آهي؟,محنت هوندي به وزن نه گھٽجي، اهو معمول جي ڳالھ آهي ڇا؟,auto_ok,genuine reword - needs native-speaker review
v1889,944,پي سي او ايس ۽ هارموني صحت,طرز زندگي جي سنڀال,وزن جي بدنامي ڇا آهي ۽ اهو هتي ڇو اهم آهي؟,وزن جي بدنامي (weight stigma) ڇا آهي ۽ اهو ڇو اهم آهي؟,auto_ok,genuine reword - needs native-speaker review
v1890,944,پي سي او ايس ۽ هارموني صحت,طرز زندگي جي سنڀال,وزن جي بدنامي ڇا آهي ۽ اهو هتي ڇو اهم آهي؟,weight stigma جو مطلب ۽ ان جي اهميت ڇا آهي؟,auto_ok,genuine reword - needs native-speaker review
v1891,945,پي سي او ايس ۽ هارموني صحت,طرز زندگي جي سنڀال,ڇا پي سي او ايس منهنجي کائڻ جي عادتن تي اثر انداز ٿي سگهي ٿي؟,PCOS کائڻ جي عادتن تي اثر انداز ٿي سگهي ٿي ڇا؟,auto_ok,genuine reword - needs native-speaker review
v1892,945,پي سي او ايس ۽ هارموني صحت,طرز زندگي جي سنڀال,ڇا پي سي او ايس منهنجي کائڻ جي عادتن تي اثر انداز ٿي سگهي ٿي؟,PCOS سبب کاڌي جي رويي ۾ فرق اچي سگهي ٿو ڇا؟,auto_ok,genuine reword - needs native-speaker review
v1893,946,پي سي او ايس ۽ هارموني صحت,طرز زندگي جي سنڀال,جيڪڏهن مون کي پي سي او ايس آهي ته ڇا مون کي اداسي لاءِ اسڪرين ٿيڻ گھرجي؟,PCOS هجڻ تي اداسي لاءِ اسڪريننگ ضروري آهي ڇا؟,auto_ok,genuine reword - needs native-speaker review
v1894,946,پي سي او ايس ۽ هارموني صحت,طرز زندگي جي سنڀال,جيڪڏهن مون کي پي سي او ايس آهي ته ڇا مون کي اداسي لاءِ اسڪرين ٿيڻ گھرجي؟,PCOS ۾ depression جو ٽيسٽ ڪرائجي ڇا؟,auto_ok,genuine reword - needs native-speaker review
v1895,947,پي سي او ايس ۽ هارموني صحت,طرز زندگي جي سنڀال,جيڪڏهن مزاج جي اسڪريننگ ۾ ڪو مسئلو ملي ته ڇا ٿيندو؟,مزاج جي اسڪريننگ ۾ مسئلو ملي ته ڇا ٿيندو؟,auto_ok,genuine reword - needs native-speaker review
v1896,947,پي سي او ايس ۽ هارموني صحت,طرز زندگي جي سنڀال,جيڪڏهن مزاج جي اسڪريننگ ۾ ڪو مسئلو ملي ته ڇا ٿيندو؟,mood screening ۾ خرابي نظر اچي ته اڳيون قدم ڪهڙو هوندو؟,auto_ok,genuine reword - needs native-speaker review
v1897,948,پي سي او ايس ۽ هارموني صحت,طرز زندگي جي سنڀال,ڇا پي سي او ايس سان پريشاني ۽ اداسي عام آهن؟,PCOS سان پريشاني ۽ اداسي عام آهن ڇا؟,auto_ok,genuine reword - needs native-speaker review
v1898,948,پي سي او ايس ۽ هارموني صحت,طرز زندگي جي سنڀال,ڇا پي سي او ايس سان پريشاني ۽ اداسي عام آهن؟,PCOS ۾ anxiety ۽ depression عام آهن ڇا؟,auto_ok,genuine reword - needs native-speaker review
v1899,949,پي سي او ايس ۽ هارموني صحت,طرز زندگي جي سنڀال,ڇا پي سي او ايس منهنجي پنهنجي جسم بابت محسوس ٿيڻ کي اثر انداز ڪري ٿي؟,PCOS پنهنجي جسم بابت احساس کي اثر انداز ڪري ٿي ڇا؟,auto_ok,genuine reword - needs native-speaker review
v1900,949,پي سي او ايس ۽ هارموني صحت,طرز زندگي جي سنڀال,ڇا پي سي او ايس منهنجي پنهنجي جسم بابت محسوس ٿيڻ کي اثر انداز ڪري ٿي؟,PCOS سبب پنهنجي بدن بابت خيال بدلجي ٿو ڇا؟,auto_ok,genuine reword - needs native-speaker review
v1901,950,پي سي او ايس ۽ هارموني صحت,طرز زندگي جي سنڀال,آءٌ پي سي او ايس پنهنجي خاندان کي ڪيئن سمجهايان؟,PCOS پنهنجي خاندان کي ڪيئن سمجهائجي؟,auto_ok,genuine reword - needs native-speaker review
v1902,950,پي سي او ايس ۽ هارموني صحت,طرز زندگي جي سنڀال,آءٌ پي سي او ايس پنهنجي خاندان کي ڪيئن سمجهايان؟,گھروارن کي PCOS بابت ڪيئن سمجهائجي؟,auto_ok,genuine reword - needs native-speaker review
v1903,951,پي سي او ايس ۽ هارموني صحت,طرز زندگي جي سنڀال,تشخيص ٿيڻ کانپوءِ مون کي ڪيتري ڀيري ڊاڪٽر وٽ وڃڻ جي ضرورت آهي؟,تشخيص کان پوءِ ڪيتري ڀيري ڊاڪٽر وٽ وڃجي؟,auto_ok,genuine reword - needs native-speaker review
v1904,951,پي سي او ايس ۽ هارموني صحت,طرز زندگي جي سنڀال,تشخيص ٿيڻ کانپوءِ مون کي ڪيتري ڀيري ڊاڪٽر وٽ وڃڻ جي ضرورت آهي؟,PCOS جي پڪ بعد follow-up ڪيتري وقفي تي ڪجي؟,auto_ok,genuine reword - needs native-speaker review
v1905,952,پي سي او ايس ۽ هارموني صحت,طرز زندگي جي سنڀال,جيڪڏهن منهنجيون نشانيون هلڪيون آهن ته به ڇا مون کي فالو اپ جي ضرورت آهي؟,هلڪيون نشانيون هجن ته به فالو اپ ضروري آهي ڇا؟,auto_ok,genuine reword - needs native-speaker review
v1906,952,پي سي او ايس ۽ هارموني صحت,طرز زندگي جي سنڀال,جيڪڏهن منهنجيون نشانيون هلڪيون آهن ته به ڇا مون کي فالو اپ جي ضرورت آهي؟,PCOS جون علامتون هلڪيون هجن، تڏهن به follow-up گهرجي ڇا؟,auto_ok,genuine reword - needs native-speaker review
v1907,953,پي سي او ايس ۽ هارموني صحت,طرز زندگي جي سنڀال,ڇا پي سي او ايس جو علاج ٿي سگهي ٿو؟,PCOS جو علاج ٿي سگهي ٿو ڇا؟,auto_ok,genuine reword - needs native-speaker review
v1908,953,پي سي او ايس ۽ هارموني صحت,طرز زندگي جي سنڀال,ڇا پي سي او ايس جو علاج ٿي سگهي ٿو؟,PCOS مڪمل ٺيڪ ٿي سگهي ٿي ڇا؟,auto_ok,genuine reword - needs native-speaker review
v1909,954,پي سي او ايس ۽ هارموني صحت,طرز زندگي جي سنڀال,ڇا منهنجي پي سي او ايس وقت سان گڏ بگڙندي ويندي؟,PCOS وقت سان گڏ بگڙندي ويندي ڇا؟,auto_ok,genuine reword - needs native-speaker review
v1910,954,پي سي او ايس ۽ هارموني صحت,طرز زندگي جي سنڀال,ڇا منهنجي پي سي او ايس وقت سان گڏ بگڙندي ويندي؟,PCOS عمر وڌڻ سان خراب ٿيندي ويندي ڇا؟,auto_ok,genuine reword - needs native-speaker review
v1911,955,پي سي او ايس ۽ هارموني صحت,طرز زندگي جي سنڀال,ڇا نشانيون بهتر ٿيڻ تي مون کي علاج بند ڪري ڏيڻ گھرجي؟,نشانيون بهتر ٿيڻ تي علاج بند ڪري ڏجي ڇا؟,auto_ok,genuine reword - needs native-speaker review
v1912,955,پي سي او ايس ۽ هارموني صحت,طرز زندگي جي سنڀال,ڇا نشانيون بهتر ٿيڻ تي مون کي علاج بند ڪري ڏيڻ گھرجي؟,علامتون گھٽجي وڃن ته دوا ڇڏي ڏجي ڇا؟,auto_ok,genuine reword - needs native-speaker review
v1913,956,پي سي او ايس ۽ هارموني صحت,طرز زندگي جي سنڀال,جيڪڏهن آءٌ حمل جي رٿابندي ڪري رهي آهيان ته مون کي ڇا ڪرڻ گھرجي؟,حمل جي رٿابندي ڪجي ته ڇا ڪجي؟,auto_ok,genuine reword - needs native-speaker review
v1914,956,پي سي او ايس ۽ هارموني صحت,طرز زندگي جي سنڀال,جيڪڏهن آءٌ حمل جي رٿابندي ڪري رهي آهيان ته مون کي ڇا ڪرڻ گھرجي؟,PCOS سان حمل جي پلاننگ ڪرڻ لاءِ ڪهڙو قدم کڻجي؟,auto_ok,genuine reword - needs native-speaker review
v1915,957,پي سي او ايس ۽ هارموني صحت,طرز زندگي جي سنڀال,ڇا آءٌ حامله ٿيڻ جو امڪان بهتر ڪرڻ لاءِ ڪجهه ڪري سگهان ٿي؟,حمل جو امڪان بهتر ڪرڻ لاءِ ڪجهه ڪري سگهجي ٿو ڇا؟,auto_ok,genuine reword - needs native-speaker review
v1916,957,پي سي او ايس ۽ هارموني صحت,طرز زندگي جي سنڀال,ڇا آءٌ حامله ٿيڻ جو امڪان بهتر ڪرڻ لاءِ ڪجهه ڪري سگهان ٿي؟,PCOS سان ٻار ٿيڻ جو چانس وڌائڻ لاءِ ڇا ڪجي؟,auto_ok,genuine reword - needs native-speaker review
v1917,958,پي سي او ايس ۽ هارموني صحت,طرز زندگي جي سنڀال,پي سي او ايس جي سنڀال عام طور تي ڪٿي ٿيڻ گھرجي؟,PCOS جي سنڀال عام طور ڪٿي ٿيڻ گهرجي؟,auto_ok,genuine reword - needs native-speaker review
v1918,958,پي سي او ايس ۽ هارموني صحت,طرز زندگي جي سنڀال,پي سي او ايس جي سنڀال عام طور تي ڪٿي ٿيڻ گھرجي؟,PCOS جو علاج ڪهڙي هنڌ ڪرايو وڃي؟,auto_ok,genuine reword - needs native-speaker review
v1919,959,پي سي او ايس ۽ هارموني صحت,طرز زندگي جي سنڀال,جيڪڏهن منهنجي صحت ڪارڪن کي پي سي او ايس بابت گھڻي ڄاڻ نه هجي ته ڇا ٿيندو؟,صحت ڪارڪن کي PCOS بابت گھٽ ڄاڻ هجي ته ڇا ٿيندو؟,auto_ok,genuine reword - needs native-speaker review
v1920,959,پي سي او ايس ۽ هارموني صحت,طرز زندگي جي سنڀال,جيڪڏهن منهنجي صحت ڪارڪن کي پي سي او ايس بابت گھڻي ڄاڻ نه هجي ته ڇا ٿيندو؟,ڊاڪٽر کي PCOS جي مڪمل ڄاڻ نه هجي ته پوءِ ڇا ڪجي؟,auto_ok,genuine reword - needs native-speaker review
v1921,960,پي سي او ايس ۽ هارموني صحت,طرز زندگي جي سنڀال,ڇا منهنجي علاج بابت فيصلا مون سان گڏ ڪيا وڃڻ گھرجن؟,علاج بابت فيصلا گڏجي ڪجن ڇا؟,auto_ok,genuine reword - needs native-speaker review
v1922,960,پي سي او ايس ۽ هارموني صحت,طرز زندگي جي سنڀال,ڇا منهنجي علاج بابت فيصلا مون سان گڏ ڪيا وڃڻ گھرجن؟,PCOS جي علاج جا فيصلا مريضا سان گڏ ڪيا وڃن ڇا؟,auto_ok,genuine reword - needs native-speaker review
v1923,961,پي سي او ايس ۽ هارموني صحت,طرز زندگي جي سنڀال,ڇا مون کي پنهنجي زبان ۾ پي سي او ايس بابت معلومات ملي سگهي ٿي؟,پنهنجي زبان ۾ PCOS بابت معلومات ملي سگهي ٿي ڇا؟,auto_ok,genuine reword - needs native-speaker review
v1924,961,پي سي او ايس ۽ هارموني صحت,طرز زندگي جي سنڀال,ڇا مون کي پنهنجي زبان ۾ پي سي او ايس بابت معلومات ملي سگهي ٿي؟,مادري زبان ۾ PCOS جي ڄاڻ حاصل ٿي سگهي ٿي ڇا؟,auto_ok,genuine reword - needs native-speaker review
v1925,962,پي سي او ايس ۽ هارموني صحت,طرز زندگي جي سنڀال,ڇا ٺيڪ محسوس ڪرڻ باوجود پي سي او ايس کي سنڀالڻ جو ڪو فائدو آهي؟,ٺيڪ محسوس ٿئي، تڏهن به PCOS سنڀالڻ فائديمند آهي ڇا؟,auto_ok,genuine reword - needs native-speaker review
v1926,962,پي سي او ايس ۽ هارموني صحت,طرز زندگي جي سنڀال,ڇا ٺيڪ محسوس ڪرڻ باوجود پي سي او ايس کي سنڀالڻ جو ڪو فائدو آهي؟,طبيعت سٺي هجي پوءِ به PCOS جي سنڀال ضروري آهي ڇا؟,auto_ok,genuine reword - needs native-speaker review
v1927,963,پي سي او ايس ۽ هارموني صحت,طرز زندگي جي سنڀال,تشخيص کانپوءِ ڪرڻ لاءِ سڀ کان اهم شيون ڪهڙيون آهن؟,تشخيص کان پوءِ ڪرڻ لاءِ سڀ کان اهم شيون ڪهڙيون آهن؟,auto_ok,genuine reword - needs native-speaker review
v1928,963,پي سي او ايس ۽ هارموني صحت,طرز زندگي جي سنڀال,تشخيص کانپوءِ ڪرڻ لاءِ سڀ کان اهم شيون ڪهڙيون آهن؟,PCOS جي پڪ بعد پهريان ڪهڙا قدم کڻجن؟,auto_ok,genuine reword - needs native-speaker review
v1929,964,پي سي او ايس ۽ هارموني صحت,طرز زندگي جي سنڀال,ڇا تماڪ نوشي پي سي او ايس کي وڌيڪ خراب ڪري سگهي ٿي؟,تماڪ نوشي PCOS کي خراب ڪري سگهي ٿي ڇا؟,auto_ok,genuine reword - needs native-speaker review
v1930,964,پي سي او ايس ۽ هارموني صحت,طرز زندگي جي سنڀال,ڇا تماڪ نوشي پي سي او ايس کي وڌيڪ خراب ڪري سگهي ٿي؟,سگريٽ نوشي PCOS جي حالت بگاڙي ٿي ڇا؟,auto_ok,genuine reword - needs native-speaker review
v1931,965,پي سي او ايس ۽ هارموني صحت,طرز زندگي جي سنڀال,پي سي او ايس سان جيئڻ ۾ ڪير منهنجي مدد ڪري سگهي ٿو؟,PCOS سان جيئڻ ۾ ڪير مدد ڪري سگهي ٿو؟,auto_ok,genuine reword - needs native-speaker review
v1932,965,پي سي او ايس ۽ هارموني صحت,طرز زندگي جي سنڀال,پي سي او ايس سان جيئڻ ۾ ڪير منهنجي مدد ڪري سگهي ٿو؟,PCOS واري زندگي گذارڻ ۾ ڪهڙو سهارو ملي سگهي ٿو؟,auto_ok,genuine reword - needs native-speaker review
v1933,966,پي سي او ايس ۽ هارموني صحت,پي سي او ايس ۽ هارمونن بابت غلط فهميون,ڇا اهو صحيح آهي ته پي سي او ايس جو مطلب آهي ته آءٌ ڪڏهن به ٻار ڄڻي نه سگهنديس؟,PCOS جو مطلب اهو آهي ته ڪڏهن به ٻار نه ٿي سگهندا، اهو صحيح آهي ڇا؟,auto_ok,genuine reword - needs native-speaker review
v1934,966,پي سي او ايس ۽ هارموني صحت,پي سي او ايس ۽ هارمونن بابت غلط فهميون,ڇا اهو صحيح آهي ته پي سي او ايس جو مطلب آهي ته آءٌ ڪڏهن به ٻار ڄڻي نه سگهنديس؟,PCOS هجڻ سان اولاد نه ٿيڻ پڪو آهي، اهو خيال درست آهي ڇا؟,auto_ok,genuine reword - needs native-speaker review
v1935,967,پي سي او ايس ۽ هارموني صحت,پي سي او ايس ۽ هارمونن بابت غلط فهميون,ڇا پي سي او ايس گھڻي کنڊ کائڻ سبب ٿئي ٿي؟,PCOS گھڻي کنڊ کائڻ سبب ٿئي ٿي ڇا؟,auto_ok,genuine reword - needs native-speaker review
v1936,967,پي سي او ايس ۽ هارموني صحت,پي سي او ايس ۽ هارمونن بابت غلط فهميون,ڇا پي سي او ايس گھڻي کنڊ کائڻ سبب ٿئي ٿي؟,زياده مٺاڻ کائڻ سان PCOS ٿي ٿو ڇا؟,auto_ok,genuine reword - needs native-speaker review
v1937,968,پي سي او ايس ۽ هارموني صحت,پي سي او ايس ۽ هارمونن بابت غلط فهميون,ڇا پي سي او ايس هڪ سزا آهي يا مون ڪجهه ڪيو آهي جنهن جو نتيجو آهي؟,PCOS هڪ سزا آهي يا پنهنجي ڪنهن غلطي جو نتيجو آهي ڇا؟,auto_ok,genuine reword - needs native-speaker review
v1938,968,پي سي او ايس ۽ هارموني صحت,پي سي او ايس ۽ هارمونن بابت غلط فهميون,ڇا پي سي او ايس هڪ سزا آهي يا مون ڪجهه ڪيو آهي جنهن جو نتيجو آهي؟,PCOS ٿيڻ ۾ پنهنجو ڪو قصور آهي ڇا؟,auto_ok,genuine reword - needs native-speaker review
v1939,969,پي سي او ايس ۽ هارموني صحت,پي سي او ايس ۽ هارمونن بابت غلط فهميون,ڇا پي سي او ايس هڪ ناياب حالت آهي؟,PCOS هڪ ناياب حالت آهي ڇا؟,auto_ok,genuine reword - needs native-speaker review
v1940,969,پي سي او ايس ۽ هارموني صحت,پي سي او ايس ۽ هارمونن بابت غلط فهميون,ڇا پي سي او ايس هڪ ناياب حالت آهي؟,PCOS تمام گھٽ عورتن کي ٿيندي آهي ڇا؟,auto_ok,genuine reword - needs native-speaker review
v1941,970,پي سي او ايس ۽ هارموني صحت,پي سي او ايس ۽ هارمونن بابت غلط فهميون,ڇا صرف موٽيون عورتون پي سي او ايس ۾ مبتلا ٿين ٿيون؟,صرف موٽيون عورتون PCOS ۾ مبتلا ٿين ٿيون ڇا؟,auto_ok,genuine reword - needs native-speaker review
v1942,970,پي سي او ايس ۽ هارموني صحت,پي سي او ايس ۽ هارمونن بابت غلط فهميون,ڇا صرف موٽيون عورتون پي سي او ايس ۾ مبتلا ٿين ٿيون؟,PCOS رڳو وزندار عورتن کي ٿيندي آهي ڇا؟,auto_ok,genuine reword - needs native-speaker review
v1943,971,پي سي او ايس ۽ هارموني صحت,پي سي او ايس ۽ هارمونن بابت غلط فهميون,ڇا وزن گھٽائڻ سان پي سي او ايس ختم ٿي ويندي؟,وزن گھٽائڻ سان PCOS مڪمل ختم ٿي ويندي ڇا؟,auto_ok,genuine reword - needs native-speaker review
v1944,971,پي سي او ايس ۽ هارموني صحت,پي سي او ايس ۽ هارمونن بابت غلط فهميون,ڇا وزن گھٽائڻ سان پي سي او ايس ختم ٿي ويندي؟,صرف وزن گھٽائي PCOS بلڪل ٺيڪ ٿي وڃي ٿي ڇا؟,auto_ok,genuine reword - needs native-speaker review
v1945,972,پي سي او ايس ۽ هارموني صحت,پي سي او ايس ۽ هارمونن بابت غلط فهميون,ڇا شادي ٿيڻ يا ٻار ڄمائڻ پي سي او ايس کي ختم ڪري ٿو؟,شادي ٿيڻ يا ٻار ڄمائڻ PCOS کي ختم ڪري ٿو ڇا؟,auto_ok,genuine reword - needs native-speaker review
v1946,972,پي سي او ايس ۽ هارموني صحت,پي سي او ايس ۽ هارمونن بابت غلط فهميون,ڇا شادي ٿيڻ يا ٻار ڄمائڻ پي سي او ايس کي ختم ڪري ٿو؟,ٻار ٿيڻ بعد PCOS پاڻهي ٺيڪ ٿي وڃي ٿي ڇا؟,auto_ok,genuine reword - needs native-speaker review
v1947,973,پي سي او ايس ۽ هارموني صحت,پي سي او ايس ۽ هارمونن بابت غلط فهميون,ڇا پي سي او ايس صرف سست يا موٽي هجڻ جو بهانو آهي؟,PCOS صرف سست يا موٽي هجڻ جو بهانو آهي ڇا؟,auto_ok,genuine reword - needs native-speaker review
v1948,973,پي سي او ايس ۽ هارموني صحت,پي سي او ايس ۽ هارمونن بابت غلط فهميون,ڇا پي سي او ايس صرف سست يا موٽي هجڻ جو بهانو آهي؟,PCOS رڳو الائي ڪريل بهانو آهي، اهو خيال صحيح آهي ڇا؟,auto_ok,genuine reword - needs native-speaker review
v1949,974,پي سي او ايس ۽ هارموني صحت,پي سي او ايس ۽ هارمونن بابت غلط فهميون,ڇا بي قاعده رت وهڻ صرف عورت هجڻ جو هڪ عام حصو آهي؟,بي قاعده رت وهڻ صرف عورت هجڻ جو عام حصو آهي ڇا؟,auto_ok,genuine reword - needs native-speaker review
v1950,974,پي سي او ايس ۽ هارموني صحت,پي سي او ايس ۽ هارمونن بابت غلط فهميون,ڇا بي قاعده رت وهڻ صرف عورت هجڻ جو هڪ عام حصو آهي؟,irregular bleeding کي عام سمجهي نظرانداز ڪجي ڇا؟,auto_ok,genuine reword - needs native-speaker review
v1951,975,پي سي او ايس ۽ هارموني صحت,پي سي او ايس ۽ هارمونن بابت غلط فهميون,ڇا ماهواري جو سور اهڙي شيءِ آهي جنهن کي سڀ عورتن کي محض سهڻو گھرجي؟,ماهواري جو سور هر عورت کي رڳو سهڻو گھرجي، اهو صحيح آهي ڇا؟,auto_ok,genuine reword - needs native-speaker review
v1952,975,پي سي او ايس ۽ هارموني صحت,پي سي او ايس ۽ هارمونن بابت غلط فهميون,ڇا ماهواري جو سور اهڙي شيءِ آهي جنهن کي سڀ عورتن کي محض سهڻو گھرجي؟,period جو درد چپ ڪري برداشت ڪرڻ ئي واحد حل آهي ڇا؟,auto_ok,genuine reword - needs native-speaker review
v1953,976,پي سي او ايس ۽ هارموني صحت,پي سي او ايس ۽ هارمونن بابت غلط فهميون,ڇا حيض جي باري ۾ ڳالهائڻ کي شرم جي ڳالهه سمجھيو وڃي ٿو؟,حيض بابت ڳالهائڻ شرم جي ڳالھ آهي ڇا؟,auto_ok,genuine reword - needs native-speaker review
v1954,976,پي سي او ايس ۽ هارموني صحت,پي سي او ايس ۽ هارمونن بابت غلط فهميون,ڇا حيض جي باري ۾ ڳالهائڻ کي شرم جي ڳالهه سمجھيو وڃي ٿو؟,period تي ڳالھ ٻولھ ڪرڻ عيب سمجهيو وڃي ٿو ڇا؟,auto_ok,genuine reword - needs native-speaker review
v1955,977,پي سي او ايس ۽ هارموني صحت,پي سي او ايس ۽ هارمونن بابت غلط فهميون,ڇا پي سي او ايس ۾ بيضه دان جا رسولا خطرناڪ واڌ آهن؟,PCOS ۾ بيضه دان جا رسولا خطرناڪ واڌ آهن ڇا؟,auto_ok,genuine reword - needs native-speaker review
v1956,977,پي سي او ايس ۽ هارموني صحت,پي سي او ايس ۽ هارمونن بابت غلط فهميون,ڇا پي سي او ايس ۾ بيضه دان جا رسولا خطرناڪ واڌ آهن؟,PCOS ۾ ovarian cysts ڪينسر واري گانٺ آهن ڇا؟,auto_ok,genuine reword - needs native-speaker review
v1957,978,پي سي او ايس ۽ هارموني صحت,پي سي او ايس ۽ هارمونن بابت غلط فهميون,ڇا پي سي او ايس لاءِ هميشه آپريشن جي ضرورت آهي؟,PCOS لاءِ هميشه آپريشن ضروري آهي ڇا؟,auto_ok,genuine reword - needs native-speaker review
v1958,978,پي سي او ايس ۽ هارموني صحت,پي سي او ايس ۽ هارمونن بابت غلط فهميون,ڇا پي سي او ايس لاءِ هميشه آپريشن جي ضرورت آهي؟,PCOS جو علاج سرجري کان سواءِ ٿي سگهي ٿو ڇا؟,auto_ok,genuine reword - needs native-speaker review
v1959,979,پي سي او ايس ۽ هارموني صحت,پي سي او ايس ۽ هارمونن بابت غلط فهميون,ڇا جڙي ٻوٽين وارا نسخا پي سي او ايس کي علاج ڪري سگهن ٿا؟,جڙي ٻوٽين وارا نسخا PCOS جو علاج ڪري سگهن ٿا ڇا؟,auto_ok,genuine reword - needs native-speaker review
v1960,979,پي سي او ايس ۽ هارموني صحت,پي سي او ايس ۽ هارمونن بابت غلط فهميون,ڇا جڙي ٻوٽين وارا نسخا پي سي او ايس کي علاج ڪري سگهن ٿا؟,herbal totkay سان PCOS مڪمل ٺيڪ ٿي سگهي ٿي ڇا؟,auto_ok,genuine reword - needs native-speaker review
v1961,980,پي سي او ايس ۽ هارموني صحت,پي سي او ايس ۽ هارمونن بابت غلط فهميون,ڇا مون کي اها دوا کائڻ گھرجي جيڪا منهنجي سهيلي جي پي سي او ايس ۾ مدد ڪئي هئي؟,سهيلي جي PCOS ۾ مدد ڪندڙ دوا پاڻ به کائجي ڇا؟,auto_ok,genuine reword - needs native-speaker review
v1962,980,پي سي او ايس ۽ هارموني صحت,پي سي او ايس ۽ هارمونن بابت غلط فهميون,ڇا مون کي اها دوا کائڻ گھرجي جيڪا منهنجي سهيلي جي پي سي او ايس ۾ مدد ڪئي هئي؟,ٻئي جي لاءِ اثرائتي دوا خود استعمال ڪرڻ ٺيڪ آهي ڇا؟,auto_ok,genuine reword - needs native-speaker review
v1963,981,پي سي او ايس ۽ هارموني صحت,پي سي او ايس ۽ هارمونن بابت غلط فهميون,ڇا پي سي او ايس لاءِ مانع حمل گوريون کائڻ بعد ۾ اولاد ۾ رڪاوٽ آڻي ٿي؟,مانع حمل گوريون کائڻ بعد اولاد ۾ رڪاوٽ اچي ٿي ڇا؟,auto_ok,genuine reword - needs native-speaker review
v1964,981,پي سي او ايس ۽ هارموني صحت,پي سي او ايس ۽ هارمونن بابت غلط فهميون,ڇا پي سي او ايس لاءِ مانع حمل گوريون کائڻ بعد ۾ اولاد ۾ رڪاوٽ آڻي ٿي؟,birth control tablets ڇڏڻ بعد به حمل ۾ مشڪل رهي ٿي ڇا؟,auto_ok,genuine reword - needs native-speaker review
v1965,982,پي سي او ايس ۽ هارموني صحت,پي سي او ايس ۽ هارمونن بابت غلط فهميون,جيڪڏهن منهنجي ماهواري ايندي رهي ته ڇا ان جو مطلب آهي ته منهنجي پي سي او ايس ختم ٿي وئي آهي؟,ماهواري ايندي رهي ته PCOS ختم ٿي وئي، اهو صحيح آهي ڇا؟,auto_ok,genuine reword - needs native-speaker review
v1966,982,پي سي او ايس ۽ هارموني صحت,پي سي او ايس ۽ هارمونن بابت غلط فهميون,جيڪڏهن منهنجي ماهواري ايندي رهي ته ڇا ان جو مطلب آهي ته منهنجي پي سي او ايس ختم ٿي وئي آهي؟,period وقت تي اچڻ لڳي ته PCOS به ختم ٿي وئي سمجهجي ڇا؟,auto_ok,genuine reword - needs native-speaker review
v1967,983,پي سي او ايس ۽ هارموني صحت,پي سي او ايس ۽ هارمونن بابت غلط فهميون,ڇا بي قاعده ماهواري رکندڙ هر ڪنهن کي پي سي او ايس آهي؟,بي قاعده ماهواري رکندڙ هر ڪنهن کي PCOS آهي ڇا؟,auto_ok,genuine reword - needs native-speaker review
v1968,983,پي سي او ايس ۽ هارموني صحت,پي سي او ايس ۽ هارمونن بابت غلط فهميون,ڇا بي قاعده ماهواري رکندڙ هر ڪنهن کي پي سي او ايس آهي؟,هر irregular period واري عورت کي PCOS ئي هوندي ڇا؟,auto_ok,genuine reword - needs native-speaker review
v1969,984,پي سي او ايس ۽ هارموني صحت,پي سي او ايس ۽ هارمونن بابت غلط فهميون,ڇا آءٌ انٽرنيٽ تان نشانين کان پنهنجو پي سي او ايس پاڻ تشخيص ڪري سگهان ٿي؟,انٽرنيٽ تان نشانين ڏسي پاڻ PCOS تشخيص ڪري سگهجي ٿو ڇا؟,auto_ok,genuine reword - needs native-speaker review
v1970,984,پي سي او ايس ۽ هارموني صحت,پي سي او ايس ۽ هارمونن بابت غلط فهميون,ڇا آءٌ انٽرنيٽ تان نشانين کان پنهنجو پي سي او ايس پاڻ تشخيص ڪري سگهان ٿي؟,گوگل تان پڙهي پاڻ کي PCOS جو مريض سمجھي وٺجي ڇا؟,auto_ok,genuine reword - needs native-speaker review
v1971,985,پي سي او ايس ۽ هارموني صحت,پي سي او ايس ۽ هارمونن بابت غلط فهميون,ڇا پي سي او ايس فقط انهن عورتن لاءِ مسئلو آهي جيڪي ٻار چاهين ٿيون؟,PCOS فقط انهن لاءِ مسئلو آهي جيڪي ٻار چاهين ٿيون ڇا؟,auto_ok,genuine reword - needs native-speaker review
v1972,985,پي سي او ايس ۽ هارموني صحت,پي سي او ايس ۽ هارمونن بابت غلط فهميون,ڇا پي سي او ايس فقط انهن عورتن لاءِ مسئلو آهي جيڪي ٻار چاهين ٿيون؟,PCOS رڳو اولاد گھرندڙ عورتن جو مسئلو آهي ڇا؟,auto_ok,genuine reword - needs native-speaker review
v1973,986,پي سي او ايس ۽ هارموني صحت,پي سي او ايس ۽ هارمونن بابت غلط فهميون,ڇا منهن جا وار هجڻ جو مطلب آهي ته عورت ناسازگار آهي؟,منهن جا وار هجڻ جو مطلب عورت ناسازگار آهي ڇا؟,auto_ok,genuine reword - needs native-speaker review
v1974,986,پي سي او ايس ۽ هارموني صحت,پي سي او ايس ۽ هارمونن بابت غلط فهميون,ڇا منهن جا وار هجڻ جو مطلب آهي ته عورت ناسازگار آهي؟,چهري تي وار هجڻ سان ڪا خامي ظاهر ٿئي ٿي ڇا؟,auto_ok,genuine reword - needs native-speaker review
v1975,987,پي سي او ايس ۽ هارموني صحت,پي سي او ايس ۽ هارمونن بابت غلط فهميون,ڇا مهاسا خراب صفائي سبب ٿين ٿا؟,مهاسا خراب صفائي سبب ٿين ٿا ڇا؟,auto_ok,genuine reword - needs native-speaker review
v1976,987,پي سي او ايس ۽ هارموني صحت,پي سي او ايس ۽ هارمونن بابت غلط فهميون,ڇا مهاسا خراب صفائي سبب ٿين ٿا؟,acne صرف صفائي نه رکڻ سبب اچي ٿي ڇا؟,auto_ok,genuine reword - needs native-speaker review
v1977,988,پي سي او ايس ۽ هارموني صحت,پي سي او ايس ۽ هارمونن بابت غلط فهميون,ڇا خون جي کوٽ فقط ڪمزوري آهي جيڪا عورتن کي رکڻي گھرجي؟,خون جي کوٽ صرف ڪمزوري آهي جيڪا عورتن کي رکڻي گهرجي ڇا؟,auto_ok,genuine reword - needs native-speaker review
v1978,988,پي سي او ايس ۽ هارموني صحت,پي سي او ايس ۽ هارمونن بابت غلط فهميون,ڇا خون جي کوٽ فقط ڪمزوري آهي جيڪا عورتن کي رکڻي گھرجي؟,anemia کي عام ڪمزوري سمجهي نظرانداز ڪجي ڇا؟,auto_ok,genuine reword - needs native-speaker review
v1979,989,پي سي او ايس ۽ هارموني صحت,پي سي او ايس ۽ هارمونن بابت غلط فهميون,ڇا مون کي منهنجا هارمون چيڪ ٿيڻ کان اڳ شادي ٿيل هجڻ گھرجي؟,هارمون چيڪ ٿيڻ کان اڳ شادي ٿيل هجڻ ضروري آهي ڇا؟,auto_ok,genuine reword - needs native-speaker review
v1980,989,پي سي او ايس ۽ هارموني صحت,پي سي او ايس ۽ هارمونن بابت غلط فهميون,ڇا مون کي منهنجا هارمون چيڪ ٿيڻ کان اڳ شادي ٿيل هجڻ گھرجي؟,غير شادي شده هجي ته به hormone test ٿي سگهي ٿو ڇا؟,auto_ok,genuine reword - needs native-speaker review
v1981,990,پي سي او ايس ۽ هارموني صحت,پي سي او ايس ۽ هارمونن بابت غلط فهميون,ڇا جيڪڏهن مون کي سالن کان نشانيون آهن ته پوءِ به تشخيص ٿيڻ ۾ دير ٿي وئي آهي؟,سالن کان نشانيون هجن ته تشخيص ۾ دير ٿي وئي، اهو صحيح آهي ڇا؟,auto_ok,genuine reword - needs native-speaker review
v1982,990,پي سي او ايس ۽ هارموني صحت,پي سي او ايس ۽ هارمونن بابت غلط فهميون,ڇا جيڪڏهن مون کي سالن کان نشانيون آهن ته پوءِ به تشخيص ٿيڻ ۾ دير ٿي وئي آهي؟,گھڻو ماهواري علامتون هجن، ان بعد تشخيص ڪرائجي ته دير ٿي وڃي ٿي ڇا؟,auto_ok,genuine reword - needs native-speaker review
v1983,991,پي سي او ايس ۽ هارموني صحت,پي سي او ايس ۽ هارمونن بابت غلط فهميون,ڇا اڪيلو اسڪين مون کي ٻڌائي سگهي ٿو ته مون کي پي سي او ايس آهي؟,اڪيلو اسڪين PCOS ٻڌائي سگهي ٿو ڇا؟,auto_ok,genuine reword - needs native-speaker review
v1984,991,پي سي او ايس ۽ هارموني صحت,پي سي او ايس ۽ هارمونن بابت غلط فهميون,ڇا اڪيلو اسڪين مون کي ٻڌائي سگهي ٿو ته مون کي پي سي او ايس آهي؟,صرف ultrasound سان PCOS جي پڪ ٿي سگهي ٿي ڇا؟,auto_ok,genuine reword - needs native-speaker review
v1985,992,پي سي او ايس ۽ هارموني صحت,پي سي او ايس ۽ هارمونن بابت غلط فهميون,ڇا منهنجي نوجوان ڌيءَ کي پي سي او ايس چيڪ ڪرڻ لاءِ اسڪين ڪرائڻ گھرجي؟,نوجوان ڌيءَ کي PCOS چيڪ ڪرڻ لاءِ اسڪين ڪرائجي ڇا؟,auto_ok,genuine reword - needs native-speaker review
v1986,992,پي سي او ايس ۽ هارموني صحت,پي سي او ايس ۽ هارمونن بابت غلط فهميون,ڇا منهنجي نوجوان ڌيءَ کي پي سي او ايس چيڪ ڪرڻ لاءِ اسڪين ڪرائڻ گھرجي؟,ٽينز ڌيءَ کي PCOS لاءِ الٽراسائونڊ ضروري آهي ڇا؟,auto_ok,genuine reword - needs native-speaker review
v1987,993,پي سي او ايس ۽ هارموني صحت,پي سي او ايس ۽ هارمونن بابت غلط فهميون,ڇا اهو عام آهي ته شروع ٿيڻ کانپوءِ سالن تائين چڪر بي قاعده رهن؟,شروع ٿيڻ بعد سالن تائين چڪر بي قاعده رهڻ عام آهي ڇا؟,auto_ok,genuine reword - needs native-speaker review
v1988,993,پي سي او ايس ۽ هارموني صحت,پي سي او ايس ۽ هارمونن بابت غلط فهميون,ڇا اهو عام آهي ته شروع ٿيڻ کانپوءِ سالن تائين چڪر بي قاعده رهن؟,پهرين ماهواري کان پوءِ سالن تائين period irregular رهي، اهو معمول آهي ڇا؟,auto_ok,genuine reword - needs native-speaker review
v1989,994,پي سي او ايس ۽ هارموني صحت,پي سي او ايس ۽ هارمونن بابت غلط فهميون,ڇا اڪيلو ذهني دٻاءُ پي سي او ايس جو سبب بڻجي ٿو؟,اڪيلو ذهني دٻاءُ PCOS جو سبب بڻجي ٿو ڇا؟,auto_ok,genuine reword - needs native-speaker review
v1990,994,پي سي او ايس ۽ هارموني صحت,پي سي او ايس ۽ هارمونن بابت غلط فهميون,ڇا اڪيلو ذهني دٻاءُ پي سي او ايس جو سبب بڻجي ٿو؟,صرف stress سبب PCOS ٿي سگهي ٿي ڇا؟,auto_ok,genuine reword - needs native-speaker review
v1991,995,پي سي او ايس ۽ هارموني صحت,پي سي او ايس ۽ هارمونن بابت غلط فهميون,ڇا پي سي او ايس منهنجي ٻارن ڏانهن منتقل ٿي سگهي ٿي؟,PCOS پنهنجن ٻارن ڏانهن منتقل ٿي سگهي ٿي ڇا؟,auto_ok,genuine reword - needs native-speaker review
v1992,995,پي سي او ايس ۽ هارموني صحت,پي سي او ايس ۽ هارمونن بابت غلط فهميون,ڇا پي سي او ايس منهنجي ٻارن ڏانهن منتقل ٿي سگهي ٿي؟,PCOS ماءُ کان ڌيءَ ڏانهن وراثت ۾ اچي سگهي ٿي ڇا؟,auto_ok,genuine reword - needs native-speaker review
v1993,996,پي سي او ايس ۽ هارموني صحت,پي سي او ايس ۽ هارمونن بابت غلط فهميون,ڇا پي سي او ايس ۾ پريشاني ۽ اداسي فقط منهنجي ذهن ۾ آهن؟,PCOS ۾ پريشاني ۽ اداسي فقط ذهن ۾ آهن ڇا؟,auto_ok,genuine reword - needs native-speaker review
v1994,996,پي سي او ايس ۽ هارموني صحت,پي سي او ايس ۽ هارمونن بابت غلط فهميون,ڇا پي سي او ايس ۾ پريشاني ۽ اداسي فقط منهنجي ذهن ۾ آهن؟,PCOS جي anxiety ۽ depression صرف خيالي شيون آهن ڇا؟,auto_ok,genuine reword - needs native-speaker review
v1995,997,پي سي او ايس ۽ هارموني صحت,پي سي او ايس ۽ هارمونن بابت غلط فهميون,ڇا پي سي او ايس هجڻ جو مطلب آهي ته مون کي پڪ سان ٻچيدان جو سرطان ٿيندو؟,PCOS هجڻ جو مطلب پڪ سان ٻچيدان جو سرطان ٿيندو ڇا؟,auto_ok,genuine reword - needs native-speaker review
v1996,997,پي سي او ايس ۽ هارموني صحت,پي سي او ايس ۽ هارمونن بابت غلط فهميون,ڇا پي سي او ايس هجڻ جو مطلب آهي ته مون کي پڪ سان ٻچيدان جو سرطان ٿيندو؟,PCOS سان uterine cancer پڪو ٿي ويندو ڇا؟,auto_ok,genuine reword - needs native-speaker review
v1997,998,پي سي او ايس ۽ هارموني صحت,پي سي او ايس ۽ هارمونن بابت غلط فهميون,ڇا صحت مرڪز وڃڻ بيڪار آهي ڇاڪاڻ ته ڪجهه به نٿو ڪري سگهجي؟,صحت مرڪز وڃڻ بيڪار آهي ڇاڪاڻ ته ڪجهه ٿي نٿو سگهي، اهو صحيح آهي ڇا؟,auto_ok,genuine reword - needs native-speaker review
v1998,998,پي سي او ايس ۽ هارموني صحت,پي سي او ايس ۽ هارمونن بابت غلط فهميون,ڇا صحت مرڪز وڃڻ بيڪار آهي ڇاڪاڻ ته ڪجهه به نٿو ڪري سگهجي؟,PCOS ۾ ڊاڪٽر وٽ وڃڻ فضول آهي، اهو خيال درست آهي ڇا؟,auto_ok,genuine reword - needs native-speaker review
v1999,999,پي سي او ايس ۽ هارموني صحت,پي سي او ايس ۽ هارمونن بابت غلط فهميون,ڇا پي سي او ايس اهڙي شيءِ آهي جنهن کي مون کي اڪيلي منهن ڏيڻو آهي؟,PCOS اهڙي شيءِ آهي جنهن کي اڪيل منهن ڏيڻو آهي ڇا؟,auto_ok,genuine reword - needs native-speaker review
v2000,999,پي سي او ايس ۽ هارموني صحت,پي سي او ايس ۽ هارمونن بابت غلط فهميون,ڇا پي سي او ايس اهڙي شيءِ آهي جنهن کي مون کي اڪيلي منهن ڏيڻو آهي؟,PCOS جو مقابلو اڪيل ئي ڪرڻو پوندو، اهو صحيح آهي ڇا؟,auto_ok,genuine reword - needs native-speaker review
v2001,1000,عورتن جي غذائيت ۽ صحت,متوازن غذا ۽ صحتمند کاڌو,عورتن لاء متوازن غذا جو مطلب ڇا آهي؟,عورتن لاءِ متوازن غذا جو مطلب ڪهڙو آهي؟,auto_ok,genuine reword - needs native-speaker review
v2002,1000,عورتن جي غذائيت ۽ صحت,متوازن غذا ۽ صحتمند کاڌو,عورتن لاء متوازن غذا جو مطلب ڇا آهي؟,balanced diet عورتن لاءِ ڇا معنيٰ رکي ٿي؟,auto_ok,genuine reword - needs native-speaker review
v2003,1001,عورتن جي غذائيت ۽ صحت,متوازن غذا ۽ صحتمند کاڌو,عورت جي غذا ۾ ميون ۽ ڀاڄيون ڇو اهم آهن؟,عورت جي غذا ۾ ميوا ۽ ڀاڄيون ڇو اهم آهن؟,auto_ok,genuine reword - needs native-speaker review
v2004,1001,عورتن جي غذائيت ۽ صحت,متوازن غذا ۽ صحتمند کاڌو,عورت جي غذا ۾ ميون ۽ ڀاڄيون ڇو اهم آهن؟,fruits ۽ vegetables عورت جي خوراڪ لاءِ ڪيترا ضروري آهن؟,auto_ok,genuine reword - needs native-speaker review
v2005,1002,عورتن جي غذائيت ۽ صحت,متوازن غذا ۽ صحتمند کاڌو,روزانه ميون ۽ ڀاڄين جا ڪيترا سرونگ سفارش ڪيا ويا آهن؟,روزانو ميون ۽ ڀاڄين جا ڪيترا سرونگ سفارش ڪيا ويا آهن؟,auto_ok,genuine reword - needs native-speaker review
v2006,1002,عورتن جي غذائيت ۽ صحت,متوازن غذا ۽ صحتمند کاڌو,روزانه ميون ۽ ڀاڄين جا ڪيترا سرونگ سفارش ڪيا ويا آهن؟,هر ڏينهن فروٽ ۽ سبزي جا ڪيترا حصا کائجن؟,auto_ok,genuine reword - needs native-speaker review
v2007,1003,عورتن جي غذائيت ۽ صحت,متوازن غذا ۽ صحتمند کاڌو,سڪل اناج جي ڀيٽ ۾ سڄو اناج ڇو سفارش ڪئي وئي آهي؟,سڪل اناج جي ڀيٽ ۾ سڄو اناج ڇو بهتر آهي؟,auto_ok,genuine reword - needs native-speaker review
v2008,1003,عورتن جي غذائيت ۽ صحت,متوازن غذا ۽ صحتمند کاڌو,سڪل اناج جي ڀيٽ ۾ سڄو اناج ڇو سفارش ڪئي وئي آهي؟,whole grain کي refined grain کان بهتر ڇو سمجهيو وڃي ٿو؟,auto_ok,genuine reword - needs native-speaker review
v2009,1004,عورتن جي غذائيت ۽ صحت,متوازن غذا ۽ صحتمند کاڌو,مائي پليٽ ڇا آهي ۽ اهو ڪيئن صحتمند خوراڪ جي رهنمائي ڪري سگهي ٿو؟,مائي پليٽ (MyPlate) ڇا آهي ۽ ان سان ڪيئن رهنمائي ملي ٿي؟,auto_ok,genuine reword - needs native-speaker review
v2010,1004,عورتن جي غذائيت ۽ صحت,متوازن غذا ۽ صحتمند کاڌو,مائي پليٽ ڇا آهي ۽ اهو ڪيئن صحتمند خوراڪ جي رهنمائي ڪري سگهي ٿو؟,MyPlate جو تصور صحتمند کاڌي ۾ ڪيئن مدد ڪري ٿو؟,auto_ok,genuine reword - needs native-speaker review
v2011,1005,عورتن جي غذائيت ۽ صحت,متوازن غذا ۽ صحتمند کاڌو,ڪيئن حصو ڪنٽرول هڪ متوازن غذا جي حمايت ڪري سگهي ٿو؟,حصو ڪنٽرول متوازن غذا ۾ ڪيئن مدد ڪري ٿو؟,auto_ok,genuine reword - needs native-speaker review
v2012,1005,عورتن جي غذائيت ۽ صحت,متوازن غذا ۽ صحتمند کاڌو,ڪيئن حصو ڪنٽرول هڪ متوازن غذا جي حمايت ڪري سگهي ٿو؟,portion control کاڌي کي متوازن رکڻ ۾ ڪيئن فائديمند آهي؟,auto_ok,genuine reword - needs native-speaker review
v2013,1006,عورتن جي غذائيت ۽ صحت,متوازن غذا ۽ صحتمند کاڌو,هڪ صحتمند غذا ۾ مختلف قسم جي اهميت ڇو آهي؟,صحتمند غذا ۾ تنوع (variety) ڇو اهم آهي؟,auto_ok,genuine reword - needs native-speaker review
v2014,1006,عورتن جي غذائيت ۽ صحت,متوازن غذا ۽ صحتمند کاڌو,هڪ صحتمند غذا ۾ مختلف قسم جي اهميت ڇو آهي؟,کاڌي ۾ مختلف قسمون شامل ڪرڻ ڇو ضروري آهي؟,auto_ok,genuine reword - needs native-speaker review
v2015,1007,عورتن جي غذائيت ۽ صحت,متوازن غذا ۽ صحتمند کاڌو,ڀاڄيون بيماري جي روڪٿام ۾ ڪهڙو ڪردار ادا ڪن ٿيون؟,ڀاڄيون بيماري روڪڻ ۾ ڪهڙو ڪردار ادا ڪن ٿيون؟,auto_ok,genuine reword - needs native-speaker review
v2016,1007,عورتن جي غذائيت ۽ صحت,متوازن غذا ۽ صحتمند کاڌو,ڀاڄيون بيماري جي روڪٿام ۾ ڪهڙو ڪردار ادا ڪن ٿيون؟,سبزيون بيماريءَ کان بچاءُ ۾ ڪيئن مددگار آهن؟,auto_ok,genuine reword - needs native-speaker review
v2017,1008,عورتن جي غذائيت ۽ صحت,متوازن غذا ۽ صحتمند کاڌو,عورتون ڪيئن کاڌن ۾ وڌيڪ ڀاڄيون شامل ڪري سگهن ٿيون؟,عورتون کاڌي ۾ وڌيڪ ڀاڄيون ڪيئن شامل ڪري سگهن ٿيون؟,auto_ok,genuine reword - needs native-speaker review
v2018,1008,عورتن جي غذائيت ۽ صحت,متوازن غذا ۽ صحتمند کاڌو,عورتون ڪيئن کاڌن ۾ وڌيڪ ڀاڄيون شامل ڪري سگهن ٿيون؟,روزمره جي کاڌي ۾ سبزين جو حصو ڪيئن وڌايو وڃي؟,auto_ok,genuine reword - needs native-speaker review
v2019,1009,عورتن جي غذائيت ۽ صحت,متوازن غذا ۽ صحتمند کاڌو,سڄو اناج کاڌي جا مثال ڇا آهن؟,whole grain foods جون مثالون ڪهڙيون آهن؟,auto_ok,genuine reword - needs native-speaker review
v2020,1009,عورتن جي غذائيت ۽ صحت,متوازن غذا ۽ صحتمند کاڌو,سڄو اناج کاڌي جا مثال ڇا آهن؟,whole grain foods جون مثالون ڪهڙيون آهن؟,auto_ok,genuine reword - needs native-speaker review
v2021,1010,عورتن جي غذائيت ۽ صحت,متوازن غذا ۽ صحتمند کاڌو,پروسيس ٿيل کاڌو محدود ڇو هجڻ گهرجي؟,پروسيس ٿيل کاڌو محدود ڇو رکجي؟,auto_ok,genuine reword - needs native-speaker review
v2022,1010,عورتن جي غذائيت ۽ صحت,متوازن غذا ۽ صحتمند کاڌو,پروسيس ٿيل کاڌو محدود ڇو هجڻ گهرجي؟,processed food گھٽ ڇو کائجي؟,auto_ok,genuine reword - needs native-speaker review
v2023,1011,عورتن جي غذائيت ۽ صحت,متوازن غذا ۽ صحتمند کاڌو,شامل ڪيل کنڊ مجموعي صحت کي ڪيئن متاثر ڪري ٿو؟,شامل ڪيل کنڊ مجموعي صحت کي ڪيئن متاثر ڪري ٿي؟,auto_ok,genuine reword - needs native-speaker review
v2024,1011,عورتن جي غذائيت ۽ صحت,متوازن غذا ۽ صحتمند کاڌو,شامل ڪيل کنڊ مجموعي صحت کي ڪيئن متاثر ڪري ٿو؟,added sugar جسم جي صحت تي ڪهڙو اثر وجهي ٿي؟,auto_ok,genuine reword - needs native-speaker review
v2025,1012,عورتن جي غذائيت ۽ صحت,متوازن غذا ۽ صحتمند کاڌو,غذائيت جي ليبل پڙهڻ ڇو مددگار آهي؟,غذائيت جي ليبل پڙهڻ ڪيئن مددگار آهي؟,auto_ok,genuine reword - needs native-speaker review
v2026,1012,عورتن جي غذائيت ۽ صحت,متوازن غذا ۽ صحتمند کاڌو,غذائيت جي ليبل پڙهڻ ڇو مددگار آهي؟,nutrition label پڙهڻ سان ڪهڙو فائدو ٿئي ٿو؟,auto_ok,genuine reword - needs native-speaker review
v2027,1013,عورتن جي غذائيت ۽ صحت,متوازن غذا ۽ صحتمند کاڌو,بالغن لاءِ سفارش ڪيل روزاني سوڊيم ڇا آهي؟,بالغن لاءِ سفارش ڪيل روزانو سوڊيم ڪيترو آهي؟,auto_ok,genuine reword - needs native-speaker review
v2028,1013,عورتن جي غذائيت ۽ صحت,متوازن غذا ۽ صحتمند کاڌو,بالغن لاءِ سفارش ڪيل روزاني سوڊيم ڇا آهي؟,وڏن ماڻهن لاءِ نمڪ جي روزانو مقدار ڪيتري هجڻ گهرجي؟,auto_ok,genuine reword - needs native-speaker review
v2029,1014,عورتن جي غذائيت ۽ صحت,متوازن غذا ۽ صحتمند کاڌو,کاڌي جي منصوبابندي ڪيئن صحتمند خوراڪ جي عادتن جي مدد ڪري سگھي ٿي؟,کاڌي جي منصوبابندي صحتمند عادتن ۾ ڪيئن مدد ڏئي ٿي؟,auto_ok,genuine reword - needs native-speaker review
v2030,1014,عورتن جي غذائيت ۽ صحت,متوازن غذا ۽ صحتمند کاڌو,کاڌي جي منصوبابندي ڪيئن صحتمند خوراڪ جي عادتن جي مدد ڪري سگھي ٿي؟,meal planning سان صحتمند کائڻ ۾ ڪيئن فائدو ٿئي ٿو؟,auto_ok,genuine reword - needs native-speaker review
v2031,1015,عورتن جي غذائيت ۽ صحت,متوازن غذا ۽ صحتمند کاڌو,ناشتو اڪثر روزاني غذائيت لاءِ اهم ڇو سمجهيو ويندو آهي؟,ناشتو روزاني غذائيت لاءِ اهم ڇو سمجهيو ويندو آهي؟,auto_ok,genuine reword - needs native-speaker review
v2032,1015,عورتن جي غذائيت ۽ صحت,متوازن غذا ۽ صحتمند کاڌو,ناشتو اڪثر روزاني غذائيت لاءِ اهم ڇو سمجهيو ويندو آهي؟,صبح جو ناشتو ايترو ضروري ڇو آهي؟,auto_ok,genuine reword - needs native-speaker review
v2033,1016,عورتن جي غذائيت ۽ صحت,متوازن غذا ۽ صحتمند کاڌو,ڇا صحتمند کائڻ جون عادتون محدود بجيٽ تي برقرار رکي سگهجن ٿيون؟,صحتمند کائڻ جون عادتون محدود بجيٽ تي رکي سگهجن ٿيون ڇا؟,auto_ok,genuine reword - needs native-speaker review
v2034,1016,عورتن جي غذائيت ۽ صحت,متوازن غذا ۽ صحتمند کاڌو,ڇا صحتمند کائڻ جون عادتون محدود بجيٽ تي برقرار رکي سگهجن ٿيون؟,گھٽ خرچ ۾ به صحتمند کاڌو ممڪن آهي ڇا؟,auto_ok,genuine reword - needs native-speaker review
v2035,1017,عورتن جي غذائيت ۽ صحت,متوازن غذا ۽ صحتمند کاڌو,ڇو غذائي هدايتون سنتر ٿيل چربی کي محدود ڪرڻ جي صلاح ڏين ٿا؟,غذائي هدايتون سنتر ٿيل چربی گھٽائڻ جي صلاح ڇو ڏين ٿيون؟,auto_ok,genuine reword - needs native-speaker review
v2036,1017,عورتن جي غذائيت ۽ صحت,متوازن غذا ۽ صحتمند کاڌو,ڇو غذائي هدايتون سنتر ٿيل چربی کي محدود ڪرڻ جي صلاح ڏين ٿا؟,saturated fat گھٽ کائڻ جي صلاح ڇو ڏني ويندي آهي؟,auto_ok,genuine reword - needs native-speaker review
v2037,1018,عورتن جي غذائيت ۽ صحت,متوازن غذا ۽ صحتمند کاڌو,هڪ متوازن غذا ۾ دالون جو ڪردار ڇا آهي؟,متوازن غذا ۾ دالن جو ڪردار ڇا آهي؟,auto_ok,genuine reword - needs native-speaker review
v2038,1018,عورتن جي غذائيت ۽ صحت,متوازن غذا ۽ صحتمند کاڌو,هڪ متوازن غذا ۾ دالون جو ڪردار ڇا آهي؟,دالون balanced diet ۾ ڪيترو اهم حصو رکن ٿيون؟,auto_ok,genuine reword - needs native-speaker review
v2039,1019,عورتن جي غذائيت ۽ صحت,متوازن غذا ۽ صحتمند کاڌو,عورتون کاڌي ۾ متوازن پليٽ ڪيئن ٺاهي سگهن ٿيون؟,عورتون پنهنجي پليٽ کي متوازن ڪيئن ٺاهي سگهن ٿيون؟,auto_ok,genuine reword - needs native-speaker review
v2040,1019,عورتن جي غذائيت ۽ صحت,متوازن غذا ۽ صحتمند کاڌو,عورتون کاڌي ۾ متوازن پليٽ ڪيئن ٺاهي سگهن ٿيون؟,کاڌي جي هڪ پليٽ کي balanced ڪيئن بنائجي؟,auto_ok,genuine reword - needs native-speaker review
v2041,1020,عورتن جي غذائيت ۽ صحت,متوازن غذا ۽ صحتمند کاڌو,الٽرا پروسيس ٿيل خوراڪ کي محدود ڪرڻ جي سفارش ڇو ڪئي وئي آهي؟,الٽرا پروسيس ٿيل خوراڪ محدود ڪرڻ جي صلاح ڇو ڏني وڃي ٿي؟,auto_ok,genuine reword - needs native-speaker review
v2042,1020,عورتن جي غذائيت ۽ صحت,متوازن غذا ۽ صحتمند کاڌو,الٽرا پروسيس ٿيل خوراڪ کي محدود ڪرڻ جي سفارش ڇو ڪئي وئي آهي؟,ultra-processed food گھٽ کائڻ جي وجہ ڇا آهي؟,auto_ok,genuine reword - needs native-speaker review
v2043,1021,عورتن جي غذائيت ۽ صحت,متوازن غذا ۽ صحتمند کاڌو,عورتن لاء صحتمند ناشتي جا اختيار ڇا آهن؟,عورتن لاءِ صحتمند ناشتي جا اختيار ڪهڙا آهن؟,auto_ok,genuine reword - needs native-speaker review
v2044,1021,عورتن جي غذائيت ۽ صحت,متوازن غذا ۽ صحتمند کاڌو,عورتن لاء صحتمند ناشتي جا اختيار ڇا آهن؟,عورتن لاءِ سٺا breakfast options ڪهڙا آهن؟,auto_ok,genuine reword - needs native-speaker review
v2045,1022,عورتن جي غذائيت ۽ صحت,متوازن غذا ۽ صحتمند کاڌو,مستقل مزاجي مختصر مدت جي غذا کان وڌيڪ اهم ڇو آهي؟,consistency crash diet کان بهتر ڇو سمجهي وڃي ٿي؟,auto_ok,genuine reword - needs native-speaker review
v2046,1022,عورتن جي غذائيت ۽ صحت,متوازن غذا ۽ صحتمند کاڌو,مستقل مزاجي مختصر مدت جي غذا کان وڌيڪ اهم ڇو آهي؟,consistency crash diet کان بهتر ڇو آهي؟,auto_ok,genuine reword - needs native-speaker review
v2047,1023,عورتن جي غذائيت ۽ صحت,متوازن غذا ۽ صحتمند کاڌو,ڇا کاڌو ڇڏڻ مجموعي غذائيت کي متاثر ڪري سگھي ٿو؟,کاڌو ڇڏڻ (skipping meals) مجموعي غذائيت کي متاثر ڪري ٿو ڇا؟,auto_ok,genuine reword - needs native-speaker review
v2048,1023,عورتن جي غذائيت ۽ صحت,متوازن غذا ۽ صحتمند کاڌو,ڇا کاڌو ڇڏڻ مجموعي غذائيت کي متاثر ڪري سگھي ٿو؟,کاڌو ڇڏڻ سان جسم جي غذائيت خراب ٿئي ٿي ڇا؟,auto_ok,genuine reword - needs native-speaker review
v2049,1024,عورتن جي غذائيت ۽ صحت,متوازن غذا ۽ صحتمند کاڌو,ڪيترا ڀيرا عورتن کي هر روز ڀاڄيون کائڻ جو مقصد گهرجي؟,روزانو عورتن کي ڪيتري ڀيري ڀاڄيون کائڻ جو مقصد رکجي؟,auto_ok,genuine reword - needs native-speaker review
v2050,1024,عورتن جي غذائيت ۽ صحت,متوازن غذا ۽ صحتمند کاڌو,ڪيترا ڀيرا عورتن کي هر روز ڀاڄيون کائڻ جو مقصد گهرجي؟,هر ڏينهن ڪيترا ڀيرا سبزي کائڻ جو ٽارگيٽ هجي؟,auto_ok,genuine reword - needs native-speaker review
v2051,1025,عورتن جي غذائيت ۽ صحت,ضروري غذائي اجزاء,وڏا غذائي جزا ڇا آهن؟,وڏا غذائي جزا (macronutrients) ڇا آهن؟,auto_ok,genuine reword - needs native-speaker review
v2052,1025,عورتن جي غذائيت ۽ صحت,ضروري غذائي اجزاء,وڏا غذائي جزا ڇا آهن؟,macronutrients جو مطلب ڪهڙو آهي؟,auto_ok,genuine reword - needs native-speaker review
v2053,1026,عورتن جي غذائيت ۽ صحت,ضروري غذائي اجزاء,ننڍا غذائي جزا ڇا آهن؟,ننڍا غذائي جزا (micronutrients) ڇا آهن؟,auto_ok,genuine reword - needs native-speaker review
v2054,1026,عورتن جي غذائيت ۽ صحت,ضروري غذائي اجزاء,ننڍا غذائي جزا ڇا آهن؟,micronutrients جو مطلب ڪهڙو آهي؟,auto_ok,genuine reword - needs native-speaker review
v2055,1027,عورتن جي غذائيت ۽ صحت,ضروري غذائي اجزاء,ڇو عورتن کي مختلف ويتامين ۽ معدنيات جي ضرورت آهي؟,عورتن کي مختلف ويتامين ۽ معدنيات جي ضرورت ڇو آهي؟,auto_ok,genuine reword - needs native-speaker review
v2056,1027,عورتن جي غذائيت ۽ صحت,ضروري غذائي اجزاء,ڇو عورتن کي مختلف ويتامين ۽ معدنيات جي ضرورت آهي؟,عورتن جي جسم کي خاص وٽامن ۽ منرلز ڇو گهرجن ٿا؟,auto_ok,genuine reword - needs native-speaker review
v2057,1028,عورتن جي غذائيت ۽ صحت,ضروري غذائي اجزاء,عورتن جي صحت ۾ وٽامن اي جو ڪهڙو ڪردار آهي؟,Vitamin A عورتن جي جسم لاءِ ڇا فائدو ڏئي ٿو؟,auto_ok,genuine reword - needs native-speaker review
v2058,1028,عورتن جي غذائيت ۽ صحت,ضروري غذائي اجزاء,عورتن جي صحت ۾ وٽامن اي جو ڪهڙو ڪردار آهي؟,Vitamin A عورتن جي جسم لاءِ ڇا فائدو ڏئي ٿو؟,auto_ok,genuine reword - needs native-speaker review
v2059,1029,عورتن جي غذائيت ۽ صحت,ضروري غذائي اجزاء,ويتامين سي جسم لاء اهم ڇو آهي؟,ويتامين سي جسم لاءِ ايترو اهم ڇو آهي؟,auto_ok,genuine reword - needs native-speaker review
v2060,1029,عورتن جي غذائيت ۽ صحت,ضروري غذائي اجزاء,ويتامين سي جسم لاء اهم ڇو آهي؟,Vitamin C جسم ۾ ڪهڙو ڪردار ادا ڪري ٿو؟,auto_ok,genuine reword - needs native-speaker review
v2061,1030,عورتن جي غذائيت ۽ صحت,ضروري غذائي اجزاء,غذا ۾ ويتامين اي جو ڪردار ڇا آهي؟,Vitamin A کاڌي ۾ ڪيترو ضروري آهي؟,auto_ok,genuine reword - needs native-speaker review
v2062,1030,عورتن جي غذائيت ۽ صحت,ضروري غذائي اجزاء,غذا ۾ ويتامين اي جو ڪردار ڇا آهي؟,Vitamin A کاڌي ۾ ڪيترو ضروري آهي؟,auto_ok,genuine reword - needs native-speaker review
v2063,1031,عورتن جي غذائيت ۽ صحت,ضروري غذائي اجزاء,ڇو بي وٽامن توانائي ميٽابولزم لاء اهم آهن؟,بي وٽامن توانائي ميٽابولزم لاءِ اهم ڇو آهن؟,auto_ok,genuine reword - needs native-speaker review
v2064,1031,عورتن جي غذائيت ۽ صحت,ضروري غذائي اجزاء,ڇو بي وٽامن توانائي ميٽابولزم لاء اهم آهن؟,Vitamin B جسم جي انرجي بڻائڻ ۾ ڪيئن مدد ڏين ٿا؟,auto_ok,genuine reword - needs native-speaker review
v2065,1032,عورتن جي غذائيت ۽ صحت,ضروري غذائي اجزاء,جسم ۾ ميگنيشيم جو ڪردار ڇا آهي؟,Magnesium بدن لاءِ ڪهڙو فائدو ڏئي ٿو؟,auto_ok,genuine reword - needs native-speaker review
v2066,1032,عورتن جي غذائيت ۽ صحت,ضروري غذائي اجزاء,جسم ۾ ميگنيشيم جو ڪردار ڇا آهي؟,Magnesium بدن لاءِ ڪهڙو فائدو ڏئي ٿو؟,auto_ok,genuine reword - needs native-speaker review
v2067,1033,عورتن جي غذائيت ۽ صحت,ضروري غذائي اجزاء,پوٽاشيم عورتن جي صحت لاءِ اهم ڇو آهي؟,Potassium عورتن جي جسم لاءِ ڇو ضروري آهي؟,auto_ok,genuine reword - needs native-speaker review
v2068,1033,عورتن جي غذائيت ۽ صحت,ضروري غذائي اجزاء,پوٽاشيم عورتن جي صحت لاءِ اهم ڇو آهي؟,Potassium عورتن جي جسم لاءِ ڇو ضروري آهي؟,auto_ok,genuine reword - needs native-speaker review
v2069,1034,عورتن جي غذائيت ۽ صحت,ضروري غذائي اجزاء,مدافعتي ڪم ۾ زنڪ جو ڪردار ڇا آهي؟,Zinc immunity وڌائڻ ۾ ڪيئن مدد ڏئي ٿو؟,auto_ok,genuine reword - needs native-speaker review
v2070,1034,عورتن جي غذائيت ۽ صحت,ضروري غذائي اجزاء,مدافعتي ڪم ۾ زنڪ جو ڪردار ڇا آهي؟,Zinc immunity وڌائڻ ۾ ڪيئن مدد ڏئي ٿو؟,auto_ok,genuine reword - needs native-speaker review
v2071,1035,عورتن جي غذائيت ۽ صحت,ضروري غذائي اجزاء,آئيوڊين تايرايڊ جي صحت لاءِ اهم ڇو آهي؟,آئيوڊين ٿائرائيڊ جي صحت لاءِ اهم ڇو آهي؟,auto_ok,genuine reword - needs native-speaker review
v2072,1035,عورتن جي غذائيت ۽ صحت,ضروري غذائي اجزاء,آئيوڊين تايرايڊ جي صحت لاءِ اهم ڇو آهي؟,Iodine thyroid جي صحت لاءِ ڇو ضروري آهي؟,auto_ok,genuine reword - needs native-speaker review
v2073,1036,عورتن جي غذائيت ۽ صحت,ضروري غذائي اجزاء,ڇا ٿيندو جيڪڏهن هڪ عورت ڪافي ضروري غذائي حاصل نه ڪري؟,ضروري غذائيت گھٽ ملڻ سان ڇا ٿيندو؟,auto_ok,genuine reword - needs native-speaker review
v2074,1036,عورتن جي غذائيت ۽ صحت,ضروري غذائي اجزاء,ڇا ٿيندو جيڪڏهن هڪ عورت ڪافي ضروري غذائي حاصل نه ڪري؟,جسم کي ڪافي نيوٽرينٽس نه ملن ته ان جو نتيجو ڇا ٿئي ٿو؟,auto_ok,genuine reword - needs native-speaker review
v2075,1037,عورتن جي غذائيت ۽ صحت,ضروري غذائي اجزاء,ڇا غذائي ضرورتون عورتن لاءِ عمر جي لحاظ کان مختلف ٿي سگهن ٿيون؟,غذائي ضرورتون عورتن جي عمر مطابق مختلف ٿي سگهن ٿيون ڇا؟,auto_ok,genuine reword - needs native-speaker review
v2076,1037,عورتن جي غذائيت ۽ صحت,ضروري غذائي اجزاء,ڇا غذائي ضرورتون عورتن لاءِ عمر جي لحاظ کان مختلف ٿي سگهن ٿيون؟,عمر بدلجڻ سان غذائي ضرورتون به بدلجن ٿيون ڇا؟,auto_ok,genuine reword - needs native-speaker review
v2077,1038,عورتن جي غذائيت ۽ صحت,ضروري غذائي اجزاء,اينٽي آڪسيڊنٽ ڇا آهن ۽ اهي ڇو فائديمند آهن؟,antioxidants ڇا آهن ۽ انهن جو ڪهڙو فائدو آهي؟,auto_ok,genuine reword - needs native-speaker review
v2078,1038,عورتن جي غذائيت ۽ صحت,ضروري غذائي اجزاء,اينٽي آڪسيڊنٽ ڇا آهن ۽ اهي ڇو فائديمند آهن؟,antioxidants ڇا آهن ۽ انهن جو ڪهڙو فائدو آهي؟,auto_ok,genuine reword - needs native-speaker review
v2079,1039,عورتن جي غذائيت ۽ صحت,ضروري غذائي اجزاء,ڇو هڪ رنگارنگ غذا اڪثر سفارش ڪئي وئي آهي؟,رنگارنگ غذا ڇو سفارش ڪئي ويندي آهي؟,auto_ok,genuine reword - needs native-speaker review
v2080,1039,عورتن جي غذائيت ۽ صحت,ضروري غذائي اجزاء,ڇو هڪ رنگارنگ غذا اڪثر سفارش ڪئي وئي آهي؟,مختلف رنگن جو کاڌو کائڻ جي صلاح ڇو ڏني ويندي آهي؟,auto_ok,genuine reword - needs native-speaker review
v2081,1040,عورتن جي غذائيت ۽ صحت,ضروري غذائي اجزاء,ڇا سڀ کان وڌيڪ صحتمند عورتن لاء سپليمنٽ ضروري آهي؟,صحتمند عورتن لاءِ به سپليمنٽ ضروري آهي ڇا؟,auto_ok,genuine reword - needs native-speaker review
v2082,1040,عورتن جي غذائيت ۽ صحت,ضروري غذائي اجزاء,ڇا سڀ کان وڌيڪ صحتمند عورتن لاء سپليمنٽ ضروري آهي؟,پوري طرح صحتمند هجن ته به supplement گهربل آهي ڇا؟,auto_ok,genuine reword - needs native-speaker review
v2083,1041,عورتن جي غذائيت ۽ صحت,ضروري غذائي اجزاء,پاڻي ۾ حل ٿيندڙ ۽ ٿلهي ۾ حل ٿيندڙ ويتامين جي وچ ۾ ڇا فرق آهي؟,پاڻي ۾ حل ٿيندڙ ۽ ٿلهي ۾ حل ٿيندڙ ويتامين ۾ ڇا فرق آهي؟,auto_ok,genuine reword - needs native-speaker review
v2084,1041,عورتن جي غذائيت ۽ صحت,ضروري غذائي اجزاء,پاڻي ۾ حل ٿيندڙ ۽ ٿلهي ۾ حل ٿيندڙ ويتامين جي وچ ۾ ڇا فرق آهي؟,water-soluble ۽ fat-soluble vitamins ۾ ڪيئن فرق ڪجي؟,auto_ok,genuine reword - needs native-speaker review
v2085,1042,عورتن جي غذائيت ۽ صحت,ضروري غذائي اجزاء,ڇو سيلينيم جسم لاء اهم آهي؟,سيلينيم جسم لاءِ ڇو اهم آهي؟,auto_ok,genuine reword - needs native-speaker review
v2086,1042,عورتن جي غذائيت ۽ صحت,ضروري غذائي اجزاء,ڇو سيلينيم جسم لاء اهم آهي؟,Selenium بدن لاءِ ڪيترو ضروري آهي؟,auto_ok,genuine reword - needs native-speaker review
v2087,1043,عورتن جي غذائيت ۽ صحت,ضروري غذائي اجزاء,ڇا غذائيت جي گھٽتائي ٿڪائي سگھي ٿي؟,غذائيت جي گھٽتائي ٿڪاوٽ پيدا ڪري سگهي ٿي ڇا؟,auto_ok,genuine reword - needs native-speaker review
v2088,1043,عورتن جي غذائيت ۽ صحت,ضروري غذائي اجزاء,ڇا غذائيت جي گھٽتائي ٿڪائي سگھي ٿي؟,nutrient deficiency سبب هر وقت ٿڪ محسوس ٿئي ٿو ڇا؟,auto_ok,genuine reword - needs native-speaker review
v2089,1044,عورتن جي غذائيت ۽ صحت,ضروري غذائي اجزاء,ڇو ته هر عورت لاء غذائي ضرورتن کي ذاتي ڪرڻ گهرجي؟,هر عورت لاءِ غذائي ضرورتون ذاتي ڇو هجڻ گهرجن؟,auto_ok,genuine reword - needs native-speaker review
v2090,1044,عورتن جي غذائيت ۽ صحت,ضروري غذائي اجزاء,ڇو ته هر عورت لاء غذائي ضرورتن کي ذاتي ڪرڻ گهرجي؟,غذائي ضرورتون هر عورت لاءِ الڳ ڇو سمجهجن؟,auto_ok,genuine reword - needs native-speaker review
v2091,1045,عورتن جي غذائيت ۽ صحت,ضروري غذائي اجزاء,ڪھڙا کاڌو ضروري غذائيت جي وسيع رينج مهيا ڪن ٿا؟,ڪهڙا کاڌا ضروري غذائيت جي وسيع رينج مهيا ڪن ٿا؟,auto_ok,genuine reword - needs native-speaker review
v2092,1045,عورتن جي غذائيت ۽ صحت,ضروري غذائي اجزاء,ڪھڙا کاڌو ضروري غذائيت جي وسيع رينج مهيا ڪن ٿا؟,ڪهڙي خوراڪ سان مختلف قسم جا nutrients ملن ٿا؟,auto_ok,genuine reword - needs native-speaker review
v2093,1046,عورتن جي غذائيت ۽ صحت,ضروري غذائي اجزاء,عورتون ڪيئن سڃاڻي سگھن ٿيون ته انهن جي غذا ۾ ڪجهه غذائيت جي کوٽ آهي؟,عورتون ڪيئن سڃاڻي سگهن ٿيون ته انهن جي غذا ۾ کوٽ آهي؟,auto_ok,genuine reword - needs native-speaker review
v2094,1046,عورتن جي غذائيت ۽ صحت,ضروري غذائي اجزاء,عورتون ڪيئن سڃاڻي سگھن ٿيون ته انهن جي غذا ۾ ڪجهه غذائيت جي کوٽ آهي؟,پنهنجي کاڌي ۾ ڪا کوٽ آهي، اهو ڪيئن ڄاڻجي؟,auto_ok,genuine reword - needs native-speaker review
v2095,1047,عورتن جي غذائيت ۽ صحت,لوھ ۽ انميا جي روڪٿام,ڇو عورتن کي مردن کان وڌيڪ لوهه جي ضرورت آهي؟,عورتن کي مردن کان وڌيڪ آئرنه جي ضرورت ڇو آهي؟,auto_ok,genuine reword - needs native-speaker review
v2096,1047,عورتن جي غذائيت ۽ صحت,لوھ ۽ انميا جي روڪٿام,ڇو عورتن کي مردن کان وڌيڪ لوهه جي ضرورت آهي؟,عورتن کي مردن جي ڀيٽ ۾ زياده iron ڇو گھرجي ٿو؟,auto_ok,genuine reword - needs native-speaker review
v2097,1048,عورتن جي غذائيت ۽ صحت,لوھ ۽ انميا جي روڪٿام,لوھ جا سٺا غذائي ذريعا ڪھڙا آھن؟,آئرنه جا سٺا غذائي ذريعا ڪهڙا آهن؟,auto_ok,genuine reword - needs native-speaker review
v2098,1048,عورتن جي غذائيت ۽ صحت,لوھ ۽ انميا جي روڪٿام,لوھ جا سٺا غذائي ذريعا ڪھڙا آھن؟,iron ملڻ لاءِ ڪهڙيون شيون کائجن؟,auto_ok,genuine reword - needs native-speaker review
v2099,1049,عورتن جي غذائيت ۽ صحت,لوھ ۽ انميا جي روڪٿام,لوھ جي گھٽتائي انميا ڇا آھي؟,آئرنه جي گھٽتائي انيميا ڇا آهي؟,auto_ok,genuine reword - needs native-speaker review
v2100,1049,عورتن جي غذائيت ۽ صحت,لوھ ۽ انميا جي روڪٿام,لوھ جي گھٽتائي انميا ڇا آھي؟,iron deficiency anemia جو مطلب ڪهڙو آهي؟,auto_ok,genuine reword - needs native-speaker review
v2101,1050,عورتن جي غذائيت ۽ صحت,لوھ ۽ انميا جي روڪٿام,لوھ جي گھٽتائي انميا جي عام علامتون ڇا آھن؟,آئرنه جي گھٽتائي انيميا جون عام علامتون ڪهڙيون آهن؟,auto_ok,genuine reword - needs native-speaker review
v2102,1050,عورتن جي غذائيت ۽ صحت,لوھ ۽ انميا جي روڪٿام,لوھ جي گھٽتائي انميا جي عام علامتون ڇا آھن؟,anemia هجڻ جون نشانيون ڪهڙيون آهن؟,auto_ok,genuine reword - needs native-speaker review
v2103,1051,عورتن جي غذائيت ۽ صحت,لوھ ۽ انميا جي روڪٿام,وٽامن سي ڪيئن لوھ جذب ڪرڻ ۾ مدد ڪري ٿي؟,ويتامين سي آئرنه جذب ڪرڻ ۾ ڪيئن مدد ڪري ٿي؟,auto_ok,genuine reword - needs native-speaker review
v2104,1051,عورتن جي غذائيت ۽ صحت,لوھ ۽ انميا جي روڪٿام,وٽامن سي ڪيئن لوھ جذب ڪرڻ ۾ مدد ڪري ٿي؟,Vitamin C iron absorption ۾ ڪيئن مددگار آهي؟,auto_ok,genuine reword - needs native-speaker review
v2105,1052,عورتن جي غذائيت ۽ صحت,لوھ ۽ انميا جي روڪٿام,ڪهڙن کاڌو لوهه جي جذب کي گهٽائي سگهن ٿا جيڪڏهن گڏ کائيندا؟,ڪهڙا کاڌا گڏ کائڻ سان آئرنه جو جذب گھٽجي ٿو؟,auto_ok,genuine reword - needs native-speaker review
v2106,1052,عورتن جي غذائيت ۽ صحت,لوھ ۽ انميا جي روڪٿام,ڪهڙن کاڌو لوهه جي جذب کي گهٽائي سگهن ٿا جيڪڏهن گڏ کائيندا؟,ڪهڙيون شيون گڏ کائڻ سان iron absorption گھٽجي وڃي ٿي؟,auto_ok,genuine reword - needs native-speaker review
v2107,1053,عورتن جي غذائيت ۽ صحت,لوھ ۽ انميا جي روڪٿام,ڇو ته پيدائش واري عمر جون عورتون لوهه جي گھٽتائي لاءِ وڌيڪ خطري ۾ آهن؟,پيدائش واري عمر جون عورتون آئرنه جي گھٽتائي لاءِ وڌيڪ خطري ۾ ڇو آهن؟,auto_ok,genuine reword - needs native-speaker review
v2108,1053,عورتن جي غذائيت ۽ صحت,لوھ ۽ انميا جي روڪٿام,ڇو ته پيدائش واري عمر جون عورتون لوهه جي گھٽتائي لاءِ وڌيڪ خطري ۾ آهن؟,childbearing age جون عورتون anemia لاءِ زياده خطري ۾ ڇو رهنديون آهن؟,auto_ok,genuine reword - needs native-speaker review
v2109,1054,عورتن جي غذائيت ۽ صحت,لوھ ۽ انميا جي روڪٿام,هيم ۽ غير هيم لوهه جي وچ ۾ ڇا فرق آهي؟,هيم ۽ غير هيم آئرنه ۾ ڇا فرق آهي؟,auto_ok,genuine reword - needs native-speaker review
v2110,1054,عورتن جي غذائيت ۽ صحت,لوھ ۽ انميا جي روڪٿام,هيم ۽ غير هيم لوهه جي وچ ۾ ڇا فرق آهي؟,heme ۽ non-heme iron ۾ ڪيئن فرق ڪجي؟,auto_ok,genuine reword - needs native-speaker review
v2111,1055,عورتن جي غذائيت ۽ صحت,لوھ ۽ انميا جي روڪٿام,ڇا سبزي ۽ ويگن ڪافي لوھ حاصل ڪري سگھن ٿا؟,سبزي ۽ ويگن ماڻهو ڪافي آئرنه حاصل ڪري سگهن ٿا ڇا؟,auto_ok,genuine reword - needs native-speaker review
v2112,1055,عورتن جي غذائيت ۽ صحت,لوھ ۽ انميا جي روڪٿام,ڇا سبزي ۽ ويگن ڪافي لوھ حاصل ڪري سگھن ٿا؟,vegetarian هجڻ باوجود ڪافي iron ملي سگهي ٿو ڇا؟,auto_ok,genuine reword - needs native-speaker review
v2113,1056,عورتن جي غذائيت ۽ صحت,لوھ ۽ انميا جي روڪٿام,جڏهن عورت کي لوهه جي سپليمنٽ تي غور ڪرڻ گهرجي؟,ڪهڙي وقت عورت کي آئرنه جي سپليمنٽ تي غور ڪجي؟,auto_ok,genuine reword - needs native-speaker review
v2114,1056,عورتن جي غذائيت ۽ صحت,لوھ ۽ انميا جي روڪٿام,جڏهن عورت کي لوهه جي سپليمنٽ تي غور ڪرڻ گهرجي؟,iron supplement جي ضرورت ڇا ڪهڙي حالت ۾ محسوس ٿئي؟,auto_ok,genuine reword - needs native-speaker review
v2115,1057,عورتن جي غذائيت ۽ صحت,لوھ ۽ انميا جي روڪٿام,ڇا تمام گھڻو لوھ نقصانڪار ٿي سگھي ٿو؟,تمام گھڻو آئرنه نقصانڪار ٿي سگهي ٿو ڇا؟,auto_ok,genuine reword - needs native-speaker review
v2116,1057,عورتن جي غذائيت ۽ صحت,لوھ ۽ انميا جي روڪٿام,ڇا تمام گھڻو لوھ نقصانڪار ٿي سگھي ٿو؟,زياده مقدار ۾ iron نقصان ڏئي سگهي ٿو ڇا؟,auto_ok,genuine reword - needs native-speaker review
v2117,1058,عورتن جي غذائيت ۽ صحت,لوھ ۽ انميا جي روڪٿام,لوھ جي گھٽتائي انميا جي تشخيص ڪيئن آھي؟,آئرنه جي گھٽتائي انيميا جي تشخيص ڪيئن ٿئي ٿي؟,auto_ok,genuine reword - needs native-speaker review
v2118,1058,عورتن جي غذائيت ۽ صحت,لوھ ۽ انميا جي روڪٿام,لوھ جي گھٽتائي انميا جي تشخيص ڪيئن آھي؟,iron deficiency anemia جو پتو ڪيئن لڳائجي ٿو؟,auto_ok,genuine reword - needs native-speaker review
v2119,1059,عورتن جي غذائيت ۽ صحت,لوھ ۽ انميا جي روڪٿام,انميا لاءِ ڪهڙو رت جو امتحان چيڪ ڪري ٿو؟,انيميا لاءِ ڪهڙو رت جو امتحان چيڪ ڪري ٿو؟,auto_ok,genuine reword - needs native-speaker review
v2120,1059,عورتن جي غذائيت ۽ صحت,لوھ ۽ انميا جي روڪٿام,انميا لاءِ ڪهڙو رت جو امتحان چيڪ ڪري ٿو؟,anemia جي تصديق لاءِ ڪهڙو blood test ڪرايو وڃي ٿو؟,auto_ok,genuine reword - needs native-speaker review
v2121,1060,عورتن جي غذائيت ۽ صحت,لوھ ۽ انميا جي روڪٿام,ڇا ٿڪائي هميشه لوهه جي گهٽتائي سان منسوب ٿي سگهي ٿي؟,ٿڪاوٽ هميشه آئرنه جي گهٽتائي سبب ٿي سگهي ٿي ڇا؟,auto_ok,genuine reword - needs native-speaker review
v2122,1060,عورتن جي غذائيت ۽ صحت,لوھ ۽ انميا جي روڪٿام,ڇا ٿڪائي هميشه لوهه جي گهٽتائي سان منسوب ٿي سگهي ٿي؟,هر ٿڪاوٽ ضروري ناهي ته anemia سبب هجي؟,auto_ok,genuine reword - needs native-speaker review
v2123,1061,عورتن جي غذائيت ۽ صحت,لوھ ۽ انميا جي روڪٿام,ڪيئن عورتن کي غذا ذريعي لوهه جي گھٽتائي انميا کي روڪي سگهي ٿو؟,غذا ذريعي انيميا کي روڪي سگهجي ٿو ڇا؟,auto_ok,genuine reword - needs native-speaker review
v2124,1061,عورتن جي غذائيت ۽ صحت,لوھ ۽ انميا جي روڪٿام,ڪيئن عورتن کي غذا ذريعي لوهه جي گھٽتائي انميا کي روڪي سگهي ٿو؟,کاڌي پيتي ۾ سڌارو آڻي anemia کان بچاءُ ٿي سگهي ٿو ڇا؟,auto_ok,genuine reword - needs native-speaker review
v2125,1062,عورتن جي غذائيت ۽ صحت,لوھ ۽ انميا جي روڪٿام,ڇا ڳري حيض وارو خون لوھ جي گھٽتائي ۾ مدد ڪري سگھي ٿو؟,ڳري حيض واري خونريزي آئرنه جي گھٽتائي ۾ مدد ڪري سگهي ٿي ڇا؟,auto_ok,genuine reword - needs native-speaker review
v2126,1062,عورتن جي غذائيت ۽ صحت,لوھ ۽ انميا جي روڪٿام,ڇا ڳري حيض وارو خون لوھ جي گھٽتائي ۾ مدد ڪري سگھي ٿو؟,heavy period سبب anemia ٿي سگهي ٿي ڇا؟,auto_ok,genuine reword - needs native-speaker review
v2127,1063,عورتن جي غذائيت ۽ صحت,لوھ ۽ انميا جي روڪٿام,پيدائش واري عمر جي عورتن لاءِ روزاني لوهه جي استعمال جي سفارش ڪئي وئي آهي؟,پيدائش واري عمر جي عورتن لاءِ روزانو آئرنه جي ڪيتري مقدار سفارش ٿيل آهي؟,auto_ok,genuine reword - needs native-speaker review
v2128,1063,عورتن جي غذائيت ۽ صحت,لوھ ۽ انميا جي روڪٿام,پيدائش واري عمر جي عورتن لاءِ روزاني لوهه جي استعمال جي سفارش ڪئي وئي آهي؟,childbearing age جي عورتن لاءِ iron جي روزانو صحيح مقدار ڪيتري آهي؟,auto_ok,genuine reword - needs native-speaker review
v2129,1064,عورتن جي غذائيت ۽ صحت,لوھ ۽ انميا جي روڪٿام,ڇا لوھ جي سپليمنٽس کي کاڌي سان يا خالي پيٽ تي وٺڻ گھرجي؟,آئرنه جون گوريون کاڌي سان يا خالي پيٽ کائجن؟,auto_ok,genuine reword - needs native-speaker review
v2130,1064,عورتن جي غذائيت ۽ صحت,لوھ ۽ انميا جي روڪٿام,ڇا لوھ جي سپليمنٽس کي کاڌي سان يا خالي پيٽ تي وٺڻ گھرجي؟,iron tablets کاڌي سان کائجن يا بغير کاڌي؟,auto_ok,genuine reword - needs native-speaker review
v2131,1065,عورتن جي غذائيت ۽ صحت,لوھ ۽ انميا جي روڪٿام,جڏهن عورت کي انميا جي ممڪن علامات بابت ڊاڪٽر کي ڏسڻ گهرجي؟,انيميا جي ممڪن علامتن تي ڪڏهن ڊاڪٽر ڏسائجي؟,auto_ok,genuine reword - needs native-speaker review
v2132,1065,عورتن جي غذائيت ۽ صحت,لوھ ۽ انميا جي روڪٿام,جڏهن عورت کي انميا جي ممڪن علامات بابت ڊاڪٽر کي ڏسڻ گهرجي؟,anemia جي شڪ هجي ته ڪهڙي حالت ۾ طبيب کي ملجي؟,auto_ok,genuine reword - needs native-speaker review
v2133,1066,عورتن جي غذائيت ۽ صحت,ڪلسيم ۽ وٽامن ڊي,عورتن جي صحت لاءِ ڪلسيم ڇو ضروري آهي؟,Calcium عورتن جي جسم لاءِ ڪيترو اهم آهي؟,auto_ok,genuine reword - needs native-speaker review
v2134,1066,عورتن جي غذائيت ۽ صحت,ڪلسيم ۽ وٽامن ڊي,عورتن جي صحت لاءِ ڪلسيم ڇو ضروري آهي؟,Calcium عورتن جي جسم لاءِ ڪيترو اهم آهي؟,auto_ok,genuine reword - needs native-speaker review
v2135,1067,عورتن جي غذائيت ۽ صحت,ڪلسيم ۽ وٽامن ڊي,ڪلسيم جا سٺا غذائي ذريعا ڪهڙا آهن؟,calcium ملڻ لاءِ ڪهڙيون شيون کائجن؟,auto_ok,genuine reword - needs native-speaker review
v2136,1067,عورتن جي غذائيت ۽ صحت,ڪلسيم ۽ وٽامن ڊي,ڪلسيم جا سٺا غذائي ذريعا ڪهڙا آهن؟,calcium ملڻ لاءِ ڪهڙيون شيون کائجن؟,auto_ok,genuine reword - needs native-speaker review
v2137,1068,عورتن جي غذائيت ۽ صحت,ڪلسيم ۽ وٽامن ڊي,بالغ عورتن کي روزانو ڪيترو ڪلسيم جي ضرورت آهي؟,بالغ عورتن کي روزانو ڪيترو ڪلسيم گهرجي؟,auto_ok,genuine reword - needs native-speaker review
v2138,1068,عورتن جي غذائيت ۽ صحت,ڪلسيم ۽ وٽامن ڊي,بالغ عورتن کي روزانو ڪيترو ڪلسيم جي ضرورت آهي؟,وڏي عمر جي عورتن لاءِ calcium جي صحيح مقدار ڪيتري آهي؟,auto_ok,genuine reword - needs native-speaker review
v2139,1069,عورتن جي غذائيت ۽ صحت,ڪلسيم ۽ وٽامن ڊي,ويتامين ڊي ڪلسيم جي جذب لاء اهم ڇو آهي؟,ويتامين ڊي ڪلسيم جذب ٿيڻ لاءِ ڇو اهم آهي؟,auto_ok,genuine reword - needs native-speaker review
v2140,1069,عورتن جي غذائيت ۽ صحت,ڪلسيم ۽ وٽامن ڊي,ويتامين ڊي ڪلسيم جي جذب لاء اهم ڇو آهي؟,Vitamin D بغير calcium صحيح طور جذب نٿو ٿئي، ڇو؟,auto_ok,genuine reword - needs native-speaker review
v2141,1070,عورتن جي غذائيت ۽ صحت,ڪلسيم ۽ وٽامن ڊي,وٽامن ڊي جا سٺا ذريعا ڪهڙا آهن؟,ويتامين ڊي جا سٺا ذريعا ڪهڙا آهن؟,auto_ok,genuine reword - needs native-speaker review
v2142,1070,عورتن جي غذائيت ۽ صحت,ڪلسيم ۽ وٽامن ڊي,وٽامن ڊي جا سٺا ذريعا ڪهڙا آهن؟,Vitamin D ملڻ لاءِ ڪهڙيون شيون فائديمند آهن؟,auto_ok,genuine reword - needs native-speaker review
v2143,1071,عورتن جي غذائيت ۽ صحت,ڪلسيم ۽ وٽامن ڊي,اڪثر بالغ عورتن کي روزانو ڪيترو وٽامن ڊي جي ضرورت آهي؟,اڪثر بالغ عورتن کي روزانو ڪيترو ويتامين ڊي گهرجي؟,auto_ok,genuine reword - needs native-speaker review
v2144,1071,عورتن جي غذائيت ۽ صحت,ڪلسيم ۽ وٽامن ڊي,اڪثر بالغ عورتن کي روزانو ڪيترو وٽامن ڊي جي ضرورت آهي؟,Vitamin D جي روزانو صحيح مقدار ڪيتري سمجهي وڃي ٿي؟,auto_ok,genuine reword - needs native-speaker review
v2145,1072,عورتن جي غذائيت ۽ صحت,ڪلسيم ۽ وٽامن ڊي,ڇا ويتامين ڊي جي گهٽتائي هڏن جي صحت کي متاثر ڪري سگهي ٿي؟,ويتامين ڊي جي گھٽتائي هڏن جي صحت کي متاثر ڪري ٿي ڇا؟,auto_ok,genuine reword - needs native-speaker review
v2146,1072,عورتن جي غذائيت ۽ صحت,ڪلسيم ۽ وٽامن ڊي,ڇا ويتامين ڊي جي گهٽتائي هڏن جي صحت کي متاثر ڪري سگهي ٿي؟,Vitamin D گھٽ هجڻ سبب هڏن جي صحت خراب ٿئي ٿي ڇا؟,auto_ok,genuine reword - needs native-speaker review
v2147,1073,عورتن جي غذائيت ۽ صحت,ڪلسيم ۽ وٽامن ڊي,ڪهڙا عنصر وٽامن ڊي جي گھٽتائي جو خطرو وڌائين ٿا؟,ڪهڙا عنصر ويتامين ڊي جي گھٽتائي جو خطرو وڌائين ٿا؟,auto_ok,genuine reword - needs native-speaker review
v2148,1073,عورتن جي غذائيت ۽ صحت,ڪلسيم ۽ وٽامن ڊي,ڪهڙا عنصر وٽامن ڊي جي گھٽتائي جو خطرو وڌائين ٿا؟,ڪهڙين حالتن ۾ Vitamin D deficiency جو چانس وڌي ٿو؟,auto_ok,genuine reword - needs native-speaker review
v2149,1074,عورتن جي غذائيت ۽ صحت,ڪلسيم ۽ وٽامن ڊي,ڇا سج جي روشني گھڻن ماڻھن لاءِ ڪافي وٽامن ڊي مهيا ڪري سگھي ٿي؟,سج جي روشني گھڻن ماڻهن لاءِ ڪافي ويتامين ڊي ڏئي سگهي ٿي ڇا؟,auto_ok,genuine reword - needs native-speaker review
v2150,1074,عورتن جي غذائيت ۽ صحت,ڪلسيم ۽ وٽامن ڊي,ڇا سج جي روشني گھڻن ماڻھن لاءِ ڪافي وٽامن ڊي مهيا ڪري سگھي ٿي؟,sunlight اڪثر ماڻهن جي Vitamin D جي ضرورت پوري ڪري سگهي ٿي ڇا؟,auto_ok,genuine reword - needs native-speaker review
v2151,1075,عورتن جي غذائيت ۽ صحت,ڪلسيم ۽ وٽامن ڊي,ڇا ٿيندو جيڪڏهن ڪلسيم جو استعمال مسلسل تمام گهٽ آهي؟,ڪلسيم جو استعمال مسلسل تمام گھٽ هجي ته ڇا ٿيندو؟,auto_ok,genuine reword - needs native-speaker review
v2152,1075,عورتن جي غذائيت ۽ صحت,ڪلسيم ۽ وٽامن ڊي,ڇا ٿيندو جيڪڏهن ڪلسيم جو استعمال مسلسل تمام گهٽ آهي؟,ڊگهي ماهواري تائين calcium گھٽ ملي ته ان جو نتيجو ڇا ٿيندو؟,auto_ok,genuine reword - needs native-speaker review
v2153,1076,عورتن جي غذائيت ۽ صحت,ڪلسيم ۽ وٽامن ڊي,ڇا ڪلسيم سپليمنٽ سڀني عورتن لاء ضروري آهي؟,ڪلسيم سپليمنٽ سڀني عورتن لاءِ ضروري آهي ڇا؟,auto_ok,genuine reword - needs native-speaker review
v2154,1076,عورتن جي غذائيت ۽ صحت,ڪلسيم ۽ وٽامن ڊي,ڇا ڪلسيم سپليمنٽ سڀني عورتن لاء ضروري آهي؟,هر عورت کي calcium supplement کائڻ گهرجي ڇا؟,auto_ok,genuine reword - needs native-speaker review
v2155,1077,عورتن جي غذائيت ۽ صحت,ڪلسيم ۽ وٽامن ڊي,ڇا گهڻو ڪري ڪلسيم جو استعمال مسئلا پيدا ڪري سگهي ٿو؟,گھڻو ڪلسيم استعمال ڪرڻ سان مسئلا پيدا ٿي سگهن ٿا ڇا؟,auto_ok,genuine reword - needs native-speaker review
v2156,1077,عورتن جي غذائيت ۽ صحت,ڪلسيم ۽ وٽامن ڊي,ڇا گهڻو ڪري ڪلسيم جو استعمال مسئلا پيدا ڪري سگهي ٿو؟,زياده calcium نقصان ڏئي سگهي ٿو ڇا؟,auto_ok,genuine reword - needs native-speaker review
v2157,1078,عورتن جي غذائيت ۽ صحت,ڪلسيم ۽ وٽامن ڊي,ڪلسيم ڇو خاص طور تي پيدائش واري سالن دوران اهم آهي؟,ڪلسيم خاص طور پيدائش واري سالن دوران ڇو اهم آهي؟,auto_ok,genuine reword - needs native-speaker review
v2158,1078,عورتن جي غذائيت ۽ صحت,ڪلسيم ۽ وٽامن ڊي,ڪلسيم ڇو خاص طور تي پيدائش واري سالن دوران اهم آهي؟,childbearing age ۾ calcium جي اهميت وڌيڪ ڇو آهي؟,auto_ok,genuine reword - needs native-speaker review
v2159,1079,عورتن جي غذائيت ۽ صحت,ڪلسيم ۽ وٽامن ڊي,ڪھڙا غير کير وارا کاڌو ڪلسيم مهيا ڪن ٿا؟,ڪهڙا غير کير وارا کاڌا ڪلسيم مهيا ڪن ٿا؟,auto_ok,genuine reword - needs native-speaker review
v2160,1079,عورتن جي غذائيت ۽ صحت,ڪلسيم ۽ وٽامن ڊي,ڪھڙا غير کير وارا کاڌو ڪلسيم مهيا ڪن ٿا؟,کير کان سواءِ ٻيون ڪهڙيون شيون calcium ڏين ٿيون؟,auto_ok,genuine reword - needs native-speaker review
v2161,1080,عورتن جي غذائيت ۽ صحت,ڪلسيم ۽ وٽامن ڊي,ڇا وٽامن ڊي صرف غذا ذريعي حاصل ڪري سگهجي ٿي؟,ويتامين ڊي صرف غذا ذريعي حاصل ٿي سگهي ٿي ڇا؟,auto_ok,genuine reword - needs native-speaker review
v2162,1080,عورتن جي غذائيت ۽ صحت,ڪلسيم ۽ وٽامن ڊي,ڇا وٽامن ڊي صرف غذا ذريعي حاصل ڪري سگهجي ٿي؟,Vitamin D رڳو کاڌي مان ملي سگهي ٿي ڇا؟,auto_ok,genuine reword - needs native-speaker review
v2163,1081,عورتن جي غذائيت ۽ صحت,ڪلسيم ۽ وٽامن ڊي,ڇو ته عورتون جيڪي کير کان پاسو ڪن ٿيون انهن کي پنهنجي ڪلسيم جي استعمال کي احتياط سان پلان ڪرڻ جي ضرورت آهي؟,کير کان پاسو ڪندڙ عورتن کي ڪلسيم بابت خاص ڌيان ڏيڻ ڇو ضروري آهي؟,auto_ok,genuine reword - needs native-speaker review
v2164,1081,عورتن جي غذائيت ۽ صحت,ڪلسيم ۽ وٽامن ڊي,ڇو ته عورتون جيڪي کير کان پاسو ڪن ٿيون انهن کي پنهنجي ڪلسيم جي استعمال کي احتياط سان پلان ڪرڻ جي ضرورت آهي؟,دودھ نه پيئندڙ عورتن کي calcium جي منصوبابندي احتياط سان ڇو ڪرڻ گهرجي؟,auto_ok,genuine reword - needs native-speaker review
v2165,1082,عورتن جي غذائيت ۽ صحت,ڪلسيم ۽ وٽامن ڊي,ڇا وٽامن ڊي جي گھٽتائي موڊ ۽ توانائي کي متاثر ڪري سگھي ٿي؟,ويتامين ڊي جي گھٽتائي موڊ ۽ توانائي کي متاثر ڪري سگهي ٿي ڇا؟,auto_ok,genuine reword - needs native-speaker review
v2166,1082,عورتن جي غذائيت ۽ صحت,ڪلسيم ۽ وٽامن ڊي,ڇا وٽامن ڊي جي گھٽتائي موڊ ۽ توانائي کي متاثر ڪري سگھي ٿي؟,Vitamin D گھٽ هجڻ سبب مزاج ۽ انرجي خراب ٿي سگهي ٿي ڇا؟,auto_ok,genuine reword - needs native-speaker review
v2167,1083,عورتن جي غذائيت ۽ صحت,ڪلسيم ۽ وٽامن ڊي,ڇا عورتن کي ويتامين ڊي جي سطح کي جانچڻ گهرجي؟,عورتن کي ويتامين ڊي جي سطح جانچجي ڇا؟,auto_ok,genuine reword - needs native-speaker review
v2168,1083,عورتن جي غذائيت ۽ صحت,ڪلسيم ۽ وٽامن ڊي,ڇا عورتن کي ويتامين ڊي جي سطح کي جانچڻ گهرجي؟,Vitamin D level ٽيسٽ ڪرائجي ضروري آهي ڇا؟,auto_ok,genuine reword - needs native-speaker review
v2169,1084,عورتن جي غذائيت ۽ صحت,ڪلسيم ۽ وٽامن ڊي,ڪلسيم ڪهڙو ڪردار ادا ڪري ٿو هڏن جي صحت کان ٻاهر؟,ڪلسيم هڏن کان علاوه ٻيو ڪهڙو ڪردار ادا ڪري ٿو؟,auto_ok,genuine reword - needs native-speaker review
v2170,1084,عورتن جي غذائيت ۽ صحت,ڪلسيم ۽ وٽامن ڊي,ڪلسيم ڪهڙو ڪردار ادا ڪري ٿو هڏن جي صحت کان ٻاهر؟,calcium جو فائدو رڳو هڏن تائين محدود آهي يا ٻيو به آهي؟,auto_ok,genuine reword - needs native-speaker review
v2171,1085,عورتن جي غذائيت ۽ صحت,ڪلسيم ۽ وٽامن ڊي,عورتون بالغ ٿيڻ جي شروعات ۾ ڊگھي مدت جي هڏن جي صحت کي ڪيئن مدد ڏين ٿيون؟,نوجواني ۾ ڪلسيم ڪيئن ڊگهي مدت جي هڏن جي صحت ۾ مدد ڪري ٿي؟,auto_ok,genuine reword - needs native-speaker review
v2172,1085,عورتن جي غذائيت ۽ صحت,ڪلسيم ۽ وٽامن ڊي,عورتون بالغ ٿيڻ جي شروعات ۾ ڊگھي مدت جي هڏن جي صحت کي ڪيئن مدد ڏين ٿيون؟,شروعاتي عمر ۾ calcium وٺڻ سان وڏي عمر تائين هڏا مضبوط رهن ٿا ڇا؟,auto_ok,genuine reword - needs native-speaker review
v2173,1086,عورتن جي غذائيت ۽ صحت,پروٽين ۽ صحتمند چربی,پروٽين عورتن جي صحت لاء اهم ڇو آهي؟,پروٽين عورتن جي صحت لاءِ ڇو اهم آهي؟,auto_ok,genuine reword - needs native-speaker review
v2174,1086,عورتن جي غذائيت ۽ صحت,پروٽين ۽ صحتمند چربی,پروٽين عورتن جي صحت لاء اهم ڇو آهي؟,Protein عورتن جي جسم لاءِ ڪيترو ضروري آهي؟,auto_ok,genuine reword - needs native-speaker review
v2175,1087,عورتن جي غذائيت ۽ صحت,پروٽين ۽ صحتمند چربی,پروٽين جا سٺا ذريعا ڪهڙا آهن؟,protein ملڻ لاءِ ڪهڙيون شيون کائجن؟,auto_ok,genuine reword - needs native-speaker review
v2176,1087,عورتن جي غذائيت ۽ صحت,پروٽين ۽ صحتمند چربی,پروٽين جا سٺا ذريعا ڪهڙا آهن؟,protein ملڻ لاءِ ڪهڙيون شيون کائجن؟,auto_ok,genuine reword - needs native-speaker review
v2177,1088,عورتن جي غذائيت ۽ صحت,پروٽين ۽ صحتمند چربی,ڪيترين ئي بالغ عورتن کي روزانو ڪيترو پروٽين جي ضرورت آهي؟,بالغ عورتن کي روزانو ڪيترو پروٽين گهرجي؟,auto_ok,genuine reword - needs native-speaker review
v2178,1088,عورتن جي غذائيت ۽ صحت,پروٽين ۽ صحتمند چربی,ڪيترين ئي بالغ عورتن کي روزانو ڪيترو پروٽين جي ضرورت آهي؟,عورتن لاءِ روزانو protein جي صحيح مقدار ڪيتري آهي؟,auto_ok,genuine reword - needs native-speaker review
v2179,1089,عورتن جي غذائيت ۽ صحت,پروٽين ۽ صحتمند چربی,ڇا ٻوٽن تي ٻڌل وسيلا ڪافي پروٽين مهيا ڪري سگھن ٿا؟,ٻوٽن تي ٻڌل ذريعا ڪافي پروٽين ڏئي سگهن ٿا ڇا؟,auto_ok,genuine reword - needs native-speaker review
v2180,1089,عورتن جي غذائيت ۽ صحت,پروٽين ۽ صحتمند چربی,ڇا ٻوٽن تي ٻڌل وسيلا ڪافي پروٽين مهيا ڪري سگھن ٿا؟,plant-based کاڌي مان ڪافي protein ملي سگهي ٿو ڇا؟,auto_ok,genuine reword - needs native-speaker review
v2181,1090,عورتن جي غذائيت ۽ صحت,پروٽين ۽ صحتمند چربی,مڪمل ۽ نامڪمل پروٽين ڇا آهن؟,مڪمل ۽ نامڪمل پروٽين ۾ ڇا فرق آهي؟,auto_ok,genuine reword - needs native-speaker review
v2182,1090,عورتن جي غذائيت ۽ صحت,پروٽين ۽ صحتمند چربی,مڪمل ۽ نامڪمل پروٽين ڇا آهن؟,complete ۽ incomplete protein ۾ ڪيئن فرق ڪجي؟,auto_ok,genuine reword - needs native-speaker review
v2183,1091,عورتن جي غذائيت ۽ صحت,پروٽين ۽ صحتمند چربی,غذا ۾ صحتمند ڀاڄيون ڇو اهم آهن؟,غذا ۾ صحتمند چربی ڇو اهم آهي؟,auto_ok,genuine reword - needs native-speaker review
v2184,1091,عورتن جي غذائيت ۽ صحت,پروٽين ۽ صحتمند چربی,غذا ۾ صحتمند ڀاڄيون ڇو اهم آهن؟,healthy fats کاڌي ۾ ڪيترا ضروري آهن؟,auto_ok,genuine reword - needs native-speaker review
v2185,1092,عورتن جي غذائيت ۽ صحت,پروٽين ۽ صحتمند چربی,مشبوع ۽ غير مشبوع چربی جي وچ ۾ ڇا فرق آهي؟,مشبوع ۽ غير مشبوع چربی ۾ ڇا فرق آهي؟,auto_ok,genuine reword - needs native-speaker review
v2186,1092,عورتن جي غذائيت ۽ صحت,پروٽين ۽ صحتمند چربی,مشبوع ۽ غير مشبوع چربی جي وچ ۾ ڇا فرق آهي؟,saturated ۽ unsaturated fat ۾ ڪيئن فرق ڪجي؟,auto_ok,genuine reword - needs native-speaker review
v2187,1093,عورتن جي غذائيت ۽ صحت,پروٽين ۽ صحتمند چربی,ڪهڙا کاڌو غير محفوظ ٿيل چربی جا سٺا ذريعا آهن؟,ڪهڙا کاڌا غير مشبوع چربی جا سٺا ذريعا آهن؟,auto_ok,genuine reword - needs native-speaker review
v2188,1093,عورتن جي غذائيت ۽ صحت,پروٽين ۽ صحتمند چربی,ڪهڙا کاڌو غير محفوظ ٿيل چربی جا سٺا ذريعا آهن؟,unsaturated fat ملڻ لاءِ ڪهڙيون شيون کائجن؟,auto_ok,genuine reword - needs native-speaker review
v2189,1094,عورتن جي غذائيت ۽ صحت,پروٽين ۽ صحتمند چربی,ڇو ٽرانس چربی کان بچڻ گهرجي؟,ٽرانس چربی کان ڇو بچجي؟,auto_ok,genuine reword - needs native-speaker review
v2190,1094,عورتن جي غذائيت ۽ صحت,پروٽين ۽ صحتمند چربی,ڇو ٽرانس چربی کان بچڻ گهرجي؟,trans fat کان پاسو ڪرڻ ڇو ضروري آهي؟,auto_ok,genuine reword - needs native-speaker review
v2191,1095,عورتن جي غذائيت ۽ صحت,پروٽين ۽ صحتمند چربی,اوميگا 3 فائيٽي اسيد ڇا آهن ۽ اهي ڇو اهم آهن؟,Omega-3 fatty acids جو مطلب ۽ اهميت ڇا آهي؟,auto_ok,genuine reword - needs native-speaker review
v2192,1095,عورتن جي غذائيت ۽ صحت,پروٽين ۽ صحتمند چربی,اوميگا 3 فائيٽي اسيد ڇا آهن ۽ اهي ڇو اهم آهن؟,Omega-3 fatty acids جو مطلب ۽ اهميت ڇا آهي؟,auto_ok,genuine reword - needs native-speaker review
v2193,1096,عورتن جي غذائيت ۽ صحت,پروٽين ۽ صحتمند چربی,ڪهڙيون غذائون اوميگا 3 فائيٽي اسيد سان مالا مال آهن؟,ڪهڙيون غذائون اوميگا 3 سان مالا مال آهن؟,auto_ok,genuine reword - needs native-speaker review
v2194,1096,عورتن جي غذائيت ۽ صحت,پروٽين ۽ صحتمند چربی,ڪهڙيون غذائون اوميگا 3 فائيٽي اسيد سان مالا مال آهن؟,Omega-3 ملڻ لاءِ ڪهڙيون شيون کائجن؟,auto_ok,genuine reword - needs native-speaker review
v2195,1097,عورتن جي غذائيت ۽ صحت,پروٽين ۽ صحتمند چربی,ڇا تمام گھڻو سٿري ٿيل چربی دل جي صحت کي متاثر ڪري سگھي ٿو؟,تمام گھڻي سٿري ٿيل چربی دل جي صحت کي متاثر ڪري سگهي ٿي ڇا؟,auto_ok,genuine reword - needs native-speaker review
v2196,1097,عورتن جي غذائيت ۽ صحت,پروٽين ۽ صحتمند چربی,ڇا تمام گھڻو سٿري ٿيل چربی دل جي صحت کي متاثر ڪري سگھي ٿو؟,زياده saturated fat دل جي بيماري جو خطرو وڌائي سگهي ٿي ڇا؟,auto_ok,genuine reword - needs native-speaker review
v2197,1098,عورتن جي غذائيت ۽ صحت,پروٽين ۽ صحتمند چربی,ڇو مڇي هڪ صحتمند غذا جي حصي طور سفارش ڪئي وئي آهي؟,مڇي صحتمند غذا جي حصي طور ڇو سفارش ٿيل آهي؟,auto_ok,genuine reword - needs native-speaker review
v2198,1098,عورتن جي غذائيت ۽ صحت,پروٽين ۽ صحتمند چربی,ڇو مڇي هڪ صحتمند غذا جي حصي طور سفارش ڪئي وئي آهي؟,fish کاڌي ۾ ڇو فائديمند سمجهي ويندي آهي؟,auto_ok,genuine reword - needs native-speaker review
v2199,1099,عورتن جي غذائيت ۽ صحت,پروٽين ۽ صحتمند چربی,عضلات جي سار سنڀال ۾ پروٽين ڪهڙو ڪردار ادا ڪندو آهي؟,عضلات جي سار سنڀال ۾ پروٽين ڪهڙو ڪردار ادا ڪري ٿي؟,auto_ok,genuine reword - needs native-speaker review
v2200,1099,عورتن جي غذائيت ۽ صحت,پروٽين ۽ صحتمند چربی,عضلات جي سار سنڀال ۾ پروٽين ڪهڙو ڪردار ادا ڪندو آهي؟,muscle repair ۾ protein جو ڇا فائدو آهي؟,auto_ok,genuine reword - needs native-speaker review
v2201,1100,عورتن جي غذائيت ۽ صحت,پروٽين ۽ صحتمند چربی,ڇا پروٽين جي سپليمنٽ اڪثر عورتن لاء ضروري آهي؟,پروٽين جي سپليمنٽ اڪثر عورتن لاءِ ضروري آهي ڇا؟,auto_ok,genuine reword - needs native-speaker review
v2202,1100,عورتن جي غذائيت ۽ صحت,پروٽين ۽ صحتمند چربی,ڇا پروٽين جي سپليمنٽ اڪثر عورتن لاء ضروري آهي؟,عام طور تي protein powder عورتن لاءِ گهربل آهي ڇا؟,auto_ok,genuine reword - needs native-speaker review
v2203,1101,عورتن جي غذائيت ۽ صحت,پروٽين ۽ صحتمند چربی,اها سفارش ڇو ڪئي وئي آهي ته تريل ۽ پروسيس ٿيل کاڌن کي محدود ڪيو وڃي جيڪي چربی ۾ وڌيڪ آهن؟,تريل ۽ پروسيس ٿيل کاڌا گھٽ کائڻ جي سفارش ڇو ٿيل آهي؟,auto_ok,genuine reword - needs native-speaker review
v2204,1101,عورتن جي غذائيت ۽ صحت,پروٽين ۽ صحتمند چربی,اها سفارش ڇو ڪئي وئي آهي ته تريل ۽ پروسيس ٿيل کاڌن کي محدود ڪيو وڃي جيڪي چربی ۾ وڌيڪ آهن؟,fried ۽ processed food محدود ڇو رکجن؟,auto_ok,genuine reword - needs native-speaker review
v2205,1102,عورتن جي غذائيت ۽ صحت,پروٽين ۽ صحتمند چربی,ڇا صحتمند چربی هارمون جي پيداوار جي حمايت ڪري سگهي ٿي؟,صحتمند چربی هارمون بڻائڻ ۾ مدد ڪري سگهي ٿي ڇا؟,auto_ok,genuine reword - needs native-speaker review
v2206,1102,عورتن جي غذائيت ۽ صحت,پروٽين ۽ صحتمند چربی,ڇا صحتمند چربی هارمون جي پيداوار جي حمايت ڪري سگهي ٿي؟,healthy fats hormone production ۾ ڪيئن مدد ڏين ٿا؟,auto_ok,genuine reword - needs native-speaker review
v2207,1103,عورتن جي غذائيت ۽ صحت,هائيڊريشن,عورتن کي عام طور تي هر روز ڪيترو پاڻي گهرجي؟,عورتن کي عام طور روزانو ڪيترو پاڻي گهرجي؟,auto_ok,genuine reword - needs native-speaker review
v2208,1103,عورتن جي غذائيت ۽ صحت,هائيڊريشن,عورتن کي عام طور تي هر روز ڪيترو پاڻي گهرجي؟,عورتن لاءِ روزانو پاڻي جي صحيح مقدار ڪيتري آهي؟,auto_ok,genuine reword - needs native-speaker review
v2209,1104,عورتن جي غذائيت ۽ صحت,هائيڊريشن,مجموعي صحت لاءِ هائيڊريٽ ڇو ضروري آهي؟,مجموعي صحت لاءِ هائيڊريٽ رهڻ ڇو ضروري آهي؟,auto_ok,genuine reword - needs native-speaker review
v2210,1104,عورتن جي غذائيت ۽ صحت,هائيڊريشن,مجموعي صحت لاءِ هائيڊريٽ ڇو ضروري آهي؟,جسم کي پاڻي سان ڀرپور رکڻ ڪيترو اهم آهي؟,auto_ok,genuine reword - needs native-speaker review
v2211,1105,عورتن جي غذائيت ۽ صحت,هائيڊريشن,نرم ڊيهائيڊريشن جا نشان ڇا آهن؟,هلڪي ڊيهائيڊريشن جون نشانيون ڇا آهن؟,auto_ok,genuine reword - needs native-speaker review
v2212,1105,عورتن جي غذائيت ۽ صحت,هائيڊريشن,نرم ڊيهائيڊريشن جا نشان ڇا آهن؟,پاڻي جي هلڪي کوٽ جون علامتون ڪهڙيون آهن؟,auto_ok,genuine reword - needs native-speaker review
v2213,1106,عورتن جي غذائيت ۽ صحت,هائيڊريشن,ڇا ورزش دوران پاڻي جي ضرورت وڌي سگھي ٿي؟,ورزش دوران پاڻي جي ضرورت وڌي سگهي ٿي ڇا؟,auto_ok,genuine reword - needs native-speaker review
v2214,1106,عورتن جي غذائيت ۽ صحت,هائيڊريشن,ڇا ورزش دوران پاڻي جي ضرورت وڌي سگھي ٿي؟,کسرت وقت پاڻي جو استعمال وڌايو وڃي ڇا؟,auto_ok,genuine reword - needs native-speaker review
v2215,1107,عورتن جي غذائيت ۽ صحت,هائيڊريشن,ڇا سڀ سيال روزاني هائيڊريشن جي ضرورتن جي حساب سان شمار ڪن ٿا؟,سڀ سيال روزانو هائيڊريشن ۾ شمار ٿين ٿا ڇا؟,auto_ok,genuine reword - needs native-speaker review
v2216,1107,عورتن جي غذائيت ۽ صحت,هائيڊريشن,ڇا سڀ سيال روزاني هائيڊريشن جي ضرورتن جي حساب سان شمار ڪن ٿا؟,پاڻي کان سواءِ ٻيا مشروبات به hydration ۾ ڳڻجن ٿا ڇا؟,auto_ok,genuine reword - needs native-speaker review
v2217,1108,عورتن جي غذائيت ۽ صحت,هائيڊريشن,ڇا بدن ۾ پاڻي جي کوٽ توانائي جي سطح ۽ حراست کي متاثر ڪري سگهي ٿو؟,جسم ۾ پاڻي جي کوٽ توانائي ۽ حراست تي اثر انداز ٿي سگهي ٿي ڇا؟,auto_ok,genuine reword - needs native-speaker review
v2218,1108,عورتن جي غذائيت ۽ صحت,هائيڊريشن,ڇا بدن ۾ پاڻي جي کوٽ توانائي جي سطح ۽ حراست کي متاثر ڪري سگهي ٿو؟,dehydration سبب انرجي ۽ ڌيان تي اثر پوي ٿو ڇا؟,auto_ok,genuine reword - needs native-speaker review
v2219,1109,عورتن جي غذائيت ۽ صحت,هائيڊريشن,ڇو پاڻي عام طور تي هائيڊريشن لاءِ بهترين انتخاب آهي؟,پاڻي عام طور هائيڊريشن لاءِ بهترين انتخاب ڇو آهي؟,auto_ok,genuine reword - needs native-speaker review
v2220,1109,عورتن جي غذائيت ۽ صحت,هائيڊريشن,ڇو پاڻي عام طور تي هائيڊريشن لاءِ بهترين انتخاب آهي؟,پاڻي کي hydration لاءِ سڀ کان سٺو ذريعو ڇو سمجهيو وڃي ٿو؟,auto_ok,genuine reword - needs native-speaker review
v2221,1110,عورتن جي غذائيت ۽ صحت,هائيڊريشن,ڇا ڪافي پاڻي پيئڻ سان چمڙي جي صحت جي مدد ڪري سگهجي ٿي؟,ڪافي پاڻي پيئڻ سان چمڙي جي صحت بهتر ٿي سگهي ٿي ڇا؟,auto_ok,genuine reword - needs native-speaker review
v2222,1110,عورتن جي غذائيت ۽ صحت,هائيڊريشن,ڇا ڪافي پاڻي پيئڻ سان چمڙي جي صحت جي مدد ڪري سگهجي ٿي؟,زياده پاڻي پيئڻ سان چمڙي بهتر ٿي ٿي ڇا؟,auto_ok,genuine reword - needs native-speaker review
v2223,1111,عورتن جي غذائيت ۽ صحت,هائيڊريشن,عورتون ڪيئن ٻڌائي سگھن ٿيون ته اهي ڪافي پاڻي پيئنديون آهن؟,عورتون ڪيئن ٻڌائي سگهن ٿيون ته اهي ڪافي پاڻي پيئن ٿيون؟,auto_ok,genuine reword - needs native-speaker review
v2224,1111,عورتن جي غذائيت ۽ صحت,هائيڊريشن,عورتون ڪيئن ٻڌائي سگھن ٿيون ته اهي ڪافي پاڻي پيئنديون آهن؟,پاڻي جي مقدار ڪافي آهي، ان جي خبر ڪيئن پوندي؟,auto_ok,genuine reword - needs native-speaker review
v2225,1112,عورتن جي غذائيت ۽ صحت,هائيڊريشن,ڇا راندين جا مشروبات روزمره جي هائيڊريشن لاءِ ضروري آهن؟,راندين وارا مشروبات روزمره هائيڊريشن لاءِ ضروري آهن ڇا؟,auto_ok,genuine reword - needs native-speaker review
v2226,1112,عورتن جي غذائيت ۽ صحت,هائيڊريشن,ڇا راندين جا مشروبات روزمره جي هائيڊريشن لاءِ ضروري آهن؟,sports drinks عام طور تي پاڻي جي جاءِ وٺي سگهن ٿا ڇا؟,auto_ok,genuine reword - needs native-speaker review
v2227,1113,عورتن جي غذائيت ۽ صحت,هائيڊريشن,ڇا ڪيفين ٿيل مشروبات هائيڊريشن ۾ مدد ڪري سگھن ٿا؟,ڪيفين وارا مشروبات هائيڊريشن ۾ مدد ڪن ٿا ڇا؟,auto_ok,genuine reword - needs native-speaker review
v2228,1113,عورتن جي غذائيت ۽ صحت,هائيڊريشن,ڇا ڪيفين ٿيل مشروبات هائيڊريشن ۾ مدد ڪري سگھن ٿا؟,چانهه يا ڪافي هائيڊريشن ۾ مددگار آهن ڇا؟,auto_ok,genuine reword - needs native-speaker review
v2229,1114,عورتن جي غذائيت ۽ صحت,هائيڊريشن,گرم موسم يا بيماري دوران هائيڊريشن ڇو ضروري آهي؟,گرمي يا بيماري ۾ پاڻي پيئڻ وڌيڪ ڇو اهم ٿي وڃي ٿو؟,auto_ok,genuine reword - needs native-speaker review
v2230,1114,عورتن جي غذائيت ۽ صحت,هائيڊريشن,گرم موسم يا بيماري دوران هائيڊريشن ڇو ضروري آهي؟,گرمي يا بيماري ۾ پاڻي پيئڻ وڌيڪ ڇو اهم ٿي وڃي ٿو؟,auto_ok,genuine reword - needs native-speaker review
v2231,1115,عورتن جي غذائيت ۽ صحت,هائيڊريشن,ڇا ميون ۽ ڀاڄيون هائيڊريشن ۾ مدد ڪري سگھن ٿيون؟,ميوا ۽ ڀاڄيون هائيڊريشن ۾ مدد ڪن ٿا ڇا؟,auto_ok,genuine reword - needs native-speaker review
v2232,1115,عورتن جي غذائيت ۽ صحت,هائيڊريشن,ڇا ميون ۽ ڀاڄيون هائيڊريشن ۾ مدد ڪري سگھن ٿيون؟,fruits ۽ vegetables سان به جسم هائيڊريٽ رهي ٿو ڇا؟,auto_ok,genuine reword - needs native-speaker review
v2233,1116,عورتن جي غذائيت ۽ صحت,هائيڊريشن,جڏهن ڊيهائيڊريشن کي طبي ڳڻتي جي طور تي علاج ڪيو وڃي؟,ڪهڙي حالت ۾ ڊيهائيڊريشن کي طبي مسئلو سمجهي علاج ڪجي؟,auto_ok,genuine reword - needs native-speaker review
v2234,1116,عورتن جي غذائيت ۽ صحت,هائيڊريشن,جڏهن ڊيهائيڊريشن کي طبي ڳڻتي جي طور تي علاج ڪيو وڃي؟,پاڻي جي کوٽ ڪڏهن سنگين سمجهي ڊاڪٽر ڏانهن وڃجي؟,auto_ok,genuine reword - needs native-speaker review
v2235,1117,عورتن جي غذائيت ۽ صحت,صحت مند وزن ۽ وزن جو انتظام,عورتن لاء صحتمند وزن جي حد ڇا سمجهيو ويندو آهي؟,عورتن لاءِ صحتمند وزن جي حد ڇا سمجهي وڃي ٿي؟,auto_ok,genuine reword - needs native-speaker review
v2236,1117,عورتن جي غذائيت ۽ صحت,صحت مند وزن ۽ وزن جو انتظام,عورتن لاء صحتمند وزن جي حد ڇا سمجهيو ويندو آهي؟,healthy weight range عورتن لاءِ ڪهڙي سمجهي وڃي ٿي؟,auto_ok,genuine reword - needs native-speaker review
v2237,1118,عورتن جي غذائيت ۽ صحت,صحت مند وزن ۽ وزن جو انتظام,ڇو ته باڊي ماس انڊيڪس (باڊي ماس انڊيڪس) کي عام اسڪريننگ ٽول طور استعمال ڪيو ويندو آهي؟,باڊي ماس انڊيڪس (BMI) کي عام اسڪريننگ ٽول ڇو استعمال ڪيو ويندو آهي؟,auto_ok,genuine reword - needs native-speaker review
v2238,1118,عورتن جي غذائيت ۽ صحت,صحت مند وزن ۽ وزن جو انتظام,ڇو ته باڊي ماس انڊيڪس (باڊي ماس انڊيڪس) کي عام اسڪريننگ ٽول طور استعمال ڪيو ويندو آهي؟,BMI کي وزن جانچڻ لاءِ عام طريقو ڇو سمجهيو وڃي ٿو؟,auto_ok,genuine reword - needs native-speaker review
v2239,1119,عورتن جي غذائيت ۽ صحت,صحت مند وزن ۽ وزن جو انتظام,ماپ جي طور تي باڊي ماس انڊيڪس جون حدون ڇا آهن؟,BMI جون حدون ڪهڙيون آهن؟,auto_ok,genuine reword - needs native-speaker review
v2240,1119,عورتن جي غذائيت ۽ صحت,صحت مند وزن ۽ وزن جو انتظام,ماپ جي طور تي باڊي ماس انڊيڪس جون حدون ڇا آهن؟,BMI هڪ ماپ جي طور تي ڪهڙيون خاميون رکي ٿو؟,auto_ok,genuine reword - needs native-speaker review
v2241,1120,عورتن جي غذائيت ۽ صحت,صحت مند وزن ۽ وزن جو انتظام,ڇو تدريجي وزن گھٽائڻ عام طور تي سفارش ڪئي وئي آھي تيز وزن گھٽائڻ تي؟,تيز وزن گھٽائڻ جي بجاءِ تدريجي وزن گھٽائڻ ڇو سفارش ٿيل آهي؟,auto_ok,genuine reword - needs native-speaker review
v2242,1120,عورتن جي غذائيت ۽ صحت,صحت مند وزن ۽ وزن جو انتظام,ڇو تدريجي وزن گھٽائڻ عام طور تي سفارش ڪئي وئي آھي تيز وزن گھٽائڻ تي؟,آهستي آهستي وزن گھٽائڻ جلدي کان بهتر ڇو سمجهيو وڃي ٿو؟,auto_ok,genuine reword - needs native-speaker review
v2243,1121,عورتن جي غذائيت ۽ صحت,صحت مند وزن ۽ وزن جو انتظام,ڇا حادثو غذا ڊگھي مدت جي صحت لاءِ نقصانڪار ٿي سگھي ٿو؟,حادثاتي (crash) غذا ڊگهي مدت جي صحت لاءِ نقصانڪار ٿي سگهي ٿي ڇا؟,auto_ok,genuine reword - needs native-speaker review
v2244,1121,عورتن جي غذائيت ۽ صحت,صحت مند وزن ۽ وزن جو انتظام,ڇا حادثو غذا ڊگھي مدت جي صحت لاءِ نقصانڪار ٿي سگھي ٿو؟,crash diet سان ڊگهي ماهواري جي صحت خراب ٿي سگهي ٿي ڇا؟,auto_ok,genuine reword - needs native-speaker review
v2245,1122,عورتن جي غذائيت ۽ صحت,صحت مند وزن ۽ وزن جو انتظام,وزن جي انتظام ۾ جسماني سرگرمي ڪهڙي ڪردار ادا ڪري ٿي؟,وزن جي انتظام ۾ جسماني سرگرمي ڪهڙو ڪردار ادا ڪري ٿي؟,auto_ok,genuine reword - needs native-speaker review
v2246,1122,عورتن جي غذائيت ۽ صحت,صحت مند وزن ۽ وزن جو انتظام,وزن جي انتظام ۾ جسماني سرگرمي ڪهڙي ڪردار ادا ڪري ٿي؟,وزن سنڀالڻ ۾ physical activity جو ڪهڙو حصو آهي؟,auto_ok,genuine reword - needs native-speaker review
v2247,1123,عورتن جي غذائيت ۽ صحت,صحت مند وزن ۽ وزن جو انتظام,ڇو ننڊ اهم آهي صحتمند وزن برقرار رکڻ لاءِ؟,صحتمند وزن رکڻ لاءِ ننڊ ڇو اهم آهي؟,auto_ok,genuine reword - needs native-speaker review
v2248,1123,عورتن جي غذائيت ۽ صحت,صحت مند وزن ۽ وزن جو انتظام,ڇو ننڊ اهم آهي صحتمند وزن برقرار رکڻ لاءِ؟,پوري ننڊ وزن برقرار رکڻ ۾ ڇو مدد ڏئي ٿي؟,auto_ok,genuine reword - needs native-speaker review
v2249,1124,عورتن جي غذائيت ۽ صحت,صحت مند وزن ۽ وزن جو انتظام,ڇا دٻاء وزن جي انتظام کي متاثر ڪري سگھي ٿو؟,دٻاءُ وزن جي انتظام کي متاثر ڪري سگهي ٿو ڇا؟,auto_ok,genuine reword - needs native-speaker review
v2250,1124,عورتن جي غذائيت ۽ صحت,صحت مند وزن ۽ وزن جو انتظام,ڇا دٻاء وزن جي انتظام کي متاثر ڪري سگھي ٿو؟,ٽينشن وزن سنڀالڻ تي اثر وجهي ٿي ڇا؟,auto_ok,genuine reword - needs native-speaker review
v2251,1125,عورتن جي غذائيت ۽ صحت,صحت مند وزن ۽ وزن جو انتظام,ماڻهن جي وچ ۾ ڪيلوري جون ضرورتون مختلف ڇو آهن؟,ماڻهن ۾ ڪيلوري جي ضرورتون مختلف ڇو آهن؟,auto_ok,genuine reword - needs native-speaker review
v2252,1125,عورتن جي غذائيت ۽ صحت,صحت مند وزن ۽ وزن جو انتظام,ماڻهن جي وچ ۾ ڪيلوري جون ضرورتون مختلف ڇو آهن؟,هر ماڻهو جي روزانو calorie ضرورت الڳ ڇو آهي؟,auto_ok,genuine reword - needs native-speaker review
v2253,1126,عورتن جي غذائيت ۽ صحت,صحت مند وزن ۽ وزن جو انتظام,وزن جي انتظام لاء هڪ پائيدار طريقو ڇا آهي؟,وزن جي انتظام لاءِ پائيدار (sustainable) طريقو ڪهڙو آهي؟,auto_ok,genuine reword - needs native-speaker review
v2254,1126,عورتن جي غذائيت ۽ صحت,صحت مند وزن ۽ وزن جو انتظام,وزن جي انتظام لاء هڪ پائيدار طريقو ڇا آهي؟,وزن ڊگهي مدت لاءِ ڪيئن سنڀاليو وڃي؟,auto_ok,genuine reword - needs native-speaker review
v2255,1127,عورتن جي غذائيت ۽ صحت,صحت مند وزن ۽ وزن جو انتظام,ڇا وزن گھٽ هجڻ پڻ صحت لاءِ خطرو بڻجي سگهي ٿو؟,وزن گھٽ هجڻ به صحت لاءِ خطرو ٿي سگهي ٿو ڇا؟,auto_ok,genuine reword - needs native-speaker review
v2256,1127,عورتن جي غذائيت ۽ صحت,صحت مند وزن ۽ وزن جو انتظام,ڇا وزن گھٽ هجڻ پڻ صحت لاءِ خطرو بڻجي سگهي ٿو؟,بيحد سنهڙي جسم به نقصانڪار آهي ڇا؟,auto_ok,genuine reword - needs native-speaker review
v2257,1128,عورتن جي غذائيت ۽ صحت,صحت مند وزن ۽ وزن جو انتظام,ڇو کمر جي فريم ڪڏهن ڪڏهن باڊي ماس انڊيڪس سان گڏ استعمال ڪيو ويندو آهي؟,کمر جي فريم ڪڏهن ڪڏهن BMI سان گڏ ڇو استعمال ٿيندي آهي؟,auto_ok,genuine reword - needs native-speaker review
v2258,1128,عورتن جي غذائيت ۽ صحت,صحت مند وزن ۽ وزن جو انتظام,ڇو کمر جي فريم ڪڏهن ڪڏهن باڊي ماس انڊيڪس سان گڏ استعمال ڪيو ويندو آهي؟,waist size ڪجهه حالتن ۾ BMI سان گڏ ڇو چيڪ ٿيندو آهي؟,auto_ok,genuine reword - needs native-speaker review
v2259,1129,عورتن جي غذائيت ۽ صحت,صحت مند وزن ۽ وزن جو انتظام,ڇا وزن جي انتظام کي ڊگهي مدت جي بيماري جي روڪٿام جي مدد ڪري سگهي ٿي؟,وزن جي انتظام سان ڊگهي مدت جي بيمارين کان بچاءُ ٿي سگهي ٿو ڇا؟,auto_ok,genuine reword - needs native-speaker review
v2260,1129,عورتن جي غذائيت ۽ صحت,صحت مند وزن ۽ وزن جو انتظام,ڇا وزن جي انتظام کي ڊگهي مدت جي بيماري جي روڪٿام جي مدد ڪري سگهي ٿي؟,صحيح وزن رکڻ سان chronic disease جو خطرو گھٽجي ٿو ڇا؟,auto_ok,genuine reword - needs native-speaker review
v2261,1130,عورتن جي غذائيت ۽ صحت,صحت مند وزن ۽ وزن جو انتظام,ڇو عام طور تي انتهائي يا محدود غذا کان بچڻ گهرجي؟,انتهائي يا محدود غذا کان عام طور ڇو بچجي؟,auto_ok,genuine reword - needs native-speaker review
v2262,1130,عورتن جي غذائيت ۽ صحت,صحت مند وزن ۽ وزن جو انتظام,ڇو عام طور تي انتهائي يا محدود غذا کان بچڻ گهرجي؟,extreme diet کان پاسو ڇو ڪجي؟,auto_ok,genuine reword - needs native-speaker review
v2263,1131,عورتن جي غذائيت ۽ صحت,صحت مند وزن ۽ وزن جو انتظام,ڇا حصو سائيز وزن جي انتظام جي ڪوششن کي متاثر ڪري سگھي ٿو؟,حصي جي سائيز وزن جي ڪوششن کي متاثر ڪري سگهي ٿي ڇا؟,auto_ok,genuine reword - needs native-speaker review
v2264,1131,عورتن جي غذائيت ۽ صحت,صحت مند وزن ۽ وزن جو انتظام,ڇا حصو سائيز وزن جي انتظام جي ڪوششن کي متاثر ڪري سگھي ٿو؟,portion size وزن گھٽائڻ تي اثر انداز ٿي سگهي ٿي ڇا؟,auto_ok,genuine reword - needs native-speaker review
v2265,1132,عورتن جي غذائيت ۽ صحت,صحت مند وزن ۽ وزن جو انتظام,اڪيلو وزن جي بجاءِ مجموعي صحت تي ڌيان ڏيڻ ڇو ضروري آهي؟,صرف وزن ڏسڻ بجاءِ overall health تي ڇو ڌيان ڏجي؟,auto_ok,genuine reword - needs native-speaker review
v2266,1132,عورتن جي غذائيت ۽ صحت,صحت مند وزن ۽ وزن جو انتظام,اڪيلو وزن جي بجاءِ مجموعي صحت تي ڌيان ڏيڻ ڇو ضروري آهي؟,صرف وزن ڏسڻ بجاءِ overall health تي ڇو ڌيان ڏجي؟,auto_ok,genuine reword - needs native-speaker review
v2267,1133,عورتن جي غذائيت ۽ صحت,صحت مند وزن ۽ وزن جو انتظام,ڇا باقاعده کاڌي جو وقت صحت مند وزن جي انتظام جي مدد ڪري سگھي ٿو؟,باقاعده کاڌي جو وقت وزن جي انتظام ۾ مدد ڏئي ٿو ڇا؟,auto_ok,genuine reword - needs native-speaker review
v2268,1133,عورتن جي غذائيت ۽ صحت,صحت مند وزن ۽ وزن جو انتظام,ڇا باقاعده کاڌي جو وقت صحت مند وزن جي انتظام جي مدد ڪري سگھي ٿو؟,مقرر وقت تي کائڻ سان وزن ڪنٽرول ۾ رهي ٿو ڇا؟,auto_ok,genuine reword - needs native-speaker review
v2269,1134,عورتن جي غذائيت ۽ صحت,صحت مند وزن ۽ وزن جو انتظام,ڇا عورتن کي صحت جي سار سنڀار فراهم ڪندڙ سان وزن جا مقصد مقرر ڪرڻ گهرجي؟,عورتن کي وزن جا هدف صحت ڪارڪن سان گڏ رکجن ڇا؟,auto_ok,genuine reword - needs native-speaker review
v2270,1134,عورتن جي غذائيت ۽ صحت,صحت مند وزن ۽ وزن جو انتظام,ڇا عورتن کي صحت جي سار سنڀار فراهم ڪندڙ سان وزن جا مقصد مقرر ڪرڻ گهرجي؟,وزن جا مقصد ڊاڪٽر سان صلاح سان مقرر ڪجن ڇا؟,auto_ok,genuine reword - needs native-speaker review
v2271,1135,عورتن جي غذائيت ۽ صحت,صحت مند وزن ۽ وزن جو انتظام,ڇا وڌيڪ غذائي غذائيت جي مقدار کي متاثر ڪري سگھي ٿي؟,وڌيڪ غذا کائڻ غذائيت جي مقدار کي متاثر ڪري سگهي ٿي ڇا؟,auto_ok,genuine reword - needs native-speaker review
v2272,1135,عورتن جي غذائيت ۽ صحت,صحت مند وزن ۽ وزن جو انتظام,ڇا وڌيڪ غذائي غذائيت جي مقدار کي متاثر ڪري سگھي ٿي؟,over-eating سان nutrients جي مقدار تي ڪو اثر پوي ٿو ڇا؟,auto_ok,genuine reword - needs native-speaker review
v2273,1136,عورتن جي غذائيت ۽ صحت,صحت مند وزن ۽ وزن جو انتظام,سڄي کاڌي جي گروپن کي ختم ڪرڻ کان بهتر کائڻ لاء متوازن طريقو ڇو آهي؟,مڪمل کاڌي جي گروپ ختم ڪرڻ بجاءِ متوازن طريقو ڇو بهتر آهي؟,auto_ok,genuine reword - needs native-speaker review
v2274,1136,عورتن جي غذائيت ۽ صحت,صحت مند وزن ۽ وزن جو انتظام,سڄي کاڌي جي گروپن کي ختم ڪرڻ کان بهتر کائڻ لاء متوازن طريقو ڇو آهي؟,هڪ پوري food group ڇڏڻ کان balanced کائڻ بهتر ڇو آهي؟,auto_ok,genuine reword - needs native-speaker review
v2275,1137,عورتن جي غذائيت ۽ صحت,زندگي جي مختلف مرحلن دوران غذائيت,ڇوڪرين جي جوانيءَ دوران غذائي ضرورتون ڪيئن بدلجن ٿيون؟,ڇوڪرين جي جواني دوران غذائي ضرورتون ڪيئن بدلجن ٿيون؟,auto_ok,genuine reword - needs native-speaker review
v2276,1137,عورتن جي غذائيت ۽ صحت,زندگي جي مختلف مرحلن دوران غذائيت,ڇوڪرين جي جوانيءَ دوران غذائي ضرورتون ڪيئن بدلجن ٿيون؟,puberty وقت ڇوڪرين جي غذائي ضرورت ڪيئن مختلف ٿي ٿي؟,auto_ok,genuine reword - needs native-speaker review
v2277,1138,عورتن جي غذائيت ۽ صحت,زندگي جي مختلف مرحلن دوران غذائيت,ڪهڙن غذائي اجزاء خاص طور تي نوجوان بالغن دوران اهم آهن؟,ڪهڙا غذائي اجزاء خاص طور نوجوان بالغن لاءِ اهم آهن؟,auto_ok,genuine reword - needs native-speaker review
v2278,1138,عورتن جي غذائيت ۽ صحت,زندگي جي مختلف مرحلن دوران غذائيت,ڪهڙن غذائي اجزاء خاص طور تي نوجوان بالغن دوران اهم آهن؟,young adulthood ۾ ڪهڙا nutrients خاص طور ضروري آهن؟,auto_ok,genuine reword - needs native-speaker review
v2279,1139,عورتن جي غذائيت ۽ صحت,زندگي جي مختلف مرحلن دوران غذائيت,عمر سان گڏ غذائي ضرورتون ڪيئن بدلجن ٿيون؟,وڏي عمر ۾ غذائي ضرورتن ۾ ڪهڙو فرق اچي ٿو؟,auto_ok,genuine reword - needs native-speaker review
v2280,1139,عورتن جي غذائيت ۽ صحت,زندگي جي مختلف مرحلن دوران غذائيت,عمر سان گڏ غذائي ضرورتون ڪيئن بدلجن ٿيون؟,وڏي عمر ۾ غذائي ضرورتن ۾ ڪهڙو فرق اچي ٿو؟,auto_ok,genuine reword - needs native-speaker review
v2281,1140,عورتن جي غذائيت ۽ صحت,زندگي جي مختلف مرحلن دوران غذائيت,ڇو ته ڪلوري جي ضرورت اڪثر عمر سان گهٽجي ويندي آهي؟,عمر سان گڏ ڪيلوري جي ضرورت اڪثر ڇو گھٽجي ويندي آهي؟,auto_ok,genuine reword - needs native-speaker review
v2282,1140,عورتن جي غذائيت ۽ صحت,زندگي جي مختلف مرحلن دوران غذائيت,ڇو ته ڪلوري جي ضرورت اڪثر عمر سان گهٽجي ويندي آهي؟,وڏي عمر ۾ calorie ضرورت گھٽ ڇو ٿي ويندي آهي؟,auto_ok,genuine reword - needs native-speaker review
v2283,1141,عورتن جي غذائيت ۽ صحت,زندگي جي مختلف مرحلن دوران غذائيت,بعد ۾ بالغ ٿيڻ ۾ ڪهڙا غذائي عنصر وڌيڪ اهم ٿي ويندا آهن؟,وڏي عمر ۾ ڪهڙا غذائي عنصر وڌيڪ اهم ٿي وڃن ٿا؟,auto_ok,genuine reword - needs native-speaker review
v2284,1141,عورتن جي غذائيت ۽ صحت,زندگي جي مختلف مرحلن دوران غذائيت,بعد ۾ بالغ ٿيڻ ۾ ڪهڙا غذائي عنصر وڌيڪ اهم ٿي ويندا آهن؟,ادھیڑ عمر بعد ڪهڙا nutrients زياده گھرجن ٿا؟,auto_ok,genuine reword - needs native-speaker review
v2285,1142,عورتن جي غذائيت ۽ صحت,زندگي جي مختلف مرحلن دوران غذائيت,ڇا بپتسما تبديلين پراڻن عورتن ۾ غذائيت کي متاثر ڪري سگھي ٿي؟,مينوپاز واري تبديلي وڏي عمر جي عورتن جي غذائيت کي متاثر ڪري ٿي ڇا؟,auto_ok,genuine reword - needs native-speaker review
v2286,1142,عورتن جي غذائيت ۽ صحت,زندگي جي مختلف مرحلن دوران غذائيت,ڇا بپتسما تبديلين پراڻن عورتن ۾ غذائيت کي متاثر ڪري سگھي ٿي؟,menopause جو اثر بزرگ عورتن جي غذائيت تي پوي ٿو ڇا؟,auto_ok,genuine reword - needs native-speaker review
v2287,1143,عورتن جي غذائيت ۽ صحت,زندگي جي مختلف مرحلن دوران غذائيت,پراڻن عورتن لاء پروٽين جو استعمال ڇو ضروري آهي؟,وڏي عمر جي عورتن لاءِ پروٽين جو استعمال ڇو ضروري آهي؟,auto_ok,genuine reword - needs native-speaker review
v2288,1143,عورتن جي غذائيت ۽ صحت,زندگي جي مختلف مرحلن دوران غذائيت,پراڻن عورتن لاء پروٽين جو استعمال ڇو ضروري آهي؟,بزرگ عورتن کي زياده protein ڇو گهرجي ٿي؟,auto_ok,genuine reword - needs native-speaker review
v2289,1144,عورتن جي غذائيت ۽ صحت,زندگي جي مختلف مرحلن دوران غذائيت,ڇا غذائي جذبي کي عمر سان تبديل ڪري سگھي ٿو؟,غذائي جذبو عمر سان تبديل ٿي سگهي ٿو ڇا؟,auto_ok,genuine reword - needs native-speaker review
v2290,1144,عورتن جي غذائيت ۽ صحت,زندگي جي مختلف مرحلن دوران غذائيت,ڇا غذائي جذبي کي عمر سان تبديل ڪري سگھي ٿو؟,کاڌي جي هضم ٿيڻ جو انداز عمر سان بدلجي ٿو ڇا؟,auto_ok,genuine reword - needs native-speaker review
v2291,1145,عورتن جي غذائيت ۽ صحت,زندگي جي مختلف مرحلن دوران غذائيت,ڪهڙيون غذائي ترتيبون صحت مند عمر جي مدد ڪن ٿيون؟,ڪهڙيون غذائي ترتيبون صحتمند عمر وڌڻ ۾ مدد ڪن ٿيون؟,auto_ok,genuine reword - needs native-speaker review
v2292,1145,عورتن جي غذائيت ۽ صحت,زندگي جي مختلف مرحلن دوران غذائيت,ڪهڙيون غذائي ترتيبون صحت مند عمر جي مدد ڪن ٿيون؟,صحيح غذا سان عمر بهتر گذاري سگهجي ٿي ڇا؟,auto_ok,genuine reword - needs native-speaker review
v2293,1146,عورتن جي غذائيت ۽ صحت,زندگي جي مختلف مرحلن دوران غذائيت,ڇو ويتامين B12 جذب ڪڏهن ڪڏهن پراڻن بالغن ۾ گھٽجي ويندو آهي؟,ويتامين B12 جذب وڏي عمر جي ماڻهن ۾ ڇو گھٽجي ويندو آهي؟,auto_ok,genuine reword - needs native-speaker review
v2294,1146,عورتن جي غذائيت ۽ صحت,زندگي جي مختلف مرحلن دوران غذائيت,ڇو ويتامين B12 جذب ڪڏهن ڪڏهن پراڻن بالغن ۾ گھٽجي ويندو آهي؟,Vitamin B12 absorption وڏي عمر ۾ ڪمزور ڇو ٿي ويندي آهي؟,auto_ok,genuine reword - needs native-speaker review
v2295,1147,عورتن جي غذائيت ۽ صحت,زندگي جي مختلف مرحلن دوران غذائيت,ڇا هائيڊريشن جون ضرورتون عمر سان تبديل ٿي سگهن ٿيون؟,هائيڊريشن جون ضرورتون عمر سان بدلجن ٿيون ڇا؟,auto_ok,genuine reword - needs native-speaker review
v2296,1147,عورتن جي غذائيت ۽ صحت,زندگي جي مختلف مرحلن دوران غذائيت,ڇا هائيڊريشن جون ضرورتون عمر سان تبديل ٿي سگهن ٿيون؟,وڏي عمر ۾ پاڻي جي ضرورت ۾ فرق اچي ٿو ڇا؟,auto_ok,genuine reword - needs native-speaker review
v2297,1148,عورتن جي غذائيت ۽ صحت,زندگي جي مختلف مرحلن دوران غذائيت,بالغن ۾ فائبر جو استعمال ڇو ضروري آهي؟,وڏن ماڻهن لاءِ fiber جي اهميت ڇا آهي؟,auto_ok,genuine reword - needs native-speaker review
v2298,1148,عورتن جي غذائيت ۽ صحت,زندگي جي مختلف مرحلن دوران غذائيت,بالغن ۾ فائبر جو استعمال ڇو ضروري آهي؟,وڏن ماڻهن لاءِ fiber جي اهميت ڇا آهي؟,auto_ok,genuine reword - needs native-speaker review
v2299,1149,عورتن جي غذائيت ۽ صحت,زندگي جي مختلف مرحلن دوران غذائيت,ڇا تغذي جون ضرورتون پيدائشي ۽ پوسٽ-پيداوار سالن جي وچ ۾ مختلف ٿي سگهن ٿيون؟,تغذي جي ضرورتون پيدائشي ۽ پوسٽ-پيداوار سالن ۾ مختلف آهن ڇا؟,auto_ok,genuine reword - needs native-speaker review
v2300,1149,عورتن جي غذائيت ۽ صحت,زندگي جي مختلف مرحلن دوران غذائيت,ڇا تغذي جون ضرورتون پيدائشي ۽ پوسٽ-پيداوار سالن جي وچ ۾ مختلف ٿي سگهن ٿيون؟,بچہ پيدا ٿيڻ کان اڳ ۽ پوءِ جي غذائي ضرورتون الڳ آهن ڇا؟,auto_ok,genuine reword - needs native-speaker review
v2301,1150,عورتن جي غذائيت ۽ صحت,زندگي جي مختلف مرحلن دوران غذائيت,زندگي جي مختلف مرحلن تي غذائي ضرورتن جو جائزو وٺڻ ضروري ڇو آهي؟,زندگي جي مختلف مرحلن تي غذائي ضرورتن جو جائزو وٺڻ ڇو ضروري آهي؟,auto_ok,genuine reword - needs native-speaker review
v2302,1150,عورتن جي غذائيت ۽ صحت,زندگي جي مختلف مرحلن دوران غذائيت,زندگي جي مختلف مرحلن تي غذائي ضرورتن جو جائزو وٺڻ ضروري ڇو آهي؟,هر عمر جي مرحلي ۾ غذا ٻيهر جائزو وٺڻ گهرجي ڇو؟,auto_ok,genuine reword - needs native-speaker review
v2303,1151,عورتن جي غذائيت ۽ صحت,زندگي جي مختلف مرحلن دوران غذائيت,ڇا دائمي صحت جون حالتون غذائي ضرورتن کي متاثر ڪري سگھن ٿيون؟,دائمي صحت جون حالتون غذائي ضرورتن کي متاثر ڪن ٿيون ڇا؟,auto_ok,genuine reword - needs native-speaker review
v2304,1151,عورتن جي غذائيت ۽ صحت,زندگي جي مختلف مرحلن دوران غذائيت,ڇا دائمي صحت جون حالتون غذائي ضرورتن کي متاثر ڪري سگھن ٿيون؟,chronic bimari هجڻ سان غذائي ضرورتون بدلجي وڃن ٿيون ڇا؟,auto_ok,genuine reword - needs native-speaker review
v2305,1152,عورتن جي غذائيت ۽ صحت,زندگي جي مختلف مرحلن دوران غذائيت,وڏي عمر جي عورتن کي ڪلسيم ۽ وٽامن ڊي جي مقدار تي ڌيان ڇو ڏيڻ گهرجي؟,وڏي عمر جي عورتن کي ڪلسيم ۽ ويتامين ڊي تي ڇو ڌيان ڏيڻ گهرجي؟,auto_ok,genuine reword - needs native-speaker review
v2306,1152,عورتن جي غذائيت ۽ صحت,زندگي جي مختلف مرحلن دوران غذائيت,وڏي عمر جي عورتن کي ڪلسيم ۽ وٽامن ڊي جي مقدار تي ڌيان ڇو ڏيڻ گهرجي؟,بزرگ عورتن لاءِ calcium ۽ Vitamin D خاص طور ڇو اهم آهن؟,auto_ok,genuine reword - needs native-speaker review
v2307,1153,عورتن جي غذائيت ۽ صحت,زندگي جي مختلف مرحلن دوران غذائيت,ڇا سماجي عنصر پراڻن عورتن ۾ غذائيت کي متاثر ڪري سگھن ٿا؟,سماجي عنصر وڏي عمر جي عورتن جي غذائيت کي متاثر ڪن ٿا ڇا؟,auto_ok,genuine reword - needs native-speaker review
v2308,1153,عورتن جي غذائيت ۽ صحت,زندگي جي مختلف مرحلن دوران غذائيت,ڇا سماجي عنصر پراڻن عورتن ۾ غذائيت کي متاثر ڪري سگھن ٿا؟,معاشرتي حالتون بزرگ عورتن جي کاڌي تي اثر انداز ٿين ٿيون ڇا؟,auto_ok,genuine reword - needs native-speaker review
v2309,1154,عورتن جي غذائيت ۽ صحت,زندگي جي مختلف مرحلن دوران غذائيت,عورتن جي عمر وانگر عضلات جي حفاظت لاء غذا اهم ڇو آهي؟,عمر وڌڻ سان عضلات بچائڻ لاءِ غذا ڇو اهم آهي؟,auto_ok,genuine reword - needs native-speaker review
v2310,1154,عورتن جي غذائيت ۽ صحت,زندگي جي مختلف مرحلن دوران غذائيت,عورتن جي عمر وانگر عضلات جي حفاظت لاء غذا اهم ڇو آهي؟,muscle mass بچائڻ لاءِ وڏي عمر ۾ کاڌو ڪيترو ضروري آهي؟,auto_ok,genuine reword - needs native-speaker review
v2311,1155,عورتن جي غذائيت ۽ صحت,زندگي جي مختلف مرحلن دوران غذائيت,ڇا غذائيت مختلف زندگي جي مرحلن تي مدافعتي ڪم کي متاثر ڪري سگهي ٿي؟,غذائيت مختلف عمر جي مرحلن ۾ مدافعتي ڪم کي متاثر ڪري سگهي ٿي ڇا؟,auto_ok,genuine reword - needs native-speaker review
v2312,1155,عورتن جي غذائيت ۽ صحت,زندگي جي مختلف مرحلن دوران غذائيت,ڇا غذائيت مختلف زندگي جي مرحلن تي مدافعتي ڪم کي متاثر ڪري سگهي ٿي؟,کاڌي جو اثر immunity تي عمر مطابق مختلف آهي ڇا؟,auto_ok,genuine reword - needs native-speaker review
v2313,1156,عورتن جي غذائيت ۽ صحت,زندگي جي مختلف مرحلن دوران غذائيت,ڇو نوجوان عورتن کي صحت مند کائڻ جون عادتون جلدي ٺاهڻ گهرجن؟,نوجوان عورتن کي صحتمند کائڻ جون عادتون جلدي ڇو ٺاهڻ گهرجن؟,auto_ok,genuine reword - needs native-speaker review
v2314,1156,عورتن جي غذائيت ۽ صحت,زندگي جي مختلف مرحلن دوران غذائيت,ڇو نوجوان عورتن کي صحت مند کائڻ جون عادتون جلدي ٺاهڻ گهرجن؟,ننڍي عمر کان صحتمند کاڌي جي عادت وجهڻ ڇو ضروري آهي؟,auto_ok,genuine reword - needs native-speaker review
v2315,1157,عورتن جي غذائيت ۽ صحت,زندگي جي مختلف مرحلن دوران غذائيت,ڇا غذائي ضرورتون مختلف ٿي سگهن ٿيون سرگرمي جي سطح جي بنياد تي زندگي جي مرحلن ۾؟,غذائي ضرورتون سرگرمي جي سطح مطابق زندگي جي هر مرحلي ۾ بدلجن ٿيون ڇا؟,auto_ok,genuine reword - needs native-speaker review
v2316,1157,عورتن جي غذائيت ۽ صحت,زندگي جي مختلف مرحلن دوران غذائيت,ڇا غذائي ضرورتون مختلف ٿي سگهن ٿيون سرگرمي جي سطح جي بنياد تي زندگي جي مرحلن ۾؟,activity level بدلجڻ سان غذائي ضرورت مختلف ٿي ٿي ڇا؟,auto_ok,genuine reword - needs native-speaker review
v2317,1158,عورتن جي غذائيت ۽ صحت,جسماني سرگرمي ۽ صحت,بالغ عورتن لاء هر هفتي ڪيتري جسماني سرگرمي جي سفارش ڪئي وئي آهي؟,بالغ عورتن لاءِ هفتي ۾ ڪيتري جسماني سرگرمي سفارش ٿيل آهي؟,auto_ok,genuine reword - needs native-speaker review
v2318,1158,عورتن جي غذائيت ۽ صحت,جسماني سرگرمي ۽ صحت,بالغ عورتن لاء هر هفتي ڪيتري جسماني سرگرمي جي سفارش ڪئي وئي آهي؟,هفتيوار ڪيتري ورزش عورتن لاءِ صلاح ڪئي ويندي آهي؟,auto_ok,genuine reword - needs native-speaker review
v2319,1159,عورتن جي غذائيت ۽ صحت,جسماني سرگرمي ۽ صحت,عورتن لاء باقاعده جسماني سرگرمي جا فائدا ڇا آهن؟,عورتن لاءِ باقاعده جسماني سرگرمي جا فائدا ڪهڙا آهن؟,auto_ok,genuine reword - needs native-speaker review
v2320,1159,عورتن جي غذائيت ۽ صحت,جسماني سرگرمي ۽ صحت,عورتن لاء باقاعده جسماني سرگرمي جا فائدا ڇا آهن؟,روزانو ورزش سان عورتن کي ڪهڙا فائدا ملن ٿا؟,auto_ok,genuine reword - needs native-speaker review
v2321,1160,عورتن جي غذائيت ۽ صحت,جسماني سرگرمي ۽ صحت,ايروبڪ ۽ طاقت جي تربيت واري مشق جو ميلاپ ڇو سفارش ڪئي وئي آهي؟,ايروبڪ ۽ طاقت جي تربيت جو ميلاپ ڇو سفارش ٿيل آهي؟,auto_ok,genuine reword - needs native-speaker review
v2322,1160,عورتن جي غذائيت ۽ صحت,جسماني سرگرمي ۽ صحت,ايروبڪ ۽ طاقت جي تربيت واري مشق جو ميلاپ ڇو سفارش ڪئي وئي آهي؟,cardio ۽ strength training ٻئي گڏ ڪرڻ جي صلاح ڇو ڏني ويندي آهي؟,auto_ok,genuine reword - needs native-speaker review
v2323,1161,عورتن جي غذائيت ۽ صحت,جسماني سرگرمي ۽ صحت,ڇا جسماني سرگرمي دائمي بيماري جي خطري کي گھٽائڻ ۾ مدد ڪري سگھي ٿي؟,جسماني سرگرمي دائمي بيماري جو خطرو گھٽائي سگهي ٿي ڇا؟,auto_ok,genuine reword - needs native-speaker review
v2324,1161,عورتن جي غذائيت ۽ صحت,جسماني سرگرمي ۽ صحت,ڇا جسماني سرگرمي دائمي بيماري جي خطري کي گھٽائڻ ۾ مدد ڪري سگھي ٿي؟,ورزش سان chronic disease جو چانس گھٽ ٿئي ٿو ڇا؟,auto_ok,genuine reword - needs native-speaker review
v2325,1162,عورتن جي غذائيت ۽ صحت,جسماني سرگرمي ۽ صحت,ڇو طاقت جي تربيت عورتن لاء اهم آهي؟,طاقت جي تربيت عورتن لاءِ ڇو اهم آهي؟,auto_ok,genuine reword - needs native-speaker review
v2326,1162,عورتن جي غذائيت ۽ صحت,جسماني سرگرمي ۽ صحت,ڇو طاقت جي تربيت عورتن لاء اهم آهي؟,strength training عورتن لاءِ ڪيتري ضروري آهي؟,auto_ok,genuine reword - needs native-speaker review
v2327,1163,عورتن جي غذائيت ۽ صحت,جسماني سرگرمي ۽ صحت,ڇا باقاعده ورزش هڏن جي صحت جي مدد ڪري سگهي ٿي؟,باقاعده ورزش هڏن جي صحت ۾ مدد ڪري سگهي ٿي ڇا؟,auto_ok,genuine reword - needs native-speaker review
v2328,1163,عورتن جي غذائيت ۽ صحت,جسماني سرگرمي ۽ صحت,ڇا باقاعده ورزش هڏن جي صحت جي مدد ڪري سگهي ٿي؟,روزانو کسرت سان هڏا مضبوط ٿين ٿا ڇا؟,auto_ok,genuine reword - needs native-speaker review
v2329,1164,عورتن جي غذائيت ۽ صحت,جسماني سرگرمي ۽ صحت,جسماني سرگرمي دل جي صحت لاءِ فائديمند ڇو آهي؟,جسماني سرگرمي دل جي صحت لاءِ ڇو فائديمند آهي؟,auto_ok,genuine reword - needs native-speaker review
v2330,1164,عورتن جي غذائيت ۽ صحت,جسماني سرگرمي ۽ صحت,جسماني سرگرمي دل جي صحت لاءِ فائديمند ڇو آهي؟,ورزش دل کي ڪيئن فائدو ڏئي ٿي؟,auto_ok,genuine reword - needs native-speaker review
v2331,1165,عورتن جي غذائيت ۽ صحت,جسماني سرگرمي ۽ صحت,عورتون ڪيئن محفوظ طور تي نئين ورزش جو معمول شروع ڪري سگهن ٿيون؟,عورتون محفوظ طور نئون ورزش پروگرام ڪيئن شروع ڪري سگهن ٿيون؟,auto_ok,genuine reword - needs native-speaker review
v2332,1165,عورتن جي غذائيت ۽ صحت,جسماني سرگرمي ۽ صحت,عورتون ڪيئن محفوظ طور تي نئين ورزش جو معمول شروع ڪري سگهن ٿيون؟,نئين ورزش کي احتياط سان ڪيئن شروع ڪجي؟,auto_ok,genuine reword - needs native-speaker review
v2333,1166,عورتن جي غذائيت ۽ صحت,جسماني سرگرمي ۽ صحت,ڇا جسماني سرگرمي ننڊ جي معيار کي بهتر بڻائي سگھي ٿي؟,جسماني سرگرمي ننڊ جي معيار بهتر بڻائي سگهي ٿي ڇا؟,auto_ok,genuine reword - needs native-speaker review
v2334,1166,عورتن جي غذائيت ۽ صحت,جسماني سرگرمي ۽ صحت,ڇا جسماني سرگرمي ننڊ جي معيار کي بهتر بڻائي سگھي ٿي؟,روزانو ورزش سان ننڊ بهتر ٿي سگهي ٿي ڇا؟,auto_ok,genuine reword - needs native-speaker review
v2335,1167,عورتن جي غذائيت ۽ صحت,جسماني سرگرمي ۽ صحت,ڇو ته لچڪدار ۽ توازن جي تربيت عورتن جي عمر جي طور تي فائدي واري آهي؟,لچڪدار ۽ توازن جي تربيت عورتن جي عمر وڌڻ سان ڇو فائديمند آهي؟,auto_ok,genuine reword - needs native-speaker review
v2336,1167,عورتن جي غذائيت ۽ صحت,جسماني سرگرمي ۽ صحت,ڇو ته لچڪدار ۽ توازن جي تربيت عورتن جي عمر جي طور تي فائدي واري آهي؟,flexibility ۽ balance training وڏي عمر ۾ ڇو ضروري آهن؟,auto_ok,genuine reword - needs native-speaker review
v2337,1168,عورتن جي غذائيت ۽ صحت,جسماني سرگرمي ۽ صحت,ڇا اعتدال پسند سرگرمي کي سڄي ڏينهن ۾ ننڍڙن سيشنن ۾ ٽوڙي سگهجي ٿو؟,اعتدال پسند سرگرمي کي سڄي ڏينهن ۾ ننڍن حصن ۾ ورهائي سگهجي ٿو ڇا؟,auto_ok,genuine reword - needs native-speaker review
v2338,1168,عورتن جي غذائيت ۽ صحت,جسماني سرگرمي ۽ صحت,ڇا اعتدال پسند سرگرمي کي سڄي ڏينهن ۾ ننڍڙن سيشنن ۾ ٽوڙي سگهجي ٿو؟,ورزش کي ننڍا ننڍا حصا ڪري سڄو ڏينهن ڪري سگهجي ٿي ڇا؟,auto_ok,genuine reword - needs native-speaker review
v2339,1169,عورتن جي غذائيت ۽ صحت,جسماني سرگرمي ۽ صحت,اعتدال پسند-شدت جسماني سرگرمي جي طور تي ڇا شمار ڪيو وڃي ٿو؟,اعتدال پسند-شدت واري جسماني سرگرمي ڇا شمار ٿئي ٿي؟,auto_ok,genuine reword - needs native-speaker review
v2340,1169,عورتن جي غذائيت ۽ صحت,جسماني سرگرمي ۽ صحت,اعتدال پسند-شدت جسماني سرگرمي جي طور تي ڇا شمار ڪيو وڃي ٿو؟,moderate-intensity activity ۾ ڪهڙيون شيون اچن ٿيون؟,auto_ok,genuine reword - needs native-speaker review
v2341,1170,عورتن جي غذائيت ۽ صحت,جسماني سرگرمي ۽ صحت,زوردار-شدت واري جسماني سرگرمي جي طور تي ڇا ڳڻيندو آهي؟,زوردار-شدت واري جسماني سرگرمي ڇا ڳڻبي آهي؟,auto_ok,genuine reword - needs native-speaker review
v2342,1170,عورتن جي غذائيت ۽ صحت,جسماني سرگرمي ۽ صحت,زوردار-شدت واري جسماني سرگرمي جي طور تي ڇا ڳڻيندو آهي؟,vigorous-intensity activity ۾ ڪهڙيون شيون شمار ٿين ٿيون؟,auto_ok,genuine reword - needs native-speaker review
v2343,1171,عورتن جي غذائيت ۽ صحت,جسماني سرگرمي ۽ صحت,بيهڻ واري وقت کي گهٽائڻ صحت لاءِ اهم ڇو آهي؟,ويهي رهڻ وارو وقت گھٽائڻ صحت لاءِ ڇو اهم آهي؟,auto_ok,genuine reword - needs native-speaker review
v2344,1171,عورتن جي غذائيت ۽ صحت,جسماني سرگرمي ۽ صحت,بيهڻ واري وقت کي گهٽائڻ صحت لاءِ اهم ڇو آهي؟,sitting time گھٽائڻ ڪيترو ضروري آهي؟,auto_ok,genuine reword - needs native-speaker review
v2345,1172,عورتن جي غذائيت ۽ صحت,جسماني سرگرمي ۽ صحت,ڇا گھمڻ ورزش جو مؤثر روپ ٿي سگھي ٿو؟,گھمڻ (walking) ورزش جو مؤثر روپ ٿي سگهي ٿو ڇا؟,auto_ok,genuine reword - needs native-speaker review
v2346,1172,عورتن جي غذائيت ۽ صحت,جسماني سرگرمي ۽ صحت,ڇا گھمڻ ورزش جو مؤثر روپ ٿي سگھي ٿو؟,روزانو walk ڪرڻ سچ ۾ ورزش ليکجي ٿي ڇا؟,auto_ok,genuine reword - needs native-speaker review
v2347,1173,عورتن جي غذائيت ۽ صحت,جسماني سرگرمي ۽ صحت,ڇا عورتن کي نئين ورزش پروگرام شروع ڪرڻ کان پهريان ڊاڪٽر سان صلاح ڪرڻ گهرجي؟,عورتن کي نئون ورزش پروگرام شروع ڪرڻ کان اڳ ڊاڪٽر سان صلاح ڪجي ڇا؟,auto_ok,genuine reword - needs native-speaker review
v2348,1173,عورتن جي غذائيت ۽ صحت,جسماني سرگرمي ۽ صحت,ڇا عورتن کي نئين ورزش پروگرام شروع ڪرڻ کان پهريان ڊاڪٽر سان صلاح ڪرڻ گهرجي؟,کسرت شروع ڪرڻ کان اڳ طبيب سان ڳالهائجي ڇا؟,auto_ok,genuine reword - needs native-speaker review
v2349,1174,عورتن جي غذائيت ۽ صحت,جسماني سرگرمي ۽ صحت,ڇا جسماني سرگرمي صحت مند وزن جي انتظام جي مدد ڪري سگھي ٿي؟,جسماني سرگرمي صحتمند وزن رکڻ ۾ مدد ڏئي ٿي ڇا؟,auto_ok,genuine reword - needs native-speaker review
v2350,1174,عورتن جي غذائيت ۽ صحت,جسماني سرگرمي ۽ صحت,ڇا جسماني سرگرمي صحت مند وزن جي انتظام جي مدد ڪري سگھي ٿي؟,ورزش وزن ڪنٽرول ۾ ڪيترو فائدو ڏئي ٿي؟,auto_ok,genuine reword - needs native-speaker review
v2351,1175,عورتن جي غذائيت ۽ صحت,جسماني سرگرمي ۽ صحت,جسماني سرگرمي جي معمول ۾ تسلسل ڇو ضروري آهي؟,جسماني سرگرمي ۾ تسلسل ڇو ضروري آهي؟,auto_ok,genuine reword - needs native-speaker review
v2352,1175,عورتن جي غذائيت ۽ صحت,جسماني سرگرمي ۽ صحت,جسماني سرگرمي جي معمول ۾ تسلسل ڇو ضروري آهي؟,مسلسل ورزش ڪرڻ ڪيترو اهم آهي؟,auto_ok,genuine reword - needs native-speaker review
v2353,1176,عورتن جي غذائيت ۽ صحت,جسماني سرگرمي ۽ صحت,ڇا مشق دٻاء جي سطح کي منظم ڪرڻ ۾ مدد ڪري سگھي ٿي؟,ورزش دٻاءُ جي سطح منظم ڪرڻ ۾ مدد ڪري سگهي ٿي ڇا؟,auto_ok,genuine reword - needs native-speaker review
v2354,1176,عورتن جي غذائيت ۽ صحت,جسماني سرگرمي ۽ صحت,ڇا مشق دٻاء جي سطح کي منظم ڪرڻ ۾ مدد ڪري سگھي ٿي؟,کسرت سان ٽينشن گھٽجي سگهي ٿي ڇا؟,auto_ok,genuine reword - needs native-speaker review
v2355,1177,عورتن جي غذائيت ۽ صحت,جسماني سرگرمي ۽ صحت,ورزش دوران گرم ڪرڻ ۽ ٿڌو ڪرڻ ڇو ضروري آهي؟,ورزش دوران گرم ۽ ٿڌو ڪرڻ ڇو ضروري آهي؟,auto_ok,genuine reword - needs native-speaker review
v2356,1177,عورتن جي غذائيت ۽ صحت,جسماني سرگرمي ۽ صحت,ورزش دوران گرم ڪرڻ ۽ ٿڌو ڪرڻ ڇو ضروري آهي؟,warm-up ۽ cool-down ڪرڻ ورزش ۾ ڪيترو اهم آهي؟,auto_ok,genuine reword - needs native-speaker review
v2357,1178,عورتن جي غذائيت ۽ صحت,جسماني سرگرمي ۽ صحت,وڏي عمر ۾ ڊگھي مدت جي آزاديءَ لاءِ سرگرم رهڻ ڇو ضروري آهي؟,وڏي عمر ۾ ڊگهي مدت جي آزاديءَ لاءِ سرگرم رهڻ ڇو ضروري آهي؟,auto_ok,genuine reword - needs native-speaker review
v2358,1178,عورتن جي غذائيت ۽ صحت,جسماني سرگرمي ۽ صحت,وڏي عمر ۾ ڊگھي مدت جي آزاديءَ لاءِ سرگرم رهڻ ڇو ضروري آهي؟,بزرگ عمر ۾ خودمختاري لاءِ ورزش ڇو اهم آهي؟,auto_ok,genuine reword - needs native-speaker review
v2359,1179,عورتن جي غذائيت ۽ صحت,جسماني سرگرمي ۽ صحت,ڇا گروپ يا سماجي ورزش جون سرگرميون حوصلا افزائي ڪري سگھن ٿيون؟,گروپ يا سماجي ورزش جون سرگرميون حوصلا افزائي ڪري سگهن ٿيون ڇا؟,auto_ok,genuine reword - needs native-speaker review
v2360,1179,عورتن جي غذائيت ۽ صحت,جسماني سرگرمي ۽ صحت,ڇا گروپ يا سماجي ورزش جون سرگرميون حوصلا افزائي ڪري سگھن ٿيون؟,گڏجي ورزش ڪرڻ سان جوش وڌي ٿو ڇا؟,auto_ok,genuine reword - needs native-speaker review
v2361,1180,عورتن جي غذائيت ۽ صحت,صحتمند طرز زندگي ۽ روڪٿام,ڪهڙيون طرز زندگي جون عادتون عورتن ۾ ڊگهي مدي واري بيماري جي روڪٿام ۾ مدد ڪن ٿيون؟,ڪهڙيون طرز زندگي عادتون عورتن ۾ ڊگهي مدي واري بيماري روڪن ٿيون؟,auto_ok,genuine reword - needs native-speaker review
v2362,1180,عورتن جي غذائيت ۽ صحت,صحتمند طرز زندگي ۽ روڪٿام,ڪهڙيون طرز زندگي جون عادتون عورتن ۾ ڊگهي مدي واري بيماري جي روڪٿام ۾ مدد ڪن ٿيون؟,زندگي جي ڪهڙين عادتن سان عورتون chronic disease کان بچي سگهن ٿيون؟,auto_ok,genuine reword - needs native-speaker review
v2363,1181,عورتن جي غذائيت ۽ صحت,صحتمند طرز زندگي ۽ روڪٿام,ڇو تمباکو کان بچڻ عورتن جي صحت لاء اهم آهي؟,تماڪ کان بچڻ عورتن جي صحت لاءِ ڇو اهم آهي؟,auto_ok,genuine reword - needs native-speaker review
v2364,1181,عورتن جي غذائيت ۽ صحت,صحتمند طرز زندگي ۽ روڪٿام,ڇو تمباکو کان بچڻ عورتن جي صحت لاء اهم آهي؟,نسوار يا سگريٽ کان پري رهڻ ڪيترو ضروري آهي؟,auto_ok,genuine reword - needs native-speaker review
v2365,1182,عورتن جي غذائيت ۽ صحت,صحتمند طرز زندگي ۽ روڪٿام,ڪئين شراب جي استعمال کي محدود ڪرڻ مجموعي صحت جي مدد ڪري ٿي؟,شراب جو استعمال محدود ڪرڻ مجموعي صحت ۾ ڪيئن مدد ڏئي ٿو؟,auto_ok,genuine reword - needs native-speaker review
v2366,1182,عورتن جي غذائيت ۽ صحت,صحتمند طرز زندگي ۽ روڪٿام,ڪئين شراب جي استعمال کي محدود ڪرڻ مجموعي صحت جي مدد ڪري ٿي؟,الڪوحل گھٽ ڪرڻ سان مجموعي صحت ڪيئن بهتر ٿئي ٿي؟,auto_ok,genuine reword - needs native-speaker review
v2367,1183,عورتن جي غذائيت ۽ صحت,صحتمند طرز زندگي ۽ روڪٿام,روڪٿام لاءِ باقاعده صحت جا معائنو ڇو ضروري آهن؟,روڪٿام لاءِ باقاعده صحت جا معائنا ڇو ضروري آهن؟,auto_ok,genuine reword - needs native-speaker review
v2368,1183,عورتن جي غذائيت ۽ صحت,صحتمند طرز زندگي ۽ روڪٿام,روڪٿام لاءِ باقاعده صحت جا معائنو ڇو ضروري آهن؟,بيماريءَ کان بچاءُ لاءِ وقتي چيڪ اپ ڇو اهم آهن؟,auto_ok,genuine reword - needs native-speaker review
v2369,1184,عورتن جي غذائيت ۽ صحت,صحتمند طرز زندگي ۽ روڪٿام,ڇا هڪ صحتمند طرز زندگي دل جي بيماري جي خطري کي گهٽائي سگهي ٿي؟,صحتمند طرز زندگي دل جي بيماري جو خطرو گھٽائي سگهي ٿي ڇا؟,auto_ok,genuine reword - needs native-speaker review
v2370,1184,عورتن جي غذائيت ۽ صحت,صحتمند طرز زندگي ۽ روڪٿام,ڇا هڪ صحتمند طرز زندگي دل جي بيماري جي خطري کي گهٽائي سگهي ٿي؟,سٺيون عادتون heart disease جو چانس گھٽائين ٿيون ڇا؟,auto_ok,genuine reword - needs native-speaker review
v2371,1185,عورتن جي غذائيت ۽ صحت,صحتمند طرز زندگي ۽ روڪٿام,سج جي حفاظت کي صحتمند طرز زندگي جو حصو ڇو سمجهيو ويندو آهي؟,سج کان حفاظت صحتمند طرز زندگي جو حصو ڇو سمجهي وڃي ٿي؟,auto_ok,genuine reword - needs native-speaker review
v2372,1185,عورتن جي غذائيت ۽ صحت,صحتمند طرز زندگي ۽ روڪٿام,سج جي حفاظت کي صحتمند طرز زندگي جو حصو ڇو سمجهيو ويندو آهي؟,sun protection کي healthy lifestyle ۾ ڇو شامل ڪيو وڃي ٿو؟,auto_ok,genuine reword - needs native-speaker review
v2373,1186,عورتن جي غذائيت ۽ صحت,صحتمند طرز زندگي ۽ روڪٿام,ڇا مناسب ننڊ کي صحتمند طرز زندگي جو حصو سمجهي سگهجي ٿو؟,مناسب ننڊ صحتمند طرز زندگي جو حصو سمجهي سگهجي ٿي ڇا؟,auto_ok,genuine reword - needs native-speaker review
v2374,1186,عورتن جي غذائيت ۽ صحت,صحتمند طرز زندگي ۽ روڪٿام,ڇا مناسب ننڊ کي صحتمند طرز زندگي جو حصو سمجهي سگهجي ٿو؟,پوري ننڊ کي صحتمند عادت جو حصو سمجهجي ڇا؟,auto_ok,genuine reword - needs native-speaker review
v2375,1187,عورتن جي غذائيت ۽ صحت,صحتمند طرز زندگي ۽ روڪٿام,مجموعي ڀلائي لاءِ دٻاءُ جو انتظام ڇو اهم آهي؟,ٽينشن سنڀالڻ overall well-being لاءِ ڪيترو ضروري آهي؟,auto_ok,genuine reword - needs native-speaker review
v2376,1187,عورتن جي غذائيت ۽ صحت,صحتمند طرز زندگي ۽ روڪٿام,مجموعي ڀلائي لاءِ دٻاءُ جو انتظام ڇو اهم آهي؟,ٽينشن سنڀالڻ overall well-being لاءِ ڪيترو ضروري آهي؟,auto_ok,genuine reword - needs native-speaker review
v2377,1188,عورتن جي غذائيت ۽ صحت,صحتمند طرز زندگي ۽ روڪٿام,ڇا هٿ جي صفائي بيماري کي روڪڻ ۾ مدد ڪري سگهي ٿي؟,هٿ جي صفائي بيماري روڪڻ ۾ مدد ڪري سگهي ٿي ڇا؟,auto_ok,genuine reword - needs native-speaker review
v2378,1188,عورتن جي غذائيت ۽ صحت,صحتمند طرز زندگي ۽ روڪٿام,ڇا هٿ جي صفائي بيماري کي روڪڻ ۾ مدد ڪري سگهي ٿي؟,هٿ ڌوئڻ سان بيمارين کان بچاءُ ٿئي ٿو ڇا؟,auto_ok,genuine reword - needs native-speaker review
v2379,1189,عورتن جي غذائيت ۽ صحت,صحتمند طرز زندگي ۽ روڪٿام,روزاني پچائڻ ۾ کاڌي جي حفاظت ڇو اهم آهي؟,روزانو پچائڻ ۾ کاڌي جي حفاظت ڇو اهم آهي؟,auto_ok,genuine reword - needs native-speaker review
v2380,1189,عورتن جي غذائيت ۽ صحت,صحتمند طرز زندگي ۽ روڪٿام,روزاني پچائڻ ۾ کاڌي جي حفاظت ڇو اهم آهي؟,کاڌو تيار ڪندي food safety جو خيال ڇو رکجي؟,auto_ok,genuine reword - needs native-speaker review
v2381,1190,عورتن جي غذائيت ۽ صحت,صحتمند طرز زندگي ۽ روڪٿام,کاڌي جي پيدا ٿيڻ واري بيماري کي روڪڻ لاءِ محفوظ فوڊ اسٽوريج جا طريقا ڪهڙا آهن؟,کاڌي مان بيماري کان بچاءُ لاءِ خوراڪ کي ڪيئن سنڀاليو وڃي؟,auto_ok,genuine reword - needs native-speaker review
v2382,1190,عورتن جي غذائيت ۽ صحت,صحتمند طرز زندگي ۽ روڪٿام,کاڌي جي پيدا ٿيڻ واري بيماري کي روڪڻ لاءِ محفوظ فوڊ اسٽوريج جا طريقا ڪهڙا آهن؟,کاڌي کي محفوظ رکڻ لاءِ ڪهڙا طريقا استعمال ڪجن؟,auto_ok,genuine reword - needs native-speaker review
v2383,1191,عورتن جي غذائيت ۽ صحت,صحتمند طرز زندگي ۽ روڪٿام,کاڌو تيار ڪرڻ کان اڳ هٿ ڌوئڻ ضروري ڇو آهي؟,کاڌو تيار ڪرڻ کان اڳ هٿ ڌوئڻ ڇو ضروري آهي؟,auto_ok,genuine reword - needs native-speaker review
v2384,1191,عورتن جي غذائيت ۽ صحت,صحتمند طرز زندگي ۽ روڪٿام,کاڌو تيار ڪرڻ کان اڳ هٿ ڌوئڻ ضروري ڇو آهي؟,رڌپچاءُ کان اڳ صفائي جو خيال ڇو رکجي؟,auto_ok,genuine reword - needs native-speaker review
v2385,1192,عورتن جي غذائيت ۽ صحت,صحتمند طرز زندگي ۽ روڪٿام,ڇا صحتمند طرز زندگي ڪينسر جي خطري کي گھٽائي سگھي ٿي؟,صحتمند طرز زندگي ڪينسر جو خطرو گھٽائي سگهي ٿي ڇا؟,auto_ok,genuine reword - needs native-speaker review
v2386,1192,عورتن جي غذائيت ۽ صحت,صحتمند طرز زندگي ۽ روڪٿام,ڇا صحتمند طرز زندگي ڪينسر جي خطري کي گھٽائي سگھي ٿي؟,سٺيون عادتون cancer جو چانس گھٽ ڪن ٿيون ڇا؟,auto_ok,genuine reword - needs native-speaker review
v2387,1193,عورتن جي غذائيت ۽ صحت,صحتمند طرز زندگي ۽ روڪٿام,سماجي رابطن کي برقرار رکڻ کي مجموعي ڀلائي جو حصو ڇو سمجهيو وڃي ٿو؟,سماجي رابطا برقرار رکڻ ڀلائي جو حصو ڇو سمجهيو وڃي ٿو؟,auto_ok,genuine reword - needs native-speaker review
v2388,1193,عورتن جي غذائيت ۽ صحت,صحتمند طرز زندگي ۽ روڪٿام,سماجي رابطن کي برقرار رکڻ کي مجموعي ڀلائي جو حصو ڇو سمجهيو وڃي ٿو؟,دوستن ۽ خاندان سان رابطو overall health ۾ ڇو اهم آهي؟,auto_ok,genuine reword - needs native-speaker review
v2389,1194,عورتن جي غذائيت ۽ صحت,صحتمند طرز زندگي ۽ روڪٿام,ڇا باقاعده حفاظتي اسڪريننگ کي صحتمند طرز زندگي جو حصو سمجهي سگهجي ٿو؟,باقاعده حفاظتي اسڪريننگ صحتمند طرز زندگي جو حصو سمجهي سگهجي ٿي ڇا؟,auto_ok,genuine reword - needs native-speaker review
v2390,1194,عورتن جي غذائيت ۽ صحت,صحتمند طرز زندگي ۽ روڪٿام,ڇا باقاعده حفاظتي اسڪريننگ کي صحتمند طرز زندگي جو حصو سمجهي سگهجي ٿو؟,preventive screening کي healthy lifestyle جو حصو سمجهجي ڇا؟,auto_ok,genuine reword - needs native-speaker review
v2391,1195,عورتن جي غذائيت ۽ صحت,صحتمند طرز زندگي ۽ روڪٿام,وڌيڪ پروسيس ٿيل گوشت جي واپرائڻ کان بچڻ جي سفارش ڇو ڪئي وئي آهي؟,پروسيس ٿيل گوشت گھٽ کائڻ جي سفارش ڇو ٿيل آهي؟,auto_ok,genuine reword - needs native-speaker review
v2392,1195,عورتن جي غذائيت ۽ صحت,صحتمند طرز زندگي ۽ روڪٿام,وڌيڪ پروسيس ٿيل گوشت جي واپرائڻ کان بچڻ جي سفارش ڇو ڪئي وئي آهي؟,processed meat گھٽ کائڻ جي صلاح ڇو ڏني ويندي آهي؟,auto_ok,genuine reword - needs native-speaker review
v2393,1196,عورتن جي غذائيت ۽ صحت,صحتمند طرز زندگي ۽ روڪٿام,ڇا هڪ صحتمند طرز زندگي زندگي جي ڊگهي مدت جي معيار کي بهتر بڻائي سگهي ٿو؟,صحتمند طرز زندگي زندگي جي معيار کي بهتر بڻائي سگهي ٿي ڇا؟,auto_ok,genuine reword - needs native-speaker review
v2394,1196,عورتن جي غذائيت ۽ صحت,صحتمند طرز زندگي ۽ روڪٿام,ڇا هڪ صحتمند طرز زندگي زندگي جي ڊگهي مدت جي معيار کي بهتر بڻائي سگهي ٿو؟,سٺيون عادتون زندگي جو معيار ڪيئن بهتر بڻائين ٿيون؟,auto_ok,genuine reword - needs native-speaker review
v2395,1197,عورتن جي غذائيت ۽ صحت,صحتمند طرز زندگي ۽ روڪٿام,ڇو اعتدال انتهائي غذائي پابندي کان وڌيڪ پائيدار آهي؟,اعتدال انتهائي غذائي پابندي کان وڌيڪ پائيدار ڇو آهي؟,auto_ok,genuine reword - needs native-speaker review
v2396,1197,عورتن جي غذائيت ۽ صحت,صحتمند طرز زندگي ۽ روڪٿام,ڇو اعتدال انتهائي غذائي پابندي کان وڌيڪ پائيدار آهي؟,معتدل طريقو extreme diet کان بهتر ڇو رهي ٿو؟,auto_ok,genuine reword - needs native-speaker review
v2397,1198,عورتن جي غذائيت ۽ صحت,صحتمند طرز زندگي ۽ روڪٿام,ڇا ننڍڙو، مسلسل طرز زندگي جي تبديلين کي اهم صحت جي فائدن جي ڪري سگھي ٿو؟,ننڍيون، مسلسل تبديليون اهم صحت جي فائدن جو سبب ٿي سگهن ٿيون ڇا؟,auto_ok,genuine reword - needs native-speaker review
v2398,1198,عورتن جي غذائيت ۽ صحت,صحتمند طرز زندگي ۽ روڪٿام,ڇا ننڍڙو، مسلسل طرز زندگي جي تبديلين کي اهم صحت جي فائدن جي ڪري سگھي ٿو؟,ننڍا مسلسل قدم وقت سان وڏو فائدو ڏئي سگهن ٿا ڇا؟,auto_ok,genuine reword - needs native-speaker review
v2399,1199,عورتن جي غذائيت ۽ صحت,صحتمند طرز زندگي ۽ روڪٿام,حقيقي ۽ ذاتي فلاحي مقصدن کي مقرر ڪرڻ ۾ مددگار ڇو آهي؟,حقيقي ۽ ذاتي فلاحي مقصد مقرر ڪرڻ ۾ ڪيترو مددگار آهي؟,auto_ok,genuine reword - needs native-speaker review
v2400,1199,عورتن جي غذائيت ۽ صحت,صحتمند طرز زندگي ۽ روڪٿام,حقيقي ۽ ذاتي فلاحي مقصدن کي مقرر ڪرڻ ۾ مددگار ڇو آهي؟,پنهنجي لاءِ حقيقت پسند اهداف رکڻ ڪيترو فائديمند آهي؟,auto_ok,genuine reword - needs native-speaker review
v2401,1200,عورتن جي غذائيت ۽ صحت,متوازن غذا ۽ صحتمند کاڌو,ڇو ميون ۽ ڀاڄيون هڪ صحتمند غذا ۾ اهم آهن؟,ميوا ۽ ڀاڄيون صحتمند غذا ۾ ڇو اهم آهن؟,auto_ok,genuine reword - needs native-speaker review
v2402,1200,عورتن جي غذائيت ۽ صحت,متوازن غذا ۽ صحتمند کاڌو,ڇو ميون ۽ ڀاڄيون هڪ صحتمند غذا ۾ اهم آهن؟,fruits ۽ vegetables کاڌي ۾ ايترا ضروري ڇو آهن؟,auto_ok,genuine reword - needs native-speaker review
v2403,1201,عورتن جي غذائيت ۽ صحت,متوازن غذا ۽ صحتمند کاڌو,ڇو سڄو اناج هڪ صحتمند خوراڪ جي نموني ۾ مفيد آهي؟,سڄو اناج صحتمند خوراڪ جي نموني ۾ ڇو فائديمند آهي؟,auto_ok,genuine reword - needs native-speaker review
v2404,1201,عورتن جي غذائيت ۽ صحت,متوازن غذا ۽ صحتمند کاڌو,ڇو سڄو اناج هڪ صحتمند خوراڪ جي نموني ۾ مفيد آهي؟,whole grain کاڌي جي پيٽرن ۾ ڇو شامل ڪجي؟,auto_ok,genuine reword - needs native-speaker review
v2405,1202,عورتن جي غذائيت ۽ صحت,متوازن غذا ۽ صحتمند کاڌو,ڇا عورتن کي صحت مند کائڻ لاء سڀني ڪاربوهائيڊريٽ کان بچڻ گهرجي؟,عورتن کي سڀني ڪاربوهائيڊريٽ کان بچجي ضروري آهي ڇا؟,auto_ok,genuine reword - needs native-speaker review
v2406,1202,عورتن جي غذائيت ۽ صحت,متوازن غذا ۽ صحتمند کاڌو,ڇا عورتن کي صحت مند کائڻ لاء سڀني ڪاربوهائيڊريٽ کان بچڻ گهرجي؟,carbohydrates مڪمل ڇڏي ڏيڻ صحتمند کائڻ لاءِ ضروري آهي ڇا؟,auto_ok,genuine reword - needs native-speaker review
v2407,1203,عورتن جي غذائيت ۽ صحت,متوازن غذا ۽ صحتمند کاڌو,ڇا ھڪڙو خاص غذا آھي جنھن کي ھر عورت جي پيروي ڪرڻ گھرجي؟,ڪا هڪ خاص غذا آهي جنهن جي هر عورت پيروي ڪري ڇا؟,auto_ok,genuine reword - needs native-speaker review
v2408,1203,عورتن جي غذائيت ۽ صحت,متوازن غذا ۽ صحتمند کاڌو,ڇا ھڪڙو خاص غذا آھي جنھن کي ھر عورت جي پيروي ڪرڻ گھرجي؟,سڀني عورتن لاءِ هڪجهڙي diet ڪم ڪري ٿي ڇا؟,auto_ok,genuine reword - needs native-speaker review
v2409,1204,عورتن جي غذائيت ۽ صحت,متوازن غذا ۽ صحتمند کاڌو,شامل ڪيل کنڊ ۾ وڌيڪ خوراڪ کي محدود ڪرڻ ڇو مددگار آهي؟,شامل ڪيل کنڊ وارو کاڌو محدود ڪرڻ ڇو مددگار آهي؟,auto_ok,genuine reword - needs native-speaker review
v2410,1204,عورتن جي غذائيت ۽ صحت,متوازن غذا ۽ صحتمند کاڌو,شامل ڪيل کنڊ ۾ وڌيڪ خوراڪ کي محدود ڪرڻ ڇو مددگار آهي؟,added sugar وارو کاڌو گھٽائڻ ڪيترو فائديمند آهي؟,auto_ok,genuine reword - needs native-speaker review
v2411,1205,عورتن جي غذائيت ۽ صحت,ضروري غذائي اجزاء,عورتن جي صحت لاءِ لوهه ڇو ضروري آهي؟,Iron عورتن جي جسم لاءِ ڪيترو اهم آهي؟,auto_ok,genuine reword - needs native-speaker review
v2412,1205,عورتن جي غذائيت ۽ صحت,ضروري غذائي اجزاء,عورتن جي صحت لاءِ لوهه ڇو ضروري آهي؟,Iron عورتن جي جسم لاءِ ڪيترو اهم آهي؟,auto_ok,genuine reword - needs native-speaker review
v2413,1206,عورتن جي غذائيت ۽ صحت,ضروري غذائي اجزاء,ڪهڙو کاڌو لوهه فراهم ڪري ٿو؟,iron ملڻ لاءِ ڪهڙيون شيون کائجن؟,auto_ok,genuine reword - needs native-speaker review
v2414,1206,عورتن جي غذائيت ۽ صحت,ضروري غذائي اجزاء,ڪهڙو کاڌو لوهه فراهم ڪري ٿو؟,iron ملڻ لاءِ ڪهڙيون شيون کائجن؟,auto_ok,genuine reword - needs native-speaker review
v2415,1207,عورتن جي غذائيت ۽ صحت,ضروري غذائي اجزاء,ڇا وٽامن سي جسم ۾ ٻوٽن جي خوراڪ مان لوھ جذب ڪرڻ ۾ مدد ڪري سگھي ٿي؟,ويتامين سي ٻوٽن جي خوراڪ مان آئرنه جذب ۾ مدد ڪري سگهي ٿي ڇا؟,auto_ok,genuine reword - needs native-speaker review
v2416,1207,عورتن جي غذائيت ۽ صحت,ضروري غذائي اجزاء,ڇا وٽامن سي جسم ۾ ٻوٽن جي خوراڪ مان لوھ جذب ڪرڻ ۾ مدد ڪري سگھي ٿي؟,Vitamin C سان plant iron جو جذب بهتر ٿئي ٿو ڇا؟,auto_ok,genuine reword - needs native-speaker review
v2417,1208,عورتن جي غذائيت ۽ صحت,ضروري غذائي اجزاء,ويتامين B12 ڇو ضروري آهي؟,Vitamin B12 جسم لاءِ ڪيترو اهم آهي؟,auto_ok,genuine reword - needs native-speaker review
v2418,1208,عورتن جي غذائيت ۽ صحت,ضروري غذائي اجزاء,ويتامين B12 ڇو ضروري آهي؟,Vitamin B12 جسم لاءِ ڪيترو اهم آهي؟,auto_ok,genuine reword - needs native-speaker review
v2419,1209,عورتن جي غذائيت ۽ صحت,ضروري غذائي اجزاء,عام صحت لاءِ فوليٽ ڇو ضروري آهي؟,Folate عام صحت لاءِ ڪيترو ضروري آهي؟,auto_ok,genuine reword - needs native-speaker review
v2420,1209,عورتن جي غذائيت ۽ صحت,ضروري غذائي اجزاء,عام صحت لاءِ فوليٽ ڇو ضروري آهي؟,Folate عام صحت لاءِ ڪيترو ضروري آهي؟,auto_ok,genuine reword - needs native-speaker review
v2421,1210,عورتن جي غذائيت ۽ صحت,ضروري غذائي اجزاء,غذا ۾ فائبر ڇو ضروري آهي؟,Fiber کاڌي ۾ ڇو گهربل آهي؟,auto_ok,genuine reword - needs native-speaker review
v2422,1210,عورتن جي غذائيت ۽ صحت,ضروري غذائي اجزاء,غذا ۾ فائبر ڇو ضروري آهي؟,Fiber کاڌي ۾ ڇو گهربل آهي؟,auto_ok,genuine reword - needs native-speaker review
v2423,1211,عورتن جي غذائيت ۽ صحت,لوھ ۽ انميا جي روڪٿام,عورتن لاءِ لوھ جا عام ذريعا ڪھڙا آھن؟,عورتن لاءِ آئرنه جا عام ذريعا ڪهڙا آهن؟,auto_ok,genuine reword - needs native-speaker review
v2424,1211,عورتن جي غذائيت ۽ صحت,لوھ ۽ انميا جي روڪٿام,عورتن لاءِ لوھ جا عام ذريعا ڪھڙا آھن؟,عورتن جي کاڌي ۾ iron ڪٿان ملي ٿو؟,auto_ok,genuine reword - needs native-speaker review
v2425,1212,عورتن جي غذائيت ۽ صحت,لوھ ۽ انميا جي روڪٿام,لوھ جي گھٽتائي جا ممڪن نشان ڇا آھن؟,آئرنه جي گھٽتائي جا ممڪن نشان ڪهڙا آهن؟,auto_ok,genuine reword - needs native-speaker review
v2426,1212,عورتن جي غذائيت ۽ صحت,لوھ ۽ انميا جي روڪٿام,لوھ جي گھٽتائي جا ممڪن نشان ڇا آھن؟,iron جي کوٽ جون علامتون ڪهڙيون هونديون آهن؟,auto_ok,genuine reword - needs native-speaker review
v2427,1213,عورتن جي غذائيت ۽ صحت,لوھ ۽ انميا جي روڪٿام,ڇا تمام گھڻو لوھ کڻڻ نقصانڪار ٿي سگھي ٿو؟,تمام گھڻو آئرنه کڻڻ نقصانڪار ٿي سگهي ٿو ڇا؟,auto_ok,genuine reword - needs native-speaker review
v2428,1213,عورتن جي غذائيت ۽ صحت,لوھ ۽ انميا جي روڪٿام,ڇا تمام گھڻو لوھ کڻڻ نقصانڪار ٿي سگھي ٿو؟,زياده iron صحت لاءِ خراب ٿي سگهي ٿو ڇا؟,auto_ok,genuine reword - needs native-speaker review
v2429,1214,عورتن جي غذائيت ۽ صحت,لوھ ۽ انميا جي روڪٿام,ڪير ٿي سگھي ٿو لوھ جي گھٽتائي جو وڌيڪ خطرو؟,ڪير آئرنه جي گھٽتائي جو وڌيڪ خطرو رکي ٿو؟,auto_ok,genuine reword - needs native-speaker review
v2430,1214,عورتن جي غذائيت ۽ صحت,لوھ ۽ انميا جي روڪٿام,ڪير ٿي سگھي ٿو لوھ جي گھٽتائي جو وڌيڪ خطرو؟,ڪهڙيون عورتون anemia جي وڌيڪ خطري ۾ رهن ٿيون؟,auto_ok,genuine reword - needs native-speaker review
v2431,1215,عورتن جي غذائيت ۽ صحت,هائيڊريشن ۽ عام صحت,روزاني صحت لاءِ هائيڊريشن ڇو ضروري آهي؟,پاڻي جو صحيح استعمال روزانو صحت لاءِ ڇو اهم آهي؟,auto_ok,genuine reword - needs native-speaker review
v2432,1215,عورتن جي غذائيت ۽ صحت,هائيڊريشن ۽ عام صحت,روزاني صحت لاءِ هائيڊريشن ڇو ضروري آهي؟,پاڻي جو صحيح استعمال روزانو صحت لاءِ ڇو اهم آهي؟,auto_ok,genuine reword - needs native-speaker review
v2433,1216,عورتن جي غذائيت ۽ صحت,هائيڊريشن ۽ عام صحت,بالغن ۾ بدن ۾ پاڻي جي کوٽ جي عام نشانيون ڇا آهن؟,بالغن ۾ ڊيهائيڊريشن جون عام نشانيون ڪهڙيون آهن؟,auto_ok,genuine reword - needs native-speaker review
v2434,1216,عورتن جي غذائيت ۽ صحت,هائيڊريشن ۽ عام صحت,بالغن ۾ بدن ۾ پاڻي جي کوٽ جي عام نشانيون ڇا آهن؟,پاڻي جي کوٽ جون نشانيون وڏن ماڻهن ۾ ڪهڙيون هونديون آهن؟,auto_ok,genuine reword - needs native-speaker review
v2435,1217,عورتن جي غذائيت ۽ صحت,هائيڊريشن ۽ عام صحت,جڏهن هڪ شخص کي وڌيڪ سيال جي ضرورت هجي؟,ڪهڙي حالت ۾ ماڻهو کي وڌيڪ سيال جي ضرورت پوي ٿي؟,auto_ok,genuine reword - needs native-speaker review
v2436,1217,عورتن جي غذائيت ۽ صحت,هائيڊريشن ۽ عام صحت,جڏهن هڪ شخص کي وڌيڪ سيال جي ضرورت هجي؟,ڪهڙي وقت پاڻي جي مقدار وڌائجي؟,auto_ok,genuine reword - needs native-speaker review
v2437,1218,عورتن جي غذائيت ۽ صحت,هائيڊريشن ۽ عام صحت,ڇا پاڻي ئي مايع جو واحد ذريعو آهي؟,پاڻي ئي مايع جو واحد ذريعو آهي ڇا؟,auto_ok,genuine reword - needs native-speaker review
v2438,1218,عورتن جي غذائيت ۽ صحت,هائيڊريشن ۽ عام صحت,ڇا پاڻي ئي مايع جو واحد ذريعو آهي؟,hydration لاءِ صرف پاڻي ئي ذريعو آهي ڇا؟,auto_ok,genuine reword - needs native-speaker review
v2439,1219,عورتن جي غذائيت ۽ صحت,هائيڊريشن ۽ عام صحت,جڏهن ڊيهائيڊريشن هڪ ايمرجنسي آهي؟,ڪهڙي حالت ۾ ڊيهائيڊريشن ايمرجنسي بڻجي ٿي؟,auto_ok,genuine reword - needs native-speaker review
v2440,1219,عورتن جي غذائيت ۽ صحت,هائيڊريشن ۽ عام صحت,جڏهن ڊيهائيڊريشن هڪ ايمرجنسي آهي؟,پاڻي جي کوٽ ڪڏهن سنگين حالت بڻجي وڃي ٿي؟,auto_ok,genuine reword - needs native-speaker review
v2441,1220,عورتن جي غذائيت ۽ صحت,جسماني سرگرمي ۽ ورزش,ڪيترو اعتدال پسند ايروبڪ سرگرمي بالغن کي عام طور تي هر هفتي لاء مقصد ڏيڻ گهرجي؟,بالغن کي هر هفتي ڪيتري اعتدال پسند ايروبڪ سرگرمي جو مقصد رکجي؟,auto_ok,genuine reword - needs native-speaker review
v2442,1220,عورتن جي غذائيت ۽ صحت,جسماني سرگرمي ۽ ورزش,ڪيترو اعتدال پسند ايروبڪ سرگرمي بالغن کي عام طور تي هر هفتي لاء مقصد ڏيڻ گهرجي؟,هفتيوار moderate aerobic activity جو ڪيترو ٽارگيٽ هجي؟,auto_ok,genuine reword - needs native-speaker review
v2443,1221,عورتن جي غذائيت ۽ صحت,جسماني سرگرمي ۽ ورزش,ڪيترا ڀيرا بالغن کي عضلات کي مضبوط ڪرڻ واري سرگرمي ڪرڻ گهرجي؟,بالغن کي عضلات مضبوط ڪندڙ سرگرمي ڪيتري ڀيري ڪجي؟,auto_ok,genuine reword - needs native-speaker review
v2444,1221,عورتن جي غذائيت ۽ صحت,جسماني سرگرمي ۽ ورزش,ڪيترا ڀيرا بالغن کي عضلات کي مضبوط ڪرڻ واري سرگرمي ڪرڻ گهرجي؟,muscle-strengthening activity هفتي ۾ ڪيتري ڀيري ڪجي؟,auto_ok,genuine reword - needs native-speaker review
v2445,1222,عورتن جي غذائيت ۽ صحت,جسماني سرگرمي ۽ ورزش,ڇا گھمڻ کي جسماني سرگرمي طور شمار ڪري سگھي ٿو؟,گھمڻ کي جسماني سرگرمي شمار ڪري سگهجي ٿو ڇا؟,auto_ok,genuine reword - needs native-speaker review
v2446,1222,عورتن جي غذائيت ۽ صحت,جسماني سرگرمي ۽ ورزش,ڇا گھمڻ کي جسماني سرگرمي طور شمار ڪري سگھي ٿو؟,walk کي ورزش سمجهجي ڇا؟,auto_ok,genuine reword - needs native-speaker review
v2447,1223,عورتن جي غذائيت ۽ صحت,جسماني سرگرمي ۽ ورزش,ڇا ڪجهه جسماني سرگرمي ڪنهن کان بهتر آهي؟,ڪجهه جسماني سرگرمي ڪنهن به سرگرمي نه ڪرڻ کان بهتر آهي ڇا؟,auto_ok,genuine reword - needs native-speaker review
v2448,1223,عورتن جي غذائيت ۽ صحت,جسماني سرگرمي ۽ ورزش,ڇا ڪجهه جسماني سرگرمي ڪنهن کان بهتر آهي؟,ٿوري ورزش به بلڪل نه ڪرڻ کان سٺي آهي ڇا؟,auto_ok,genuine reword - needs native-speaker review
v2449,1224,عورتن جي غذائيت ۽ صحت,جسماني سرگرمي ۽ ورزش,ڇو بالغن کي ڊگهي ويهڻ کي گهٽائڻ گهرجي؟,بالغن کي ڊگھو ويهڻ ڇو گھٽائڻ گهرجي؟,auto_ok,genuine reword - needs native-speaker review
v2450,1224,عورتن جي غذائيت ۽ صحت,جسماني سرگرمي ۽ ورزش,ڇو بالغن کي ڊگهي ويهڻ کي گهٽائڻ گهرجي؟,زياده وقت ويهڻ کان ڇو بچجي؟,auto_ok,genuine reword - needs native-speaker review
v2451,1225,عورتن جي غذائيت ۽ صحت,جسماني سرگرمي ۽ ورزش,ڇا جسماني سرگرمي صحت مند وزن جي انتظام سان مدد ڪري سگھي ٿي؟,جسماني سرگرمي صحتمند وزن رکڻ ۾ مدد ڪري سگهي ٿي ڇا؟,auto_ok,genuine reword - needs native-speaker review
v2452,1225,عورتن جي غذائيت ۽ صحت,جسماني سرگرمي ۽ ورزش,ڇا جسماني سرگرمي صحت مند وزن جي انتظام سان مدد ڪري سگھي ٿي؟,ورزش سان وزن ڪنٽرول ۾ رهي ٿو ڇا؟,auto_ok,genuine reword - needs native-speaker review
v2453,1226,عورتن جي غذائيت ۽ صحت,صحت مند وزن ۽ وزن جو انتظام,وزن جي انتظام لاء هڪ صحتمند طريقو ڇا آهي؟,وزن جي انتظام لاءِ صحتمند طريقو ڪهڙو آهي؟,auto_ok,genuine reword - needs native-speaker review
v2454,1226,عورتن جي غذائيت ۽ صحت,صحت مند وزن ۽ وزن جو انتظام,وزن جي انتظام لاء هڪ صحتمند طريقو ڇا آهي؟,وزن سنڀالڻ جو سٺو طريقو ڇا آهي؟,auto_ok,genuine reword - needs native-speaker review
v2455,1227,عورتن جي غذائيت ۽ صحت,صحت مند وزن ۽ وزن جو انتظام,ڇا جسماني سرگرمي صحت کي فائدو ڏئي ٿي جيتوڻيڪ وزن تبديل نه ٿئي؟,جسماني سرگرمي وزن نه بدلجي پوءِ به فائدو ڏئي ٿي ڇا؟,auto_ok,genuine reword - needs native-speaker review
v2456,1227,عورتن جي غذائيت ۽ صحت,صحت مند وزن ۽ وزن جو انتظام,ڇا جسماني سرگرمي صحت کي فائدو ڏئي ٿي جيتوڻيڪ وزن تبديل نه ٿئي؟,ورزش سان وزن ساڳيو رهي، تڏهن به فائدو ٿئي ٿو ڇا؟,auto_ok,genuine reword - needs native-speaker review
v2457,1228,عورتن جي غذائيت ۽ صحت,صحت مند وزن ۽ وزن جو انتظام,ڇو تدريجي وزن جو انتظام اڪثر ڪري انتهائي غذائيت کان وڌيڪ ترجيح آهي؟,تدريجي وزن جو انتظام اڪثر انتهائي غذائيت کان ڇو ترجيح ڏنو ويندو آهي؟,auto_ok,genuine reword - needs native-speaker review
v2458,1228,عورتن جي غذائيت ۽ صحت,صحت مند وزن ۽ وزن جو انتظام,ڇو تدريجي وزن جو انتظام اڪثر ڪري انتهائي غذائيت کان وڌيڪ ترجيح آهي؟,آهستي وزن گھٽائڻ extreme diet کان بهتر ڇو سمجهجي؟,auto_ok,genuine reword - needs native-speaker review
v2459,1229,عورتن جي غذائيت ۽ صحت,صحت مند وزن ۽ وزن جو انتظام,ڇا عورتن کي پنهنجي وزن کي منظم ڪرڻ لاء کاڌو ڇڏڻ گهرجي؟,عورتن کي وزن سنڀالڻ لاءِ کاڌو ڇڏڻ گهرجي ڇا؟,auto_ok,genuine reword - needs native-speaker review
v2460,1229,عورتن جي غذائيت ۽ صحت,صحت مند وزن ۽ وزن جو انتظام,ڇا عورتن کي پنهنجي وزن کي منظم ڪرڻ لاء کاڌو ڇڏڻ گهرجي؟,وزن ڪنٽرول ڪرڻ لاءِ meals skip ڪجن ڇا؟,auto_ok,genuine reword - needs native-speaker review
v2461,1230,عورتن جي غذائيت ۽ صحت,سمهڻ ۽ آرام,اڪثر بالغن کي ڪيتري ننڊ جي ضرورت آهي؟,اڪثر بالغن کي ڪيتري ننڊ گهرجي؟,auto_ok,genuine reword - needs native-speaker review
v2462,1230,عورتن جي غذائيت ۽ صحت,سمهڻ ۽ آرام,اڪثر بالغن کي ڪيتري ننڊ جي ضرورت آهي؟,وڏن ماڻهن لاءِ روزانو ڪيتري ننڊ ضروري آهي؟,auto_ok,genuine reword - needs native-speaker review
v2463,1231,عورتن جي غذائيت ۽ صحت,سمهڻ ۽ آرام,ڇو هڪ باقاعده ننڊ شيڊول مددگار آهي؟,باقاعده ننڊ شيڊول ڪيترو مددگار آهي؟,auto_ok,genuine reword - needs native-speaker review
v2464,1231,عورتن جي غذائيت ۽ صحت,سمهڻ ۽ آرام,ڇو هڪ باقاعده ننڊ شيڊول مددگار آهي؟,هر ڏينهن ساڳيو ننڊ جو وقت رکڻ فائديمند آهي ڇا؟,auto_ok,genuine reword - needs native-speaker review
v2465,1232,عورتن جي غذائيت ۽ صحت,سمهڻ ۽ آرام,ڇا ننڊ جي کوٽ ڏينهن جي ڪم کي متاثر ڪري سگهي ٿي؟,ننڊ جي کوٽ ڏينهن جي ڪم کي متاثر ڪري سگهي ٿي ڇا؟,auto_ok,genuine reword - needs native-speaker review
v2466,1232,عورتن جي غذائيت ۽ صحت,سمهڻ ۽ آرام,ڇا ننڊ جي کوٽ ڏينهن جي ڪم کي متاثر ڪري سگهي ٿي؟,پوري ننڊ نه ٿيڻ سان ڏينهن جو ڪم متاثر ٿئي ٿو ڇا؟,auto_ok,genuine reword - needs native-speaker review
v2467,1233,عورتن جي غذائيت ۽ صحت,سمهڻ ۽ آرام,جڏهن مسلسل ننڊ جي مسئلن کي صحت جي سار سنڀار جي پروفيسر سان بحث ڪيو وڃي؟,مسلسل ننڊ جا مسئلا ڪڏهن صحت ڪارڪن سان بحث ڪجن؟,auto_ok,genuine reword - needs native-speaker review
v2468,1233,عورتن جي غذائيت ۽ صحت,سمهڻ ۽ آرام,جڏهن مسلسل ننڊ جي مسئلن کي صحت جي سار سنڀار جي پروفيسر سان بحث ڪيو وڃي؟,ننڊ جو مسئلو ڊگهو هلي ته ڊاڪٽر کي ڪڏهن ٻڌائجي؟,auto_ok,genuine reword - needs native-speaker review
v2469,1234,عورتن جي غذائيت ۽ صحت,عام روزاني بيماريون,ڇا غائب کاڌو سر درد ۾ مدد ڪري سگھن ٿا؟,کاڌو ڇڏڻ سردردن ۾ مدد ڪري سگهي ٿو ڇا؟,auto_ok,genuine reword - needs native-speaker review
v2470,1234,عورتن جي غذائيت ۽ صحت,عام روزاني بيماريون,ڇا غائب کاڌو سر درد ۾ مدد ڪري سگھن ٿا؟,کاڌو نه کائڻ سبب مٿي جو سور ٿي سگهي ٿو ڇا؟,auto_ok,genuine reword - needs native-speaker review
v2471,1235,عورتن جي غذائيت ۽ صحت,عام روزاني بيماريون,جڏهن سر درد کي فوري طبي ڌيان جي ضرورت آهي؟,سردرد کي ڪڏهن فوري طبي ڌيان جي ضرورت آهي؟,auto_ok,genuine reword - needs native-speaker review
v2472,1235,عورتن جي غذائيت ۽ صحت,عام روزاني بيماريون,جڏهن سر درد کي فوري طبي ڌيان جي ضرورت آهي؟,مٿي جو سور ڪهڙي حالت ۾ فوري ڊاڪٽر گھري ٿو؟,auto_ok,genuine reword - needs native-speaker review
v2473,1236,عورتن جي غذائيت ۽ صحت,عام روزاني بيماريون,ڇا غريب ننڊ سر درد ۾ مدد ڪري سگهي ٿي؟,خراب ننڊ سردردن ۾ مدد ڏئي سگهي ٿي ڇا؟,auto_ok,genuine reword - needs native-speaker review
v2474,1236,عورتن جي غذائيت ۽ صحت,عام روزاني بيماريون,ڇا غريب ننڊ سر درد ۾ مدد ڪري سگهي ٿي؟,ننڊ خراب هجڻ سبب سردرد ٿي سگهي ٿو ڇا؟,auto_ok,genuine reword - needs native-speaker review
v2475,1237,عورتن جي غذائيت ۽ صحت,عام روزاني بيماريون,ڇا ڊيهائيڊريشن سبب ٿڪجي يا چکر اچي سگھي ٿو؟,ڊيهائيڊريشن سبب ٿڪ يا چڪر اچي سگهي ٿو ڇا؟,auto_ok,genuine reword - needs native-speaker review
v2476,1237,عورتن جي غذائيت ۽ صحت,عام روزاني بيماريون,ڇا ڊيهائيڊريشن سبب ٿڪجي يا چکر اچي سگھي ٿو؟,پاڻي جي کوٽ سبب چکر يا ٿڪاوٽ ٿي سگهي ٿي ڇا؟,auto_ok,genuine reword - needs native-speaker review
v2477,1238,عورتن جي غذائيت ۽ صحت,عام روزاني بيماريون,ڪنهن کي ڇا ڪرڻ گهرجي جيڪڏهن ٿڪجي بغير واضح سبب جاري رهي؟,بغير واضح سبب ٿڪاوٽ جاري رهي ته ڇا ڪجي؟,auto_ok,genuine reword - needs native-speaker review
v2478,1238,عورتن جي غذائيت ۽ صحت,عام روزاني بيماريون,ڪنهن کي ڇا ڪرڻ گهرجي جيڪڏهن ٿڪجي بغير واضح سبب جاري رهي؟,ڪا خاص وجہ نه هجي پوءِ به ٿڪ رهي ته ان جو ڇا ڪجي؟,auto_ok,genuine reword - needs native-speaker review
v2479,1239,عورتن جي غذائيت ۽ صحت,حفاظتي صحت جي چڪاس,ڇو حفاظتي صحت جي چڪاس اهم آهن؟,حفاظتي صحت جي چڪاس ڇو اهم آهي؟,auto_ok,genuine reword - needs native-speaker review
v2480,1239,عورتن جي غذائيت ۽ صحت,حفاظتي صحت جي چڪاس,ڇو حفاظتي صحت جي چڪاس اهم آهن؟,preventive checkup ڪرائڻ ڪيترو ضروري آهي؟,auto_ok,genuine reword - needs native-speaker review
v2481,1240,عورتن جي غذائيت ۽ صحت,حفاظتي صحت جي چڪاس,ڇا صحت جي اسڪريننگ هر عورت لاءِ ساڳي هجڻ گهرجي؟,صحت جي اسڪريننگ هر عورت لاءِ ساڳي هجڻ گهرجي ڇا؟,auto_ok,genuine reword - needs native-speaker review
v2482,1240,عورتن جي غذائيت ۽ صحت,حفاظتي صحت جي چڪاس,ڇا صحت جي اسڪريننگ هر عورت لاءِ ساڳي هجڻ گهرجي؟,health screening هر عورت لاءِ هڪجهڙي ضروري آهي ڇا؟,auto_ok,genuine reword - needs native-speaker review
v2483,1241,عورتن جي غذائيت ۽ صحت,حفاظتي صحت جي چڪاس,صحت جي سار سنڀار جي پيشه ورانه سان سپليمنٽس تي بحث ڪرڻ ڇو مفيد آهي؟,صحت ڪارڪن سان سپليمنٽس بابت بحث ڪرڻ ڇو مفيد آهي؟,auto_ok,genuine reword - needs native-speaker review
v2484,1241,عورتن جي غذائيت ۽ صحت,حفاظتي صحت جي چڪاس,صحت جي سار سنڀار جي پيشه ورانه سان سپليمنٽس تي بحث ڪرڻ ڇو مفيد آهي؟,دوا يا سپليمينٽ کائڻ کان اڳ ڊاڪٽر سان ڇو ڳالهائجي؟,auto_ok,genuine reword - needs native-speaker review
v2485,1242,عورتن جي غذائيت ۽ صحت,حفاظتي صحت جي چڪاس,ڇا صحتمند کاڌو ڪجهه دائمي بيمارين جي خطري کي گهٽائڻ ۾ مدد ڪري سگھن ٿا؟,صحتمند کاڌو دائمي بيمارين جو خطرو گھٽائي سگهي ٿو ڇا؟,auto_ok,genuine reword - needs native-speaker review
v2486,1242,عورتن جي غذائيت ۽ صحت,حفاظتي صحت جي چڪاس,ڇا صحتمند کاڌو ڪجهه دائمي بيمارين جي خطري کي گهٽائڻ ۾ مدد ڪري سگھن ٿا؟,healthy food سان chronic disease جو خطرو گھٽ ٿئي ٿو ڇا؟,auto_ok,genuine reword - needs native-speaker review
v2487,1243,عورتن جي غذائيت ۽ صحت,حفاظتي صحت جي چڪاس,خانداني صحت جي تاريخ تي غور ڪرڻ ڇو ضروري آهي؟,family health history ڇو اهم آهي؟,auto_ok,genuine reword - needs native-speaker review
v2488,1243,عورتن جي غذائيت ۽ صحت,حفاظتي صحت جي چڪاس,خانداني صحت جي تاريخ تي غور ڪرڻ ڇو ضروري آهي؟,family health history ڇو اهم آهي؟,auto_ok,genuine reword - needs native-speaker review
v2489,1244,عورتن جي غذائيت ۽ صحت,هائيڊريشن ۽ عام صحت,ڇا ڪافي سيال پيئڻ سان ورزش دوران ڊيهائيڊريشن کي روڪڻ ۾ مدد ڪري سگھي ٿي؟,ڪافي سيال پيئڻ سان ورزش دوران ڊيهائيڊريشن روڪجي سگهي ٿي ڇا؟,auto_ok,genuine reword - needs native-speaker review
v2490,1244,عورتن جي غذائيت ۽ صحت,هائيڊريشن ۽ عام صحت,ڇا ڪافي سيال پيئڻ سان ورزش دوران ڊيهائيڊريشن کي روڪڻ ۾ مدد ڪري سگھي ٿي؟,کسرت وقت پاڻي پيئڻ سان dehydration کان بچاءُ ٿئي ٿو ڇا؟,auto_ok,genuine reword - needs native-speaker review
v2491,1245,عورتن جي غذائيت ۽ صحت,ضروري غذائي اجزاء,عام عورتن جي صحت لاءِ ڪلسيم ڇو ضروري آهي؟,Calcium عام طور عورتن جي صحت لاءِ ڪيترو اهم آهي؟,auto_ok,genuine reword - needs native-speaker review
v2492,1245,عورتن جي غذائيت ۽ صحت,ضروري غذائي اجزاء,عام عورتن جي صحت لاءِ ڪلسيم ڇو ضروري آهي؟,Calcium عام طور عورتن جي صحت لاءِ ڪيترو اهم آهي؟,auto_ok,genuine reword - needs native-speaker review
v2493,1246,عورتن جي غذائيت ۽ صحت,جسماني سرگرمي ۽ ورزش,ڇا طاقت جي تربيت عضلات کي برقرار رکڻ ۾ مدد ڪري سگھي ٿي؟,طاقت جي تربيت عضلات برقرار رکڻ ۾ مدد ڪري سگهي ٿي ڇا؟,auto_ok,genuine reword - needs native-speaker review
v2494,1246,عورتن جي غذائيت ۽ صحت,جسماني سرگرمي ۽ ورزش,ڇا طاقت جي تربيت عضلات کي برقرار رکڻ ۾ مدد ڪري سگھي ٿي؟,strength training سان muscle mass بچايو وڃي ٿو ڇا؟,auto_ok,genuine reword - needs native-speaker review
v2495,1247,عورتن جي غذائيت ۽ صحت,سمهڻ ۽ آرام,ڇا هڪ آرام سان سمهڻ جي وقت جو معمول بهتر ننڊ جي مدد ڪري سگهي ٿو؟,آرام وارو سمهڻ جو معمول بهتر ننڊ ۾ مدد ڪري سگهي ٿو ڇا؟,auto_ok,genuine reword - needs native-speaker review
v2496,1247,عورتن جي غذائيت ۽ صحت,سمهڻ ۽ آرام,ڇا هڪ آرام سان سمهڻ جي وقت جو معمول بهتر ننڊ جي مدد ڪري سگهي ٿو؟,relaxing bedtime routine سان ننڊ بهتر ٿي سگهي ٿي ڇا؟,auto_ok,genuine reword - needs native-speaker review
v2497,1248,عورتن جي غذائيت ۽ صحت,متوازن غذا ۽ صحتمند کاڌو,عورتن کي مختلف قسم جي پروٽين جي خوراڪ ڇو شامل ڪرڻ گهرجي؟,عورتن کي مختلف قسم جي پروٽين واري خوراڪ ڇو شامل ڪجي؟,auto_ok,genuine reword - needs native-speaker review
v2498,1248,عورتن جي غذائيت ۽ صحت,متوازن غذا ۽ صحتمند کاڌو,عورتن کي مختلف قسم جي پروٽين جي خوراڪ ڇو شامل ڪرڻ گهرجي؟,کاڌي ۾ مختلف protein sources ڇو رکجن؟,auto_ok,genuine reword - needs native-speaker review
v2499,1249,عورتن جي غذائيت ۽ صحت,حفاظتي صحت جي چڪاس,مسلسل يا اڻڄاتل علامتن کي صحت جي سار سنڀار جي پيشه ورانه سان ڇو بحث ڪيو وڃي؟,مسلسل يا اڻڄاتل علامتون صحت ڪارڪن سان ڇو بحث ڪجن؟,auto_ok,genuine reword - needs native-speaker review
v2500,1249,عورتن جي غذائيت ۽ صحت,حفاظتي صحت جي چڪاس,مسلسل يا اڻڄاتل علامتن کي صحت جي سار سنڀار جي پيشه ورانه سان ڇو بحث ڪيو وڃي؟,غير واضح علامتون ڊگهو رهن ته ڊاڪٽر کي ڇو ٻڌائجي؟,auto_ok,genuine reword - needs native-speaker review
v2501,1250,مينوپاز ۽ مينوپاسل صحت,پري مينوپاز & مينوپاز بنياديات,مينوپاز ڇا آهي؟,مينوپاز دراصل ڇا آهي؟,auto_ok,genuine reword - needs native-speaker review
v2502,1250,مينوپاز ۽ مينوپاسل صحت,پري مينوپاز & مينوپاز بنياديات,مينوپاز ڇا آهي؟,menopause جو مطلب ڪهڙو آهي؟,auto_ok,genuine reword - needs native-speaker review
v2503,1251,مينوپاز ۽ مينوپاسل صحت,پري مينوپاز & مينوپاز بنياديات,پري مينوپاز ڇا آهي؟,perimenopause جو مطلب سادي لفظن ۾ ڪهڙو آهي؟,auto_ok,genuine reword - needs native-speaker review
v2504,1251,مينوپاز ۽ مينوپاسل صحت,پري مينوپاز & مينوپاز بنياديات,پري مينوپاز ڇا آهي؟,perimenopause جو مطلب ڪهڙو آهي؟,auto_ok,genuine reword - needs native-speaker review
v2505,1252,مينوپاز ۽ مينوپاسل صحت,پري مينوپاز & مينوپاز بنياديات,ڪهڙي عمر ۾ عام طور تي مينوپاز ٿيندي آهي؟,مينوپاز عام طور ڪهڙي عمر ۾ ٿيندي آهي؟,auto_ok,genuine reword - needs native-speaker review
v2506,1252,مينوپاز ۽ مينوپاسل صحت,پري مينوپاز & مينوپاز بنياديات,ڪهڙي عمر ۾ عام طور تي مينوپاز ٿيندي آهي؟,عورتن کي menopause عام طور ڪهڙي عمر ۾ اچي ٿي؟,auto_ok,genuine reword - needs native-speaker review
v2507,1253,مينوپاز ۽ مينوپاسل صحت,پري مينوپاز & مينوپاز بنياديات,مينوپاز جي شروعات جي اوسط عمر ڇا آهي؟,مينوپاز جي شروعات جي اوسط عمر ڪهڙي آهي؟,auto_ok,genuine reword - needs native-speaker review
v2508,1253,مينوپاز ۽ مينوپاسل صحت,پري مينوپاز & مينوپاز بنياديات,مينوپاز جي شروعات جي اوسط عمر ڇا آهي؟,menopause شروع ٿيڻ جي عام عمر ڇا آهي؟,auto_ok,genuine reword - needs native-speaker review
v2509,1254,مينوپاز ۽ مينوپاسل صحت,پري مينوپاز & مينوپاز بنياديات,رينج جي رسمي طور تي تشخيص ڪيئن آهي؟,مينوپاز جي رسمي طور تي تشخيص ڪيئن ٿيندي آهي؟,auto_ok,genuine reword - needs native-speaker review
v2510,1254,مينوپاز ۽ مينوپاسل صحت,پري مينوپاز & مينوپاز بنياديات,رينج جي رسمي طور تي تشخيص ڪيئن آهي؟,menopause جي پڪي تصديق ڪيئن ڪئي ويندي آهي؟,auto_ok,genuine reword - needs native-speaker review
v2511,1255,مينوپاز ۽ مينوپاسل صحت,پري مينوپاز & مينوپاز بنياديات,وقت کان اڳ مينوپاز ڇا آهي؟,premature menopause کي ڪيئن سمجهجي؟,auto_ok,genuine reword - needs native-speaker review
v2512,1255,مينوپاز ۽ مينوپاسل صحت,پري مينوپاز & مينوپاز بنياديات,وقت کان اڳ مينوپاز ڇا آهي؟,premature menopause جو مطلب ڪهڙو آهي؟,auto_ok,genuine reword - needs native-speaker review
v2513,1256,مينوپاز ۽ مينوپاسل صحت,پري مينوپاز & مينوپاز بنياديات,شروعاتي مينوپاز ڇا آهي؟,early menopause کي سادي لفظن ۾ ڪيئن سمجهائجي؟,auto_ok,genuine reword - needs native-speaker review
v2514,1256,مينوپاز ۽ مينوپاسل صحت,پري مينوپاز & مينوپاز بنياديات,شروعاتي مينوپاز ڇا آهي؟,early menopause جو مطلب ڪهڙو آهي؟,auto_ok,genuine reword - needs native-speaker review
v2515,1257,مينوپاز ۽ مينوپاسل صحت,پري مينوپاز & مينوپاز بنياديات,جراحي مينوپاز ڇا آهي؟,surgical menopause کي ڪيئن سمجهجي؟,auto_ok,genuine reword - needs native-speaker review
v2516,1257,مينوپاز ۽ مينوپاسل صحت,پري مينوپاز & مينوپاز بنياديات,جراحي مينوپاز ڇا آهي؟,surgical menopause جو مطلب ڪهڙو آهي؟,auto_ok,genuine reword - needs native-speaker review
v2517,1258,مينوپاز ۽ مينوپاسل صحت,پري مينوپاز & مينوپاز بنياديات,سرجري مينوپاز ڪيئن قدرتي رينج کان مختلف آهي؟,سرجري واري مينوپاز قدرتي کان ڪيئن مختلف آهي؟,auto_ok,genuine reword - needs native-speaker review
v2518,1258,مينوپاز ۽ مينوپاسل صحت,پري مينوپاز & مينوپاز بنياديات,سرجري مينوپاز ڪيئن قدرتي رينج کان مختلف آهي؟,surgical menopause natural menopause کان ڪيئن الڳ آهي؟,auto_ok,genuine reword - needs native-speaker review
v2519,1259,مينوپاز ۽ مينوپاسل صحت,پري مينوپاز & مينوپاز بنياديات,پري مينوپاز دوران ڪهڙي هارمونل تبديليون ٿينديون آهن؟,پري مينوپاز دوران ڪهڙيون هارمونل تبديليون ٿينديون آهن؟,auto_ok,genuine reword - needs native-speaker review
v2520,1259,مينوپاز ۽ مينوپاسل صحت,پري مينوپاز & مينوپاز بنياديات,پري مينوپاز دوران ڪهڙي هارمونل تبديليون ٿينديون آهن؟,perimenopause ۾ هارمون ۾ ڪهڙو فرق اچي ٿو؟,auto_ok,genuine reword - needs native-speaker review
v2521,1260,مينوپاز ۽ مينوپاسل صحت,پري مينوپاز & مينوپاز بنياديات,ايسٽروجن مينوپاز ۾ ڪهڙو ڪردار ادا ڪندو آهي؟,ايسٽروجن مينوپاز ۾ ڪهڙو ڪردار ادا ڪري ٿي؟,auto_ok,genuine reword - needs native-speaker review
v2522,1260,مينوپاز ۽ مينوپاسل صحت,پري مينوپاز & مينوپاز بنياديات,ايسٽروجن مينوپاز ۾ ڪهڙو ڪردار ادا ڪندو آهي؟,Estrogen جو menopause سان ڪهڙو تعلق آهي؟,auto_ok,genuine reword - needs native-speaker review
v2523,1261,مينوپاز ۽ مينوپاسل صحت,پري مينوپاز & مينوپاز بنياديات,پروجسٽون ڇا ڪردار ادا ڪندو آهي مينوپاز ۾؟,پروجيسٽيرون مينوپاز ۾ ڪهڙو ڪردار ادا ڪري ٿي؟,auto_ok,genuine reword - needs native-speaker review
v2524,1261,مينوپاز ۽ مينوپاسل صحت,پري مينوپاز & مينوپاز بنياديات,پروجسٽون ڇا ڪردار ادا ڪندو آهي مينوپاز ۾؟,Progesterone جو menopause ۾ ڇا ڪم آهي؟,auto_ok,genuine reword - needs native-speaker review
v2525,1262,مينوپاز ۽ مينوپاسل صحت,پري مينوپاز & مينوپاز بنياديات,رينج جي تصديق ڪرڻ ۾ فوليڪل اسٽيمولیٽنگ هارمون ڪهڙو ڪردار ادا ڪندو آهي؟,تصديق ۾ FSH هارمون ڪهڙو ڪردار ادا ڪري ٿي؟,auto_ok,genuine reword - needs native-speaker review
v2526,1262,مينوپاز ۽ مينوپاسل صحت,پري مينوپاز & مينوپاز بنياديات,رينج جي تصديق ڪرڻ ۾ فوليڪل اسٽيمولیٽنگ هارمون ڪهڙو ڪردار ادا ڪندو آهي؟,menopause جي پڪ لاءِ FSH ٽيسٽ ڇو ڪرايو ويندو آهي؟,auto_ok,genuine reword - needs native-speaker review
v2527,1263,مينوپاز ۽ مينوپاسل صحت,پري مينوپاز & مينوپاز بنياديات,عام طور تي پري مينوپاز ڪيترو ڊگهو آهي؟,پري مينوپاز عام طور ڪيترو ڊگهو هوندو آهي؟,auto_ok,genuine reword - needs native-speaker review
v2528,1263,مينوپاز ۽ مينوپاسل صحت,پري مينوپاز & مينوپاز بنياديات,عام طور تي پري مينوپاز ڪيترو ڊگهو آهي؟,perimenopause ڪيترن سالن تائين هلي ٿي؟,auto_ok,genuine reword - needs native-speaker review
v2529,1264,مينوپاز ۽ مينوپاسل صحت,پري مينوپاز & مينوپاز بنياديات,ڇا پري مينوپاز جي شروعات کي شروع ڪري ٿو؟,پري مينوپاز جي شروعات جو سبب ڇا آهي؟,auto_ok,genuine reword - needs native-speaker review
v2530,1264,مينوپاز ۽ مينوپاسل صحت,پري مينوپاز & مينوپاز بنياديات,ڇا پري مينوپاز جي شروعات کي شروع ڪري ٿو؟,perimenopause ڇو شروع ٿئي ٿي؟,auto_ok,genuine reword - needs native-speaker review
v2531,1265,مينوپاز ۽ مينوپاسل صحت,پري مينوپاز & مينوپاز بنياديات,ڇا سگريٽ نوشي مردن جي شروعات جي عمر کي متاثر ڪري سگهي ٿي؟,سگريٽ نوشي مينوپاز جي عمر کي متاثر ڪري ٿي ڇا؟,auto_ok,genuine reword - needs native-speaker review
v2532,1265,مينوپاز ۽ مينوپاسل صحت,پري مينوپاز & مينوپاز بنياديات,ڇا سگريٽ نوشي مردن جي شروعات جي عمر کي متاثر ڪري سگهي ٿي؟,تماڪ نوشي سان menopause جلدي اچي سگهي ٿي ڇا؟,auto_ok,genuine reword - needs native-speaker review
v2533,1266,مينوپاز ۽ مينوپاسل صحت,پري مينوپاز & مينوپاز بنياديات,ڇا خانداني تاريخ رجعت جي عمر کي متاثر ڪري ٿي؟,خانداني تاريخ مينوپاز جي عمر کي اثر انداز ڪري ٿي ڇا؟,auto_ok,genuine reword - needs native-speaker review
v2534,1266,مينوپاز ۽ مينوپاسل صحت,پري مينوپاز & مينوپاز بنياديات,ڇا خانداني تاريخ رجعت جي عمر کي متاثر ڪري ٿي؟,ماءُ جي menopause جي عمر، ڌيءَ تي به اثر رکي ٿي ڇا؟,auto_ok,genuine reword - needs native-speaker review
v2535,1267,مينوپاز ۽ مينوپاسل صحت,پري مينوپاز & مينوپاز بنياديات,پري مينوپاز ۽ مينوپاز جي وچ ۾ ڇا فرق آهي؟,پري مينوپاز ۽ مينوپاز ۾ ڇا فرق آهي؟,auto_ok,genuine reword - needs native-speaker review
v2536,1267,مينوپاز ۽ مينوپاسل صحت,پري مينوپاز & مينوپاز بنياديات,پري مينوپاز ۽ مينوپاز جي وچ ۾ ڇا فرق آهي؟,perimenopause ۽ menopause ۾ ڪيئن فرق ڪجي؟,auto_ok,genuine reword - needs native-speaker review
v2537,1268,مينوپاز ۽ مينوپاسل صحت,پري مينوپاز & مينوپاز بنياديات,پوسٽ مينوپاز ڇا آهي؟,postmenopause کي سادي لفظن ۾ ڪيئن سمجهجي؟,auto_ok,genuine reword - needs native-speaker review
v2538,1268,مينوپاز ۽ مينوپاسل صحت,پري مينوپاز & مينوپاز بنياديات,پوسٽ مينوپاز ڇا آهي؟,postmenopause جو مطلب ڪهڙو آهي؟,auto_ok,genuine reword - needs native-speaker review
v2539,1269,مينوپاز ۽ مينوپاسل صحت,پري مينوپاز & مينوپاز بنياديات,ڇا مينوپاز هڪ بيماري آهي؟,مينوپاز هڪ بيماري آهي ڇا؟,auto_ok,genuine reword - needs native-speaker review
v2540,1269,مينوپاز ۽ مينوپاسل صحت,پري مينوپاز & مينوپاز بنياديات,ڇا مينوپاز هڪ بيماري آهي؟,menopause کي بيماري سمجهجي ڇا؟,auto_ok,genuine reword - needs native-speaker review
v2541,1270,مينوپاز ۽ مينوپاسل صحت,پري مينوپاز & مينوپاز بنياديات,ڇا رجونورد اوچتو ٿي سگهي ٿو؟,مينوپاز اوچتو ٿي سگهي ٿي ڇا؟,auto_ok,genuine reword - needs native-speaker review
v2542,1270,مينوپاز ۽ مينوپاسل صحت,پري مينوپاز & مينوپاز بنياديات,ڇا رجونورد اوچتو ٿي سگهي ٿو؟,menopause هڪدم به اچي سگهي ٿي ڇا؟,auto_ok,genuine reword - needs native-speaker review
v2543,1271,مينوپاز ۽ مينوپاسل صحت,پري مينوپاز & مينوپاز بنياديات,سبب بڻيل مينوپاز ڇا آهي؟,induced menopause کي ڪيئن سمجهجي؟,auto_ok,genuine reword - needs native-speaker review
v2544,1271,مينوپاز ۽ مينوپاسل صحت,پري مينوپاز & مينوپاز بنياديات,سبب بڻيل مينوپاز ڇا آهي؟,induced menopause جو مطلب ڪهڙو آهي؟,auto_ok,genuine reword - needs native-speaker review
v2545,1272,مينوپاز ۽ مينوپاسل صحت,پري مينوپاز & مينوپاز بنياديات,ڇا ڪيموٿراپي رجونورد سبب ڪري ٿي؟,ڪيموٿراپي مينوپاز جو سبب بڻجي سگهي ٿي ڇا؟,auto_ok,genuine reword - needs native-speaker review
v2546,1272,مينوپاز ۽ مينوپاسل صحت,پري مينوپاز & مينوپاز بنياديات,ڇا ڪيموٿراپي رجونورد سبب ڪري ٿي؟,chemotherapy سبب menopause جلدي اچي سگهي ٿي ڇا؟,auto_ok,genuine reword - needs native-speaker review
v2547,1273,مينوپاز ۽ مينوپاسل صحت,پري مينوپاز & مينوپاز بنياديات,ڇا منوپاز جي تشخيص صرف رت جي ٽيسٽ سان ٿي سگهي ٿي؟,مينوپاز جي تشخيص صرف رت جي ٽيسٽ سان ٿي سگهي ٿي ڇا؟,auto_ok,genuine reword - needs native-speaker review
v2548,1273,مينوپاز ۽ مينوپاسل صحت,پري مينوپاز & مينوپاز بنياديات,ڇا منوپاز جي تشخيص صرف رت جي ٽيسٽ سان ٿي سگهي ٿي؟,صرف blood test سان menopause جي پڪ ٿي سگهي ٿي ڇا؟,auto_ok,genuine reword - needs native-speaker review
v2549,1274,مينوپاز ۽ مينوپاسل صحت,پري مينوپاز & مينوپاز بنياديات,ڪلميڪٽرڪ ڇا آهي؟,ڪلائيميڪٽرڪ (climacteric) ڇا آهي؟,auto_ok,genuine reword - needs native-speaker review
v2550,1274,مينوپاز ۽ مينوپاسل صحت,پري مينوپاز & مينوپاز بنياديات,ڪلميڪٽرڪ ڇا آهي؟,climacteric جو مطلب ڪهڙو آهي؟,auto_ok,genuine reword - needs native-speaker review
v2551,1275,مينوپاز ۽ مينوپاسل صحت,پري مينوپاز & مينوپاز بنياديات,ڇو پري مينوپاز سبب هارمون جي لهرون آهي؟,پري مينوپاز ۾ هارمون جون لهرون ڇو اچن ٿيون؟,auto_ok,genuine reword - needs native-speaker review
v2552,1275,مينوپاز ۽ مينوپاسل صحت,پري مينوپاز & مينوپاز بنياديات,ڇو پري مينوپاز سبب هارمون جي لهرون آهي؟,perimenopause ۾ hormone levels مٿي هيٺ ڇو ٿين ٿا؟,auto_ok,genuine reword - needs native-speaker review
v2553,1276,مينوپاز ۽ مينوپاسل صحت,پري مينوپاز & مينوپاز بنياديات,ڇا 30 جي ڏهاڪي جي آخر ۾ پريمينوپاز شروع ٿي سگھي ٿو؟,30 جي ڏهاڪي جي آخر ۾ پري مينوپاز شروع ٿي سگهي ٿي ڇا؟,auto_ok,genuine reword - needs native-speaker review
v2554,1276,مينوپاز ۽ مينوپاسل صحت,پري مينوپاز & مينوپاز بنياديات,ڇا 30 جي ڏهاڪي جي آخر ۾ پريمينوپاز شروع ٿي سگھي ٿو؟,late 30s ۾ به perimenopause شروع ٿي سگهي ٿي ڇا؟,auto_ok,genuine reword - needs native-speaker review
v2555,1277,مينوپاز ۽ مينوپاسل صحت,پري مينوپاز & مينوپاز بنياديات,مردن جي منتقلي جي عام مدت ڇا آهي؟,مينوپاز جي منتقلي جي عام مدت ڪيتري آهي؟,auto_ok,genuine reword - needs native-speaker review
v2556,1277,مينوپاز ۽ مينوپاسل صحت,پري مينوپاز & مينوپاز بنياديات,مردن جي منتقلي جي عام مدت ڇا آهي؟,menopause transition عام طور ڪيترو وقت رهي ٿي؟,auto_ok,genuine reword - needs native-speaker review
v2557,1278,مينوپاز ۽ مينوپاسل صحت,پري مينوپاز & مينوپاز بنياديات,ڇا رينج زرخيزي کي متاثر ڪري ٿو؟,مينوپاز جي منتقلي زرخيزي کي متاثر ڪري ٿي ڇا؟,auto_ok,genuine reword - needs native-speaker review
v2558,1278,مينوپاز ۽ مينوپاسل صحت,پري مينوپاز & مينوپاز بنياديات,ڇا رينج زرخيزي کي متاثر ڪري ٿو؟,perimenopause ۾ fertility تي ڪو اثر پوي ٿو ڇا؟,auto_ok,genuine reword - needs native-speaker review
v2559,1279,مينوپاز ۽ مينوپاسل صحت,پري مينوپاز & مينوپاز بنياديات,ڇا هڪ عورت پري مينوپاز دوران حامله ٿي سگهي ٿي؟,عورت پري مينوپاز دوران حامله ٿي سگهي ٿي ڇا؟,auto_ok,genuine reword - needs native-speaker review
v2560,1279,مينوپاز ۽ مينوپاسل صحت,پري مينوپاز & مينوپاز بنياديات,ڇا هڪ عورت پري مينوپاز دوران حامله ٿي سگهي ٿي؟,perimenopause ۾ به حمل ٿي سگهي ٿو ڇا؟,auto_ok,genuine reword - needs native-speaker review
v2561,1280,مينوپاز ۽ مينوپاسل صحت,پري مينوپاز & مينوپاز بنياديات,بيضوي رزرو ڇا آهي ۽ ان جو تعلق مينوپاز سان ڪيئن آهي؟,بيضوي رزرو (ovarian reserve) ڇا آهي ۽ مينوپاز سان ان جو ڪهڙو تعلق آهي؟,auto_ok,genuine reword - needs native-speaker review
v2562,1280,مينوپاز ۽ مينوپاسل صحت,پري مينوپاز & مينوپاز بنياديات,بيضوي رزرو ڇا آهي ۽ ان جو تعلق مينوپاز سان ڪيئن آهي؟,ovarian reserve جو مطلب ۽ menopause سان لاڳاپو ڇا آهي؟,auto_ok,genuine reword - needs native-speaker review
v2563,1281,مينوپاز ۽ مينوپاسل صحت,پري مينوپاز & مينوپاز بنياديات,ڇا آهي مخالف موليرين هارمون جو (اينٽي-مولرين هارمون) ڪردار پري مينوپاز ۾؟,پري مينوپاز ۾ AMH هارمون جو ڪهڙو ڪردار آهي؟,auto_ok,genuine reword - needs native-speaker review
v2564,1281,مينوپاز ۽ مينوپاسل صحت,پري مينوپاز & مينوپاز بنياديات,ڇا آهي مخالف موليرين هارمون جو (اينٽي-مولرين هارمون) ڪردار پري مينوپاز ۾؟,AMH test perimenopause ۾ ڇا ٻڌائي ٿو؟,auto_ok,genuine reword - needs native-speaker review
v2565,1282,مينوپاز ۽ مينوپاسل صحت,پري مينوپاز & مينوپاز بنياديات,جينياتيات ڪيئن اثر انداز ڪندا آهن مينوپاز جي وقت؟,جينياتيات مينوپاز جي وقت کي ڪيئن اثر انداز ڪن ٿيون؟,auto_ok,genuine reword - needs native-speaker review
v2566,1282,مينوپاز ۽ مينوپاسل صحت,پري مينوپاز & مينوپاز بنياديات,جينياتيات ڪيئن اثر انداز ڪندا آهن مينوپاز جي وقت؟,خاندان جي ٻاراڻي (genetics) menopause جي عمر تي ڪيئن اثر رکي ٿي؟,auto_ok,genuine reword - needs native-speaker review
v2567,1283,مينوپاز ۽ مينوپاسل صحت,پري مينوپاز & مينوپاز بنياديات,ڇا هر عورت لاء رجونورد ساڳيو آهي؟,مينوپاز هر عورت لاءِ ساڳي آهي ڇا؟,auto_ok,genuine reword - needs native-speaker review
v2568,1283,مينوپاز ۽ مينوپاسل صحت,پري مينوپاز & مينوپاز بنياديات,ڇا هر عورت لاء رجونورد ساڳيو آهي؟,menopause جو تجربو هر عورت لاءِ هڪجهڙو آهي ڇا؟,auto_ok,genuine reword - needs native-speaker review
v2569,1284,مينوپاز ۽ مينوپاسل صحت,پري مينوپاز & مينوپاز بنياديات,قدرتي ۽ طبي طور تي حوصلا افزائي جي وچ ۾ ڇا فرق آهي؟,قدرتي ۽ طبي طور تي حاصل ٿيل مينوپاز ۾ ڇا فرق آهي؟,auto_ok,genuine reword - needs native-speaker review
v2570,1284,مينوپاز ۽ مينوپاسل صحت,پري مينوپاز & مينوپاز بنياديات,قدرتي ۽ طبي طور تي حوصلا افزائي جي وچ ۾ ڇا فرق آهي؟,natural ۽ induced menopause ۾ ڪيئن فرق ڪجي؟,auto_ok,genuine reword - needs native-speaker review
v2571,1285,مينوپاز ۽ مينوپاسل صحت,عام علامتون,پري مينوپاز جي سڀ کان عام علامتون ڇا آهن؟,پري مينوپاز جون سڀ کان عام علامتون ڪهڙيون آهن؟,auto_ok,genuine reword - needs native-speaker review
v2572,1285,مينوپاز ۽ مينوپاسل صحت,عام علامتون,پري مينوپاز جي سڀ کان عام علامتون ڇا آهن؟,perimenopause ۾ عام طور ڪهڙيون نشانيون ظاهر ٿينديون آهن؟,auto_ok,genuine reword - needs native-speaker review
v2573,1286,مينوپاز ۽ مينوپاسل صحت,عام علامتون,گرم چمڪ جو سبب ڇا آهي؟,گرم چمڪ (hot flash) جو سبب ڇا آهي؟,auto_ok,genuine reword - needs native-speaker review
v2574,1286,مينوپاز ۽ مينوپاسل صحت,عام علامتون,گرم چمڪ جو سبب ڇا آهي؟,hot flash ڇو ٿئي ٿي؟,auto_ok,genuine reword - needs native-speaker review
v2575,1287,مينوپاز ۽ مينوپاسل صحت,عام علامتون,گرم چمڪ عام طور تي ڪيترو عرصو رهي ٿو؟,گرم چمڪ عام طور ڪيترو وقت رهي ٿي؟,auto_ok,genuine reword - needs native-speaker review
v2576,1287,مينوپاز ۽ مينوپاسل صحت,عام علامتون,گرم چمڪ عام طور تي ڪيترو عرصو رهي ٿو؟,hot flash ڪيترن منٽن/سالن تائين هلي ٿي؟,auto_ok,genuine reword - needs native-speaker review
v2577,1288,مينوپاز ۽ مينوپاسل صحت,عام علامتون,ڇا گرم چمڪ کي متحرڪ ڪري ٿو؟,ڪهڙيون شيون گرم چمڪ کي متحرڪ ڪن ٿيون؟,auto_ok,genuine reword - needs native-speaker review
v2578,1288,مينوپاز ۽ مينوپاسل صحت,عام علامتون,ڇا گرم چمڪ کي متحرڪ ڪري ٿو؟,hot flash ڪهڙن سببن سان شروع ٿئي ٿي؟,auto_ok,genuine reword - needs native-speaker review
v2579,1289,مينوپاز ۽ مينوپاسل صحت,عام علامتون,رات جو پسڻ ڇا آهن؟,رات جو پسڻ (night sweats) ڇا آهن؟,auto_ok,genuine reword - needs native-speaker review
v2580,1289,مينوپاز ۽ مينوپاسل صحت,عام علامتون,رات جو پسڻ ڇا آهن؟,night sweats جو مطلب ڪهڙو آهي؟,auto_ok,genuine reword - needs native-speaker review
v2581,1290,مينوپاز ۽ مينوپاسل صحت,عام علامتون,رات جو پسڻ گرم چمڪ سان ڪيئن لاڳاپيل آهي؟,رات جو پسڻ گرم چمڪ سان ڪيئن جڙيل آهي؟,auto_ok,genuine reword - needs native-speaker review
v2582,1290,مينوپاز ۽ مينوپاسل صحت,عام علامتون,رات جو پسڻ گرم چمڪ سان ڪيئن لاڳاپيل آهي؟,night sweats ۽ hot flash ۾ ڪهڙو تعلق آهي؟,auto_ok,genuine reword - needs native-speaker review
v2583,1291,مينوپاز ۽ مينوپاسل صحت,عام علامتون,ڇو مينوپاز ننڊ جي مسئلن جو سبب بڻجندي آهي؟,مينوپاز ننڊ جا مسئلا ڇو پيدا ڪري ٿي؟,auto_ok,genuine reword - needs native-speaker review
v2584,1291,مينوپاز ۽ مينوپاسل صحت,عام علامتون,ڇو مينوپاز ننڊ جي مسئلن جو سبب بڻجندي آهي؟,menopause سبب ننڊ خراب ڇو ٿئي ٿي؟,auto_ok,genuine reword - needs native-speaker review
v2585,1292,مينوپاز ۽ مينوپاسل صحت,عام علامتون,ڇا ننڊ ۾ تبديليون عام آهن پري مينوپاز دوران؟,پري مينوپاز دوران ننڊ ۾ تبديليون عام آهن ڇا؟,auto_ok,genuine reword - needs native-speaker review
v2586,1292,مينوپاز ۽ مينوپاسل صحت,عام علامتون,ڇا ننڊ ۾ تبديليون عام آهن پري مينوپاز دوران؟,perimenopause ۾ ننڊ جو انداز بدلجي ٿو ڇا؟,auto_ok,genuine reword - needs native-speaker review
v2587,1293,مينوپاز ۽ مينوپاسل صحت,عام علامتون,ڇا مينوپاز گڏيل درد جو سبب بڻجي سگھي ٿو؟,مينوپاز ڳنڍن جو درد پيدا ڪري سگهي ٿي ڇا؟,auto_ok,genuine reword - needs native-speaker review
v2588,1293,مينوپاز ۽ مينوپاسل صحت,عام علامتون,ڇا مينوپاز گڏيل درد جو سبب بڻجي سگھي ٿو؟,menopause سبب جوڑوں (joints) ۾ درد ٿي سگهي ٿو ڇا؟,auto_ok,genuine reword - needs native-speaker review
v2589,1294,مينوپاز ۽ مينوپاسل صحت,عام علامتون,حيض جي دوران اندام جي خشڪي ڇو ٿيندي آهي؟,مينوپاز دوران اندام جي خشڪي ڇو ٿيندي آهي؟,auto_ok,genuine reword - needs native-speaker review
v2590,1294,مينوپاز ۽ مينوپاسل صحت,عام علامتون,حيض جي دوران اندام جي خشڪي ڇو ٿيندي آهي؟,menopause ۾ vaginal dryness جو سبب ڇا آهي؟,auto_ok,genuine reword - needs native-speaker review
v2591,1295,مينوپاز ۽ مينوپاسل صحت,عام علامتون,رجونورد دوران چمڙي ۾ تبديلين جو سبب ڇا آهي؟,مينوپاز دوران چمڙي ۾ تبديلين جو سبب ڇا آهي؟,auto_ok,genuine reword - needs native-speaker review
v2592,1295,مينوپاز ۽ مينوپاسل صحت,عام علامتون,رجونورد دوران چمڙي ۾ تبديلين جو سبب ڇا آهي؟,menopause سبب چمڙي بدلجي وڃي، ان جو ڪارڻ ڇا آهي؟,auto_ok,genuine reword - needs native-speaker review
v2593,1296,مينوپاز ۽ مينوپاسل صحت,عام علامتون,ڇا مينوپاز بال جي بناوت يا ٿلهي کي متاثر ڪري سگھي ٿو؟,مينوپاز وارن جي بناوت يا ٿلهي کي متاثر ڪري سگهي ٿي ڇا؟,auto_ok,genuine reword - needs native-speaker review
v2594,1296,مينوپاز ۽ مينوپاسل صحت,عام علامتون,ڇا مينوپاز بال جي بناوت يا ٿلهي کي متاثر ڪري سگھي ٿو؟,menopause سبب وار جو texture يا موٽائي بدلجي ٿي ڇا؟,auto_ok,genuine reword - needs native-speaker review
v2595,1297,مينوپاز ۽ مينوپاسل صحت,عام علامتون,ڇو ته ڪجهه عورتون پريمينوپاز دوران دماغي ڌوڙ جو تجربو ڪندا آهن؟,پري مينوپاز دوران ذهني ڌنڌلاهٽ (brain fog) ڇو ٿيندي آهي؟,auto_ok,genuine reword - needs native-speaker review
v2596,1297,مينوپاز ۽ مينوپاسل صحت,عام علامتون,ڇو ته ڪجهه عورتون پريمينوپاز دوران دماغي ڌوڙ جو تجربو ڪندا آهن؟,perimenopause ۾ سوچ ڌنڌلي ٿي وڃي، ان جو سبب ڇا آهي؟,auto_ok,genuine reword - needs native-speaker review
v2597,1298,مينوپاز ۽ مينوپاسل صحت,عام علامتون,ڇا مينوپاز ياداشت جي گم ٿيڻ جو سبب بڻجي سگھي ٿو؟,مينوپاز ياداشت جي گم ٿيڻ جو سبب بڻجي سگهي ٿي ڇا؟,auto_ok,genuine reword - needs native-speaker review
v2598,1298,مينوپاز ۽ مينوپاسل صحت,عام علامتون,ڇا مينوپاز ياداشت جي گم ٿيڻ جو سبب بڻجي سگھي ٿو؟,menopause سبب memory کي اثر پهچي ٿو ڇا؟,auto_ok,genuine reword - needs native-speaker review
v2599,1299,مينوپاز ۽ مينوپاسل صحت,عام علامتون,هڪ ويزوموٽر علامت ڇا آهي؟,vasomotor symptom کي سادي لفظن ۾ ڪيئن سمجهائجي؟,auto_ok,genuine reword - needs native-speaker review
v2600,1299,مينوپاز ۽ مينوپاسل صحت,عام علامتون,هڪ ويزوموٽر علامت ڇا آهي؟,vasomotor symptom جو مطلب ڪهڙو آهي؟,auto_ok,genuine reword - needs native-speaker review
v2601,1300,مينوپاز ۽ مينوپاسل صحت,عام علامتون,ڇا مينوپاز دل جي ڌڙڪڻ جو سبب بڻجي سگھي ٿو؟,مينوپاز دل جي ڌڙڪڻ ۾ تبديلي جو سبب بڻجي سگهي ٿي ڇا؟,auto_ok,genuine reword - needs native-speaker review
v2602,1300,مينوپاز ۽ مينوپاسل صحت,عام علامتون,ڇا مينوپاز دل جي ڌڙڪڻ جو سبب بڻجي سگھي ٿو؟,menopause سبب دل ڌڙڪڻ تيز ٿي سگهي ٿي ڇا؟,auto_ok,genuine reword - needs native-speaker review
v2603,1301,مينوپاز ۽ مينوپاسل صحت,عام علامتون,ڇو مينوپوز ڪڏهن ڪڏهن سر درد جو سبب بڻجندو آهي؟,مينوپاز ڪڏهن ڪڏهن سردرد جو سبب ڇو بڻجندي آهي؟,auto_ok,genuine reword - needs native-speaker review
v2604,1301,مينوپاز ۽ مينوپاسل صحت,عام علامتون,ڇو مينوپوز ڪڏهن ڪڏهن سر درد جو سبب بڻجندو آهي؟,menopause ۾ سردرد ٿيڻ جو ڪارڻ ڇا آهي؟,auto_ok,genuine reword - needs native-speaker review
v2605,1302,مينوپاز ۽ مينوپاسل صحت,عام علامتون,ڇا مينوپاز مثاني جي ڪنٽرول کي متاثر ڪري سگھي ٿو؟,مينوپاز مثاني جي ڪنٽرول کي متاثر ڪري سگهي ٿي ڇا؟,auto_ok,genuine reword - needs native-speaker review
v2606,1302,مينوپاز ۽ مينوپاسل صحت,عام علامتون,ڇا مينوپاز مثاني جي ڪنٽرول کي متاثر ڪري سگھي ٿو؟,menopause سبب پيشاب تي ڪنٽرول گھٽجي سگهي ٿو ڇا؟,auto_ok,genuine reword - needs native-speaker review
v2607,1303,مينوپاز ۽ مينوپاسل صحت,عام علامتون,مينوپاز جي جينيٽورينري سنڊروم ڇا آهي؟,مينوپاز جو جينيٽورينري سنڊروم (GSM) ڇا آهي؟,auto_ok,genuine reword - needs native-speaker review
v2608,1303,مينوپاز ۽ مينوپاسل صحت,عام علامتون,مينوپاز جي جينيٽورينري سنڊروم ڇا آهي؟,GSM جو مطلب ڪهڙو آهي؟,auto_ok,genuine reword - needs native-speaker review
v2609,1304,مينوپاز ۽ مينوپاسل صحت,عام علامتون,ڇا مينوپاز وزن وڌائڻ جو سبب بڻجي سگھي ٿو؟,مينوپاز وزن وڌائڻ جو سبب بڻجي سگهي ٿي ڇا؟,auto_ok,genuine reword - needs native-speaker review
v2610,1304,مينوپاز ۽ مينوپاسل صحت,عام علامتون,ڇا مينوپاز وزن وڌائڻ جو سبب بڻجي سگھي ٿو؟,menopause سبب وزن وڌي سگهي ٿو ڇا؟,auto_ok,genuine reword - needs native-speaker review
v2611,1305,مينوپاز ۽ مينوپاسل صحت,عام علامتون,ڇو ته حيض جي دوران چربی جي ورڇ ۾ تبديلي ايندي آهي؟,مينوپاز دوران چربی جي ورڇ ۾ تبديلي ڇو ايندي آهي؟,auto_ok,genuine reword - needs native-speaker review
v2612,1305,مينوپاز ۽ مينوپاسل صحت,عام علامتون,ڇو ته حيض جي دوران چربی جي ورڇ ۾ تبديلي ايندي آهي؟,menopause ۾ بدن جي fat distribution ڇو بدلجي ٿي؟,auto_ok,genuine reword - needs native-speaker review
v2613,1306,مينوپاز ۽ مينوپاسل صحت,عام علامتون,ڇا مينوپاز سيني جي نرمي جو سبب بڻجي سگھي ٿو؟,مينوپاز سيني ۾ نرمي جو سبب بڻجي سگهي ٿي ڇا؟,auto_ok,genuine reword - needs native-speaker review
v2614,1306,مينوپاز ۽ مينوپاسل صحت,عام علامتون,ڇا مينوپاز سيني جي نرمي جو سبب بڻجي سگھي ٿو؟,menopause سبب ڇاتين ۾ ڪا تبديلي اچي ٿي ڇا؟,auto_ok,genuine reword - needs native-speaker review
v2615,1307,مينوپاز ۽ مينوپاسل صحت,عام علامتون,ڇا مينوپاز ليبيدو کي متاثر ڪري ٿو؟,مينوپاز جنسي خواهش (libido) کي متاثر ڪري ٿي ڇا؟,auto_ok,genuine reword - needs native-speaker review
v2616,1307,مينوپاز ۽ مينوپاسل صحت,عام علامتون,ڇا مينوپاز ليبيدو کي متاثر ڪري ٿو؟,menopause سبب libido تي اثر پوي ٿو ڇا؟,auto_ok,genuine reword - needs native-speaker review
v2617,1308,مينوپاز ۽ مينوپاسل صحت,عام علامتون,ڇا رجونورتا سبب چکر اچي سگھي ٿو؟,مينوپاز سبب چڪر اچي سگهي ٿو ڇا؟,auto_ok,genuine reword - needs native-speaker review
v2618,1308,مينوپاز ۽ مينوپاسل صحت,عام علامتون,ڇا رجونورتا سبب چکر اچي سگھي ٿو؟,menopause ۾ چکر يا مٿي گھمڻ محسوس ٿئي ٿو ڇا؟,auto_ok,genuine reword - needs native-speaker review
v2619,1309,مينوپاز ۽ مينوپاسل صحت,عام علامتون,ڇو گرم چمڪ عورتن جي وچ ۾ شدت ۾ مختلف آهن؟,گرم چمڪ عورتن ۾ شدت ۾ مختلف ڇو آهي؟,auto_ok,genuine reword - needs native-speaker review
v2620,1309,مينوپاز ۽ مينوپاسل صحت,عام علامتون,ڇو گرم چمڪ عورتن جي وچ ۾ شدت ۾ مختلف آهن؟,هر عورت جي hot flash جي شدت الڳ ڇو هوندي آهي؟,auto_ok,genuine reword - needs native-speaker review
v2621,1310,مينوپاز ۽ مينوپاسل صحت,عام علامتون,ڇا رجونورڻ سبب ٽنگنگ جي احساس (ٺاهڻ) ٿي سگهي ٿي؟,مينوپاز سبب ٽنگن ۾ سنئون سا احساس ٿي سگهي ٿو ڇا؟,auto_ok,genuine reword - needs native-speaker review
v2622,1310,مينوپاز ۽ مينوپاسل صحت,عام علامتون,ڇا رجونورڻ سبب ٽنگنگ جي احساس (ٺاهڻ) ٿي سگهي ٿي؟,menopause ۾ tingling يا ٺاهڻ محسوس ٿي سگهي ٿي ڇا؟,auto_ok,genuine reword - needs native-speaker review
v2623,1311,مينوپاز ۽ مينوپاسل صحت,عام علامتون,ڇا مينوپاز سبب سڪي اکيون يا وات؟,مينوپاز سبب اکيون يا وات سُڪجي وڃن ٿا ڇا؟,auto_ok,genuine reword - needs native-speaker review
v2624,1311,مينوپاز ۽ مينوپاسل صحت,عام علامتون,ڇا مينوپاز سبب سڪي اکيون يا وات؟,menopause ۾ dry eyes يا dry mouth عام آهن ڇا؟,auto_ok,genuine reword - needs native-speaker review
v2625,1312,مينوپاز ۽ مينوپاسل صحت,عام علامتون,ڇا پري مينوپاز مهاسا سبب ٿي سگهي ٿو؟,پري مينوپاز مهاسن جو سبب بڻجي سگهي ٿي ڇا؟,auto_ok,genuine reword - needs native-speaker review
v2626,1312,مينوپاز ۽ مينوپاسل صحت,عام علامتون,ڇا پري مينوپاز مهاسا سبب ٿي سگهي ٿو؟,perimenopause ۾ acne ٿي سگهي ٿي ڇا؟,auto_ok,genuine reword - needs native-speaker review
v2627,1313,مينوپاز ۽ مينوپاسل صحت,عام علامتون,مجموعي طور تي ويزوموٽر علامات جي عام مدت ڇا آهي؟,ويزوموٽر علامتن جي مجموعي عام مدت ڇا آهي؟,auto_ok,genuine reword - needs native-speaker review
v2628,1313,مينوپاز ۽ مينوپاسل صحت,عام علامتون,مجموعي طور تي ويزوموٽر علامات جي عام مدت ڇا آهي؟,hot flash جهڙيون علامتون عام طور ڪيترو وقت هلن ٿيون؟,auto_ok,genuine reword - needs native-speaker review
v2629,1314,مينوپاز ۽ مينوپاسل صحت,عام علامتون,ڇا رجونورتا جون علامتون اچن ٿيون ۽ سالن کان وٺي وڃن ٿيون؟,مينوپاز جون علامتون سالن تائين اچن وڃن ٿيون ڇا؟,auto_ok,genuine reword - needs native-speaker review
v2630,1314,مينوپاز ۽ مينوپاسل صحت,عام علامتون,ڇا رجونورتا جون علامتون اچن ٿيون ۽ سالن کان وٺي وڃن ٿيون؟,menopause symptoms ڪجهه سالن دوران گھٽ وڌ ٿينديون رهن ٿيون ڇا؟,auto_ok,genuine reword - needs native-speaker review
v2631,1315,مينوپاز ۽ مينوپاسل صحت,عام علامتون,ڇا ڪيفين گرم چمڪ کي خراب ڪري ٿو؟,ڪيفين گرم چمڪ کي خراب ڪري ٿي ڇا؟,auto_ok,genuine reword - needs native-speaker review
v2632,1315,مينوپاز ۽ مينوپاسل صحت,عام علامتون,ڇا ڪيفين گرم چمڪ کي خراب ڪري ٿو؟,چانهه يا ڪافي hot flash کي وڌائي ٿي ڇا؟,auto_ok,genuine reword - needs native-speaker review
v2633,1316,مينوپاز ۽ مينوپاسل صحت,عام علامتون,ڇا شراب گرم چمڪ کي خراب ڪري ٿو؟,شراب گرم چمڪ کي خراب ڪري ٿي ڇا؟,auto_ok,genuine reword - needs native-speaker review
v2634,1316,مينوپاز ۽ مينوپاسل صحت,عام علامتون,ڇا شراب گرم چمڪ کي خراب ڪري ٿو؟,الڪوحل hot flash کي وڌائي ٿي ڇا؟,auto_ok,genuine reword - needs native-speaker review
v2635,1317,مينوپاز ۽ مينوپاسل صحت,عام علامتون,ڇا دٻاء وڌائي سگھي ٿو رينج جي علامات کي خراب ڪري سگھي ٿو؟,دٻاءُ مينوپاز جون علامتون خراب ڪري سگهي ٿو ڇا؟,auto_ok,genuine reword - needs native-speaker review
v2636,1317,مينوپاز ۽ مينوپاسل صحت,عام علامتون,ڇا دٻاء وڌائي سگھي ٿو رينج جي علامات کي خراب ڪري سگھي ٿو؟,ٽينشن سان menopause symptoms وڌي سگهن ٿا ڇا؟,auto_ok,genuine reword - needs native-speaker review
v2637,1318,مينوپاز ۽ مينوپاسل صحت,عام علامتون,ڇا رجونورد عضلات جي درد جو سبب بڻجي سگھي ٿو؟,مينوپاز عضلات جي درد جو سبب بڻجي سگهي ٿي ڇا؟,auto_ok,genuine reword - needs native-speaker review
v2638,1318,مينوپاز ۽ مينوپاسل صحت,عام علامتون,ڇا رجونورد عضلات جي درد جو سبب بڻجي سگھي ٿو؟,menopause سبب پٺين ۾ يا عضلن ۾ درد ٿي سگهي ٿو ڇا؟,auto_ok,genuine reword - needs native-speaker review
v2639,1319,مينوپاز ۽ مينوپاسل صحت,عام علامتون,ڇو پري مينوپاز ڪڏهن ڪڏهن سينو درد جو سبب بڻائيندو آهي؟,پري مينوپاز ڪڏهن ڪڏهن سينو درد ڇو بڻائيندي آهي؟,auto_ok,genuine reword - needs native-speaker review
v2640,1319,مينوپاز ۽ مينوپاسل صحت,عام علامتون,ڇو پري مينوپاز ڪڏهن ڪڏهن سينو درد جو سبب بڻائيندو آهي؟,perimenopause ۾ ڇاتين ۾ درد ڇو ٿي سگهي ٿو؟,auto_ok,genuine reword - needs native-speaker review
v2641,1320,مينوپاز ۽ مينوپاسل صحت,عام علامتون,ڇا رينپوز جسم جي درجه حرارت جي ضابطي کي متاثر ڪري سگھي ٿو؟,مينوپاز جسم جي درجه حرارت جي ضابطي کي متاثر ڪري سگهي ٿي ڇا؟,auto_ok,genuine reword - needs native-speaker review
v2642,1320,مينوپاز ۽ مينوپاسل صحت,عام علامتون,ڇا رينپوز جسم جي درجه حرارت جي ضابطي کي متاثر ڪري سگھي ٿو؟,menopause سبب بدن جي حرارت ڪنٽرول ۾ فرق اچي ٿو ڇا؟,auto_ok,genuine reword - needs native-speaker review
v2643,1321,مينوپاز ۽ مينوپاسل صحت,عام علامتون,ڇا مينوپاز سبب جسم جي بوءَ ۾ تبديلي اچي ٿي؟,مينوپاز سبب جسم جي بوءِ ۾ تبديلي اچي ٿي ڇا؟,auto_ok,genuine reword - needs native-speaker review
v2644,1321,مينوپاز ۽ مينوپاسل صحت,عام علامتون,ڇا مينوپاز سبب جسم جي بوءَ ۾ تبديلي اچي ٿي؟,menopause ۾ پگهر جي بوءِ بدلجي ٿي ڇا؟,auto_ok,genuine reword - needs native-speaker review
v2645,1322,مينوپاز ۽ مينوپاسل صحت,عام علامتون,ڇا مينوپاز رات جو بي آرام پيرن جو سبب بڻجي سگھي ٿو؟,مينوپاز رات جو بي آرام پيرن جو سبب بڻجي سگهي ٿي ڇا؟,auto_ok,genuine reword - needs native-speaker review
v2646,1322,مينوپاز ۽ مينوپاسل صحت,عام علامتون,ڇا مينوپاز رات جو بي آرام پيرن جو سبب بڻجي سگھي ٿو؟,menopause ۾ رات جو پيرن ۾ بيچيني ٿي سگهي ٿي ڇا؟,auto_ok,genuine reword - needs native-speaker review
v2647,1323,مينوپاز ۽ مينوپاسل صحت,عام علامتون,ڇو ته ڪجهه عورتن ۾ ڪو به قابل ذڪر رجعت جي علامات نه آهي؟,ڪجهه عورتن ۾ مينوپاز جون واضح علامتون ڇو نه هونديون آهن؟,auto_ok,genuine reword - needs native-speaker review
v2648,1323,مينوپاز ۽ مينوپاسل صحت,عام علامتون,ڇو ته ڪجهه عورتن ۾ ڪو به قابل ذڪر رجعت جي علامات نه آهي؟,ڪن عورتن کي menopause جو بلڪل پتو نٿو پوي، ان جو سبب ڇا آهي؟,auto_ok,genuine reword - needs native-speaker review
v2649,1324,مينوپاز ۽ مينوپاسل صحت,عام علامتون,ڇا پري مينوپاز علامات روزاني ڪم کي متاثر ڪري سگھن ٿا؟,پري مينوپاز جون علامتون روزانو ڪم کي متاثر ڪري سگهن ٿيون ڇا؟,auto_ok,genuine reword - needs native-speaker review
v2650,1324,مينوپاز ۽ مينوپاسل صحت,عام علامتون,ڇا پري مينوپاز علامات روزاني ڪم کي متاثر ڪري سگھن ٿا؟,perimenopause symptoms سبب روزمره جو ڪم متاثر ٿي سگهي ٿو ڇا؟,auto_ok,genuine reword - needs native-speaker review
v2651,1325,مينوپاز ۽ مينوپاسل صحت,پري مينوپاز دوران دور,پري مينوپاز دوران دور ڪيئن بدلجن ٿا؟,پري مينوپاز دوران ماهواري ڪيئن بدلجي ٿي؟,auto_ok,genuine reword - needs native-speaker review
v2652,1325,مينوپاز ۽ مينوپاسل صحت,پري مينوپاز دوران دور,پري مينوپاز دوران دور ڪيئن بدلجن ٿا؟,perimenopause ۾ period ۾ ڇا فرق اچي ٿو؟,auto_ok,genuine reword - needs native-speaker review
v2653,1326,مينوپاز ۽ مينوپاسل صحت,پري مينوپاز دوران دور,ڇا پريمينوپاز دوران غير منظم خونريزي عام آهي؟,پري مينوپاز دوران بي قاعده خونريزي عام آهي ڇا؟,auto_ok,genuine reword - needs native-speaker review
v2654,1326,مينوپاز ۽ مينوپاسل صحت,پري مينوپاز دوران دور,ڇا پريمينوپاز دوران غير منظم خونريزي عام آهي؟,perimenopause ۾ period بي ترتيب ٿيڻ معمول جي ڳالھ آهي ڇا؟,auto_ok,genuine reword - needs native-speaker review
v2655,1327,مينوپاز ۽ مينوپاسل صحت,پري مينوپاز دوران دور,ڇا پريمينوپاز دوران پيٽ ڳري ٿي سگھي ٿو؟,پري مينوپاز دوران ماهواري ڳري ٿي سگهي ٿي ڇا؟,auto_ok,genuine reword - needs native-speaker review
v2656,1327,مينوپاز ۽ مينوپاسل صحت,پري مينوپاز دوران دور,ڇا پريمينوپاز دوران پيٽ ڳري ٿي سگھي ٿو؟,perimenopause ۾ period تمام گھڻي (heavy) ٿي سگهي ٿي ڇا؟,auto_ok,genuine reword - needs native-speaker review
v2657,1328,مينوپاز ۽ مينوپاسل صحت,پري مينوپاز دوران دور,ڇا پريمينوپاز جي دوران پيٽ وڌيڪ روشن ٿي سگهن ٿا؟,پري مينوپاز دوران ماهواري هلڪي به ٿي سگهي ٿي ڇا؟,auto_ok,genuine reword - needs native-speaker review
v2658,1328,مينوپاز ۽ مينوپاسل صحت,پري مينوپاز دوران دور,ڇا پريمينوپاز جي دوران پيٽ وڌيڪ روشن ٿي سگهن ٿا؟,perimenopause ۾ period هلڪي به ٿئي ٿي ڇا؟,auto_ok,genuine reword - needs native-speaker review
v2659,1329,مينوپاز ۽ مينوپاسل صحت,پري مينوپاز دوران دور,پري مينوپاز ۾ غير منظم چڪر جي ڊيگهه جو سبب ڇا آهي؟,پري مينوپاز ۾ بي قاعده چڪر جي ڊيگهه جو سبب ڇا آهي؟,auto_ok,genuine reword - needs native-speaker review
v2660,1329,مينوپاز ۽ مينوپاسل صحت,پري مينوپاز دوران دور,پري مينوپاز ۾ غير منظم چڪر جي ڊيگهه جو سبب ڇا آهي؟,perimenopause ۾ period cycle جي ڊيگهه ڇو بدلجي ٿي؟,auto_ok,genuine reword - needs native-speaker review
v2661,1330,مينوپاز ۽ مينوپاسل صحت,پري مينوپاز دوران دور,ڪيترا مهينا بغير ڪنهن دور جي رجعت جي تصديق ڪري ٿي؟,ڪيترا مهينا بغير ماهواري جي مينوپاز جي تصديق ڪن ٿا؟,auto_ok,genuine reword - needs native-speaker review
v2662,1330,مينوپاز ۽ مينوپاسل صحت,پري مينوپاز دوران دور,ڪيترا مهينا بغير ڪنهن دور جي رجعت جي تصديق ڪري ٿي؟,menopause جي پڪ لاءِ ڪيترن مهينن کان period نه اچڻ ضروري آهي؟,auto_ok,genuine reword - needs native-speaker review
v2663,1331,مينوپاز ۽ مينوپاسل صحت,پري مينوپاز دوران دور,ڇا پري مينوپاز سبب دور دورن کي ختم ڪري سگهجي ٿو؟,پري مينوپاز سبب ماهواري ڪجهه وقت لاءِ ختم ٿي سگهي ٿي ڇا؟,auto_ok,genuine reword - needs native-speaker review
v2664,1331,مينوپاز ۽ مينوپاسل صحت,پري مينوپاز دوران دور,ڇا پري مينوپاز سبب دور دورن کي ختم ڪري سگهجي ٿو؟,perimenopause ۾ عارضي طور period رڪجي سگهي ٿي ڇا؟,auto_ok,genuine reword - needs native-speaker review
v2665,1332,مينوپاز ۽ مينوپاسل صحت,پري مينوپاز دوران دور,ڇا پريمينوپاز دوران دورن جي وچ ۾ ڏسڻ عام آهي؟,پري مينوپاز دوران ماهوارين جي وچ ۾ ٿورو رت اچڻ عام آهي ڇا؟,auto_ok,genuine reword - needs native-speaker review
v2666,1332,مينوپاز ۽ مينوپاسل صحت,پري مينوپاز دوران دور,ڇا پريمينوپاز دوران دورن جي وچ ۾ ڏسڻ عام آهي؟,perimenopause ۾ periods جي وچ ۾ spotting معمول آهي ڇا؟,auto_ok,genuine reword - needs native-speaker review
v2667,1333,مينوپاز ۽ مينوپاسل صحت,پري مينوپاز دوران دور,جڏهن پريمينوپاز دوران ڳري خونريزي جو جائزو وٺڻ گهرجي؟,پري مينوپاز دوران ڳري خونريزي ڪڏهن جانچجي؟,auto_ok,genuine reword - needs native-speaker review
v2668,1333,مينوپاز ۽ مينوپاسل صحت,پري مينوپاز دوران دور,جڏهن پريمينوپاز دوران ڳري خونريزي جو جائزو وٺڻ گهرجي؟,perimenopause ۾ heavy bleeding ڪهڙي حالت ۾ چيڪ ڪرائجي؟,auto_ok,genuine reword - needs native-speaker review
v2669,1334,مينوپاز ۽ مينوپاسل صحت,پري مينوپاز دوران دور,ڇا پري مينوپاز سبب دورن کي ويجهو اچي سگهي ٿو؟,پري مينوپاز سبب ماهواريون ويجهو اچي سگهن ٿيون ڇا؟,auto_ok,genuine reword - needs native-speaker review
v2670,1334,مينوپاز ۽ مينوپاسل صحت,پري مينوپاز دوران دور,ڇا پري مينوپاز سبب دورن کي ويجهو اچي سگهي ٿو؟,perimenopause ۾ periods هڪ ٻئي جي ويجھو اچن ٿيون ڇا؟,auto_ok,genuine reword - needs native-speaker review
v2671,1335,مينوپاز ۽ مينوپاسل صحت,پري مينوپاز دوران دور,ڇا پري مينوپاز دورن کي وڌيڪ ڌار ڪري سگھي ٿو؟,پري مينوپاز ماهواري کي وڌيڪ ڌار ڪري سگهي ٿي ڇا؟,auto_ok,genuine reword - needs native-speaker review
v2672,1335,مينوپاز ۽ مينوپاسل صحت,پري مينوپاز دوران دور,ڇا پري مينوپاز دورن کي وڌيڪ ڌار ڪري سگھي ٿو؟,perimenopause ۾ periods وچ ۾ وڏو فرق پئجي سگهي ٿو ڇا؟,auto_ok,genuine reword - needs native-speaker review
v2673,1336,مينوپاز ۽ مينوپاسل صحت,پري مينوپاز دوران دور,ڇا حيض کان پوءِ خون وهڻ ڪڏهن به عام آهي؟,ماهواري کان مڪمل بند ٿيڻ کان پوءِ خون وهڻ ڪڏهن به عام آهي ڇا؟,auto_ok,genuine reword - needs native-speaker review
v2674,1336,مينوپاز ۽ مينوپاسل صحت,پري مينوپاز دوران دور,ڇا حيض کان پوءِ خون وهڻ ڪڏهن به عام آهي؟,menopause بعد ٻيهر خون اچي ته اهو معمول جي ڳالھ آهي ڇا؟,auto_ok,genuine reword - needs native-speaker review
v2675,1337,مينوپاز ۽ مينوپاسل صحت,پري مينوپاز دوران دور,عورت کي ڇا ڪرڻ گهرجي جيڪڏهن 12 مهينن کان پوءِ حيض کان سواءِ رت اچي؟,12 مهينن بعد ماهواري کان سواءِ رت اچي ته ڇا ڪجي؟,auto_ok,genuine reword - needs native-speaker review
v2676,1337,مينوپاز ۽ مينوپاسل صحت,پري مينوپاز دوران دور,عورت کي ڇا ڪرڻ گهرجي جيڪڏهن 12 مهينن کان پوءِ حيض کان سواءِ رت اچي؟,پوري سال period نه اچڻ بعد ٻيهر رت اچي ته ان جو ڇا ڪجي؟,auto_ok,genuine reword - needs native-speaker review
v2677,1338,مينوپاز ۽ مينوپاسل صحت,پري مينوپاز دوران دور,ڇا پري مينوپاز رت وهڻ نمونا ٻين حالتن جي نشاندهي ڪري سگھن ٿا؟,پري مينوپاز جو رت وهڻ جو نمونو ٻين حالتن جي نشاندهي ڪري سگهي ٿو ڇا؟,auto_ok,genuine reword - needs native-speaker review
v2678,1338,مينوپاز ۽ مينوپاسل صحت,پري مينوپاز دوران دور,ڇا پري مينوپاز رت وهڻ نمونا ٻين حالتن جي نشاندهي ڪري سگھن ٿا؟,perimenopause جو bleeding pattern ٻي بيماري به ظاهر ڪري سگهي ٿو ڇا؟,auto_ok,genuine reword - needs native-speaker review
v2679,1339,مينوپاز ۽ مينوپاسل صحت,پري مينوپاز دوران دور,ڇا پري مينوپاز ماهواري کان اڳ جو سنڊروم جهڙيون علامتون متاثر ڪري ٿو؟,پري مينوپاز PMS جهڙيون علامتون وڌائي سگهي ٿي ڇا؟,auto_ok,genuine reword - needs native-speaker review
v2680,1339,مينوپاز ۽ مينوپاسل صحت,پري مينوپاز دوران دور,ڇا پري مينوپاز ماهواري کان اڳ جو سنڊروم جهڙيون علامتون متاثر ڪري ٿو؟,perimenopause ۾ PMS واريون علامتون خراب ٿي سگهن ٿيون ڇا؟,auto_ok,genuine reword - needs native-speaker review
v2681,1340,مينوپاز ۽ مينوپاسل صحت,پري مينوپاز دوران دور,ڇا پري مينوپاز سبب ڊگھي عرصي تائين گھڻن ڏينھن تائين رھي سگھي ٿو؟,پري مينوپاز ماهواري گھڻن ڏينهن تائين رهڻ جو سبب بڻجي سگهي ٿي ڇا؟,auto_ok,genuine reword - needs native-speaker review
v2682,1340,مينوپاز ۽ مينوپاسل صحت,پري مينوپاز دوران دور,ڇا پري مينوپاز سبب ڊگھي عرصي تائين گھڻن ڏينھن تائين رھي سگھي ٿو؟,perimenopause ۾ period ڊگهي وقت لاءِ هلي سگهي ٿي ڇا؟,auto_ok,genuine reword - needs native-speaker review
v2683,1341,مينوپاز ۽ مينوپاسل صحت,پري مينوپاز دوران دور,پري مينوپاز ۾ غير معمولي رحم جو رت وهڻ ڇا سمجهيو ويندو آهي؟,perimenopause ۾ abnormal uterine bleeding کي ڇا سڏجي ٿو؟,auto_ok,genuine reword - needs native-speaker review
v2684,1341,مينوپاز ۽ مينوپاسل صحت,پري مينوپاز دوران دور,پري مينوپاز ۾ غير معمولي رحم جو رت وهڻ ڇا سمجهيو ويندو آهي؟,perimenopause ۾ abnormal uterine bleeding کي ڇا سڏجي ٿو؟,auto_ok,genuine reword - needs native-speaker review
v2685,1342,مينوپاز ۽ مينوپاسل صحت,پري مينوپاز دوران دور,ڇا رحم جا ريشا پري مينوپاز دوران ڳري خونريزي سبب ٿي سگهي ٿو؟,رحم جا ريشا (fibroids) پري مينوپاز دوران ڳري خونريزي جو سبب ٿي سگهن ٿا ڇا؟,auto_ok,genuine reword - needs native-speaker review
v2686,1342,مينوپاز ۽ مينوپاسل صحت,پري مينوپاز دوران دور,ڇا رحم جا ريشا پري مينوپاز دوران ڳري خونريزي سبب ٿي سگهي ٿو؟,uterine fibroids perimenopause ۾ heavy bleeding پيدا ڪن ٿا ڇا؟,auto_ok,genuine reword - needs native-speaker review
v2687,1343,مينوپاز ۽ مينوپاسل صحت,پري مينوپاز دوران دور,ڇا تايرايئر تبديلين ۾ مدد ڪري سگھي ٿي حيض جي بي ترتيبي ۾ پري مينوپاز ۾؟,ٿائرائيڊ تبديليون پري مينوپاز جي بي ترتيبي ۾ مدد ڪن ٿيون ڇا؟,auto_ok,genuine reword - needs native-speaker review
v2688,1343,مينوپاز ۽ مينوپاسل صحت,پري مينوپاز دوران دور,ڇا تايرايئر تبديلين ۾ مدد ڪري سگھي ٿي حيض جي بي ترتيبي ۾ پري مينوپاز ۾؟,thyroid تبديل ٿيڻ سان perimenopause جي period بي قاعدگي وڌي ٿي ڇا؟,auto_ok,genuine reword - needs native-speaker review
v2689,1344,مينوپاز ۽ مينوپاسل صحت,پري مينوپاز دوران دور,ڇا عورت کي پريمينوپاز دوران پنهنجي دورن کي ٽريڪ ڪرڻ گهرجي؟,عورت کي پري مينوپاز دوران پنهنجي ماهواري ٽريڪ ڪرڻ گهرجي ڇا؟,auto_ok,genuine reword - needs native-speaker review
v2690,1344,مينوپاز ۽ مينوپاسل صحت,پري مينوپاز دوران دور,ڇا عورت کي پريمينوپاز دوران پنهنجي دورن کي ٽريڪ ڪرڻ گهرجي؟,perimenopause ۾ period tracking ڪرڻ فائديمند آهي ڇا؟,auto_ok,genuine reword - needs native-speaker review
v2691,1345,مينوپاز ۽ مينوپاسل صحت,پري مينوپاز دوران دور,ڇا هارمونل حملن کي استعمال ڪري سگهجي ٿو پري مينوپاز واري رت وهڻ کي منظم ڪرڻ لاء؟,هارمونل علاج پري مينوپاز واري خونريزي منظم ڪرڻ لاءِ استعمال ٿي سگهي ٿو ڇا؟,auto_ok,genuine reword - needs native-speaker review
v2692,1345,مينوپاز ۽ مينوپاسل صحت,پري مينوپاز دوران دور,ڇا هارمونل حملن کي استعمال ڪري سگهجي ٿو پري مينوپاز واري رت وهڻ کي منظم ڪرڻ لاء؟,hormonal treatment سان perimenopause جو bleeding ڪنٽرول ٿي سگهي ٿو ڇا؟,auto_ok,genuine reword - needs native-speaker review
v2693,1346,مينوپاز ۽ مينوپاسل صحت,پري مينوپاز دوران دور,ڇا بيضه ڇڏڻ اڃا تائين پري مينوپاز دوران ٿيندي آهي؟,اووليشن اڃا تائين پري مينوپاز دوران ٿيندي آهي ڇا؟,auto_ok,genuine reword - needs native-speaker review
v2694,1346,مينوپاز ۽ مينوپاسل صحت,پري مينوپاز دوران دور,ڇا بيضه ڇڏڻ اڃا تائين پري مينوپاز دوران ٿيندي آهي؟,perimenopause ۾ اووليشن اڃا به ٿئي ٿي ڇا؟,auto_ok,genuine reword - needs native-speaker review
v2695,1347,مينوپاز ۽ مينوپاسل صحت,پري مينوپاز دوران دور,ڇا پري مينوپاز واري رت وهڻ تبديليون انميا جي خطري کي متاثر ڪري سگهن ٿيون؟,پري مينوپاز جو رت وهڻ انيميا جو خطرو وڌائي سگهي ٿو ڇا؟,auto_ok,genuine reword - needs native-speaker review
v2696,1347,مينوپاز ۽ مينوپاسل صحت,پري مينوپاز دوران دور,ڇا پري مينوپاز واري رت وهڻ تبديليون انميا جي خطري کي متاثر ڪري سگهن ٿيون؟,perimenopause bleeding سبب anemia جو چانس وڌي ٿو ڇا؟,auto_ok,genuine reword - needs native-speaker review
v2697,1348,مينوپاز ۽ مينوپاسل صحت,پري مينوپاز دوران دور,جڏهن غير معمولي خونريزي لاء هڪ رحم جي اندروني تہ جو بايوپسي جي سفارش ڪئي وئي آهي؟,غير معمولي خونريزي لاءِ بایوپسي ڪڏهن سفارش ٿيل آهي؟,auto_ok,genuine reword - needs native-speaker review
v2698,1348,مينوپاز ۽ مينوپاسل صحت,پري مينوپاز دوران دور,جڏهن غير معمولي خونريزي لاء هڪ رحم جي اندروني تہ جو بايوپسي جي سفارش ڪئي وئي آهي؟,abnormal bleeding ۾ ڪهڙي حالت ۾ biopsy ڪرايو ويندو آهي؟,auto_ok,genuine reword - needs native-speaker review
v2699,1349,مينوپاز ۽ مينوپاسل صحت,پري مينوپاز دوران دور,ڇا پريمينوپاز دورن دوران ڪلٽ جو سبب بڻجي سگهي ٿو؟,پري مينوپاز واري ماهواري ۾ ڳنڍا (clots) اچڻ عام آهي ڇا؟,auto_ok,genuine reword - needs native-speaker review
v2700,1349,مينوپاز ۽ مينوپاسل صحت,پري مينوپاز دوران دور,ڇا پريمينوپاز دورن دوران ڪلٽ جو سبب بڻجي سگهي ٿو؟,perimenopause period ۾ خون سان گڏ ڳنڍا اچن، اهو معمول آهي ڇا؟,auto_ok,genuine reword - needs native-speaker review
v2701,1350,مينوپاز ۽ مينوپاسل صحت,هڏن جي صحت ۽ اوستيوپورسس,ڇو رجونورد اوستيوپورسس جو خطرو وڌائي ٿو؟,مينوپاز اوستيوپورسس جو خطرو ڇو وڌائي ٿي؟,auto_ok,genuine reword - needs native-speaker review
v2702,1350,مينوپاز ۽ مينوپاسل صحت,هڏن جي صحت ۽ اوستيوپورسس,ڇو رجونورد اوستيوپورسس جو خطرو وڌائي ٿو؟,menopause بعد osteoporosis جو خطرو ڇو وڌي ٿو؟,auto_ok,genuine reword - needs native-speaker review
v2703,1351,مينوپاز ۽ مينوپاسل صحت,هڏن جي صحت ۽ اوستيوپورسس,هڏن جي ڪمزوري ڇا آهي؟,هڏن جي ڪمزوري (osteoporosis) ڇا آهي؟,auto_ok,genuine reword - needs native-speaker review
v2704,1351,مينوپاز ۽ مينوپاسل صحت,هڏن جي صحت ۽ اوستيوپورسس,هڏن جي ڪمزوري ڇا آهي؟,osteoporosis جو مطلب ڪهڙو آهي؟,auto_ok,genuine reword - needs native-speaker review
v2705,1352,مينوپاز ۽ مينوپاسل صحت,هڏن جي صحت ۽ اوستيوپورسس,ايسٽروجن جو نقصان ڪيئن هڏن جي کثافت کي متاثر ڪري ٿو؟,ايسٽروجن جي گھٽتائي هڏن جي کثافت کي ڪيئن متاثر ڪري ٿي؟,auto_ok,genuine reword - needs native-speaker review
v2706,1352,مينوپاز ۽ مينوپاسل صحت,هڏن جي صحت ۽ اوستيوپورسس,ايسٽروجن جو نقصان ڪيئن هڏن جي کثافت کي متاثر ڪري ٿو؟,estrogen گھٽ ٿيڻ سان bone density تي ڪيئن اثر پوي ٿو؟,auto_ok,genuine reword - needs native-speaker review
v2707,1353,مينوپاز ۽ مينوپاسل صحت,هڏن جي صحت ۽ اوستيوپورسس,هڪ ڊيڪسا اسڪين اسڪين ڇا آهي؟,ڊيڪسا (DEXA) اسڪين ڇا آهي؟,auto_ok,genuine reword - needs native-speaker review
v2708,1353,مينوپاز ۽ مينوپاسل صحت,هڏن جي صحت ۽ اوستيوپورسس,هڪ ڊيڪسا اسڪين اسڪين ڇا آهي؟,DEXA scan جو مطلب ڪهڙو آهي؟,auto_ok,genuine reword - needs native-speaker review
v2709,1354,مينوپاز ۽ مينوپاسل صحت,هڏن جي صحت ۽ اوستيوپورسس,جڏهن عورتن کي هڏن جي کثافت ٽيسٽ وٺڻ گهرجي؟,عورتن کي هڏن جي کثافت جو ٽيسٽ ڪڏهن ڪرائجي؟,auto_ok,genuine reword - needs native-speaker review
v2710,1354,مينوپاز ۽ مينوپاسل صحت,هڏن جي صحت ۽ اوستيوپورسس,جڏهن عورتن کي هڏن جي کثافت ٽيسٽ وٺڻ گهرجي؟,bone density test ڪهڙي عمر ۾ ڪرائجي؟,auto_ok,genuine reword - needs native-speaker review
v2711,1355,مينوپاز ۽ مينوپاسل صحت,هڏن جي صحت ۽ اوستيوپورسس,هڏن جي هلڪي ڪمزوري ڇا آهي؟,هڏن جي هلڪي ڪمزوري (osteopenia) ڇا آهي؟,auto_ok,genuine reword - needs native-speaker review
v2712,1355,مينوپاز ۽ مينوپاسل صحت,هڏن جي صحت ۽ اوستيوپورسس,هڏن جي هلڪي ڪمزوري ڇا آهي؟,osteopenia جو مطلب ڪهڙو آهي؟,auto_ok,genuine reword - needs native-speaker review
v2713,1356,مينوپاز ۽ مينوپاسل صحت,هڏن جي صحت ۽ اوستيوپورسس,مينوپاز کان پوء اوستيوپورسس لاء خطرو عوامل ڇا آهن؟,مينوپاز کان پوءِ اوستيوپورسس جا خطري وارا عنصر ڪهڙا آهن؟,auto_ok,genuine reword - needs native-speaker review
v2714,1356,مينوپاز ۽ مينوپاسل صحت,هڏن جي صحت ۽ اوستيوپورسس,مينوپاز کان پوء اوستيوپورسس لاء خطرو عوامل ڇا آهن؟,menopause بعد osteoporosis جي خطري وارا سبب ڪهڙا آهن؟,auto_ok,genuine reword - needs native-speaker review
v2715,1357,مينوپاز ۽ مينوپاسل صحت,هڏن جي صحت ۽ اوستيوپورسس,ڇا وزن کڻڻ واري ورزش هڏن جي نقصان کي روڪڻ ۾ مدد ڪري سگھي ٿي؟,وزن کڻندڙ ورزش هڏن جي نقصان کي روڪي سگهي ٿي ڇا؟,auto_ok,genuine reword - needs native-speaker review
v2716,1357,مينوپاز ۽ مينوپاسل صحت,هڏن جي صحت ۽ اوستيوپورسس,ڇا وزن کڻڻ واري ورزش هڏن جي نقصان کي روڪڻ ۾ مدد ڪري سگھي ٿي؟,weight-bearing exercise سان bone loss کان بچاءُ ٿئي ٿو ڇا؟,auto_ok,genuine reword - needs native-speaker review
v2717,1358,مينوپاز ۽ مينوپاسل صحت,هڏن جي صحت ۽ اوستيوپورسس,پوسٽ مينوپاسل عورتن کي روزانو ڪيترو ڪلسيم جي ضرورت آهي؟,پوسٽ مينوپاسل عورتن کي روزانو ڪيترو ڪلسيم گهرجي؟,auto_ok,genuine reword - needs native-speaker review
v2718,1358,مينوپاز ۽ مينوپاسل صحت,هڏن جي صحت ۽ اوستيوپورسس,پوسٽ مينوپاسل عورتن کي روزانو ڪيترو ڪلسيم جي ضرورت آهي؟,menopause بعد عورتن لاءِ روزانو calcium جي صحيح مقدار ڪيتري آهي؟,auto_ok,genuine reword - needs native-speaker review
v2719,1359,مينوپاز ۽ مينوپاسل صحت,هڏن جي صحت ۽ اوستيوپورسس,پوسٽ مينوپاسال عورتن کي روزانو ڪيترو وٽامن ڊي جي ضرورت آهي؟,پوسٽ مينوپاسل عورتن کي روزانو ڪيترو ويتامين ڊي گهرجي؟,auto_ok,genuine reword - needs native-speaker review
v2720,1359,مينوپاز ۽ مينوپاسل صحت,هڏن جي صحت ۽ اوستيوپورسس,پوسٽ مينوپاسال عورتن کي روزانو ڪيترو وٽامن ڊي جي ضرورت آهي؟,menopause بعد عورتن لاءِ روزانو Vitamin D جي مقدار ڪيتري آهي؟,auto_ok,genuine reword - needs native-speaker review
v2721,1360,مينوپاز ۽ مينوپاسل صحت,هڏن جي صحت ۽ اوستيوپورسس,ڪھڙا کاڌو ڪلسيم جا سٺا ذريعا آھن؟,ڪهڙا کاڌا ڪلسيم جا سٺا ذريعا آهن؟,auto_ok,genuine reword - needs native-speaker review
v2722,1360,مينوپاز ۽ مينوپاسل صحت,هڏن جي صحت ۽ اوستيوپورسس,ڪھڙا کاڌو ڪلسيم جا سٺا ذريعا آھن؟,calcium ملڻ لاءِ ڪهڙيون شيون کائجن؟,auto_ok,genuine reword - needs native-speaker review
v2723,1361,مينوپاز ۽ مينوپاسل صحت,هڏن جي صحت ۽ اوستيوپورسس,ڪهڙيون غذائون وٽامن ڊي جا سٺا ذريعا آهن؟,ڪهڙيون غذائون ويتامين ڊي جا سٺا ذريعا آهن؟,auto_ok,genuine reword - needs native-speaker review
v2724,1361,مينوپاز ۽ مينوپاسل صحت,هڏن جي صحت ۽ اوستيوپورسس,ڪهڙيون غذائون وٽامن ڊي جا سٺا ذريعا آهن؟,Vitamin D ملڻ لاءِ ڪهڙيون شيون فائديمند آهن؟,auto_ok,genuine reword - needs native-speaker review
v2725,1362,مينوپاز ۽ مينوپاسل صحت,هڏن جي صحت ۽ اوستيوپورسس,ڇا سج جي روشني ويتامين ڊي جي سطح ۾ مدد ڪري سگهي ٿي؟,سج جي روشني ويتامين ڊي جي سطح ۾ مدد ڪري سگهي ٿي ڇا؟,auto_ok,genuine reword - needs native-speaker review
v2726,1362,مينوپاز ۽ مينوپاسل صحت,هڏن جي صحت ۽ اوستيوپورسس,ڇا سج جي روشني ويتامين ڊي جي سطح ۾ مدد ڪري سگهي ٿي؟,sunlight سان Vitamin D جي سطح بهتر ٿئي ٿي ڇا؟,auto_ok,genuine reword - needs native-speaker review
v2727,1363,مينوپاز ۽ مينوپاسل صحت,هڏن جي صحت ۽ اوستيوپورسس,ڇا سگريٽ نوشي اوستيوپورسس جو خطرو وڌائي ٿو؟,سگريٽ نوشي اوستيوپورسس جو خطرو وڌائي ٿي ڇا؟,auto_ok,genuine reword - needs native-speaker review
v2728,1363,مينوپاز ۽ مينوپاسل صحت,هڏن جي صحت ۽ اوستيوپورسس,ڇا سگريٽ نوشي اوستيوپورسس جو خطرو وڌائي ٿو؟,تماڪ نوشي osteoporosis جو چانس وڌائي ٿي ڇا؟,auto_ok,genuine reword - needs native-speaker review
v2729,1364,مينوپاز ۽ مينوپاسل صحت,هڏن جي صحت ۽ اوستيوپورسس,ڇا شراب جو استعمال هڏن جي کثافت کي متاثر ڪري ٿو؟,شراب جو استعمال هڏن جي کثافت تي اثر انداز ٿئي ٿو ڇا؟,auto_ok,genuine reword - needs native-speaker review
v2730,1364,مينوپاز ۽ مينوپاسل صحت,هڏن جي صحت ۽ اوستيوپورسس,ڇا شراب جو استعمال هڏن جي کثافت کي متاثر ڪري ٿو؟,الڪوحل bone density تي اثر وجهي ٿي ڇا؟,auto_ok,genuine reword - needs native-speaker review
v2731,1365,مينوپاز ۽ مينوپاسل صحت,هڏن جي صحت ۽ اوستيوپورسس,هڪ ڪمزوري ڀڃ ڇا آهي؟,ڪمزوري واري ڀڃ (fragility fracture) ڇا آهي؟,auto_ok,genuine reword - needs native-speaker review
v2732,1365,مينوپاز ۽ مينوپاسل صحت,هڏن جي صحت ۽ اوستيوپورسس,هڪ ڪمزوري ڀڃ ڇا آهي؟,fragility fracture جو مطلب ڪهڙو آهي؟,auto_ok,genuine reword - needs native-speaker review
v2733,1366,مينوپاز ۽ مينوپاسل صحت,هڏن جي صحت ۽ اوستيوپورسس,ڪهڙن هڏن کي عام طور تي اوستيوپورسس جي ڀڃڪڙي کان متاثر ٿيندو آهي؟,ڪهڙا هڏا عام طور اوستيوپورسس ۾ گھڻو ڀڃجن ٿا؟,auto_ok,genuine reword - needs native-speaker review
v2734,1366,مينوپاز ۽ مينوپاسل صحت,هڏن جي صحت ۽ اوستيوپورسس,ڪهڙن هڏن کي عام طور تي اوستيوپورسس جي ڀڃڪڙي کان متاثر ٿيندو آهي؟,osteoporosis ۾ ڪهڙا هڏا سڀ کان وڌيڪ ڀڄن ٿا؟,auto_ok,genuine reword - needs native-speaker review
v2735,1367,مينوپاز ۽ مينوپاسل صحت,هڏن جي صحت ۽ اوستيوپورسس,ڇا اوستيوپورسس کي روڪي سگهجي ٿو؟,اوستيوپورسس کي روڪي سگهجي ٿو ڇا؟,auto_ok,genuine reword - needs native-speaker review
v2736,1367,مينوپاز ۽ مينوپاسل صحت,هڏن جي صحت ۽ اوستيوپورسس,ڇا اوستيوپورسس کي روڪي سگهجي ٿو؟,osteoporosis کان بچاءُ ممڪن آهي ڇا؟,auto_ok,genuine reword - needs native-speaker review
v2737,1368,مينوپاز ۽ مينوپاسل صحت,هڏن جي صحت ۽ اوستيوپورسس,اوستيوپورسس جي علاج لاءِ ڪهڙيون دوائون استعمال ڪيون وينديون آهن؟,اوستيوپورسس جي علاج لاءِ ڪهڙيون دوائون استعمال ٿينديون آهن؟,auto_ok,genuine reword - needs native-speaker review
v2738,1368,مينوپاز ۽ مينوپاسل صحت,هڏن جي صحت ۽ اوستيوپورسس,اوستيوپورسس جي علاج لاءِ ڪهڙيون دوائون استعمال ڪيون وينديون آهن؟,osteoporosis جي treatment ۾ ڪهڙيون دوائون ڏنيون وينديون آهن؟,auto_ok,genuine reword - needs native-speaker review
v2739,1369,مينوپاز ۽ مينوپاسل صحت,هڏن جي صحت ۽ اوستيوپورسس,ڇا هارمون جو علاج هڏن جي کثافت کي بچائڻ ۾ مدد ڪري ٿو؟,هارمون جو علاج هڏن جي کثافت بچائڻ ۾ مدد ڪري ٿو ڇا؟,auto_ok,genuine reword - needs native-speaker review
v2740,1369,مينوپاز ۽ مينوپاسل صحت,هڏن جي صحت ۽ اوستيوپورسس,ڇا هارمون جو علاج هڏن جي کثافت کي بچائڻ ۾ مدد ڪري ٿو؟,HRT سان bone density محفوظ رهي ٿي ڇا؟,auto_ok,genuine reword - needs native-speaker review
v2741,1370,مينوپاز ۽ مينوپاسل صحت,هڏن جي صحت ۽ اوستيوپورسس,فريڪس اسڪور اوزار ڇا آهي؟,فريڪس اسڪور (FRAX score) ڇا آهي؟,auto_ok,genuine reword - needs native-speaker review
v2742,1370,مينوپاز ۽ مينوپاسل صحت,هڏن جي صحت ۽ اوستيوپورسس,فريڪس اسڪور اوزار ڇا آهي؟,FRAX tool جو مطلب ڪهڙو آهي؟,auto_ok,genuine reword - needs native-speaker review
v2743,1371,مينوپاز ۽ مينوپاسل صحت,هڏن جي صحت ۽ اوستيوپورسس,ڇا مزاحمتي تربيت هڏن جي طاقت کي بهتر بڻائي سگهي ٿي؟,مزاحمتي تربيت هڏن جي طاقت بهتر بڻائي سگهي ٿي ڇا؟,auto_ok,genuine reword - needs native-speaker review
v2744,1371,مينوپاز ۽ مينوپاسل صحت,هڏن جي صحت ۽ اوستيوپورسس,ڇا مزاحمتي تربيت هڏن جي طاقت کي بهتر بڻائي سگهي ٿي؟,resistance training سان هڏا مضبوط ٿين ٿا ڇا؟,auto_ok,genuine reword - needs native-speaker review
v2745,1372,مينوپاز ۽ مينوپاسل صحت,هڏن جي صحت ۽ اوستيوپورسس,ڇا هڏن جي صحت لاءِ کير جون شيون ضروري آهن؟,هڏن جي صحت لاءِ کير جون شيون ضروري آهن ڇا؟,auto_ok,genuine reword - needs native-speaker review
v2746,1372,مينوپاز ۽ مينوپاسل صحت,هڏن جي صحت ۽ اوستيوپورسس,ڇا هڏن جي صحت لاءِ کير جون شيون ضروري آهن؟,dairy کاڌي کان سواءِ به هڏن جي صحت رهي سگهي ٿي ڇا؟,auto_ok,genuine reword - needs native-speaker review
v2747,1373,مينوپاز ۽ مينوپاسل صحت,هڏن جي صحت ۽ اوستيوپورسس,ڇا ڪلسيم سپليمنٽس غذائي ڪيلشيم کي تبديل ڪري سگھن ٿا؟,ڪلسيم سپليمنٽس غذائي ڪلسيم جي جاءِ وٺي سگهن ٿا ڇا؟,auto_ok,genuine reword - needs native-speaker review
v2748,1373,مينوپاز ۽ مينوپاسل صحت,هڏن جي صحت ۽ اوستيوپورسس,ڇا ڪلسيم سپليمنٽس غذائي ڪيلشيم کي تبديل ڪري سگھن ٿا؟,calcium tablet کاڌي جي calcium جي بدل ٿي سگهي ٿي ڇا؟,auto_ok,genuine reword - needs native-speaker review
v2749,1374,مينوپاز ۽ مينوپاسل صحت,هڏن جي صحت ۽ اوستيوپورسس,ڪهڙي طرز زندگي جي تبديلين جي مدد ڪري ٿو هڏن جي صحت کي حيض کان پوء؟,ماهواري بند ٿيڻ بعد ڪهڙيون طرز زندگي جون تبديليون هڏن جي صحت ۾ مدد ڏين ٿيون؟,auto_ok,genuine reword - needs native-speaker review
v2750,1374,مينوپاز ۽ مينوپاسل صحت,هڏن جي صحت ۽ اوستيوپورسس,ڪهڙي طرز زندگي جي تبديلين جي مدد ڪري ٿو هڏن جي صحت کي حيض کان پوء؟,menopause بعد هڏن جي صحت لاءِ ڪهڙيون عادتون فائديمند آهن؟,auto_ok,genuine reword - needs native-speaker review
v2751,1375,مينوپاز ۽ مينوپاسل صحت,هڏن جي صحت ۽ اوستيوپورسس,ڇا گهٽ جسم جو وزن اوستيوپورسس جو خطرو وڌائي ٿو؟,گھٽ جسم جو وزن اوستيوپورسس جو خطرو وڌائي ٿو ڇا؟,auto_ok,genuine reword - needs native-speaker review
v2752,1375,مينوپاز ۽ مينوپاسل صحت,هڏن جي صحت ۽ اوستيوپورسس,ڇا گهٽ جسم جو وزن اوستيوپورسس جو خطرو وڌائي ٿو؟,پتلي جسم هجڻ سبب osteoporosis جو چانس وڌي ٿو ڇا؟,auto_ok,genuine reword - needs native-speaker review
v2753,1376,مينوپاز ۽ مينوپاسل صحت,هڏن جي صحت ۽ اوستيوپورسس,ڇا هڏن جي ڪمزوري علامتن کان سواء خاموش ٿي سگهي ٿو؟,هڏن جي ڪمزوري علامتن کان سواءِ خاموشيءَ سان ٿي سگهي ٿي ڇا؟,auto_ok,genuine reword - needs native-speaker review
v2754,1376,مينوپاز ۽ مينوپاسل صحت,هڏن جي صحت ۽ اوستيوپورسس,ڇا هڏن جي ڪمزوري علامتن کان سواء خاموش ٿي سگهي ٿو؟,osteoporosis بغير ڪنهن نشاني جي پيدا ٿي سگهي ٿي ڇا؟,auto_ok,genuine reword - needs native-speaker review
v2755,1377,مينوپاز ۽ مينوپاسل صحت,هڏن جي صحت ۽ اوستيوپورسس,هڏن جي کثافت کي ڪيترا ڀيرا ٻيهر جانچڻ گهرجي؟,هڏن جي کثافت ڪيترا ڀيرا ٻيهر جانچجي؟,auto_ok,genuine reword - needs native-speaker review
v2756,1377,مينوپاز ۽ مينوپاسل صحت,هڏن جي صحت ۽ اوستيوپورسس,هڏن جي کثافت کي ڪيترا ڀيرا ٻيهر جانچڻ گهرجي؟,bone density test ڪيتري وقفي تي ورجائجي؟,auto_ok,genuine reword - needs native-speaker review
v2757,1378,مينوپاز ۽ مينوپاسل صحت,هڏن جي صحت ۽ اوستيوپورسس,ڇا گهڻو ڪري ڪافين جو استعمال ڪلسيم جي جذب کي متاثر ڪري سگهي ٿو؟,گھڻي ڪافي استعمال ڪرڻ ڪلسيم جي جذب کي متاثر ڪري سگهي ٿي ڇا؟,auto_ok,genuine reword - needs native-speaker review
v2758,1378,مينوپاز ۽ مينوپاسل صحت,هڏن جي صحت ۽ اوستيوپورسس,ڇا گهڻو ڪري ڪافين جو استعمال ڪلسيم جي جذب کي متاثر ڪري سگهي ٿو؟,زياده caffeine سان calcium absorption گھٽجي ٿي ڇا؟,auto_ok,genuine reword - needs native-speaker review
v2759,1379,مينوپاز ۽ مينوپاسل صحت,هڏن جي صحت ۽ اوستيوپورسس,ڇا ويتامين ڪ هڏن جي صحت ۾ ڪردار ادا ڪري ٿو؟,ويتامين ڪي هڏن جي صحت ۾ ڪردار ادا ڪري ٿي ڇا؟,auto_ok,genuine reword - needs native-speaker review
v2760,1379,مينوپاز ۽ مينوپاسل صحت,هڏن جي صحت ۽ اوستيوپورسس,ڇا ويتامين ڪ هڏن جي صحت ۾ ڪردار ادا ڪري ٿو؟,Vitamin K هڏن لاءِ ڪيترو ضروري آهي؟,auto_ok,genuine reword - needs native-speaker review
v2761,1380,مينوپاز ۽ مينوپاسل صحت,مينوپاز-مخصوص غذائيت,ڪهڙيون غذائي تبديليون رينج جي علامات کي منظم ڪرڻ ۾ مدد ڪري سگھن ٿيون؟,ڪهڙيون غذائي تبديليون مينوپاز جون علامتون منظم ڪرڻ ۾ مدد ڪن ٿيون؟,auto_ok,genuine reword - needs native-speaker review
v2762,1380,مينوپاز ۽ مينوپاسل صحت,مينوپاز-مخصوص غذائيت,ڪهڙيون غذائي تبديليون رينج جي علامات کي منظم ڪرڻ ۾ مدد ڪري سگھن ٿيون؟,کاڌي ۾ ڪهڙيون تبديليون menopause symptoms کي ڪنٽرول ۾ رکن ٿيون؟,auto_ok,genuine reword - needs native-speaker review
v2763,1381,مينوپاز ۽ مينوپاسل صحت,مينوپاز-مخصوص غذائيت,ڇا فائيٽو ايسٽروجن مينوپاز جي علامن سان مدد ڪري سگھن ٿا؟,فائيٽو ايسٽروجن مينوپاز جي علامن سان مدد ڪن ٿا ڇا؟,auto_ok,genuine reword - needs native-speaker review
v2764,1381,مينوپاز ۽ مينوپاسل صحت,مينوپاز-مخصوص غذائيت,ڇا فائيٽو ايسٽروجن مينوپاز جي علامن سان مدد ڪري سگھن ٿا؟,phytoestrogens menopause symptoms ۾ فائديمند آهن ڇا؟,auto_ok,genuine reword - needs native-speaker review
v2765,1382,مينوپاز ۽ مينوپاسل صحت,مينوپاز-مخصوص غذائيت,ڪهڙن کاڌي ۾ فائيٽو ايسٽروجن شامل آهن؟,ڪهڙن کاڌن ۾ فائيٽو ايسٽروجن شامل آهن؟,auto_ok,genuine reword - needs native-speaker review
v2766,1382,مينوپاز ۽ مينوپاسل صحت,مينوپاز-مخصوص غذائيت,ڪهڙن کاڌي ۾ فائيٽو ايسٽروجن شامل آهن؟,phytoestrogens ڪهڙين شين ۾ ملن ٿا؟,auto_ok,genuine reword - needs native-speaker review
v2767,1383,مينوپاز ۽ مينوپاسل صحت,مينوپاز-مخصوص غذائيت,ڇا سويا رينج جي علامات کي متاثر ڪري ٿو؟,سويا مينوپاز جي علامن کي متاثر ڪري ٿو ڇا؟,auto_ok,genuine reword - needs native-speaker review
v2768,1383,مينوپاز ۽ مينوپاسل صحت,مينوپاز-مخصوص غذائيت,ڇا سويا رينج جي علامات کي متاثر ڪري ٿو؟,soy کائڻ سان menopause symptoms تي اثر پوي ٿو ڇا؟,auto_ok,genuine reword - needs native-speaker review
v2769,1384,مينوپاز ۽ مينوپاسل صحت,مينوپاز-مخصوص غذائيت,ڇا هڪ ميڊيٽرينين طرز جي غذا مردوپاسل عورتن کي فائدو ڏئي سگهي ٿي؟,ميڊيٽرينين طرز جي غذا مينوپاز واري عورتن کي فائدو ڏئي سگهي ٿي ڇا؟,auto_ok,genuine reword - needs native-speaker review
v2770,1384,مينوپاز ۽ مينوپاسل صحت,مينوپاز-مخصوص غذائيت,ڇا هڪ ميڊيٽرينين طرز جي غذا مردوپاسل عورتن کي فائدو ڏئي سگهي ٿي؟,Mediterranean diet menopause بعد عورتن لاءِ فائديمند آهي ڇا؟,auto_ok,genuine reword - needs native-speaker review
v2771,1385,مينوپاز ۽ مينوپاسل صحت,مينوپاز-مخصوص غذائيت,حيض واري عورتن کي ڪيترو پروٽين جي ضرورت آهي؟,مينوپاز واريون عورتون ڪيترو پروٽين وٺن؟,auto_ok,genuine reword - needs native-speaker review
v2772,1385,مينوپاز ۽ مينوپاسل صحت,مينوپاز-مخصوص غذائيت,حيض واري عورتن کي ڪيترو پروٽين جي ضرورت آهي؟,menopause بعد عورتن کي روزانو protein جي ڪيتري مقدار گهرجي؟,auto_ok,genuine reword - needs native-speaker review
v2773,1386,مينوپاز ۽ مينوپاسل صحت,مينوپاز-مخصوص غذائيت,حيض جي دوران پروٽين جو استعمال ڇو ضروري آهي؟,مينوپاز دوران پروٽين جو استعمال ڇو ضروري آهي؟,auto_ok,genuine reword - needs native-speaker review
v2774,1386,مينوپاز ۽ مينوپاسل صحت,مينوپاز-مخصوص غذائيت,حيض جي دوران پروٽين جو استعمال ڇو ضروري آهي؟,menopause ۾ protein وڌيڪ ڇو گهربل آهي؟,auto_ok,genuine reword - needs native-speaker review
v2775,1387,مينوپاز ۽ مينوپاسل صحت,مينوپاز-مخصوص غذائيت,ڇا مساليدار کاڌو گرم چمڪ کي خراب ڪري سگھن ٿا؟,مساليدار کاڌو گرم چمڪ کي خراب ڪري سگهي ٿو ڇا؟,auto_ok,genuine reword - needs native-speaker review
v2776,1387,مينوپاز ۽ مينوپاسل صحت,مينوپاز-مخصوص غذائيت,ڇا مساليدار کاڌو گرم چمڪ کي خراب ڪري سگھن ٿا؟,تکو کاڌو hot flash کي وڌائي سگهي ٿو ڇا؟,auto_ok,genuine reword - needs native-speaker review
v2777,1388,مينوپاز ۽ مينوپاسل صحت,مينوپاز-مخصوص غذائيت,ڇا مردن جي عورتن کي شامل ڪيل کنڊ کي محدود ڪرڻ گهرجي؟,مينوپاز واري عورتن کي شامل ڪيل کنڊ محدود ڪجي ڇا؟,auto_ok,genuine reword - needs native-speaker review
v2778,1388,مينوپاز ۽ مينوپاسل صحت,مينوپاز-مخصوص غذائيت,ڇا مردن جي عورتن کي شامل ڪيل کنڊ کي محدود ڪرڻ گهرجي؟,menopause بعد added sugar گھٽ کائجي ڇا؟,auto_ok,genuine reword - needs native-speaker review
v2779,1389,مينوپاز ۽ مينوپاسل صحت,مينوپاز-مخصوص غذائيت,ڇا رينج جي دوران فائبر جو استعمال مدد ڪري سگھي ٿو؟,مينوپاز دوران فائبر جو استعمال مدد ڪري سگهي ٿو ڇا؟,auto_ok,genuine reword - needs native-speaker review
v2780,1389,مينوپاز ۽ مينوپاسل صحت,مينوپاز-مخصوص غذائيت,ڇا رينج جي دوران فائبر جو استعمال مدد ڪري سگھي ٿو؟,fiber menopause symptoms ۾ فائديمند آهي ڇا؟,auto_ok,genuine reword - needs native-speaker review
v2781,1390,مينوپاز ۽ مينوپاسل صحت,مينوپاز-مخصوص غذائيت,ڇا هائيڊريشن رينج جي علامات کي متاثر ڪري ٿو؟,هائيڊريشن مينوپاز جي علامتن کي متاثر ڪري ٿي ڇا؟,auto_ok,genuine reword - needs native-speaker review
v2782,1390,مينوپاز ۽ مينوپاسل صحت,مينوپاز-مخصوص غذائيت,ڇا هائيڊريشن رينج جي علامات کي متاثر ڪري ٿو؟,پاڻي جو استعمال menopause symptoms تي اثر انداز ٿئي ٿو ڇا؟,auto_ok,genuine reword - needs native-speaker review
v2783,1391,مينوپاز ۽ مينوپاسل صحت,مينوپاز-مخصوص غذائيت,ڇا اوميگا-3 فائيٽي ايڊز رجونورتا جي علامن سان مدد ڪري سگھن ٿا؟,اوميگا-3 فائيٽي ايسڊز مينوپاز جي علامن سان مدد ڪن ٿا ڇا؟,auto_ok,genuine reword - needs native-speaker review
v2784,1391,مينوپاز ۽ مينوپاسل صحت,مينوپاز-مخصوص غذائيت,ڇا اوميگا-3 فائيٽي ايڊز رجونورتا جي علامن سان مدد ڪري سگھن ٿا؟,Omega-3 menopause symptoms ۾ فائدو ڏئي ٿي ڇا؟,auto_ok,genuine reword - needs native-speaker review
v2785,1392,مينوپاز ۽ مينوپاسل صحت,مينوپاز-مخصوص غذائيت,ڇا مردوپاسل عورتن کي ڪيفين جي مقدار کي محدود ڪرڻ گهرجي؟,مينوپاز واري عورتن کي ڪيفين محدود ڪجي ڇا؟,auto_ok,genuine reword - needs native-speaker review
v2786,1392,مينوپاز ۽ مينوپاسل صحت,مينوپاز-مخصوص غذائيت,ڇا مردوپاسل عورتن کي ڪيفين جي مقدار کي محدود ڪرڻ گهرجي؟,menopause بعد چانهه/ڪافي گھٽ کائجي ڇا؟,auto_ok,genuine reword - needs native-speaker review
v2787,1393,مينوپاز ۽ مينوپاسل صحت,مينوپاز-مخصوص غذائيت,ڇا مردوپاسل عورتن کي شراب جي استعمال کي محدود ڪرڻ گهرجي؟,مينوپاز واري عورتن کي شراب محدود ڪجي ڇا؟,auto_ok,genuine reword - needs native-speaker review
v2788,1393,مينوپاز ۽ مينوپاسل صحت,مينوپاز-مخصوص غذائيت,ڇا مردوپاسل عورتن کي شراب جي استعمال کي محدود ڪرڻ گهرجي؟,menopause بعد الڪوحل گھٽ استعمال ڪجي ڇا؟,auto_ok,genuine reword - needs native-speaker review
v2789,1394,مينوپاز ۽ مينوپاسل صحت,مينوپاز-مخصوص غذائيت,ڇا رينپوز غذائيت جي گھٽتائي جو خطرو وڌائي سگھي ٿو؟,مينوپاز غذائيت جي گھٽتائي جو خطرو وڌائي سگهي ٿي ڇا؟,auto_ok,genuine reword - needs native-speaker review
v2790,1394,مينوپاز ۽ مينوپاسل صحت,مينوپاز-مخصوص غذائيت,ڇا رينپوز غذائيت جي گھٽتائي جو خطرو وڌائي سگھي ٿو؟,menopause سبب nutrient deficiency جو خطرو وڌي ٿو ڇا؟,auto_ok,genuine reword - needs native-speaker review
v2791,1395,مينوپاز ۽ مينوپاسل صحت,مينوپاز-مخصوص غذائيت,مينوپاز کان پوءِ لوهه جو استعمال گهٽ ڇو ضروري آهي؟,مينوپاز کان پوءِ آئرنه جو استعمال گھٽ ڇو ضروري آهي؟,auto_ok,genuine reword - needs native-speaker review
v2792,1395,مينوپاز ۽ مينوپاسل صحت,مينوپاز-مخصوص غذائيت,مينوپاز کان پوءِ لوهه جو استعمال گهٽ ڇو ضروري آهي؟,menopause بعد iron جي ضرورت گھٽ ڇو ٿي وڃي ٿي؟,auto_ok,genuine reword - needs native-speaker review
v2793,1396,مينوپاز ۽ مينوپاسل صحت,مينوپاز-مخصوص غذائيت,ميگنيشيم ڇا ڪردار ادا ڪندو آهي مردن جي عورتن لاء؟,ميگنيشيم مينوپاز واري عورتن لاءِ ڇا ڪردار ادا ڪري ٿي؟,auto_ok,genuine reword - needs native-speaker review
v2794,1396,مينوپاز ۽ مينوپاسل صحت,مينوپاز-مخصوص غذائيت,ميگنيشيم ڇا ڪردار ادا ڪندو آهي مردن جي عورتن لاء؟,Magnesium menopause بعد عورتن لاءِ ڇا فائدو ڏئي ٿي؟,auto_ok,genuine reword - needs native-speaker review
v2795,1397,مينوپاز ۽ مينوپاسل صحت,مينوپاز-مخصوص غذائيت,ڇا هڪ اعلي سوڊيم غذا مردوپاسل عورتن جي صحت کي متاثر ڪري سگهي ٿي؟,اعلي سوڊيم واري غذا مينوپاز واري عورتن جي صحت کي متاثر ڪري ٿي ڇا؟,auto_ok,genuine reword - needs native-speaker review
v2796,1397,مينوپاز ۽ مينوپاسل صحت,مينوپاز-مخصوص غذائيت,ڇا هڪ اعلي سوڊيم غذا مردوپاسل عورتن جي صحت کي متاثر ڪري سگهي ٿي؟,زياده نمڪ menopause بعد عورتن جي صحت لاءِ نقصانڪار آهي ڇا؟,auto_ok,genuine reword - needs native-speaker review
v2797,1398,مينوپاز ۽ مينوپاسل صحت,مينوپاز-مخصوص غذائيت,حيض واريون عورتون غذا ذريعي وزن ڪيئن سنڀالي سگهن ٿيون؟,مينوپاز واريون عورتون غذا ذريعي وزن ڪيئن سنڀالي سگهن ٿيون؟,auto_ok,genuine reword - needs native-speaker review
v2798,1398,مينوپاز ۽ مينوپاسل صحت,مينوپاز-مخصوص غذائيت,حيض واريون عورتون غذا ذريعي وزن ڪيئن سنڀالي سگهن ٿيون؟,menopause بعد کاڌي پيتي ذريعي وزن ڪيئن ڪنٽرول ڪجي؟,auto_ok,genuine reword - needs native-speaker review
v2799,1399,مينوپاز ۽ مينوپاسل صحت,مينوپاز-مخصوص غذائيت,ڇا اهڙا کاڌو آهن جيڪي گرم چمڪ کي متحرڪ ڪن ٿا؟,ڪهڙا کاڌا گرم چمڪ کي متحرڪ ڪن ٿا؟,auto_ok,genuine reword - needs native-speaker review
v2800,1399,مينوپاز ۽ مينوپاسل صحت,مينوپاز-مخصوص غذائيت,ڇا اهڙا کاڌو آهن جيڪي گرم چمڪ کي متحرڪ ڪن ٿا؟,ڪهڙيون شيون کائڻ سان hot flash شروع ٿي سگهي ٿي؟,auto_ok,genuine reword - needs native-speaker review
v2801,1400,مينوپاز ۽ مينوپاسل صحت,مينوپاز-مخصوص غذائيت,ڇا ٻوٽي جي بنياد تي غذا رينج جي علامات ۾ مدد ڪري سگھي ٿي؟,ٻوٽي جي بنياد تي غذا مينوپاز جي علامتن ۾ مدد ڪري سگهي ٿي ڇا؟,auto_ok,genuine reword - needs native-speaker review
v2802,1400,مينوپاز ۽ مينوپاسل صحت,مينوپاز-مخصوص غذائيت,ڇا ٻوٽي جي بنياد تي غذا رينج جي علامات ۾ مدد ڪري سگھي ٿي؟,plant-based diet menopause symptoms ۾ فائدو ڏئي ٿي ڇا؟,auto_ok,genuine reword - needs native-speaker review
v2803,1401,مينوپاز ۽ مينوپاسل صحت,مينوپاز-مخصوص غذائيت,ڇا مينوپاز کي ڪلوري جي ضرورتن کي تبديل ڪري ٿو؟,مينوپاز ڪيلوري جي ضرورتن کي تبديل ڪري ٿي ڇا؟,auto_ok,genuine reword - needs native-speaker review
v2804,1401,مينوپاز ۽ مينوپاسل صحت,مينوپاز-مخصوص غذائيت,ڇا مينوپاز کي ڪلوري جي ضرورتن کي تبديل ڪري ٿو؟,menopause بعد calorie ضرورت بدلجي ٿي ڇا؟,auto_ok,genuine reword - needs native-speaker review
v2805,1402,مينوپاز ۽ مينوپاسل صحت,مينوپاز-مخصوص غذائيت,ڇا رجعت پسند عورتون ننڍڙن، بار بار کاڌي مان فائدو وٺي سگهن ٿيون؟,مينوپاز واريون عورتون ننڍا ننڍا بار بار کاڌا کائي فائدو وٺي سگهن ٿيون ڇا؟,auto_ok,genuine reword - needs native-speaker review
v2806,1402,مينوپاز ۽ مينوپاسل صحت,مينوپاز-مخصوص غذائيت,ڇا رجعت پسند عورتون ننڍڙن، بار بار کاڌي مان فائدو وٺي سگهن ٿيون؟,menopause بعد ننڍا meals گھڻي ڀيري کائڻ فائديمند آهي ڇا؟,auto_ok,genuine reword - needs native-speaker review
v2807,1403,مينوپاز ۽ مينوپاسل صحت,مينوپاز-مخصوص غذائيت,سڄو اناج رجونورتي غذائيت ۾ ڪهڙو ڪردار ادا ڪندو آهي؟,سڄو اناج مينوپاز واري غذائيت ۾ ڪهڙو ڪردار ادا ڪري ٿو؟,auto_ok,genuine reword - needs native-speaker review
v2808,1403,مينوپاز ۽ مينوپاسل صحت,مينوپاز-مخصوص غذائيت,سڄو اناج رجونورتي غذائيت ۾ ڪهڙو ڪردار ادا ڪندو آهي؟,whole grain menopause diet ۾ ڪيترو اهم آهي؟,auto_ok,genuine reword - needs native-speaker review
v2809,1404,مينوپاز ۽ مينوپاسل صحت,مينوپاز-مخصوص غذائيت,ڇا ويتامين بي 12 جي رجعت کان پوء تبديلي جي ضرورت آهي؟,مينوپاز کان پوءِ ويتامين بي12 جي ضرورت بدلجي ٿي ڇا؟,auto_ok,genuine reword - needs native-speaker review
v2810,1404,مينوپاز ۽ مينوپاسل صحت,مينوپاز-مخصوص غذائيت,ڇا ويتامين بي 12 جي رجعت کان پوء تبديلي جي ضرورت آهي؟,menopause بعد Vitamin B12 جي ضرورت ۾ فرق اچي ٿو ڇا؟,auto_ok,genuine reword - needs native-speaker review
v2811,1405,مينوپاز ۽ مينوپاسل صحت,مينوپاز-مخصوص غذائيت,ڇا رجعت پسند عورتن کي ملٽي ويٽامين وٺڻ گهرجي؟,مينوپاز واري عورتن کي ملٽي وٽامن کائجي ضروري آهي ڇا؟,auto_ok,genuine reword - needs native-speaker review
v2812,1405,مينوپاز ۽ مينوپاسل صحت,مينوپاز-مخصوص غذائيت,ڇا رجعت پسند عورتن کي ملٽي ويٽامين وٺڻ گهرجي؟,menopause بعد multivitamin کائڻ لازمي آهي ڇا؟,auto_ok,genuine reword - needs native-speaker review
v2813,1406,مينوپاز ۽ مينوپاسل صحت,مينوپاز-مخصوص غذائيت,ڇا وڌيڪ وزن وڌيڪ خراب ٿي سگھي ٿو رينج جي علامات؟,وڌيڪ وزن مينوپاز جي علامتن کي خراب ڪري سگهي ٿو ڇا؟,auto_ok,genuine reword - needs native-speaker review
v2814,1406,مينوپاز ۽ مينوپاسل صحت,مينوپاز-مخصوص غذائيت,ڇا وڌيڪ وزن وڌيڪ خراب ٿي سگھي ٿو رينج جي علامات؟,موٽاپو menopause symptoms کي وڌائي سگهي ٿو ڇا؟,auto_ok,genuine reword - needs native-speaker review
v2815,1407,مينوپاز ۽ مينوپاسل صحت,مينوپاز-مخصوص غذائيت,مينوپاز غذائيت ۾ صحتمند چربی جو ڪردار ڇا آهي؟,menopause diet ۾ healthy fats ڪيترا ضروري آهن؟,auto_ok,genuine reword - needs native-speaker review
v2816,1407,مينوپاز ۽ مينوپاسل صحت,مينوپاز-مخصوص غذائيت,مينوپاز غذائيت ۾ صحتمند چربی جو ڪردار ڇا آهي؟,menopause diet ۾ healthy fats ڪيترا ضروري آهن؟,auto_ok,genuine reword - needs native-speaker review
v2817,1408,مينوپاز ۽ مينوپاسل صحت,مينوپاز-مخصوص غذائيت,ڇا مردوپاسل عورتون غذا ذريعي دل جي خطري کي گھٽائي سگهن ٿيون؟,مينوپاز واريون عورتون غذا ذريعي دل جو خطرو گھٽائي سگهن ٿيون ڇا؟,auto_ok,genuine reword - needs native-speaker review
v2818,1408,مينوپاز ۽ مينوپاسل صحت,مينوپاز-مخصوص غذائيت,ڇا مردوپاسل عورتون غذا ذريعي دل جي خطري کي گھٽائي سگهن ٿيون؟,menopause بعد کاڌي پيتي سان دل جي بيماري کان بچاءُ ٿي سگهي ٿو ڇا؟,auto_ok,genuine reword - needs native-speaker review
v2819,1409,مينوپاز ۽ مينوپاسل صحت,مينوپاز-مخصوص غذائيت,ڇا پوسٽ مينوپاسال دل جي صحت لاءِ سفارش ڪيل مخصوص کائڻ جا نمونا آهن؟,پوسٽ مينوپاسل دل جي صحت لاءِ سفارش ڪيل خاص کائڻ جا نمونا آهن ڇا؟,auto_ok,genuine reword - needs native-speaker review
v2820,1409,مينوپاز ۽ مينوپاسل صحت,مينوپاز-مخصوص غذائيت,ڇا پوسٽ مينوپاسال دل جي صحت لاءِ سفارش ڪيل مخصوص کائڻ جا نمونا آهن؟,menopause بعد heart health لاءِ ڪا خاص diet سفارش ٿيل آهي ڇا؟,auto_ok,genuine reword - needs native-speaker review
v2821,1410,مينوپاز ۽ مينوپاسل صحت,علامات کي منظم ڪرڻ ۽ جڏهن سنڀال ڳولڻ لاء,هارمون متبادل علاج (هارمون ريپليسمينٽ ٿراپي) ڇا آهي؟,هارمون متبادل علاج (HRT) ڇا آهي؟,auto_ok,genuine reword - needs native-speaker review
v2822,1410,مينوپاز ۽ مينوپاسل صحت,علامات کي منظم ڪرڻ ۽ جڏهن سنڀال ڳولڻ لاء,هارمون متبادل علاج (هارمون ريپليسمينٽ ٿراپي) ڇا آهي؟,HRT جو مطلب ڪهڙو آهي؟,auto_ok,genuine reword - needs native-speaker review
v2823,1411,مينوپاز ۽ مينوپاسل صحت,علامات کي منظم ڪرڻ ۽ جڏهن سنڀال ڳولڻ لاء,هارمون ريپليسمينٽ ٿراپي جا فائدا ڇا آهن؟,HRT جا فائدا ڪهڙا آهن؟,auto_ok,genuine reword - needs native-speaker review
v2824,1411,مينوپاز ۽ مينوپاسل صحت,علامات کي منظم ڪرڻ ۽ جڏهن سنڀال ڳولڻ لاء,هارمون ريپليسمينٽ ٿراپي جا فائدا ڇا آهن؟,هارمون متبادل علاج جو ڪهڙو فائدو آهي؟,auto_ok,genuine reword - needs native-speaker review
v2825,1412,مينوپاز ۽ مينوپاسل صحت,علامات کي منظم ڪرڻ ۽ جڏهن سنڀال ڳولڻ لاء,هارمون ريپليسمينٽ ٿراپي جا خطرا ڇا آهن؟,HRT جا خطرا ڪهڙا آهن؟,auto_ok,genuine reword - needs native-speaker review
v2826,1412,مينوپاز ۽ مينوپاسل صحت,علامات کي منظم ڪرڻ ۽ جڏهن سنڀال ڳولڻ لاء,هارمون ريپليسمينٽ ٿراپي جا خطرا ڇا آهن؟,هارمون متبادل علاج جا نقصان ڪهڙا آهن؟,auto_ok,genuine reword - needs native-speaker review
v2827,1413,مينوپاز ۽ مينوپاسل صحت,علامات کي منظم ڪرڻ ۽ جڏهن سنڀال ڳولڻ لاء,ڪنهن کي هارمون ريپليسمينٽ ٿراپي کان بچڻ گهرجي؟,ڪنهن کي HRT کان بچجي؟,auto_ok,genuine reword - needs native-speaker review
v2828,1413,مينوپاز ۽ مينوپاسل صحت,علامات کي منظم ڪرڻ ۽ جڏهن سنڀال ڳولڻ لاء,ڪنهن کي هارمون ريپليسمينٽ ٿراپي کان بچڻ گهرجي؟,هارمون متبادل علاج ڪهڙين عورتن لاءِ مناسب ناهي؟,auto_ok,genuine reword - needs native-speaker review
v2829,1414,مينوپاز ۽ مينوپاسل صحت,علامات کي منظم ڪرڻ ۽ جڏهن سنڀال ڳولڻ لاء,هارمون ريپليسمينٽ ٿراپي جا ڪهڙا قسم موجود آهن؟,HRT جا ڪهڙا قسم موجود آهن؟,auto_ok,genuine reword - needs native-speaker review
v2830,1414,مينوپاز ۽ مينوپاسل صحت,علامات کي منظم ڪرڻ ۽ جڏهن سنڀال ڳولڻ لاء,هارمون ريپليسمينٽ ٿراپي جا ڪهڙا قسم موجود آهن؟,هارمون متبادل علاج جي مختلف قسمن ۾ ڇا فرق آهي؟,auto_ok,genuine reword - needs native-speaker review
v2831,1415,مينوپاز ۽ مينوپاسل صحت,علامات کي منظم ڪرڻ ۽ جڏهن سنڀال ڳولڻ لاء,سسٽماتي ۽ مقامي (اندام) ايسٽروجن تھراپي جي وچ ۾ ڇا فرق آھي؟,سسٽماتي ۽ مقامي (اندام) ايسٽروجن علاج ۾ ڇا فرق آهي؟,auto_ok,genuine reword - needs native-speaker review
v2832,1415,مينوپاز ۽ مينوپاسل صحت,علامات کي منظم ڪرڻ ۽ جڏهن سنڀال ڳولڻ لاء,سسٽماتي ۽ مقامي (اندام) ايسٽروجن تھراپي جي وچ ۾ ڇا فرق آھي؟,systemic ۽ local estrogen therapy ۾ ڪيئن فرق ڪجي؟,auto_ok,genuine reword - needs native-speaker review
v2833,1416,مينوپاز ۽ مينوپاسل صحت,علامات کي منظم ڪرڻ ۽ جڏهن سنڀال ڳولڻ لاء,ڪيترو وقت تائين هارمون ريپليسمينٽ ٿراپي استعمال ڪري سگهجي ٿو؟,ڪيترو وقت تائين HRT استعمال ڪري سگهجي ٿي؟,auto_ok,genuine reword - needs native-speaker review
v2834,1416,مينوپاز ۽ مينوپاسل صحت,علامات کي منظم ڪرڻ ۽ جڏهن سنڀال ڳولڻ لاء,ڪيترو وقت تائين هارمون ريپليسمينٽ ٿراپي استعمال ڪري سگهجي ٿو؟,هارمون متبادل علاج ڪيترن سالن تائين وٺي سگهجي ٿو؟,auto_ok,genuine reword - needs native-speaker review
v2835,1417,مينوپاز ۽ مينوپاسل صحت,علامات کي منظم ڪرڻ ۽ جڏهن سنڀال ڳولڻ لاء,گرم چمڪ لاءِ ڪهڙا غير هارمونل علاج موجود آهن؟,hot flash لاءِ hormone کان سواءِ ٻيا ڪهڙا علاج ٿين ٿا؟,auto_ok,genuine reword - needs native-speaker review
v2836,1417,مينوپاز ۽ مينوپاسل صحت,علامات کي منظم ڪرڻ ۽ جڏهن سنڀال ڳولڻ لاء,گرم چمڪ لاءِ ڪهڙا غير هارمونل علاج موجود آهن؟,hot flash لاءِ hormone کان سواءِ ٻيا ڪهڙا علاج ٿين ٿا؟,auto_ok,genuine reword - needs native-speaker review
v2837,1418,مينوپاز ۽ مينوپاسل صحت,علامات کي منظم ڪرڻ ۽ جڏهن سنڀال ڳولڻ لاء,ڇا سنجيدگي واري رويي جي علاج سان مدد ڪري سگھي ٿي رينج جي علامات سان؟,سنجيدگي واري رويي جو علاج مينوپاز جي علامتن ۾ مدد ڪري سگهي ٿو ڇا؟,auto_ok,genuine reword - needs native-speaker review
v2838,1418,مينوپاز ۽ مينوپاسل صحت,علامات کي منظم ڪرڻ ۽ جڏهن سنڀال ڳولڻ لاء,ڇا سنجيدگي واري رويي جي علاج سان مدد ڪري سگھي ٿي رينج جي علامات سان؟,CBT سان menopause symptoms ۾ فائدو ٿئي ٿو ڇا؟,auto_ok,genuine reword - needs native-speaker review
v2839,1419,مينوپاز ۽ مينوپاسل صحت,علامات کي منظم ڪرڻ ۽ جڏهن سنڀال ڳولڻ لاء,ڇا طرز زندگي جي تبديلين کي گرم فليش جي تعدد کي گھٽائي سگھي ٿو؟,طرز زندگي جون تبديليون گرم چمڪ جو تعدد گھٽائي سگهن ٿيون ڇا؟,auto_ok,genuine reword - needs native-speaker review
v2840,1419,مينوپاز ۽ مينوپاسل صحت,علامات کي منظم ڪرڻ ۽ جڏهن سنڀال ڳولڻ لاء,ڇا طرز زندگي جي تبديلين کي گرم فليش جي تعدد کي گھٽائي سگھي ٿو؟,lifestyle change سان hot flash گھٽ ٿي سگهي ٿي ڇا؟,auto_ok,genuine reword - needs native-speaker review
v2841,1420,مينوپاز ۽ مينوپاسل صحت,علامات کي منظم ڪرڻ ۽ جڏهن سنڀال ڳولڻ لاء,ڪهڙا اوور-دي-ڪائونٽر آپشن شايد مدد ڪري سگھن ٿا نرم رجونورتي علامات؟,ڪهڙا دڪان جا شيون هلڪي مينوپاز جي علامتن ۾ مدد ڏئي سگهن ٿا؟,auto_ok,genuine reword - needs native-speaker review
v2842,1420,مينوپاز ۽ مينوپاسل صحت,علامات کي منظم ڪرڻ ۽ جڏهن سنڀال ڳولڻ لاء,ڪهڙا اوور-دي-ڪائونٽر آپشن شايد مدد ڪري سگھن ٿا نرم رجونورتي علامات؟,over-the-counter آپشن menopause symptoms ۾ ڪم اچن ٿا ڇا؟,auto_ok,genuine reword - needs native-speaker review
v2843,1421,مينوپاز ۽ مينوپاسل صحت,علامات کي منظم ڪرڻ ۽ جڏهن سنڀال ڳولڻ لاء,ڇا ويجنل موئسچرائيزر سڪي وڃڻ ۾ مدد ڪري سگھن ٿا؟,ويجنل موئسچرائيزر خشڪي ۾ مدد ڪري سگهن ٿا ڇا؟,auto_ok,genuine reword - needs native-speaker review
v2844,1421,مينوپاز ۽ مينوپاسل صحت,علامات کي منظم ڪرڻ ۽ جڏهن سنڀال ڳولڻ لاء,ڇا ويجنل موئسچرائيزر سڪي وڃڻ ۾ مدد ڪري سگھن ٿا؟,vaginal moisturizer سان dryness ۾ آرام ملي ٿو ڇا؟,auto_ok,genuine reword - needs native-speaker review
v2845,1422,مينوپاز ۽ مينوپاسل صحت,علامات کي منظم ڪرڻ ۽ جڏهن سنڀال ڳولڻ لاء,ڇا وينجن لئبريڪٽس جماع جي تڪليف ۾ مدد ڪري سگھن ٿا؟,ويجنل لبريڪينٽ جماع جي تڪليف ۾ مدد ڪن ٿا ڇا؟,auto_ok,genuine reword - needs native-speaker review
v2846,1422,مينوپاز ۽ مينوپاسل صحت,علامات کي منظم ڪرڻ ۽ جڏهن سنڀال ڳولڻ لاء,ڇا وينجن لئبريڪٽس جماع جي تڪليف ۾ مدد ڪري سگھن ٿا؟,lubricant سان intercourse جي تڪليف گھٽجي ٿي ڇا؟,auto_ok,genuine reword - needs native-speaker review
v2847,1423,مينوپاز ۽ مينوپاسل صحت,علامات کي منظم ڪرڻ ۽ جڏهن سنڀال ڳولڻ لاء,جڏهن هڪ عورت کي رينج جي علامات بابت ڊاڪٽر کي ڏسڻ گهرجي؟,مينوپاز جي علامتن بابت ڊاڪٽر کي ڪڏهن ڏسائجي؟,auto_ok,genuine reword - needs native-speaker review
v2848,1423,مينوپاز ۽ مينوپاسل صحت,علامات کي منظم ڪرڻ ۽ جڏهن سنڀال ڳولڻ لاء,جڏهن هڪ عورت کي رينج جي علامات بابت ڊاڪٽر کي ڏسڻ گهرجي؟,menopause symptoms جي حالت ۾ ڪهڙي وقت طبيب کي ملجي؟,auto_ok,genuine reword - needs native-speaker review
v2849,1424,مينوپاز ۽ مينوپاسل صحت,علامات کي منظم ڪرڻ ۽ جڏهن سنڀال ڳولڻ لاء,حيض جي دوران ڪهڙيون علامتون فوري طبي ڌيان جي ضرورت آهي؟,مينوپاز دوران ڪهڙيون علامتون فوري طبي ڌيان گھرن ٿيون؟,auto_ok,genuine reword - needs native-speaker review
v2850,1424,مينوپاز ۽ مينوپاسل صحت,علامات کي منظم ڪرڻ ۽ جڏهن سنڀال ڳولڻ لاء,حيض جي دوران ڪهڙيون علامتون فوري طبي ڌيان جي ضرورت آهي؟,menopause ۾ ڪهڙيون نشانيون فوري ڊاڪٽر گھرن ٿيون؟,auto_ok,genuine reword - needs native-speaker review
v2851,1425,مينوپاز ۽ مينوپاسل صحت,علامات کي منظم ڪرڻ ۽ جڏهن سنڀال ڳولڻ لاء,ڇا ڊپريشن جون دوائون گرم چمڪ کي منظم ڪرڻ ۾ مدد ڪري سگھن ٿا؟,ڊپريشن جون دوائون گرم چمڪ منظم ڪرڻ ۾ مدد ڪن ٿيون ڇا؟,auto_ok,genuine reword - needs native-speaker review
v2852,1425,مينوپاز ۽ مينوپاسل صحت,علامات کي منظم ڪرڻ ۽ جڏهن سنڀال ڳولڻ لاء,ڇا ڊپريشن جون دوائون گرم چمڪ کي منظم ڪرڻ ۾ مدد ڪري سگھن ٿا؟,antidepressants سان hot flash ڪنٽرول ٿي سگهي ٿي ڇا؟,auto_ok,genuine reword - needs native-speaker review
v2853,1426,مينوپاز ۽ مينوپاسل صحت,علامات کي منظم ڪرڻ ۽ جڏهن سنڀال ڳولڻ لاء,حيض جي دوران هڪ زناني ماهر جو ڪردار ڇا آهي؟,مينوپاز دوران زناني ماهر (گائناڪالاجسٽ) جو ڪردار ڇا آهي؟,auto_ok,genuine reword - needs native-speaker review
v2854,1426,مينوپاز ۽ مينوپاسل صحت,علامات کي منظم ڪرڻ ۽ جڏهن سنڀال ڳولڻ لاء,حيض جي دوران هڪ زناني ماهر جو ڪردار ڇا آهي؟,menopause ۾ gynecologist ڇا مدد ڪري ٿو؟,auto_ok,genuine reword - needs native-speaker review
v2855,1427,مينوپاز ۽ مينوپاسل صحت,علامات کي منظم ڪرڻ ۽ جڏهن سنڀال ڳولڻ لاء,ڇا ورزش رينج جي علامات کي گھٽائي سگھي ٿي؟,ورزش مينوپاز جي علامتن کي گھٽائي سگهي ٿي ڇا؟,auto_ok,genuine reword - needs native-speaker review
v2856,1427,مينوپاز ۽ مينوپاسل صحت,علامات کي منظم ڪرڻ ۽ جڏهن سنڀال ڳولڻ لاء,ڇا ورزش رينج جي علامات کي گھٽائي سگھي ٿي؟,کسرت سان menopause symptoms گھٽ ٿي سگهن ٿا ڇا؟,auto_ok,genuine reword - needs native-speaker review
v2857,1428,مينوپاز ۽ مينوپاسل صحت,علامات کي منظم ڪرڻ ۽ جڏهن سنڀال ڳولڻ لاء,ننڊ جي صفائي ڪيئن مدد ڪري سگهي ٿي مينوپاز سان لاڳاپيل اندرا سان؟,ننڊ جي صفائي مينوپاز واري بي خوابي ۾ ڪيئن مدد ڪري سگهي ٿي؟,auto_ok,genuine reword - needs native-speaker review
v2858,1428,مينوپاز ۽ مينوپاسل صحت,علامات کي منظم ڪرڻ ۽ جڏهن سنڀال ڳولڻ لاء,ننڊ جي صفائي ڪيئن مدد ڪري سگهي ٿي مينوپاز سان لاڳاپيل اندرا سان؟,sleep hygiene سان menopause جي insomnia ۾ مدد ملي ٿي ڇا؟,auto_ok,genuine reword - needs native-speaker review
v2859,1429,مينوپاز ۽ مينوپاسل صحت,علامات کي منظم ڪرڻ ۽ جڏهن سنڀال ڳولڻ لاء,ڇا آرام واري ٽيڪنڪ گرم چمڪ ۾ مدد ڪري سگھن ٿيون؟,آرام واريون ٽيڪنڪون گرم چمڪ ۾ مدد ڪن ٿيون ڇا؟,auto_ok,genuine reword - needs native-speaker review
v2860,1429,مينوپاز ۽ مينوپاسل صحت,علامات کي منظم ڪرڻ ۽ جڏهن سنڀال ڳولڻ لاء,ڇا آرام واري ٽيڪنڪ گرم چمڪ ۾ مدد ڪري سگھن ٿيون؟,relaxation techniques سان hot flash گھٽ ٿي سگهي ٿي ڇا؟,auto_ok,genuine reword - needs native-speaker review
v2861,1430,مينوپاز ۽ مينوپاسل صحت,علامات کي منظم ڪرڻ ۽ جڏهن سنڀال ڳولڻ لاء,عورت کي ڇا ڪرڻ گهرجي جيڪڏهن گرم چمڪون سختي سان روزاني زندگي کي متاثر ڪن؟,گرم چمڪون سختي سان روزاني زندگي کي متاثر ڪن ته ڇا ڪجي؟,auto_ok,genuine reword - needs native-speaker review
v2862,1430,مينوپاز ۽ مينوپاسل صحت,علامات کي منظم ڪرڻ ۽ جڏهن سنڀال ڳولڻ لاء,عورت کي ڇا ڪرڻ گهرجي جيڪڏهن گرم چمڪون سختي سان روزاني زندگي کي متاثر ڪن؟,hot flash ايترو وڌي وڃي جو زندگي ڏکي ٿي وڃي، ان وقت ڇا ڪجي؟,auto_ok,genuine reword - needs native-speaker review
v2863,1431,مينوپاز ۽ مينوپاسل صحت,علامات کي منظم ڪرڻ ۽ جڏهن سنڀال ڳولڻ لاء,ڇا وزن گھٽائڻ گرم فليش جي شدت کي گھٽائي سگھي ٿو؟,وزن گھٽائڻ گرم چمڪ جي شدت گھٽائي سگهي ٿو ڇا؟,auto_ok,genuine reword - needs native-speaker review
v2864,1431,مينوپاز ۽ مينوپاسل صحت,علامات کي منظم ڪرڻ ۽ جڏهن سنڀال ڳولڻ لاء,ڇا وزن گھٽائڻ گرم فليش جي شدت کي گھٽائي سگھي ٿو؟,وزن گھٽجڻ سان hot flash هلڪي ٿي سگهي ٿي ڇا؟,auto_ok,genuine reword - needs native-speaker review
v2865,1432,مينوپاز ۽ مينوپاسل صحت,علامات کي منظم ڪرڻ ۽ جڏهن سنڀال ڳولڻ لاء,ڇا اهو ضروري آهي ته هر رجعت جي علامن کي علاج ڪرڻ لاء؟,هر مينوپاز واري علامت جو علاج ڪرڻ ضروري آهي ڇا؟,auto_ok,genuine reword - needs native-speaker review
v2866,1432,مينوپاز ۽ مينوپاسل صحت,علامات کي منظم ڪرڻ ۽ جڏهن سنڀال ڳولڻ لاء,ڇا اهو ضروري آهي ته هر رجعت جي علامن کي علاج ڪرڻ لاء؟,هر menopause symptom جو علاج لازمي آهي ڇا؟,auto_ok,genuine reword - needs native-speaker review
v2867,1433,مينوپاز ۽ مينوپاسل صحت,علامات کي منظم ڪرڻ ۽ جڏهن سنڀال ڳولڻ لاء,ڇا سوال هڪ عورت کي پنهنجي ڊاڪٽر کان رجعت جي باري ۾ پڇڻ گهرجي؟,عورت کي پنهنجي ڊاڪٽر کان مينوپاز بابت ڪهڙا سوال پڇجن؟,auto_ok,genuine reword - needs native-speaker review
v2868,1433,مينوپاز ۽ مينوپاسل صحت,علامات کي منظم ڪرڻ ۽ جڏهن سنڀال ڳولڻ لاء,ڇا سوال هڪ عورت کي پنهنجي ڊاڪٽر کان رجعت جي باري ۾ پڇڻ گهرجي؟,menopause بابت ڊاڪٽر کان ڪهڙيون ڳالهيون معلوم ڪجن؟,auto_ok,genuine reword - needs native-speaker review
v2869,1434,مينوپاز ۽ مينوپاسل صحت,علامات کي منظم ڪرڻ ۽ جڏهن سنڀال ڳولڻ لاء,ڇا ضمني علاج جهڙوڪ ايڪوپنڪچر رينج جي علامات ۾ مدد ڪري سگھن ٿا؟,اڪوپنڪچر جهڙا ضمني علاج مينوپاز جي علامتن ۾ مدد ڪن ٿا ڇا؟,auto_ok,genuine reword - needs native-speaker review
v2870,1434,مينوپاز ۽ مينوپاسل صحت,علامات کي منظم ڪرڻ ۽ جڏهن سنڀال ڳولڻ لاء,ڇا ضمني علاج جهڙوڪ ايڪوپنڪچر رينج جي علامات ۾ مدد ڪري سگھن ٿا؟,acupuncture سان menopause symptoms ۾ ڪو فائدو ٿئي ٿو ڇا؟,auto_ok,genuine reword - needs native-speaker review
v2871,1435,مينوپاز ۽ مينوپاسل صحت,علامات کي منظم ڪرڻ ۽ جڏهن سنڀال ڳولڻ لاء,ڇا هيبل سپليمنٽ استعمال ٿيڻ گهرجي رجونورتي علامات لاء؟,مينوپاز جي علامتن لاءِ جڙي ٻوٽين وارا سپليمنٽ استعمال ڪجن ڇا؟,auto_ok,genuine reword - needs native-speaker review
v2872,1435,مينوپاز ۽ مينوپاسل صحت,علامات کي منظم ڪرڻ ۽ جڏهن سنڀال ڳولڻ لاء,ڇا هيبل سپليمنٽ استعمال ٿيڻ گهرجي رجونورتي علامات لاء؟,herbal supplements menopause symptoms لاءِ استعمال ڪري سگهجن ٿا ڇا؟,auto_ok,genuine reword - needs native-speaker review
v2873,1436,مينوپاز ۽ مينوپاسل صحت,علامات کي منظم ڪرڻ ۽ جڏهن سنڀال ڳولڻ لاء,ڇا ڪارو ڪوهوش سپليمنٽس گرم چمڪ لاءِ اثرائتو آهن؟,ڪارو ڪوهوش (black cohosh) سپليمنٽس گرم چمڪ لاءِ اثرائتا آهن ڇا؟,auto_ok,genuine reword - needs native-speaker review
v2874,1436,مينوپاز ۽ مينوپاسل صحت,علامات کي منظم ڪرڻ ۽ جڏهن سنڀال ڳولڻ لاء,ڇا ڪارو ڪوهوش سپليمنٽس گرم چمڪ لاءِ اثرائتو آهن؟,black cohosh hot flash ۾ ڪم اچي ٿي ڇا؟,auto_ok,genuine reword - needs native-speaker review
v2875,1437,مينوپاز ۽ مينوپاسل صحت,علامات کي منظم ڪرڻ ۽ جڏهن سنڀال ڳولڻ لاء,جڏهن اوچتو سينه درد کي رجونورتي دوران ايمرجنسي طور علاج ڪيو وڃي؟,مينوپاز دوران اوچتو سيني جو درد ڪيتري جلدي علاج گهري ٿو؟,auto_ok,genuine reword - needs native-speaker review
v2876,1437,مينوپاز ۽ مينوپاسل صحت,علامات کي منظم ڪرڻ ۽ جڏهن سنڀال ڳولڻ لاء,جڏهن اوچتو سينه درد کي رجونورتي دوران ايمرجنسي طور علاج ڪيو وڃي؟,menopause ۾ اچانڪ چهرن (chest) جو درد ايمرجنسي طور ڏسائجي ڇا؟,auto_ok,genuine reword - needs native-speaker review
v2877,1438,مينوپاز ۽ مينوپاسل صحت,علامات کي منظم ڪرڻ ۽ جڏهن سنڀال ڳولڻ لاء,جڏهن سخت يا غير معمولي خونريزي کي فوري طور تي جائزو وٺڻ گهرجي؟,سخت يا غير معمولي خونريزي ڪيتري جلدي جانچجي؟,auto_ok,genuine reword - needs native-speaker review
v2878,1438,مينوپاز ۽ مينوپاسل صحت,علامات کي منظم ڪرڻ ۽ جڏهن سنڀال ڳولڻ لاء,جڏهن سخت يا غير معمولي خونريزي کي فوري طور تي جائزو وٺڻ گهرجي؟,abnormal bleeding فوري چيڪ ٿيڻ گهرجي ڪيتري وقت اندر؟,auto_ok,genuine reword - needs native-speaker review
v2879,1439,مينوپاز ۽ مينوپاسل صحت,علامات کي منظم ڪرڻ ۽ جڏهن سنڀال ڳولڻ لاء,جڏهن حيض جي دوران بي هوشي کي طبي طور تي جائزو وٺڻ گهرجي؟,مينوپاز دوران بيهوشي طبي طور تي ڪڏهن جانچجي؟,auto_ok,genuine reword - needs native-speaker review
v2880,1439,مينوپاز ۽ مينوپاسل صحت,علامات کي منظم ڪرڻ ۽ جڏهن سنڀال ڳولڻ لاء,جڏهن حيض جي دوران بي هوشي کي طبي طور تي جائزو وٺڻ گهرجي؟,menopause ۾ بيهوش ٿي وڃڻ کي فوري ڏسائجي ڇا؟,auto_ok,genuine reword - needs native-speaker review
v2881,1440,مينوپاز ۽ مينوپاسل صحت,علامات کي منظم ڪرڻ ۽ جڏهن سنڀال ڳولڻ لاء,جڏهن اوچتو سخت سر درد يا نيورولوجي علامات جو جائزو وٺڻ گهرجي؟,اوچتو سخت سردرد يا نيورولوجي علامتون ڪڏهن جانچجن؟,auto_ok,genuine reword - needs native-speaker review
v2882,1440,مينوپاز ۽ مينوپاسل صحت,علامات کي منظم ڪرڻ ۽ جڏهن سنڀال ڳولڻ لاء,جڏهن اوچتو سخت سر درد يا نيورولوجي علامات جو جائزو وٺڻ گهرجي؟,اوچتو تيز سردرد يا عجيب احساس ٿئي ته ڪيتري جلدي ڊاڪٽر وٽ وڃجي؟,auto_ok,genuine reword - needs native-speaker review
v2883,1441,مينوپاز ۽ مينوپاسل صحت,علامات کي منظم ڪرڻ ۽ جڏهن سنڀال ڳولڻ لاء,جڏهن سانس وٺڻ ۾ مشڪل کي ايمرجنسي طور علاج ڪيو وڃي؟,ساهه کڻڻ ۾ مشڪل ايمرجنسي طور ڪيتري جلدي علاج گهري ٿي؟,auto_ok,genuine reword - needs native-speaker review
v2884,1441,مينوپاز ۽ مينوپاسل صحت,علامات کي منظم ڪرڻ ۽ جڏهن سنڀال ڳولڻ لاء,جڏهن سانس وٺڻ ۾ مشڪل کي ايمرجنسي طور علاج ڪيو وڃي؟,ساهه ڦُلجڻ واري حالت فوري طبي مدد گهري ٿي ڇا؟,auto_ok,genuine reword - needs native-speaker review
v2885,1442,مينوپاز ۽ مينوپاسل صحت,علامات کي منظم ڪرڻ ۽ جڏهن سنڀال ڳولڻ لاء,ڇا پيڙوءَ فلور جون مشقون رجونورد سان لاڳاپيل مثاني جي علامن ۾ مدد ڪري سگھن ٿيون؟,پيڙوءَ فلور جون مشقون مثاني جي مسئلن ۾ مدد ڪن ٿيون ڇا؟,auto_ok,genuine reword - needs native-speaker review
v2886,1442,مينوپاز ۽ مينوپاسل صحت,علامات کي منظم ڪرڻ ۽ جڏهن سنڀال ڳولڻ لاء,ڇا پيڙوءَ فلور جون مشقون رجونورد سان لاڳاپيل مثاني جي علامن ۾ مدد ڪري سگھن ٿيون؟,pelvic floor exercises سان bladder جو مسئلو گھٽ ٿئي ٿو ڇا؟,auto_ok,genuine reword - needs native-speaker review
v2887,1443,مينوپاز ۽ مينوپاسل صحت,علامات کي منظم ڪرڻ ۽ جڏهن سنڀال ڳولڻ لاء,مينوپاز جي جينيٽورينري سنڊروم لاءِ ڪهڙا علاج موجود آهن؟,مينوپاز جي GSM لاءِ ڪهڙا علاج موجود آهن؟,auto_ok,genuine reword - needs native-speaker review
v2888,1443,مينوپاز ۽ مينوپاسل صحت,علامات کي منظم ڪرڻ ۽ جڏهن سنڀال ڳولڻ لاء,مينوپاز جي جينيٽورينري سنڊروم لاءِ ڪهڙا علاج موجود آهن؟,genitourinary syndrome جو علاج ڪيئن ٿئي ٿو؟,auto_ok,genuine reword - needs native-speaker review
v2889,1444,مينوپاز ۽ مينوپاسل صحت,علامات کي منظم ڪرڻ ۽ جڏهن سنڀال ڳولڻ لاء,ڇا هڪ عورت هارمون ريپليسمينٽ ٿراپي شروع ڪرڻ شروع ڪري سگھي ٿو سالن کان پوء رينج شروع ٿي؟,سالن کان پوءِ رينج شروع ٿئي، تڏهن به HRT شروع ڪري سگهجي ٿي ڇا؟,auto_ok,genuine reword - needs native-speaker review
v2890,1444,مينوپاز ۽ مينوپاسل صحت,علامات کي منظم ڪرڻ ۽ جڏهن سنڀال ڳولڻ لاء,ڇا هڪ عورت هارمون ريپليسمينٽ ٿراپي شروع ڪرڻ شروع ڪري سگھي ٿو سالن کان پوء رينج شروع ٿي؟,menopause جي ڪيترن سالن بعد به HRT شروع ڪري سگهجي ٿي ڇا؟,auto_ok,genuine reword - needs native-speaker review
v2891,1445,مينوپاز ۽ مينوپاسل صحت,علامات کي منظم ڪرڻ ۽ جڏهن سنڀال ڳولڻ لاء,هارمون ريپليسمينٽ ٿراپي تي ڪهڙي نگراني جي ضرورت آهي؟,HRT تي ڪهڙي نگراني جي ضرورت آهي؟,auto_ok,genuine reword - needs native-speaker review
v2892,1445,مينوپاز ۽ مينوپاسل صحت,علامات کي منظم ڪرڻ ۽ جڏهن سنڀال ڳولڻ لاء,هارمون ريپليسمينٽ ٿراپي تي ڪهڙي نگراني جي ضرورت آهي؟,هارمون متبادل علاج دوران ڪهڙا چيڪ اپ ضروري آهن؟,auto_ok,genuine reword - needs native-speaker review
v2893,1446,مينوپاز ۽ مينوپاسل صحت,علامات کي منظم ڪرڻ ۽ جڏهن سنڀال ڳولڻ لاء,ڇا هارمون ريپليسمينٽ ٿراپي کي اوچتو روڪي سگهجي ٿو؟,HRT کي اوچتو روڪي سگهجي ٿو ڇا؟,auto_ok,genuine reword - needs native-speaker review
v2894,1446,مينوپاز ۽ مينوپاسل صحت,علامات کي منظم ڪرڻ ۽ جڏهن سنڀال ڳولڻ لاء,ڇا هارمون ريپليسمينٽ ٿراپي کي اوچتو روڪي سگهجي ٿو؟,هارمون متبادل علاج هڪدم بند ڪري سگهجي ٿي ڇا؟,auto_ok,genuine reword - needs native-speaker review
v2895,1447,مينوپاز ۽ مينوپاسل صحت,علامات کي منظم ڪرڻ ۽ جڏهن سنڀال ڳولڻ لاء,ڪهڙيون طرز زندگي جون عادتون مينوپاز دوران بهتر ننڊ جي حمايت ڪن ٿيون؟,ڪهڙيون طرز زندگي عادتون مينوپاز دوران بهتر ننڊ ۾ مدد ڪن ٿيون؟,auto_ok,genuine reword - needs native-speaker review
v2896,1447,مينوپاز ۽ مينوپاسل صحت,علامات کي منظم ڪرڻ ۽ جڏهن سنڀال ڳولڻ لاء,ڪهڙيون طرز زندگي جون عادتون مينوپاز دوران بهتر ننڊ جي حمايت ڪن ٿيون؟,menopause ۾ ننڊ بهتر ڪرڻ لاءِ ڪهڙيون عادتون فائديمند آهن؟,auto_ok,genuine reword - needs native-speaker review
v2897,1448,مينوپاز ۽ مينوپاسل صحت,علامات کي منظم ڪرڻ ۽ جڏهن سنڀال ڳولڻ لاء,ڇا پرت وارا ڪپڙا پائڻ گرم چمڪ کي منظم ڪرڻ ۾ مدد ڪري سگھن ٿا؟,پرت وارا ڪپڙا پائڻ گرم چمڪ منظم ڪرڻ ۾ مدد ڏين ٿا ڇا؟,auto_ok,genuine reword - needs native-speaker review
v2898,1448,مينوپاز ۽ مينوپاسل صحت,علامات کي منظم ڪرڻ ۽ جڏهن سنڀال ڳولڻ لاء,ڇا پرت وارا ڪپڙا پائڻ گرم چمڪ کي منظم ڪرڻ ۾ مدد ڪري سگھن ٿا؟,layered clothing سان hot flash سنڀاليو وڃي سگهي ٿو ڇا؟,auto_ok,genuine reword - needs native-speaker review
v2899,1449,مينوپاز ۽ مينوپاسل صحت,علامات کي منظم ڪرڻ ۽ جڏهن سنڀال ڳولڻ لاء,ڇا هارمون ريپليسمينٽ ٿراپي دوران نئين يا خراب ٿيڻ واري علامات کي ڊاڪٽر کي ٻڌايو وڃي؟,HRT دوران نئين يا خراب ٿيندڙ علامتون ڊاڪٽر کي ٻڌائجن ڇا؟,auto_ok,genuine reword - needs native-speaker review
v2900,1449,مينوپاز ۽ مينوپاسل صحت,علامات کي منظم ڪرڻ ۽ جڏهن سنڀال ڳولڻ لاء,ڇا هارمون ريپليسمينٽ ٿراپي دوران نئين يا خراب ٿيڻ واري علامات کي ڊاڪٽر کي ٻڌايو وڃي؟,هارمون متبادل علاج دوران نئون مسئلو اچي ته ڊاڪٽر کي ضرور ٻڌائجي ڇا؟,auto_ok,genuine reword - needs native-speaker review
v2901,1450,مينوپاز ۽ مينوپاسل صحت,پوسٽ-مينوپاز صحت جي اسڪريننگ,حيض کان پوء دل جي اسڪريننگ ڇو ضروري آهي؟,مينوپاز کان پوءِ دل جي اسڪريننگ ڇو ضروري آهي؟,auto_ok,genuine reword - needs native-speaker review
v2902,1450,مينوپاز ۽ مينوپاسل صحت,پوسٽ-مينوپاز صحت جي اسڪريننگ,حيض کان پوء دل جي اسڪريننگ ڇو ضروري آهي؟,menopause بعد heart screening ڪرائڻ ڇو اهم آهي؟,auto_ok,genuine reword - needs native-speaker review
v2903,1451,مينوپاز ۽ مينوپاسل صحت,پوسٽ-مينوپاز صحت جي اسڪريننگ,مينوپاز ڪيئن دل جي بيماري جي خطري کي متاثر ڪري ٿو؟,مينوپاز دل جي بيماري جي خطري کي ڪيئن متاثر ڪري ٿي؟,auto_ok,genuine reword - needs native-speaker review
v2904,1451,مينوپاز ۽ مينوپاسل صحت,پوسٽ-مينوپاز صحت جي اسڪريننگ,مينوپاز ڪيئن دل جي بيماري جي خطري کي متاثر ڪري ٿو؟,menopause سان heart disease جو خطرو ڪيئن وڌي ٿو؟,auto_ok,genuine reword - needs native-speaker review
v2905,1452,مينوپاز ۽ مينوپاسل صحت,پوسٽ-مينوپاز صحت جي اسڪريننگ,ڇا رت جي دٻاء جي چڪاس جي سفارش ڪئي وئي آهي مينوپاز کان پوء؟,مينوپاز کان پوءِ بلڊ پريشر جي چڪاس سفارش ٿيل آهي ڇا؟,auto_ok,genuine reword - needs native-speaker review
v2906,1452,مينوپاز ۽ مينوپاسل صحت,پوسٽ-مينوپاز صحت جي اسڪريننگ,ڇا رت جي دٻاء جي چڪاس جي سفارش ڪئي وئي آهي مينوپاز کان پوء؟,menopause بعد bp چيڪ ڪرائڻ صلاح ٿيل آهي ڇا؟,auto_ok,genuine reword - needs native-speaker review
v2907,1453,مينوپاز ۽ مينوپاسل صحت,پوسٽ-مينوپاز صحت جي اسڪريننگ,مينوپاز کان پوءِ ڪيترا ڀيرا ڪوليسٽرول کي جانچڻ گهرجي؟,مينوپاز کان پوءِ ڪيترا ڀيرا ڪوليسٽرول جانچجي؟,auto_ok,genuine reword - needs native-speaker review
v2908,1453,مينوپاز ۽ مينوپاسل صحت,پوسٽ-مينوپاز صحت جي اسڪريننگ,مينوپاز کان پوءِ ڪيترا ڀيرا ڪوليسٽرول کي جانچڻ گهرجي؟,menopause بعد cholesterol test ڪيتري ڀيري ڪرائجي؟,auto_ok,genuine reword - needs native-speaker review
v2909,1454,مينوپاز ۽ مينوپاسل صحت,پوسٽ-مينوپاز صحت جي اسڪريننگ,ذیابيطس جي اسڪريننگ مينوپاز کان پوءِ لاڳاپيل ڇو آهي؟,ذیابيطس جي اسڪريننگ مينوپاز کان پوءِ ڇو لاڳاپيل آهي؟,auto_ok,genuine reword - needs native-speaker review
v2910,1454,مينوپاز ۽ مينوپاسل صحت,پوسٽ-مينوپاز صحت جي اسڪريننگ,ذیابيطس جي اسڪريننگ مينوپاز کان پوءِ لاڳاپيل ڇو آهي؟,menopause بعد diabetes screening ڇو ضروري سمجهي وڃي ٿي؟,auto_ok,genuine reword - needs native-speaker review
v2911,1455,مينوپاز ۽ مينوپاسل صحت,پوسٽ-مينوپاز صحت جي اسڪريننگ,مينوپاز کان پوءِ ڪيترا ڀيرا ميموگرام ڪرڻ گهرجي؟,مينوپاز کان پوءِ ڪيترا ڀيرا ميموگرام ڪرائجي؟,auto_ok,genuine reword - needs native-speaker review
v2912,1455,مينوپاز ۽ مينوپاسل صحت,پوسٽ-مينوپاز صحت جي اسڪريننگ,مينوپاز کان پوءِ ڪيترا ڀيرا ميموگرام ڪرڻ گهرجي؟,menopause بعد mammogram ڪيتري وقفي تي ڪرائجي؟,auto_ok,genuine reword - needs native-speaker review
v2913,1456,مينوپاز ۽ مينوپاسل صحت,پوسٽ-مينوپاز صحت جي اسڪريننگ,هڏن جي کثافت جي اسڪريننگ ڇو ضروري آهي مينوپاز کان پوءِ؟,هڏن جي کثافت جي اسڪريننگ مينوپاز کان پوءِ ڇو ضروري آهي؟,auto_ok,genuine reword - needs native-speaker review
v2914,1456,مينوپاز ۽ مينوپاسل صحت,پوسٽ-مينوپاز صحت جي اسڪريننگ,هڏن جي کثافت جي اسڪريننگ ڇو ضروري آهي مينوپاز کان پوءِ؟,menopause بعد bone density test ڇو گهربل آهي؟,auto_ok,genuine reword - needs native-speaker review
v2915,1457,مينوپاز ۽ مينوپاسل صحت,پوسٽ-مينوپاز صحت جي اسڪريننگ,سروائيڪل ڪينسر جي اسڪريننگ کي ڪڏهن بند ڪرڻ گهرجي؟,سروائيڪل ڪينسر جي اسڪريننگ ڪڏهن بند ڪجي؟,auto_ok,genuine reword - needs native-speaker review
v2916,1457,مينوپاز ۽ مينوپاسل صحت,پوسٽ-مينوپاز صحت جي اسڪريننگ,سروائيڪل ڪينسر جي اسڪريننگ کي ڪڏهن بند ڪرڻ گهرجي؟,cervical cancer screening ڪهڙي عمر ۾ ڇڏي ڏجي؟,auto_ok,genuine reword - needs native-speaker review
v2917,1458,مينوپاز ۽ مينوپاسل صحت,پوسٽ-مينوپاز صحت جي اسڪريننگ,پوسٽ مينوپاسل عورتن لاءِ پاپ سميئر جي تجويز ڪيل تعدد ڇا آهي؟,menopause بعد Pap smear ڪيتري ڀيري ڪرائجي؟,auto_ok,genuine reword - needs native-speaker review
v2918,1458,مينوپاز ۽ مينوپاسل صحت,پوسٽ-مينوپاز صحت جي اسڪريننگ,پوسٽ مينوپاسل عورتن لاءِ پاپ سميئر جي تجويز ڪيل تعدد ڇا آهي؟,menopause بعد Pap smear ڪيتري ڀيري ڪرائجي؟,auto_ok,genuine reword - needs native-speaker review
v2919,1459,مينوپاز ۽ مينوپاسل صحت,پوسٽ-مينوپاز صحت جي اسڪريننگ,هن عمر جي چوڌاري کولوريڪل ڪينسر اسڪريننگ جي سفارش ڇو ڪئي وئي آهي؟,هن عمر ۾ ڪولوريڪٽل ڪينسر اسڪريننگ ڇو سفارش ٿيل آهي؟,auto_ok,genuine reword - needs native-speaker review
v2920,1459,مينوپاز ۽ مينوپاسل صحت,پوسٽ-مينوپاز صحت جي اسڪريننگ,هن عمر جي چوڌاري کولوريڪل ڪينسر اسڪريننگ جي سفارش ڇو ڪئي وئي آهي؟,menopause بعد colorectal cancer screening ڇو ضروري آهي؟,auto_ok,genuine reword - needs native-speaker review
v2921,1460,مينوپاز ۽ مينوپاسل صحت,پوسٽ-مينوپاز صحت جي اسڪريننگ,پوسٽ مينوپاسل عورتن لاء مجموعي طور تي ڪهڙي اسڪريننگ جي سفارش ڪئي وئي آهي؟,پوسٽ مينوپاسل عورتن لاءِ مجموعي طور ڪهڙي اسڪريننگ سفارش ٿيل آهي؟,auto_ok,genuine reword - needs native-speaker review
v2922,1460,مينوپاز ۽ مينوپاسل صحت,پوسٽ-مينوپاز صحت جي اسڪريننگ,پوسٽ مينوپاسل عورتن لاء مجموعي طور تي ڪهڙي اسڪريننگ جي سفارش ڪئي وئي آهي؟,menopause بعد عام طور ڪهڙا ٽيسٽ سفارش ٿيل آهن؟,auto_ok,genuine reword - needs native-speaker review
v2923,1461,مينوپاز ۽ مينوپاسل صحت,پوسٽ-مينوپاز صحت جي اسڪريننگ,ڇا مينوپاز انڊوميٽريريل ڪينسر جي خطري کي وڌائي سگھي ٿو؟,مينوپاز اينڊوميٽرائيل ڪينسر جو خطرو وڌائي سگهي ٿي ڇا؟,auto_ok,genuine reword - needs native-speaker review
v2924,1461,مينوپاز ۽ مينوپاسل صحت,پوسٽ-مينوپاز صحت جي اسڪريننگ,ڇا مينوپاز انڊوميٽريريل ڪينسر جي خطري کي وڌائي سگھي ٿو؟,menopause سان uterine cancer جو چانس وڌي ٿو ڇا؟,auto_ok,genuine reword - needs native-speaker review
v2925,1462,مينوپاز ۽ مينوپاسل صحت,پوسٽ-مينوپاز صحت جي اسڪريننگ,ڇو ته پوسٽ مينوپاسل خونريزي جو هميشه جائزو وٺڻ گهرجي؟,پوسٽ مينوپاسل خونريزي هميشه جانچجي ضروري آهي ڇو؟,auto_ok,genuine reword - needs native-speaker review
v2926,1462,مينوپاز ۽ مينوپاسل صحت,پوسٽ-مينوپاز صحت جي اسڪريننگ,ڇو ته پوسٽ مينوپاسل خونريزي جو هميشه جائزو وٺڻ گهرجي؟,menopause بعد ٻيهر رت اچي ته هميشه چيڪ ڇو ڪرائجي؟,auto_ok,genuine reword - needs native-speaker review
v2927,1463,مينوپاز ۽ مينوپاسل صحت,پوسٽ-مينوپاز صحت جي اسڪريننگ,حيض کان پوء پيڙوءَ امتحان جو مقصد ڇا آهي؟,مينوپاز کان پوءِ پيڙوءَ جي معائني جو مقصد ڇا آهي؟,auto_ok,genuine reword - needs native-speaker review
v2928,1463,مينوپاز ۽ مينوپاسل صحت,پوسٽ-مينوپاز صحت جي اسڪريننگ,حيض کان پوء پيڙوءَ امتحان جو مقصد ڇا آهي؟,menopause بعد pelvic exam ڇا ڏسي ٿو؟,auto_ok,genuine reword - needs native-speaker review
v2929,1464,مينوپاز ۽ مينوپاسل صحت,پوسٽ-مينوپاز صحت جي اسڪريننگ,ڇا رينپوز کان پوءِ تايرايڊ جي فنڪشن کي جانچڻ گھرجي؟,مينوپاز کان پوءِ ٿائرائيڊ جو ڪم چيڪ ڪجي ڇا؟,auto_ok,genuine reword - needs native-speaker review
v2930,1464,مينوپاز ۽ مينوپاسل صحت,پوسٽ-مينوپاز صحت جي اسڪريننگ,ڇا رينپوز کان پوءِ تايرايڊ جي فنڪشن کي جانچڻ گھرجي؟,menopause بعد thyroid function جانچجي ضروري آهي ڇا؟,auto_ok,genuine reword - needs native-speaker review
v2931,1465,مينوپاز ۽ مينوپاسل صحت,پوسٽ-مينوپاز صحت جي اسڪريننگ,ڇو وزن ۽ باڊي ماس انڊيڪس جي نگراني پوسٽ مينوپاز اهم آهي؟,وزن ۽ BMI جي نگراني مينوپاز کان پوءِ ڇو اهم آهي؟,auto_ok,genuine reword - needs native-speaker review
v2932,1465,مينوپاز ۽ مينوپاسل صحت,پوسٽ-مينوپاز صحت جي اسڪريننگ,ڇو وزن ۽ باڊي ماس انڊيڪس جي نگراني پوسٽ مينوپاز اهم آهي؟,menopause بعد وزن ۽ BMI جو خيال ڇو رکجي؟,auto_ok,genuine reword - needs native-speaker review
v2933,1466,مينوپاز ۽ مينوپاسل صحت,پوسٽ-مينوپاز صحت جي اسڪريننگ,ڇا پوسٽ مينوپاسل عورتن کي اڃا تائين ايڇ وي وي ٽيسٽ جي ضرورت آهي؟,پوسٽ مينوپاسل عورتن کي اڃا تائين HIV ٽيسٽ جي ضرورت آهي ڇا؟,auto_ok,genuine reword - needs native-speaker review
v2934,1466,مينوپاز ۽ مينوپاسل صحت,پوسٽ-مينوپاز صحت جي اسڪريننگ,ڇا پوسٽ مينوپاسل عورتن کي اڃا تائين ايڇ وي وي ٽيسٽ جي ضرورت آهي؟,menopause بعد به HIV test گهربل آهي ڇا؟,auto_ok,genuine reword - needs native-speaker review
v2935,1467,مينوپاز ۽ مينوپاسل صحت,پوسٽ-مينوپاز صحت جي اسڪريننگ,حيض کان پوء اکين جي صحت جي اسڪريننگ ڇو ضروري آهي؟,مينوپاز کان پوءِ اکين جي صحت جي اسڪريننگ ڇو ضروري آهي؟,auto_ok,genuine reword - needs native-speaker review
v2936,1467,مينوپاز ۽ مينوپاسل صحت,پوسٽ-مينوپاز صحت جي اسڪريننگ,حيض کان پوء اکين جي صحت جي اسڪريننگ ڇو ضروري آهي؟,menopause بعد eye checkup ڇو اهم آهي؟,auto_ok,genuine reword - needs native-speaker review
v2937,1468,مينوپاز ۽ مينوپاسل صحت,پوسٽ-مينوپاز صحت جي اسڪريننگ,ڏندن جي صحت جي اسڪريننگ اڃا تائين پوسٽ مينوپاز ڇو اهم آهي؟,menopause بعد ڏندن جو چيڪ اپ ڇو اهم رهي ٿو؟,auto_ok,genuine reword - needs native-speaker review
v2938,1468,مينوپاز ۽ مينوپاسل صحت,پوسٽ-مينوپاز صحت جي اسڪريننگ,ڏندن جي صحت جي اسڪريننگ اڃا تائين پوسٽ مينوپاز ڇو اهم آهي؟,menopause بعد ڏندن جو چيڪ اپ ڇو ضروري رهي ٿو؟,auto_ok,genuine reword - needs native-speaker review
v2939,1469,مينوپاز ۽ مينوپاسل صحت,پوسٽ-مينوپاز صحت جي اسڪريننگ,پوسٽ مينوپاسل اسڪريننگ دوران هڪ ڊاڪٽر گردي جي ڪم کي ڇو چيڪ ڪري سگهي ٿو؟,پوسٽ مينوپاسل اسڪريننگ ۾ ڊاڪٽر گردي جو ڪم ڇو چيڪ ڪري ٿو؟,auto_ok,genuine reword - needs native-speaker review
v2940,1469,مينوپاز ۽ مينوپاسل صحت,پوسٽ-مينوپاز صحت جي اسڪريننگ,پوسٽ مينوپاسل اسڪريننگ دوران هڪ ڊاڪٽر گردي جي ڪم کي ڇو چيڪ ڪري سگهي ٿو؟,menopause بعد kidney function ڇو جانچيو ويندو آهي؟,auto_ok,genuine reword - needs native-speaker review
v2941,1470,مينوپاز ۽ مينوپاسل صحت,پوسٽ-مينوپاز صحت جي اسڪريننگ,چمڙي جي ڪينسر جي اسڪريننگ هن زندگي جي اسٽيج دوران لاڳاپيل ڇو آهي؟,چمڙي جي ڪينسر جي اسڪريننگ هن مرحلي دوران ڇو لاڳاپيل آهي؟,auto_ok,genuine reword - needs native-speaker review
v2942,1470,مينوپاز ۽ مينوپاسل صحت,پوسٽ-مينوپاز صحت جي اسڪريننگ,چمڙي جي ڪينسر جي اسڪريننگ هن زندگي جي اسٽيج دوران لاڳاپيل ڇو آهي؟,menopause بعد skin cancer screening ڇو اهم آهي؟,auto_ok,genuine reword - needs native-speaker review
v2943,1471,مينوپاز ۽ مينوپاسل صحت,پوسٽ-مينوپاز صحت جي اسڪريننگ,ڪيترا ڀيرا عام صحت جي چڪاس ٿيڻ گهرجي پوسٽ مينوپاز؟,پوسٽ مينوپاز ۾ ڪيترا ڀيرا عام صحت جي چڪاس ٿيڻ گهرجي؟,auto_ok,genuine reword - needs native-speaker review
v2944,1471,مينوپاز ۽ مينوپاسل صحت,پوسٽ-مينوپاز صحت جي اسڪريننگ,ڪيترا ڀيرا عام صحت جي چڪاس ٿيڻ گهرجي پوسٽ مينوپاز؟,menopause بعد عام چيڪ اپ ڪيتري وقفي تي ڪرائجي؟,auto_ok,genuine reword - needs native-speaker review
v2945,1472,مينوپاز ۽ مينوپاسل صحت,پوسٽ-مينوپاز صحت جي اسڪريننگ,ڇا پوسٽ مينوپاسل عورتن کي دل جي خطري جي تشخيص مان فائدو حاصل ڪري سگھي ٿو؟,پوسٽ مينوپاسل عورتن کي دل جي خطري جي تشخيص مان فائدو ٿئي ٿو ڇا؟,auto_ok,genuine reword - needs native-speaker review
v2946,1472,مينوپاز ۽ مينوپاسل صحت,پوسٽ-مينوپاز صحت جي اسڪريننگ,ڇا پوسٽ مينوپاسل عورتن کي دل جي خطري جي تشخيص مان فائدو حاصل ڪري سگھي ٿو؟,menopause بعد heart risk assessment سان فائدو ٿئي ٿو ڇا؟,auto_ok,genuine reword - needs native-speaker review
v2947,1473,مينوپاز ۽ مينوپاسل صحت,پوسٽ-مينوپاز صحت جي اسڪريننگ,پوسٽ مينوپاسل اسڪريننگ ۾ بنيادي سنڀال فراهم ڪندڙ ڪهڙو ڪردار ادا ڪندو آهي؟,پوسٽ مينوپاسل اسڪريننگ ۾ بنيادي ڊاڪٽر ڪهڙو ڪردار ادا ڪري ٿو؟,auto_ok,genuine reword - needs native-speaker review
v2948,1473,مينوپاز ۽ مينوپاسل صحت,پوسٽ-مينوپاز صحت جي اسڪريننگ,پوسٽ مينوپاسل اسڪريننگ ۾ بنيادي سنڀال فراهم ڪندڙ ڪهڙو ڪردار ادا ڪندو آهي؟,menopause جي اسڪريننگ ۾ family doctor ڇا ڪم آيندو آهي؟,auto_ok,genuine reword - needs native-speaker review
v2949,1474,مينوپاز ۽ مينوپاسل صحت,پوسٽ-مينوپاز صحت جي اسڪريننگ,رينپوز کانپوءِ ڊاڪٽر سان گڏ اسڪريننگ شيڊول کي اپڊيٽ ڪرڻ ڇو ضروري آهي؟,مينوپاز کان پوءِ اسڪريننگ شيڊول اپڊيٽ ڪرڻ ڇو ضروري آهي؟,auto_ok,genuine reword - needs native-speaker review
v2950,1474,مينوپاز ۽ مينوپاسل صحت,پوسٽ-مينوپاز صحت جي اسڪريننگ,رينپوز کانپوءِ ڊاڪٽر سان گڏ اسڪريننگ شيڊول کي اپڊيٽ ڪرڻ ڇو ضروري آهي؟,menopause بعد ٽيسٽن جو شيڊول نئون سر ترتيب ڏيڻ ڇو ضروري آهي؟,auto_ok,genuine reword - needs native-speaker review
v2951,1475,مينوپاز ۽ مينوپاسل صحت,مينوپاز خرافات,ڇا اهو سچ آهي ته مينوپاز هميشه سخت مزاج جي تبديلين جو سبب بڻجندو آهي؟,مينوپاز هميشه سخت مزاج جي تبديلين جو سبب بڻجندو آهي، اهو صحيح آهي ڇا؟,auto_ok,genuine reword - needs native-speaker review
v2952,1475,مينوپاز ۽ مينوپاسل صحت,مينوپاز خرافات,ڇا اهو سچ آهي ته مينوپاز هميشه سخت مزاج جي تبديلين جو سبب بڻجندو آهي؟,menopause ۾ موڊ هميشه بگڙي وڃي، اهو خيال درست آهي ڇا؟,auto_ok,genuine reword - needs native-speaker review
v2953,1476,مينوپاز ۽ مينوپاسل صحت,مينوپاز خرافات,ڇا اهو سچ آهي ته مينوپاز عورت جي جنسي زندگي ختم ڪري ٿي؟,مينوپاز عورت جي جنسي زندگي ختم ڪري ٿي، اهو صحيح آهي ڇا؟,auto_ok,genuine reword - needs native-speaker review
v2954,1476,مينوپاز ۽ مينوپاسل صحت,مينوپاز خرافات,ڇا اهو سچ آهي ته مينوپاز عورت جي جنسي زندگي ختم ڪري ٿي؟,menopause بعد جنسي زندگي ختم ٿي وڃي، اهو خيال درست آهي ڇا؟,auto_ok,genuine reword - needs native-speaker review
v2955,1477,مينوپاز ۽ مينوپاسل صحت,مينوپاز خرافات,ڇا اهو سچ آهي ته هارمون ريپليسمينٽ ٿراپي سڀني عورتن لاء غير محفوظ آهي؟,HRT سڀني عورتن لاءِ غير محفوظ آهي، اهو صحيح آهي ڇا؟,auto_ok,genuine reword - needs native-speaker review
v2956,1477,مينوپاز ۽ مينوپاسل صحت,مينوپاز خرافات,ڇا اهو سچ آهي ته هارمون ريپليسمينٽ ٿراپي سڀني عورتن لاء غير محفوظ آهي؟,هارمون متبادل علاج هر عورت لاءِ خطرناڪ آهي، اهو خيال درست آهي ڇا؟,auto_ok,genuine reword - needs native-speaker review
v2957,1478,مينوپاز ۽ مينوپاسل صحت,مينوپاز خرافات,ڇا اهو سچ آهي ته مينوپاز اوچتو رات جو ٿئي ٿو؟,مينوپاز اوچتو رات ۾ ٿئي ٿي، اهو صحيح آهي ڇا؟,auto_ok,genuine reword - needs native-speaker review
v2958,1478,مينوپاز ۽ مينوپاسل صحت,مينوپاز خرافات,ڇا اهو سچ آهي ته مينوپاز اوچتو رات جو ٿئي ٿو؟,menopause هڪدم رات کي اچي وڃي ٿي، اهو خيال درست آهي ڇا؟,auto_ok,genuine reword - needs native-speaker review
v2959,1479,مينوپاز ۽ مينوپاسل صحت,مينوپاز خرافات,ڇا اهو سچ آهي ته مردن جي دوران وزن وڌائڻ جو انتظام نٿو ڪري سگهجي؟,مينوپاز دوران وزن سنڀاليو نٿو وڃي سگهي، اهو صحيح آهي ڇا؟,auto_ok,genuine reword - needs native-speaker review
v2960,1479,مينوپاز ۽ مينوپاسل صحت,مينوپاز خرافات,ڇا اهو سچ آهي ته مردن جي دوران وزن وڌائڻ جو انتظام نٿو ڪري سگهجي؟,menopause ۾ وزن ڪنٽرول ناممڪن آهي، اهو خيال درست آهي ڇا؟,auto_ok,genuine reword - needs native-speaker review
v2961,1480,مينوپاز ۽ مينوپاسل صحت,مينوپاز خرافات,ڇا اهو سچ آهي ته صرف پراڻن عورتن کي پريمينوپاز علامات جو تجربو آهي؟,صرف پراڻين عورتن کي پري مينوپاز علامتون ٿينديون آهن، اهو صحيح آهي ڇا؟,auto_ok,genuine reword - needs native-speaker review
v2962,1480,مينوپاز ۽ مينوپاسل صحت,مينوپاز خرافات,ڇا اهو سچ آهي ته صرف پراڻن عورتن کي پريمينوپاز علامات جو تجربو آهي؟,perimenopause رڳو وڏي عمر جي عورتن کي ٿئي ٿي، اهو خيال درست آهي ڇا؟,auto_ok,genuine reword - needs native-speaker review
v2963,1481,مينوپاز ۽ مينوپاسل صحت,مينوپاز خرافات,ڇا اهو سچ آهي ته قدرتي علاج هميشه هارمون ريپليسمينٽ ٿراپي کان وڌيڪ محفوظ آهن؟,قدرتي علاج هميشه HRT کان وڌيڪ محفوظ آهن، اهو صحيح آهي ڇا؟,auto_ok,genuine reword - needs native-speaker review
v2964,1481,مينوپاز ۽ مينوپاسل صحت,مينوپاز خرافات,ڇا اهو سچ آهي ته قدرتي علاج هميشه هارمون ريپليسمينٽ ٿراپي کان وڌيڪ محفوظ آهن؟,totkay هميشه هارمون علاج کان بهتر آهن، اهو خيال درست آهي ڇا؟,auto_ok,genuine reword - needs native-speaker review
v2965,1482,مينوپاز ۽ مينوپاسل صحت,مينوپاز خرافات,ڇا اهو سچ آهي ته مينوپاز هڪ بيماري آهي جنهن کي علاج ڪرڻ جي ضرورت آهي؟,مينوپاز هڪ بيماري آهي جنهن جو علاج ضروري آهي، اهو صحيح آهي ڇا؟,auto_ok,genuine reword - needs native-speaker review
v2966,1482,مينوپاز ۽ مينوپاسل صحت,مينوپاز خرافات,ڇا اهو سچ آهي ته مينوپاز هڪ بيماري آهي جنهن کي علاج ڪرڻ جي ضرورت آهي؟,menopause کي بيماري سمجهي علاج لازمي آهي، اهو خيال درست آهي ڇا؟,auto_ok,genuine reword - needs native-speaker review
v2967,1483,مينوپاز ۽ مينوپاسل صحت,مينوپاز خرافات,ڇا اهو سچ آهي ته سڀني عورتن کي هارمون ريپليسمينٽ ٿراپي جي ضرورت آهي؟,سڀني عورتن کي HRT جي ضرورت آهي، اهو صحيح آهي ڇا؟,auto_ok,genuine reword - needs native-speaker review
v2968,1483,مينوپاز ۽ مينوپاسل صحت,مينوپاز خرافات,ڇا اهو سچ آهي ته سڀني عورتن کي هارمون ريپليسمينٽ ٿراپي جي ضرورت آهي؟,هر عورت کي هارمون متبادل علاج گهربل آهي، اهو خيال درست آهي ڇا؟,auto_ok,genuine reword - needs native-speaker review
v2969,1484,مينوپاز ۽ مينوپاسل صحت,مينوپاز خرافات,ڇا اهو سچ آهي ته رجعت جون علامتون 'سڀني عورت جي مٿي ۾' آهن؟,مينوپاز جون علامتون 'سڀ ذهن ۾' آهن، اهو صحيح آهي ڇا؟,auto_ok,genuine reword - needs native-speaker review
v2970,1484,مينوپاز ۽ مينوپاسل صحت,مينوپاز خرافات,ڇا اهو سچ آهي ته رجعت جون علامتون 'سڀني عورت جي مٿي ۾' آهن؟,menopause symptoms صرف خيالي آهن، اهو خيال درست آهي ڇا؟,auto_ok,genuine reword - needs native-speaker review
v2971,1485,مينوپاز ۽ مينوپاسل صحت,مينوپاز خرافات,ڇا اهو سچ آهي ته حيض هر ڪنهن لاءِ اوچتو بند ٿي ويندو آهي.,ماهواري هر ڪنهن لاءِ اوچتو بند ٿي ويندي آهي، اهو صحيح آهي ڇا؟,auto_ok,genuine reword - needs native-speaker review
v2972,1485,مينوپاز ۽ مينوپاسل صحت,مينوپاز خرافات,ڇا اهو سچ آهي ته حيض هر ڪنهن لاءِ اوچتو بند ٿي ويندو آهي.,period هڪدم هر عورت جي بند ٿي وڃي ٿي، اهو خيال درست آهي ڇا؟,auto_ok,genuine reword - needs native-speaker review
v2973,1486,مينوپاز ۽ مينوپاسل صحت,مينوپاز خرافات,ڇا اهو سچ آهي ته سويا پروڊڪٽس مردن جي عورتن لاء خطرناڪ آهن؟,سويا پروڊڪٽس مينوپاز واري عورتن لاءِ خطرناڪ آهن، اهو صحيح آهي ڇا؟,auto_ok,genuine reword - needs native-speaker review
v2974,1486,مينوپاز ۽ مينوپاسل صحت,مينوپاز خرافات,ڇا اهو سچ آهي ته سويا پروڊڪٽس مردن جي عورتن لاء خطرناڪ آهن؟,soy products menopause بعد نقصانڪار آهن، اهو خيال درست آهي ڇا؟,auto_ok,genuine reword - needs native-speaker review
v2975,1487,مينوپاز ۽ مينوپاسل صحت,مينوپاز خرافات,ڇا اهو سچ آهي ته منوپاز هر عورت ۾ اوستيوپورسس جو سبب بڻجي ٿو؟,مينوپاز هر عورت ۾ اوستيوپورسس جو سبب بڻجي ٿي، اهو صحيح آهي ڇا؟,auto_ok,genuine reword - needs native-speaker review
v2976,1487,مينوپاز ۽ مينوپاسل صحت,مينوپاز خرافات,ڇا اهو سچ آهي ته منوپاز هر عورت ۾ اوستيوپورسس جو سبب بڻجي ٿو؟,menopause سان هر عورت کي osteoporosis پڪو ٿئي ٿو، اهو خيال درست آهي ڇا؟,auto_ok,genuine reword - needs native-speaker review
v2977,1488,مينوپاز ۽ مينوپاسل صحت,مينوپاز خرافات,ڇا اهو سچ آهي ته گرم چمڪون صرف ڏينهن ۾ ٿينديون آهن؟,گرم چمڪون صرف ڏينهن ۾ ٿينديون آهن، اهو صحيح آهي ڇا؟,auto_ok,genuine reword - needs native-speaker review
v2978,1488,مينوپاز ۽ مينوپاسل صحت,مينوپاز خرافات,ڇا اهو سچ آهي ته گرم چمڪون صرف ڏينهن ۾ ٿينديون آهن؟,hot flash رڳو ڏينهن جو ٿئي ٿي، رات جو نه، اهو خيال درست آهي ڇا؟,auto_ok,genuine reword - needs native-speaker review
v2979,1489,مينوپاز ۽ مينوپاسل صحت,مينوپاز خرافات,ڇا اهو سچ آهي ته رجعت جو مطلب آهي ته عورت هاڻي صحتمند ناهي؟,مينوپاز جو مطلب اهو آهي ته عورت هاڻي صحتمند ناهي، اهو صحيح آهي ڇا؟,auto_ok,genuine reword - needs native-speaker review
v2980,1489,مينوپاز ۽ مينوپاسل صحت,مينوپاز خرافات,ڇا اهو سچ آهي ته رجعت جو مطلب آهي ته عورت هاڻي صحتمند ناهي؟,menopause بعد عورت غير صحتمند ٿي وڃي ٿي، اهو خيال درست آهي ڇا؟,auto_ok,genuine reword - needs native-speaker review
v2981,1490,مينوپاز ۽ مينوپاسل صحت,مينوپاز خرافات,ڇا اهو سچ آهي ته رياضت دوران ورزش کان بچڻ گهرجي؟,مينوپاز دوران ورزش کان بچجي، اهو صحيح آهي ڇا؟,auto_ok,genuine reword - needs native-speaker review
v2982,1490,مينوپاز ۽ مينوپاسل صحت,مينوپاز خرافات,ڇا اهو سچ آهي ته رياضت دوران ورزش کان بچڻ گهرجي؟,menopause ۾ کسرت ڪرڻ کان پاسو ڪجي، اهو خيال درست آهي ڇا؟,auto_ok,genuine reword - needs native-speaker review
v2983,1491,مينوپاز ۽ مينوپاسل صحت,مينوپاز خرافات,ڇا اهو سچ آهي ته مينوپاز صرف چند مهينا رهي ٿو؟,مينوپاز صرف ڪجهه مهينا رهي ٿي، اهو صحيح آهي ڇا؟,auto_ok,genuine reword - needs native-speaker review
v2984,1491,مينوپاز ۽ مينوپاسل صحت,مينوپاز خرافات,ڇا اهو سچ آهي ته مينوپاز صرف چند مهينا رهي ٿو؟,menopause جو دور صرف ٿورو وقت هوندو آهي، اهو خيال درست آهي ڇا؟,auto_ok,genuine reword - needs native-speaker review
v2985,1492,مينوپاز ۽ مينوپاسل صحت,مينوپاز خرافات,ڇا اهو سچ آهي ته هسٽريڪٽومي هميشه فوري رجعت جو سبب بڻجندي آهي؟,هسٽريڪٽومي هميشه فوري رجعت جو سبب بڻجندي آهي، اهو صحيح آهي ڇا؟,auto_ok,genuine reword - needs native-speaker review
v2986,1492,مينوپاز ۽ مينوپاسل صحت,مينوپاز خرافات,ڇا اهو سچ آهي ته هسٽريڪٽومي هميشه فوري رجعت جو سبب بڻجندي آهي؟,hysterectomy سان هميشه فوري menopause اچي ٿي، اهو خيال درست آهي ڇا؟,auto_ok,genuine reword - needs native-speaker review
v2987,1493,مينوپاز ۽ مينوپاسل صحت,مينوپاز خرافات,ڇا اهو سچ آهي ته ڪلسيم سپليمنٽس اڪيلو اوستيوپورسس کي روڪي ٿو؟,ڪلسيم سپليمنٽس اڪيلو اوستيوپورسس روڪين ٿا، اهو صحيح آهي ڇا؟,auto_ok,genuine reword - needs native-speaker review
v2988,1493,مينوپاز ۽ مينوپاسل صحت,مينوپاز خرافات,ڇا اهو سچ آهي ته ڪلسيم سپليمنٽس اڪيلو اوستيوپورسس کي روڪي ٿو؟,رڳو calcium tablet سان osteoporosis مڪمل روڪجي ٿي، اهو خيال درست آهي ڇا؟,auto_ok,genuine reword - needs native-speaker review
v2989,1494,مينوپاز ۽ مينوپاسل صحت,مينوپاز خرافات,ڇا اهو سچ آهي ته ميونپوز تي ڊاڪٽر سان بحث نه ٿو ڪري سگهجي جيستائين دوري مڪمل طور تي بند ٿي وڃي؟,ماهواري مڪمل بند ٿيڻ کان اڳ مينوپاز بابت ڊاڪٽر سان ڳالهائي نٿو سگهجي، اهو صحيح آهي ڇا؟,auto_ok,genuine reword - needs native-speaker review
v2990,1494,مينوپاز ۽ مينوپاسل صحت,مينوپاز خرافات,ڇا اهو سچ آهي ته ميونپوز تي ڊاڪٽر سان بحث نه ٿو ڪري سگهجي جيستائين دوري مڪمل طور تي بند ٿي وڃي؟,period مڪمل رڪجڻ کان اڳ menopause تي طبيب سان ڳالهه نٿي ٿي سگهي، اهو خيال درست آهي ڇا؟,auto_ok,genuine reword - needs native-speaker review
v2991,1495,مينوپاز ۽ مينوپاسل صحت,مينوپاز خرافات,ڇا اهو سچ آهي ته شروعاتي رينج هميشه زندگي جي طرز جي چونڊ جي سبب آهي؟,شروعاتي مينوپاز هميشه طرز زندگي جي چونڊ سبب ٿئي ٿي، اهو صحيح آهي ڇا؟,auto_ok,genuine reword - needs native-speaker review
v2992,1495,مينوپاز ۽ مينوپاسل صحت,مينوپاز خرافات,ڇا اهو سچ آهي ته شروعاتي رينج هميشه زندگي جي طرز جي چونڊ جي سبب آهي؟,early menopause صرف lifestyle choice سبب ٿئي ٿي، اهو خيال درست آهي ڇا؟,auto_ok,genuine reword - needs native-speaker review
v2993,1496,مينوپاز ۽ مينوپاسل صحت,مينوپاز خرافات,ڇا اهو سچ آهي ته مرد هڪجهڙائي واري هارمونل ’مينوپاز‘ مان گذرن ٿا؟,مرد پڻ ساڳي هارموني مينوپاز مان گذرن ٿا، اهو صحيح آهي ڇا؟,auto_ok,genuine reword - needs native-speaker review
v2994,1496,مينوپاز ۽ مينوپاسل صحت,مينوپاز خرافات,ڇا اهو سچ آهي ته مرد هڪجهڙائي واري هارمونل ’مينوپاز‘ مان گذرن ٿا؟,مردن کي به عورتن جهڙو menopause ٿئي ٿو، اهو خيال درست آهي ڇا؟,auto_ok,genuine reword - needs native-speaker review
v2995,1497,مينوپاز ۽ مينوپاسل صحت,مينوپاز خرافات,ڇا اهو سچ آهي ته حيض جي دوران اندام جي خشڪي ناقابل علاج آهي؟,مينوپاز دوران اندام جي خشڪي جو علاج نه ٿو ٿي سگهي، اهو صحيح آهي ڇا؟,auto_ok,genuine reword - needs native-speaker review
v2996,1497,مينوپاز ۽ مينوپاسل صحت,مينوپاز خرافات,ڇا اهو سچ آهي ته حيض جي دوران اندام جي خشڪي ناقابل علاج آهي؟,vaginal dryness جو ڪو علاج ناهي، اهو خيال درست آهي ڇا؟,auto_ok,genuine reword - needs native-speaker review
v2997,1498,مينوپاز ۽ مينوپاسل صحت,مينوپاز خرافات,ڇا اهو سچ آهي ته هر ثقافت ۽ آبادي ۾ رجونورتا جون علامتون ساڳيون آهن؟,هر ثقافت ۽ آبادي ۾ مينوپاز جون علامتون ساڳيون آهن، اهو صحيح آهي ڇا؟,auto_ok,genuine reword - needs native-speaker review
v2998,1498,مينوپاز ۽ مينوپاسل صحت,مينوپاز خرافات,ڇا اهو سچ آهي ته هر ثقافت ۽ آبادي ۾ رجونورتا جون علامتون ساڳيون آهن؟,menopause symptoms سڀني ثقافتن ۾ هڪجهڙيون آهن، اهو خيال درست آهي ڇا؟,auto_ok,genuine reword - needs native-speaker review
v2999,1499,مينوپاز ۽ مينوپاسل صحت,مينوپاز خرافات,ڇا اهو سچ آهي ته هڪ ڀيرو پريمينوپاز شروع ٿئي ٿي، حمل ناممڪن آهي؟,هڪ ڀيرو پري مينوپاز شروع ٿئي ته حمل ناممڪن ٿي وڃي ٿو، اهو صحيح آهي ڇا؟,auto_ok,genuine reword - needs native-speaker review
v3000,1499,مينوپاز ۽ مينوپاسل صحت,مينوپاز خرافات,ڇا اهو سچ آهي ته هڪ ڀيرو پريمينوپاز شروع ٿئي ٿي، حمل ناممڪن آهي؟,perimenopause شروع ٿيڻ بعد حمل بلڪل ناممڪن ٿي وڃي ٿو، اهو خيال درست آهي ڇا؟,auto_ok,genuine reword - needs native-speaker review
v3001,1500,زرخيزي ۽ پيداواري صحت,STIs/RTIs ۽ زرخيزي جو اثر,غير علاج ٿيل STIs زرخيزي کي ڪيئن متاثر ڪري سگھن ٿا؟,علاج نه ٿيل STIs زرخيزي کي ڪيئن متاثر ڪن ٿيون؟,auto_ok,genuine reword - needs native-speaker review
v3002,1500,زرخيزي ۽ پيداواري صحت,STIs/RTIs ۽ زرخيزي جو اثر,غير علاج ٿيل STIs زرخيزي کي ڪيئن متاثر ڪري سگھن ٿا؟,STI جو علاج نه ٿئي ته ٻار ٿيڻ جي صلاحيت تي ڪيئن اثر پوي ٿو؟,auto_ok,genuine reword - needs native-speaker review
v3003,1501,زرخيزي ۽ پيداواري صحت,STIs/RTIs ۽ زرخيزي جو اثر,pelvic inflammatory disease (PID) ڇا آهي؟,Pelvic Inflammatory Disease (PID) ڇا آهي؟,auto_ok,genuine reword - needs native-speaker review
v3004,1501,زرخيزي ۽ پيداواري صحت,STIs/RTIs ۽ زرخيزي جو اثر,pelvic inflammatory disease (PID) ڇا آهي؟,PID جو مطلب ڪهڙو آهي؟,auto_ok,genuine reword - needs native-speaker review
v3005,1502,زرخيزي ۽ پيداواري صحت,STIs/RTIs ۽ زرخيزي جو اثر,ڪهڙيون STIs زرخيزي کي متاثر ڪري سگهن ٿيون؟,ڪهڙا جنسي طور مُنتقل ٿيندڙ انفيڪشن fertility تي اثر وجهن ٿا؟,auto_ok,genuine reword - needs native-speaker review
v3006,1502,زرخيزي ۽ پيداواري صحت,STIs/RTIs ۽ زرخيزي جو اثر,ڪهڙيون STIs زرخيزي کي متاثر ڪري سگهن ٿيون؟,ڪهڙا جنسي طور مُنتقل ٿيندڙ انفيڪشن ٻار ٿيڻ جي صلاحيت تي اثر وجهن ٿا؟,auto_ok,genuine reword - needs native-speaker review
v3007,1503,زرخيزي ۽ پيداواري صحت,STIs/RTIs ۽ زرخيزي جو اثر,ڇا مردن ۾ به STIs زرخيزي کي متاثر ڪري سگهن ٿيون؟,مردن ۾ به STIs زرخيزي کي متاثر ڪري سگهن ٿيون ڇا؟,auto_ok,genuine reword - needs native-speaker review
v3008,1503,زرخيزي ۽ پيداواري صحت,STIs/RTIs ۽ زرخيزي جو اثر,ڇا مردن ۾ به STIs زرخيزي کي متاثر ڪري سگهن ٿيون؟,STI مردن جي fertility تي به اثر وجهي ٿي ڇا؟,auto_ok,genuine reword - needs native-speaker review
v3009,1504,زرخيزي ۽ پيداواري صحت,STIs/RTIs ۽ زرخيزي جو اثر,جنسي طور مُنتقل ٿيندڙ بيمارين (STIs) جي اسڪريننگ ڪيتري ڀيري ڪرائجي؟,STIs جي اسڪريننگ ڪيتري ڀيري ڪرائجي؟,auto_ok,genuine reword - needs native-speaker review
v3010,1504,زرخيزي ۽ پيداواري صحت,STIs/RTIs ۽ زرخيزي جو اثر,جنسي طور مُنتقل ٿيندڙ بيمارين (STIs) جي اسڪريننگ ڪيتري ڀيري ڪرائجي؟,جنسي طور مُنتقل ٿيندڙ بيمارين جو ٽيسٽ ڪيترن وقفن ۾ ڪرائجي؟,auto_ok,genuine reword - needs native-speaker review
v3011,1505,زرخيزي ۽ پيداواري صحت,STIs/RTIs ۽ زرخيزي جو اثر,ڇا STI جو بروقت علاج بانجھ پن کان بچاءُ ۾ مدد ڪري سگهي ٿو؟,STI جو بروقت علاج بانجھ پن کان بچاءُ ۾ مدد ڪري سگهي ٿو ڇا؟,auto_ok,genuine reword - needs native-speaker review
v3012,1505,زرخيزي ۽ پيداواري صحت,STIs/RTIs ۽ زرخيزي جو اثر,ڇا STI جو بروقت علاج بانجھ پن کان بچاءُ ۾ مدد ڪري سگهي ٿو؟,وقت تي STI جو علاج ٿئي ته infertility کان بچي سگهجي ٿو ڇا؟,auto_ok,genuine reword - needs native-speaker review
v3013,1506,زرخيزي ۽ پيداواري صحت,STIs/RTIs ۽ زرخيزي جو اثر,ڇا اهو عام آهي ته چڪر جي ڊيگهه هر مهيني ڪجهه ڏينهن تائين مختلف ٿي وڃي؟,چڪر جي ڊيگهه هر مهيني ٿورو مختلف ٿيڻ عام آهي ڇا؟,auto_ok,genuine reword - needs native-speaker review
v3014,1506,زرخيزي ۽ پيداواري صحت,STIs/RTIs ۽ زرخيزي جو اثر,ڇا اهو عام آهي ته چڪر جي ڊيگهه هر مهيني ڪجهه ڏينهن تائين مختلف ٿي وڃي؟,period cycle جي ڊيگهه هر مهيني ٿورو بدلجي ته اهو معمول جي ڳالھ آهي ڇا؟,auto_ok,genuine reword - needs native-speaker review
v3015,1507,زرخيزي ۽ پيداواري صحت,STIs/RTIs ۽ زرخيزي جو اثر,PID (Pelvic Inflammatory Disease) ڇا آهي ۽ اهو ڪيئن بانجھ پن جو سبب بڻجي ٿو؟,PID ڇا آهي ۽ اهو بانجھ پن جو سبب ڪيئن بڻجي ٿو؟,auto_ok,genuine reword - needs native-speaker review
v3016,1507,زرخيزي ۽ پيداواري صحت,STIs/RTIs ۽ زرخيزي جو اثر,PID (Pelvic Inflammatory Disease) ڇا آهي ۽ اهو ڪيئن بانجھ پن جو سبب بڻجي ٿو؟,PID جو مطلب ۽ ان سان infertility جو ڇا لاڳاپو آهي؟,auto_ok,genuine reword - needs native-speaker review
v3017,1508,زرخيزي ۽ پيداواري صحت,STIs/RTIs ۽ زرخيزي جو اثر,ڇا سگريٽ نوشي ٻنهي ڀائيوارن ۾ زرخيزي کي متاثر ڪري ٿو؟,سگريٽ نوشي ٻنهي ڀائيوارن ۾ زرخيزي کي متاثر ڪري ٿي ڇا؟,auto_ok,genuine reword - needs native-speaker review
v3018,1508,زرخيزي ۽ پيداواري صحت,STIs/RTIs ۽ زرخيزي جو اثر,ڇا سگريٽ نوشي ٻنهي ڀائيوارن ۾ زرخيزي کي متاثر ڪري ٿو؟,تماڪ نوشي مرد ۽ عورت ٻنهي جي fertility کي نقصان ڏئي ٿي ڇا؟,auto_ok,genuine reword - needs native-speaker review
v3019,1509,زرخيزي ۽ پيداواري صحت,STIs/RTIs ۽ زرخيزي جو اثر,ڇا STIs جي ڪا به علامت نظر نه اچي ته پڻ اهي نقصانائتيون ٿي سگهن ٿيون؟,ڪا به علامت نظر نه اچي، تڏهن به STIs نقصانائتيون ٿي سگهن ٿيون ڇا؟,auto_ok,genuine reword - needs native-speaker review
v3020,1509,زرخيزي ۽ پيداواري صحت,STIs/RTIs ۽ زرخيزي جو اثر,ڇا STIs جي ڪا به علامت نظر نه اچي ته پڻ اهي نقصانائتيون ٿي سگهن ٿيون؟,علامت نه هجي پوءِ به STI نقصان ڏئي سگهي ٿي ڇا؟,auto_ok,genuine reword - needs native-speaker review
v3021,1510,زرخيزي ۽ پيداواري صحت,STIs/RTIs ۽ زرخيزي جو اثر,ڇا STIs کان بچاءُ لاءِ ڪنڊوم جو استعمال زرخيزي بچائڻ ۾ مددگار آهي؟,ڪنڊوم جو استعمال زرخيزي بچائڻ ۾ مددگار آهي ڇا؟,auto_ok,genuine reword - needs native-speaker review
v3022,1510,زرخيزي ۽ پيداواري صحت,STIs/RTIs ۽ زرخيزي جو اثر,ڇا STIs کان بچاءُ لاءِ ڪنڊوم جو استعمال زرخيزي بچائڻ ۾ مددگار آهي؟,condom استعمال ڪرڻ سان fertility محفوظ رهي ٿي ڇا؟,auto_ok,genuine reword - needs native-speaker review
v3023,1511,زرخيزي ۽ پيداواري صحت,STIs/RTIs ۽ زرخيزي جو اثر,ڪلاميڊيا (Chlamydia) ڇا آهي ۽ اهو زرخيزي کي ڪيئن متاثر ڪري ٿو؟,ڪلاميڊيا ڇا آهي ۽ اهو زرخيزي کي ڪيئن متاثر ڪري ٿي؟,auto_ok,genuine reword - needs native-speaker review
v3024,1511,زرخيزي ۽ پيداواري صحت,STIs/RTIs ۽ زرخيزي جو اثر,ڪلاميڊيا (Chlamydia) ڇا آهي ۽ اهو زرخيزي کي ڪيئن متاثر ڪري ٿو؟,Chlamydia جو مطلب ۽ fertility تي ان جو ڇا اثر آهي؟,auto_ok,genuine reword - needs native-speaker review
v3025,1512,زرخيزي ۽ پيداواري صحت,STIs/RTIs ۽ زرخيزي جو اثر,گونوريا (Gonorrhea) جون عام علامتون ڪهڙيون آهن؟,گونوريا جون عام علامتون ڪهڙيون آهن؟,auto_ok,genuine reword - needs native-speaker review
v3026,1512,زرخيزي ۽ پيداواري صحت,STIs/RTIs ۽ زرخيزي جو اثر,گونوريا (Gonorrhea) جون عام علامتون ڪهڙيون آهن؟,Gonorrhea هجڻ جون نشانيون ڪهڙيون آهن؟,auto_ok,genuine reword - needs native-speaker review
v3027,1513,زرخيزي ۽ پيداواري صحت,STIs/RTIs ۽ زرخيزي جو اثر,ڇا STI جي علاج کان پوءِ زرخيزي واپس اچي سگهي ٿي؟,STI جي علاج کان پوءِ زرخيزي واپس اچي سگهي ٿي ڇا؟,auto_ok,genuine reword - needs native-speaker review
v3028,1513,زرخيزي ۽ پيداواري صحت,STIs/RTIs ۽ زرخيزي جو اثر,ڇا STI جي علاج کان پوءِ زرخيزي واپس اچي سگهي ٿي؟,STI جو علاج ٿيڻ بعد fertility ٻيهر بحال ٿي سگهي ٿي ڇا؟,auto_ok,genuine reword - needs native-speaker review
v3029,1514,زرخيزي ۽ پيداواري صحت,STIs/RTIs ۽ زرخيزي جو اثر,ڇا حمل دوران STI ٻار کي منتقل ٿي سگهي ٿي؟,حمل دوران STI ٻار کي منتقل ٿي سگهي ٿي ڇا؟,auto_ok,genuine reword - needs native-speaker review
v3030,1514,زرخيزي ۽ پيداواري صحت,STIs/RTIs ۽ زرخيزي جو اثر,ڇا حمل دوران STI ٻار کي منتقل ٿي سگهي ٿي؟,حامله هوندي STI ٻار تائين پهچي سگهي ٿي ڇا؟,auto_ok,genuine reword - needs native-speaker review
v3031,1515,زرخيزي ۽ پيداواري صحت,STIs/RTIs ۽ زرخيزي جو اثر,ڇا HPV (Human Papillomavirus) زرخيزي کي متاثر ڪري ٿو؟,HPV زرخيزي کي متاثر ڪري ٿو ڇا؟,auto_ok,genuine reword - needs native-speaker review
v3032,1515,زرخيزي ۽ پيداواري صحت,STIs/RTIs ۽ زرخيزي جو اثر,ڇا HPV (Human Papillomavirus) زرخيزي کي متاثر ڪري ٿو؟,HPV سان fertility تي ڪو اثر پوي ٿو ڇا؟,auto_ok,genuine reword - needs native-speaker review
v3033,1516,زرخيزي ۽ پيداواري صحت,STIs/RTIs ۽ زرخيزي جو اثر,ڇا STI جي تشخيص لاءِ ڪهڙا ٽيسٽ ڪيا ويندا آهن؟,STI جو پتو لڳائڻ لاءِ ڪهڙا ٽيسٽ استعمال ٿين ٿا؟,auto_ok,genuine reword - needs native-speaker review
v3034,1516,زرخيزي ۽ پيداواري صحت,STIs/RTIs ۽ زرخيزي جو اثر,ڇا STI جي تشخيص لاءِ ڪهڙا ٽيسٽ ڪيا ويندا آهن؟,STI جي پڪ لاءِ ڪهڙا ٽيسٽ ڪرايا ويندا آهن؟,auto_ok,genuine reword - needs native-speaker review
v3035,1517,زرخيزي ۽ پيداواري صحت,STIs/RTIs ۽ زرخيزي جو اثر,ڇا هڪ کان وڌيڪ ڀيرا PID ٿيڻ سان بانجھ پن جو خطرو وڌي ٿو؟,هڪ کان وڌيڪ ڀيرا PID ٿيڻ سان بانجھ پن جو خطرو وڌي ٿو ڇا؟,auto_ok,genuine reword - needs native-speaker review
v3036,1517,زرخيزي ۽ پيداواري صحت,STIs/RTIs ۽ زرخيزي جو اثر,ڇا هڪ کان وڌيڪ ڀيرا PID ٿيڻ سان بانجھ پن جو خطرو وڌي ٿو؟,PID بار بار ٿئي ته infertility جو چانس وڌي ٿو ڇا؟,auto_ok,genuine reword - needs native-speaker review
v3037,1518,زرخيزي ۽ پيداواري صحت,STIs/RTIs ۽ زرخيزي جو اثر,ڇا STI جو علاج جوڙي ٻنهي کي گڏ ڪرائجي؟,STI جو علاج جوڙو ٻنهي کي گڏ ڪرائجي ڇا؟,auto_ok,genuine reword - needs native-speaker review
v3038,1518,زرخيزي ۽ پيداواري صحت,STIs/RTIs ۽ زرخيزي جو اثر,ڇا STI جو علاج جوڙي ٻنهي کي گڏ ڪرائجي؟,STI جو treatment میاں بيوي ٻنهي کي ڪرائڻ گهرجي ڇا؟,auto_ok,genuine reword - needs native-speaker review
v3039,1519,زرخيزي ۽ پيداواري صحت,STIs/RTIs ۽ زرخيزي جو اثر,ڇا STI هجڻ باوجود حمل ٿي سگهي ٿو؟,STI هجڻ باوجود حمل ٿي سگهي ٿو ڇا؟,auto_ok,genuine reword - needs native-speaker review
v3040,1519,زرخيزي ۽ پيداواري صحت,STIs/RTIs ۽ زرخيزي جو اثر,ڇا STI هجڻ باوجود حمل ٿي سگهي ٿو؟,جنسي انفيڪشن هجي ته به ٻار ٿي سگهي ٿو ڇا؟,auto_ok,genuine reword - needs native-speaker review
v3041,1520,زرخيزي ۽ پيداواري صحت,STIs/RTIs ۽ زرخيزي جو اثر,ڇا سيفلس (Syphilis) اڻ ڄاول ٻار تي اثر انداز ٿئي ٿو؟,سيفلس اڻ ڄاول ٻار تي اثر انداز ٿئي ٿي ڇا؟,auto_ok,genuine reword - needs native-speaker review
v3042,1520,زرخيزي ۽ پيداواري صحت,STIs/RTIs ۽ زرخيزي جو اثر,ڇا سيفلس (Syphilis) اڻ ڄاول ٻار تي اثر انداز ٿئي ٿو؟,Syphilis unborn baby کي نقصان ڏئي سگهي ٿي ڇا؟,auto_ok,genuine reword - needs native-speaker review
v3043,1521,زرخيزي ۽ پيداواري صحت,STIs/RTIs ۽ زرخيزي جو اثر,ڇا STI جي جانچ حمل جي منصوبه بندي کان اڳ ضروري آهي؟,STI جي جانچ حمل جي منصوبابندي کان اڳ ضروري آهي ڇا؟,auto_ok,genuine reword - needs native-speaker review
v3044,1521,زرخيزي ۽ پيداواري صحت,STIs/RTIs ۽ زرخيزي جو اثر,ڇا STI جي جانچ حمل جي منصوبه بندي کان اڳ ضروري آهي؟,حمل جي پلاننگ کان اڳ STI test ڪرائجي ڇا؟,auto_ok,genuine reword - needs native-speaker review
v3045,1522,زرخيزي ۽ پيداواري صحت,STIs/RTIs ۽ زرخيزي جو اثر,ڇا اڻ علاج ٿيل STI ايڪٽوپڪ حمل جو خطرو وڌائي ٿي؟,اڻ علاج ٿيل STI ايڪٽوپڪ حمل جو خطرو وڌائي ٿي ڇا؟,auto_ok,genuine reword - needs native-speaker review
v3046,1522,زرخيزي ۽ پيداواري صحت,STIs/RTIs ۽ زرخيزي جو اثر,ڇا اڻ علاج ٿيل STI ايڪٽوپڪ حمل جو خطرو وڌائي ٿي؟,STI جو علاج نه ٿئي ته ectopic pregnancy جو چانس وڌي ٿو ڇا؟,auto_ok,genuine reword - needs native-speaker review
v3047,1523,زرخيزي ۽ پيداواري صحت,STIs/RTIs ۽ زرخيزي جو اثر,ڇا STI جي علامتون مردن ۽ عورتن ۾ مختلف هونديون آهن؟,STI جون علامتون مردن ۽ عورتن ۾ مختلف هونديون آهن ڇا؟,auto_ok,genuine reword - needs native-speaker review
v3048,1523,زرخيزي ۽ پيداواري صحت,STIs/RTIs ۽ زرخيزي جو اثر,ڇا STI جي علامتون مردن ۽ عورتن ۾ مختلف هونديون آهن؟,STI جون نشانيون مرد ۽ عورت ۾ الڳ آهن ڇا؟,auto_ok,genuine reword - needs native-speaker review
v3049,1524,زرخيزي ۽ پيداواري صحت,STIs/RTIs ۽ زرخيزي جو اثر,ڇا HIV پازيٽو عورت حامله ٿي سگهي ٿي؟,HIV پازيٽو عورت حامله ٿي سگهي ٿي ڇا؟,auto_ok,genuine reword - needs native-speaker review
v3050,1524,زرخيزي ۽ پيداواري صحت,STIs/RTIs ۽ زرخيزي جو اثر,ڇا HIV پازيٽو عورت حامله ٿي سگهي ٿي؟,HIV واري عورت ٻار ٿي سگهي ٿو ڇا؟,auto_ok,genuine reword - needs native-speaker review
v3051,1525,زرخيزي ۽ پيداواري صحت,STIs/RTIs ۽ زرخيزي جو اثر,ڇا STIs کي مڪمل طور روڪي سگھجي ٿو؟,STIs مڪمل طور روڪي سگهجن ٿيون ڇا؟,auto_ok,genuine reword - needs native-speaker review
v3052,1525,زرخيزي ۽ پيداواري صحت,STIs/RTIs ۽ زرخيزي جو اثر,ڇا STIs کي مڪمل طور روڪي سگھجي ٿو؟,جنسي انفيڪشن کان مڪمل بچاءُ ممڪن آهي ڇا؟,auto_ok,genuine reword - needs native-speaker review
v3053,1526,زرخيزي ۽ پيداواري صحت,STIs/RTIs ۽ زرخيزي جو اثر,ڇا ريپيٽيڊ (بار بار) STIs جو مطلب آهي ته زرخيزي کي وڌيڪ نقصان پهچي ٿو؟,بار بار STIs جو مطلب آهي ته زرخيزي کي وڌيڪ نقصان پهچي ٿو ڇا؟,auto_ok,genuine reword - needs native-speaker review
v3054,1526,زرخيزي ۽ پيداواري صحت,STIs/RTIs ۽ زرخيزي جو اثر,ڇا ريپيٽيڊ (بار بار) STIs جو مطلب آهي ته زرخيزي کي وڌيڪ نقصان پهچي ٿو؟,بار بار STI ٿيڻ سان fertility ڏانهن وڌيڪ نقصان پهچي ٿو ڇا؟,auto_ok,genuine reword - needs native-speaker review
v3055,1527,زرخيزي ۽ پيداواري صحت,STIs/RTIs ۽ زرخيزي جو اثر,ڇا هرپس (Herpes) حمل کي متاثر ڪري ٿو؟,هرپس حمل کي متاثر ڪري ٿي ڇا؟,auto_ok,genuine reword - needs native-speaker review
v3056,1527,زرخيزي ۽ پيداواري صحت,STIs/RTIs ۽ زرخيزي جو اثر,ڇا هرپس (Herpes) حمل کي متاثر ڪري ٿو؟,Herpes سان حمل تي ڪو اثر پوي ٿو ڇا؟,auto_ok,genuine reword - needs native-speaker review
v3057,1528,زرخيزي ۽ پيداواري صحت,STIs/RTIs ۽ زرخيزي جو اثر,ڇا نوجوان عورتون STIs جي وڌيڪ خطري ۾ هونديون آهن؟,نوجوان عورتون STIs جي وڌيڪ خطري ۾ هونديون آهن ڇا؟,auto_ok,genuine reword - needs native-speaker review
v3058,1528,زرخيزي ۽ پيداواري صحت,STIs/RTIs ۽ زرخيزي جو اثر,ڇا نوجوان عورتون STIs جي وڌيڪ خطري ۾ هونديون آهن؟,ننڍي عمر جي عورتن کي STI جو خطرو زياده هوندو آهي ڇا؟,auto_ok,genuine reword - needs native-speaker review
v3059,1529,زرخيزي ۽ پيداواري صحت,STIs/RTIs ۽ زرخيزي جو اثر,ڇا اسڪار ٽشو جي ڪري فيلوپين ٽيوب بند ٿي سگهي ٿي STI جي ڪري؟,STI سبب داغ ٽشو ڪري فيلوپين ٽيوب بند ٿي سگهي ٿي ڇا؟,auto_ok,genuine reword - needs native-speaker review
v3060,1529,زرخيزي ۽ پيداواري صحت,STIs/RTIs ۽ زرخيزي جو اثر,ڇا اسڪار ٽشو جي ڪري فيلوپين ٽيوب بند ٿي سگهي ٿي STI جي ڪري؟,STI ڪري fallopian tube بند ٿي سگهي ٿي ڇا؟,auto_ok,genuine reword - needs native-speaker review
v3061,1530,زرخيزي ۽ پيداواري صحت,STIs/RTIs ۽ زرخيزي جو اثر,ڇا STI جي علاج دوران جنسي ملاپ کان پاسو ڪجي؟,STI جي علاج دوران جنسي ملاپ کان پاسو ڪجي ڇا؟,auto_ok,genuine reword - needs native-speaker review
v3062,1530,زرخيزي ۽ پيداواري صحت,STIs/RTIs ۽ زرخيزي جو اثر,ڇا STI جي علاج دوران جنسي ملاپ کان پاسو ڪجي؟,STI جو علاج هلندي جسماني تعلق کان بچجي ڇا؟,auto_ok,genuine reword - needs native-speaker review
v3063,1531,زرخيزي ۽ پيداواري صحت,STIs/RTIs ۽ زرخيزي جو اثر,ڇا باقاعده STI اسڪريننگ ڪرائڻ سان مستقبل جي زرخيزي بچائي سگهجي ٿي؟,باقاعده STI اسڪريننگ سان مستقبل جي زرخيزي بچائي سگهجي ٿي ڇا؟,auto_ok,genuine reword - needs native-speaker review
v3064,1531,زرخيزي ۽ پيداواري صحت,STIs/RTIs ۽ زرخيزي جو اثر,ڇا باقاعده STI اسڪريننگ ڪرائڻ سان مستقبل جي زرخيزي بچائي سگهجي ٿي؟,وقتي STI ٽيسٽ سان اڳتي جي fertility محفوظ رهي ٿي ڇا؟,auto_ok,genuine reword - needs native-speaker review
v3065,1532,زرخيزي ۽ پيداواري صحت,بانجھ پن جا سبب ۽ جڏھن مدد طلب ڪجي,بانجھ پن جي طبي تعريف ڇا آھي؟,بانجھ پن جي طبي تعريف ڇا آهي؟,auto_ok,genuine reword - needs native-speaker review
v3066,1532,زرخيزي ۽ پيداواري صحت,بانجھ پن جا سبب ۽ جڏھن مدد طلب ڪجي,بانجھ پن جي طبي تعريف ڇا آھي؟,infertility جو طبي مطلب ڪهڙو آهي؟,auto_ok,genuine reword - needs native-speaker review
v3067,1533,زرخيزي ۽ پيداواري صحت,بانجھ پن جا سبب ۽ جڏھن مدد طلب ڪجي,جڏهن هڪ جوڙو زرخيز خدشات بابت ڊاڪٽر کي ڏسڻ گهرجي؟,جوڙو زرخيزي جي خدشن بابت ڪڏهن ڊاڪٽر کي ڏسي؟,auto_ok,genuine reword - needs native-speaker review
v3068,1533,زرخيزي ۽ پيداواري صحت,بانجھ پن جا سبب ۽ جڏھن مدد طلب ڪجي,جڏهن هڪ جوڙو زرخيز خدشات بابت ڊاڪٽر کي ڏسڻ گهرجي؟,حمل نه ٿي رهيو هجي ته ميان بيوي ڪهڙي وقت ڊاڪٽر وٽ وڃن؟,auto_ok,genuine reword - needs native-speaker review
v3069,1534,زرخيزي ۽ پيداواري صحت,بانجھ پن جا سبب ۽ جڏھن مدد طلب ڪجي,عورتن جي بانجھ پن جا عام سبب ڪهڙا آهن؟,عورتن ۾ infertility جا عام ڪارڻ ڇا آهن؟,auto_ok,genuine reword - needs native-speaker review
v3070,1534,زرخيزي ۽ پيداواري صحت,بانجھ پن جا سبب ۽ جڏھن مدد طلب ڪجي,عورتن جي بانجھ پن جا عام سبب ڪهڙا آهن؟,عورتن ۾ infertility جا عام ڪارڻ ڇا آهن؟,auto_ok,genuine reword - needs native-speaker review
v3071,1535,زرخيزي ۽ پيداواري صحت,بانجھ پن جا سبب ۽ جڏھن مدد طلب ڪجي,مرد بانجھ پن جا عام سبب ڪهڙا آهن؟,مردن ۾ infertility جا عام سبب ڇا آهن؟,auto_ok,genuine reword - needs native-speaker review
v3072,1535,زرخيزي ۽ پيداواري صحت,بانجھ پن جا سبب ۽ جڏھن مدد طلب ڪجي,مرد بانجھ پن جا عام سبب ڪهڙا آهن؟,مردن ۾ infertility جا عام سبب ڇا آهن؟,auto_ok,genuine reword - needs native-speaker review
v3073,1536,زرخيزي ۽ پيداواري صحت,بانجھ پن جا سبب ۽ جڏھن مدد طلب ڪجي,بانجھ پن جو سبب مرد يا عورت ۾ ڪيترو عام آهي؟,infertility جو ذميدار مرد يا عورت، ڪهڙي فيصد ۾ ٿئي ٿو؟,auto_ok,genuine reword - needs native-speaker review
v3074,1536,زرخيزي ۽ پيداواري صحت,بانجھ پن جا سبب ۽ جڏھن مدد طلب ڪجي,بانجھ پن جو سبب مرد يا عورت ۾ ڪيترو عام آهي؟,infertility جو ذميدار مرد يا عورت، ڪهڙي فيصد ۾ ٿئي ٿو؟,auto_ok,genuine reword - needs native-speaker review
v3075,1537,زرخيزي ۽ پيداواري صحت,بانجھ پن جا سبب ۽ جڏھن مدد طلب ڪجي,عام طور تي بانجھيت جي تشخيص ڪرڻ لاءِ ڪهڙا تجربا ڪيا ويندا آهن؟,عام طور بانجھيت جي تشخيص لاءِ ڪهڙا تجربا ڪيا ويندا آهن؟,auto_ok,genuine reword - needs native-speaker review
v3076,1537,زرخيزي ۽ پيداواري صحت,بانجھ پن جا سبب ۽ جڏھن مدد طلب ڪجي,عام طور تي بانجھيت جي تشخيص ڪرڻ لاءِ ڪهڙا تجربا ڪيا ويندا آهن؟,infertility جي پڪ لاءِ عام طور ڪهڙا ٽيسٽ ڪرايا ويندا آهن؟,auto_ok,genuine reword - needs native-speaker review
v3077,1538,زرخيزي ۽ پيداواري صحت,بانجھ پن جا سبب ۽ جڏھن مدد طلب ڪجي,ڇا بانجھ پن جو مطلب آهي ته ٻار پيدا ٿيڻ ناممڪن آهي؟,بانجھ پن جو مطلب اهو آهي ته ٻار پيدا ٿيڻ ناممڪن آهي ڇا؟,auto_ok,genuine reword - needs native-speaker review
v3078,1538,زرخيزي ۽ پيداواري صحت,بانجھ پن جا سبب ۽ جڏھن مدد طلب ڪجي,ڇا بانجھ پن جو مطلب آهي ته ٻار پيدا ٿيڻ ناممڪن آهي؟,infertility هجڻ سان ٻار ٿيڻ بلڪل ناممڪن ٿي وڃي ٿو ڇا؟,auto_ok,genuine reword - needs native-speaker review
v3079,1539,زرخيزي ۽ پيداواري صحت,بانجھ پن جا سبب ۽ جڏھن مدد طلب ڪجي,ڇا بند ٿيل فيلوپيئن ٽيوب جو علاج ٿي سگهي ٿو؟,بند ٿيل فيلوپيئن ٽيوب جو علاج ٿي سگهي ٿو ڇا؟,auto_ok,genuine reword - needs native-speaker review
v3080,1539,زرخيزي ۽ پيداواري صحت,بانجھ پن جا سبب ۽ جڏھن مدد طلب ڪجي,ڇا بند ٿيل فيلوپيئن ٽيوب جو علاج ٿي سگهي ٿو؟,blocked fallopian tube جو علاج ممڪن آهي ڇا؟,auto_ok,genuine reword - needs native-speaker review
v3081,1540,زرخيزي ۽ پيداواري صحت,بانجھ پن جا سبب ۽ جڏھن مدد طلب ڪجي,Endometriosis بانجھ پن جو سبب ڪيئن بڻجي ٿي؟,Endometriosis سان infertility ڪيئن ٿي سگهي ٿي؟,auto_ok,genuine reword - needs native-speaker review
v3082,1540,زرخيزي ۽ پيداواري صحت,بانجھ پن جا سبب ۽ جڏھن مدد طلب ڪجي,Endometriosis بانجھ پن جو سبب ڪيئن بڻجي ٿي؟,Endometriosis سان infertility ڪيئن ٿي سگهي ٿي؟,auto_ok,genuine reword - needs native-speaker review
v3083,1541,زرخيزي ۽ پيداواري صحت,بانجھ پن جا سبب ۽ جڏھن مدد طلب ڪجي,اڻ ڄاڻايل بانجھ پن ڇا آهي؟,unexplained infertility جو مطلب ڪهڙو آهي؟,auto_ok,genuine reword - needs native-speaker review
v3084,1541,زرخيزي ۽ پيداواري صحت,بانجھ پن جا سبب ۽ جڏھن مدد طلب ڪجي,اڻ ڄاڻايل بانجھ پن ڇا آهي؟,unexplained infertility جو مطلب ڪهڙو آهي؟,auto_ok,genuine reword - needs native-speaker review
v3085,1542,زرخيزي ۽ پيداواري صحت,بانجھ پن جا سبب ۽ جڏھن مدد طلب ڪجي,ڊاڪٽر سان ڪڏهن صلاح ڪجي جيڪڏهن حمل نه ٿي رهيو هجي؟,حمل نه ٿي رهيو هجي ته ڪڏهن ڊاڪٽر سان صلاح ڪجي؟,auto_ok,genuine reword - needs native-speaker review
v3086,1542,زرخيزي ۽ پيداواري صحت,بانجھ پن جا سبب ۽ جڏھن مدد طلب ڪجي,ڊاڪٽر سان ڪڏهن صلاح ڪجي جيڪڏهن حمل نه ٿي رهيو هجي؟,ٻار ٿيڻ ۾ دير ٿي رهي هجي ته طبيب سان ڪهڙي وقت ملجي؟,auto_ok,genuine reword - needs native-speaker review
v3087,1543,زرخيزي ۽ پيداواري صحت,بانجھ پن جا سبب ۽ جڏھن مدد طلب ڪجي,PCOS (Polycystic Ovary Syndrome) بانجھ پن جو سبب ڪيئن بڻجي ٿي؟,PCOS بانجھ پن جو سبب ڪيئن بڻجي ٿي؟,auto_ok,genuine reword - needs native-speaker review
v3088,1543,زرخيزي ۽ پيداواري صحت,بانجھ پن جا سبب ۽ جڏھن مدد طلب ڪجي,PCOS (Polycystic Ovary Syndrome) بانجھ پن جو سبب ڪيئن بڻجي ٿي؟,PCOS سان infertility ڪيئن ٿي سگهي ٿي؟,auto_ok,genuine reword - needs native-speaker review
v3089,1544,زرخيزي ۽ پيداواري صحت,بانجھ پن جا سبب ۽ جڏھن مدد طلب ڪجي,Intrauterine Insemination (IUI) ڇا آهي؟,IUI جو مطلب ڪهڙو آهي؟,auto_ok,genuine reword - needs native-speaker review
v3090,1544,زرخيزي ۽ پيداواري صحت,بانجھ پن جا سبب ۽ جڏھن مدد طلب ڪجي,Intrauterine Insemination (IUI) ڇا آهي؟,IUI جو مطلب ڪهڙو آهي؟,auto_ok,genuine reword - needs native-speaker review
v3091,1545,زرخيزي ۽ پيداواري صحت,بانجھ پن جا سبب ۽ جڏھن مدد طلب ڪجي,زرخيزي جي تشخيص ۾ مني تجزيي جو ڪردار ڇا آهي؟,fertility test ۾ sperm analysis جو ڇا فائدو آهي؟,auto_ok,genuine reword - needs native-speaker review
v3092,1545,زرخيزي ۽ پيداواري صحت,بانجھ پن جا سبب ۽ جڏھن مدد طلب ڪجي,زرخيزي جي تشخيص ۾ مني تجزيي جو ڪردار ڇا آهي؟,fertility test ۾ sperm analysis جو ڇا فائدو آهي؟,auto_ok,genuine reword - needs native-speaker review
v3093,1546,زرخيزي ۽ پيداواري صحت,بانجھ پن جا سبب ۽ جڏھن مدد طلب ڪجي,ڇا وزن جي انتها (تمام گھٽ يا تمام وڌيڪ) بانجھ پن جو سبب بڻجي سگهي ٿي؟,وزن جي انتها (تمام گھٽ يا تمام وڌيڪ) بانجھ پن جو سبب بڻجي سگهي ٿي ڇا؟,auto_ok,genuine reword - needs native-speaker review
v3094,1546,زرخيزي ۽ پيداواري صحت,بانجھ پن جا سبب ۽ جڏھن مدد طلب ڪجي,ڇا وزن جي انتها (تمام گھٽ يا تمام وڌيڪ) بانجھ پن جو سبب بڻجي سگهي ٿي؟,بيحد گھٽ يا وڌيڪ وزن infertility پيدا ڪري سگهي ٿو ڇا؟,auto_ok,genuine reword - needs native-speaker review
v3095,1547,زرخيزي ۽ پيداواري صحت,بانجھ پن جا سبب ۽ جڏھن مدد طلب ڪجي,ڇا تمباکو نوشي عورتن ۾ بانجھ پن جو خطرو وڌائي ٿي؟,تماڪ نوشي عورتن ۾ بانجھ پن جو خطرو وڌائي ٿي ڇا؟,auto_ok,genuine reword - needs native-speaker review
v3096,1547,زرخيزي ۽ پيداواري صحت,بانجھ پن جا سبب ۽ جڏھن مدد طلب ڪجي,ڇا تمباکو نوشي عورتن ۾ بانجھ پن جو خطرو وڌائي ٿي؟,سگريٽ نوشي عورتن جي infertility جو چانس وڌائي ٿي ڇا؟,auto_ok,genuine reword - needs native-speaker review
v3097,1548,زرخيزي ۽ پيداواري صحت,بانجھ پن جا سبب ۽ جڏھن مدد طلب ڪجي,سيڪنڊري بانجھ پن (secondary infertility) ڇا آهي؟,سيڪنڊري بانجھ پن ڇا آهي؟,auto_ok,genuine reword - needs native-speaker review
v3098,1548,زرخيزي ۽ پيداواري صحت,بانجھ پن جا سبب ۽ جڏھن مدد طلب ڪجي,سيڪنڊري بانجھ پن (secondary infertility) ڇا آهي؟,secondary infertility جو مطلب ڪهڙو آهي؟,auto_ok,genuine reword - needs native-speaker review
v3099,1549,زرخيزي ۽ پيداواري صحت,بانجھ پن جا سبب ۽ جڏھن مدد طلب ڪجي,ڇا مانع حمل گوليون ڊگهي عرصي کان استعمال ڪرڻ بانجھ پن جو سبب بڻجن ٿيون؟,ڊگهي ماهواري مانع حمل گوريون کائڻ سان بانجھ پن ٿي سگهي ٿي ڇا؟,auto_ok,genuine reword - needs native-speaker review
v3100,1549,زرخيزي ۽ پيداواري صحت,بانجھ پن جا سبب ۽ جڏھن مدد طلب ڪجي,ڇا مانع حمل گوليون ڊگهي عرصي کان استعمال ڪرڻ بانجھ پن جو سبب بڻجن ٿيون؟,birth control tablets ڊگهو وقت کائڻ سان infertility ٿي سگهي ٿي ڇا؟,auto_ok,genuine reword - needs native-speaker review
v3101,1550,زرخيزي ۽ پيداواري صحت,بانجھ پن جا سبب ۽ جڏھن مدد طلب ڪجي,ovarian reserve testing ڇا آهي؟,Ovarian reserve testing ڇا آهي؟,auto_ok,genuine reword - needs native-speaker review
v3102,1550,زرخيزي ۽ پيداواري صحت,بانجھ پن جا سبب ۽ جڏھن مدد طلب ڪجي,ovarian reserve testing ڇا آهي؟,ovarian reserve test ڇا ٻڌائي ٿو؟,auto_ok,genuine reword - needs native-speaker review
v3103,1551,زرخيزي ۽ پيداواري صحت,بانجھ پن جا سبب ۽ جڏھن مدد طلب ڪجي,ڇا اسپرم جي معيار عمر سان گھٽجي ٿو؟,اسپرم جو معيار عمر سان گھٽجي ٿو ڇا؟,auto_ok,genuine reword - needs native-speaker review
v3104,1551,زرخيزي ۽ پيداواري صحت,بانجھ پن جا سبب ۽ جڏھن مدد طلب ڪجي,ڇا اسپرم جي معيار عمر سان گھٽجي ٿو؟,مرد جي عمر وڌڻ سان sperm quality خراب ٿئي ٿي ڇا؟,auto_ok,genuine reword - needs native-speaker review
v3105,1552,زرخيزي ۽ پيداواري صحت,بانجھ پن جا سبب ۽ جڏھن مدد طلب ڪجي,ڇا فائبرائيڊز (fibroids) بانجھ پن جو سبب بڻجي سگهن ٿا؟,فائبرائيڊز بانجھ پن جو سبب بڻجي سگهن ٿا ڇا؟,auto_ok,genuine reword - needs native-speaker review
v3106,1552,زرخيزي ۽ پيداواري صحت,بانجھ پن جا سبب ۽ جڏھن مدد طلب ڪجي,ڇا فائبرائيڊز (fibroids) بانجھ پن جو سبب بڻجي سگهن ٿا؟,uterine fibroids سان infertility ٿي سگهي ٿي ڇا؟,auto_ok,genuine reword - needs native-speaker review
v3107,1553,زرخيزي ۽ پيداواري صحت,بانجھ پن جا سبب ۽ جڏھن مدد طلب ڪجي,ڇا هارمونل عدم توازن بانجھ پن جو سبب آهي؟,هارمونل عدم توازن بانجھ پن جو سبب آهي ڇا؟,auto_ok,genuine reword - needs native-speaker review
v3108,1553,زرخيزي ۽ پيداواري صحت,بانجھ پن جا سبب ۽ جڏھن مدد طلب ڪجي,ڇا هارمونل عدم توازن بانجھ پن جو سبب آهي؟,hormonal imbalance سبب infertility ٿي سگهي ٿي ڇا؟,auto_ok,genuine reword - needs native-speaker review
v3109,1554,زرخيزي ۽ پيداواري صحت,بانجھ پن جا سبب ۽ جڏھن مدد طلب ڪجي,ڇا IVF جي ڪاميابي جي شرح عمر سان تعلق رکي ٿي؟,IVF جي ڪاميابي جي شرح عمر سان تعلق رکي ٿي ڇا؟,auto_ok,genuine reword - needs native-speaker review
v3110,1554,زرخيزي ۽ پيداواري صحت,بانجھ پن جا سبب ۽ جڏھن مدد طلب ڪجي,ڇا IVF جي ڪاميابي جي شرح عمر سان تعلق رکي ٿي؟,IVF success rate عمر مطابق مختلف آهي ڇا؟,auto_ok,genuine reword - needs native-speaker review
v3111,1555,زرخيزي ۽ پيداواري صحت,بانجھ پن جا سبب ۽ جڏھن مدد طلب ڪجي,ڇا مرد بانجھ پن جي تشخيص لاءِ ڪهڙا ٽيسٽ ڪيا ويندا آهن؟,مرد ۾ infertility جو پتو لڳائڻ لاءِ ڪهڙا امتحان ڪرايا ويندا آهن؟,auto_ok,genuine reword - needs native-speaker review
v3112,1555,زرخيزي ۽ پيداواري صحت,بانجھ پن جا سبب ۽ جڏھن مدد طلب ڪجي,ڇا مرد بانجھ پن جي تشخيص لاءِ ڪهڙا ٽيسٽ ڪيا ويندا آهن؟,مرد infertility جي پڪ لاءِ ڪهڙا ٽيسٽ ٿين ٿا؟,auto_ok,genuine reword - needs native-speaker review
v3113,1556,زرخيزي ۽ پيداواري صحت,بانجھ پن جا سبب ۽ جڏھن مدد طلب ڪجي,ڇا وارڪوسيل (varicocele) مرد بانجھ پن جو سبب بڻجي سگھي ٿو؟,وارڪوسيل مرد بانجھ پن جو سبب بڻجي سگهي ٿي ڇا؟,auto_ok,genuine reword - needs native-speaker review
v3114,1556,زرخيزي ۽ پيداواري صحت,بانجھ پن جا سبب ۽ جڏھن مدد طلب ڪجي,ڇا وارڪوسيل (varicocele) مرد بانجھ پن جو سبب بڻجي سگھي ٿو؟,varicocele سان مرد infertility ٿي سگهي ٿي ڇا؟,auto_ok,genuine reword - needs native-speaker review
v3115,1557,زرخيزي ۽ پيداواري صحت,بانجھ پن جا سبب ۽ جڏھن مدد طلب ڪجي,ڇا ٻئي راءِ (second opinion) وٺڻ بانجھ پن جي علاج ۾ مددگار آهي؟,ٻئي راءِ وٺڻ بانجھ پن جي علاج ۾ مددگار آهي ڇا؟,auto_ok,genuine reword - needs native-speaker review
v3116,1557,زرخيزي ۽ پيداواري صحت,بانجھ پن جا سبب ۽ جڏھن مدد طلب ڪجي,ڇا ٻئي راءِ (second opinion) وٺڻ بانجھ پن جي علاج ۾ مددگار آهي؟,second opinion وٺڻ infertility treatment ۾ فائديمند آهي ڇا؟,auto_ok,genuine reword - needs native-speaker review
v3117,1558,زرخيزي ۽ پيداواري صحت,بانجھ پن جا سبب ۽ جڏھن مدد طلب ڪجي,ڇا اسٽريس بانجھ پن جو سڌو سبب بڻجي ٿو؟,اسٽريس بانجھ پن جو سڌو سبب بڻجي ٿو ڇا؟,auto_ok,genuine reword - needs native-speaker review
v3118,1558,زرخيزي ۽ پيداواري صحت,بانجھ پن جا سبب ۽ جڏھن مدد طلب ڪجي,ڇا اسٽريس بانجھ پن جو سڌو سبب بڻجي ٿو؟,ذهني دٻاءُ سڌو سنئون infertility پيدا ڪري ٿو ڇا؟,auto_ok,genuine reword - needs native-speaker review
v3119,1559,زرخيزي ۽ پيداواري صحت,بانجھ پن جا سبب ۽ جڏھن مدد طلب ڪجي,ڇا بانجھ پن جو علاج مهانگو هوندو آهي؟,بانجھ پن جو علاج مهانگو هوندو آهي ڇا؟,auto_ok,genuine reword - needs native-speaker review
v3120,1559,زرخيزي ۽ پيداواري صحت,بانجھ پن جا سبب ۽ جڏھن مدد طلب ڪجي,ڇا بانجھ پن جو علاج مهانگو هوندو آهي؟,infertility جو علاج زياده خرچائتو هوندو آهي ڇا؟,auto_ok,genuine reword - needs native-speaker review
v3121,1560,زرخيزي ۽ پيداواري صحت,بانجھ پن جا سبب ۽ جڏھن مدد طلب ڪجي,ڇا Egg freezing زرخيزي کي محفوظ رکڻ جو طريقو آهي؟,انڊا منجهائڻ (egg freezing) زرخيزي محفوظ رکڻ جو طريقو آهي ڇا؟,auto_ok,genuine reword - needs native-speaker review
v3122,1560,زرخيزي ۽ پيداواري صحت,بانجھ پن جا سبب ۽ جڏھن مدد طلب ڪجي,ڇا Egg freezing زرخيزي کي محفوظ رکڻ جو طريقو آهي؟,egg freezing سان fertility محفوظ رکي سگهجي ٿي ڇا؟,auto_ok,genuine reword - needs native-speaker review
v3123,1561,زرخيزي ۽ پيداواري صحت,بانجھ پن جا سبب ۽ جڏھن مدد طلب ڪجي,ڇا بانجھ پن جو اثر عورت جي جذباتي صحت تي پوي ٿو؟,بانجھ پن جو اثر عورت جي جذباتي صحت تي پوي ٿو ڇا؟,auto_ok,genuine reword - needs native-speaker review
v3124,1561,زرخيزي ۽ پيداواري صحت,بانجھ پن جا سبب ۽ جڏھن مدد طلب ڪجي,ڇا بانجھ پن جو اثر عورت جي جذباتي صحت تي پوي ٿو؟,infertility سبب عورت جي ذهني حالت متاثر ٿئي ٿي ڇا؟,auto_ok,genuine reword - needs native-speaker review
v3125,1562,زرخيزي ۽ پيداواري صحت,بانجھ پن جا سبب ۽ جڏھن مدد طلب ڪجي,ڇا فيملي هسٽري (خاندان ۾ بانجھ پن) اثر انداز ٿئي ٿي؟,خاندان ۾ بانجھ پن جي تاريخ اثر انداز ٿئي ٿي ڇا؟,auto_ok,genuine reword - needs native-speaker review
v3126,1562,زرخيزي ۽ پيداواري صحت,بانجھ پن جا سبب ۽ جڏھن مدد طلب ڪجي,ڇا فيملي هسٽري (خاندان ۾ بانجھ پن) اثر انداز ٿئي ٿي؟,family history سان infertility جو تعلق آهي ڇا؟,auto_ok,genuine reword - needs native-speaker review
v3127,1563,زرخيزي ۽ پيداواري صحت,بانجھ پن جا سبب ۽ جڏھن مدد طلب ڪجي,ڇا ماحولياتي عنصر بانجھ پن جو سبب بڻجي سگهن ٿا؟,ماحولياتي عنصر بانجھ پن جو سبب بڻجي سگهن ٿا ڇا؟,auto_ok,genuine reword - needs native-speaker review
v3128,1563,زرخيزي ۽ پيداواري صحت,بانجھ پن جا سبب ۽ جڏھن مدد طلب ڪجي,ڇا ماحولياتي عنصر بانجھ پن جو سبب بڻجي سگهن ٿا؟,آسپاس جو ماحول infertility پيدا ڪري سگهي ٿو ڇا؟,auto_ok,genuine reword - needs native-speaker review
v3129,1564,زرخيزي ۽ پيداواري صحت,تصور ڪرڻ جي ڪوشش,عام طور تي صحتمند جوڑوں کي حمل ڪرڻ ۾ ڪيترو وقت لڳندو آهي؟,عام طور صحتمند جوڙن کي حمل ڪرڻ ۾ ڪيترو وقت لڳندو آهي؟,auto_ok,genuine reword - needs native-speaker review
v3130,1564,زرخيزي ۽ پيداواري صحت,تصور ڪرڻ جي ڪوشش,عام طور تي صحتمند جوڑوں کي حمل ڪرڻ ۾ ڪيترو وقت لڳندو آهي؟,healthy couple کي حامله ٿيڻ ۾ عام طور ڪيترو وقت لڳي ٿو؟,auto_ok,genuine reword - needs native-speaker review
v3131,1565,زرخيزي ۽ پيداواري صحت,تصور ڪرڻ جي ڪوشش,حامله ٿيڻ جي ڪوشش ڪرڻ وقت هڪ جوڙي کي ڪيترا ڀيرا جماع ڪرڻ گهرجي؟,حامله ٿيڻ جي ڪوشش دوران هڪ جوڙي کي ڪيترا ڀيرا جماع ڪجي؟,auto_ok,genuine reword - needs native-speaker review
v3132,1565,زرخيزي ۽ پيداواري صحت,تصور ڪرڻ جي ڪوشش,حامله ٿيڻ جي ڪوشش ڪرڻ وقت هڪ جوڙي کي ڪيترا ڀيرا جماع ڪرڻ گهرجي؟,ٻار ٿيڻ لاءِ ڪوشش دوران intercourse جو ڪيترو تعدد رکجي؟,auto_ok,genuine reword - needs native-speaker review
v3133,1566,زرخيزي ۽ پيداواري صحت,تصور ڪرڻ جي ڪوشش,ڇا عمر هڪ عورت جي حمل جي صلاحيت کي متاثر ڪري ٿي؟,عمر عورت جي حمل جي صلاحيت کي متاثر ڪري ٿي ڇا؟,auto_ok,genuine reword - needs native-speaker review
v3134,1566,زرخيزي ۽ پيداواري صحت,تصور ڪرڻ جي ڪوشش,ڇا عمر هڪ عورت جي حمل جي صلاحيت کي متاثر ڪري ٿي؟,عمر وڌڻ سان عورت جي ٻار ٿيڻ جي صلاحيت گھٽجي ٿي ڇا؟,auto_ok,genuine reword - needs native-speaker review
v3135,1567,زرخيزي ۽ پيداواري صحت,تصور ڪرڻ جي ڪوشش,ڇا طرز زندگي جا عنصر حمل جي موقعن کي بهتر بڻائي سگهن ٿا؟,طرز زندگي جا عنصر حمل جا موقعا بهتر بڻائي سگهن ٿا ڇا؟,auto_ok,genuine reword - needs native-speaker review
v3136,1567,زرخيزي ۽ پيداواري صحت,تصور ڪرڻ جي ڪوشش,ڇا طرز زندگي جا عنصر حمل جي موقعن کي بهتر بڻائي سگهن ٿا؟,lifestyle habits سان حامله ٿيڻ جو چانس وڌي ٿو ڇا؟,auto_ok,genuine reword - needs native-speaker review
v3137,1568,زرخيزي ۽ پيداواري صحت,تصور ڪرڻ جي ڪوشش,ڇا عورت کي حمل ڪرڻ جي ڪوشش دوران فولڪ ايسڊ وٺڻ گهرجي؟,حمل ڪرڻ جي ڪوشش دوران فوليڪ ايسڊ وٺجي ڇا؟,auto_ok,genuine reword - needs native-speaker review
v3138,1568,زرخيزي ۽ پيداواري صحت,تصور ڪرڻ جي ڪوشش,ڇا عورت کي حمل ڪرڻ جي ڪوشش دوران فولڪ ايسڊ وٺڻ گهرجي؟,ٻار ٿيڻ جي ڪوشش وقت folic acid کائجي ڇا؟,auto_ok,genuine reword - needs native-speaker review
v3139,1569,زرخيزي ۽ پيداواري صحت,تصور ڪرڻ جي ڪوشش,ڇا دٻاء حمل کي روڪي سگھي ٿو؟,دٻاءُ حمل کي روڪي سگهي ٿو ڇا؟,auto_ok,genuine reword - needs native-speaker review
v3140,1569,زرخيزي ۽ پيداواري صحت,تصور ڪرڻ جي ڪوشش,ڇا دٻاء حمل کي روڪي سگھي ٿو؟,ذهني ٽينشن سبب حمل ۾ رڪاوٽ اچي سگهي ٿي ڇا؟,auto_ok,genuine reword - needs native-speaker review
v3141,1570,زرخيزي ۽ پيداواري صحت,تصور ڪرڻ جي ڪوشش,ڇا ڪوشش ڪرڻ جي پهرين چند مهينن ۾ حمل نه ٿيڻ عام آهي؟,ڪوشش جي پهرين چند مهينن ۾ حمل نه ٿيڻ عام آهي ڇا؟,auto_ok,genuine reword - needs native-speaker review
v3142,1570,زرخيزي ۽ پيداواري صحت,تصور ڪرڻ جي ڪوشش,ڇا ڪوشش ڪرڻ جي پهرين چند مهينن ۾ حمل نه ٿيڻ عام آهي؟,شروع جي ڪجهه مهينن ۾ ٻار نه ٿيڻ معمول جي ڳالھ آهي ڇا؟,auto_ok,genuine reword - needs native-speaker review
v3143,1571,زرخيزي ۽ پيداواري صحت,تصور ڪرڻ جي ڪوشش,ڇا مرد جي زرخيزي به عمر سان گهٽجي ٿي؟,مرد جي زرخيزي به عمر سان گھٽجي ٿي ڇا؟,auto_ok,genuine reword - needs native-speaker review
v3144,1571,زرخيزي ۽ پيداواري صحت,تصور ڪرڻ جي ڪوشش,ڇا مرد جي زرخيزي به عمر سان گهٽجي ٿي؟,مرد جي fertility وڏي عمر ۾ گھٽجي ٿي ڇا؟,auto_ok,genuine reword - needs native-speaker review
v3145,1572,زرخيزي ۽ پيداواري صحت,تصور ڪرڻ جي ڪوشش,ڪهڙيون طرز زندگي جون عادتون مرد جي زرخيزي کي گهٽائي سگهن ٿيون؟,ڪهڙيون طرز زندگي عادتون مرد جي زرخيزي گھٽائين ٿيون؟,auto_ok,genuine reword - needs native-speaker review
v3146,1572,زرخيزي ۽ پيداواري صحت,تصور ڪرڻ جي ڪوشش,ڪهڙيون طرز زندگي جون عادتون مرد جي زرخيزي کي گهٽائي سگهن ٿيون؟,ڪهڙيون عادتون مرد جي fertility کي نقصان ڏين ٿيون؟,auto_ok,genuine reword - needs native-speaker review
v3147,1573,زرخيزي ۽ پيداواري صحت,تصور ڪرڻ جي ڪوشش,ڇا وزن گھٽائڻ يا ٿلهي هجڻ ڪري حمل تي اثر انداز ٿي سگھي ٿو؟,وزن گھٽ يا وڌ هجڻ حمل تي اثر انداز ٿي سگهي ٿو ڇا؟,auto_ok,genuine reword - needs native-speaker review
v3148,1573,زرخيزي ۽ پيداواري صحت,تصور ڪرڻ جي ڪوشش,ڇا وزن گھٽائڻ يا ٿلهي هجڻ ڪري حمل تي اثر انداز ٿي سگھي ٿو؟,بيحد سنهڙو يا ٿلهو جسم حمل تي اثر وجهي ٿو ڇا؟,auto_ok,genuine reword - needs native-speaker review
v3149,1574,زرخيزي ۽ پيداواري صحت,تصور ڪرڻ جي ڪوشش,ڇا وزن زرخيزي کي متاثر ڪري ٿو؟,وزن زرخيزي کي متاثر ڪري ٿو ڇا؟,auto_ok,genuine reword - needs native-speaker review
v3150,1574,زرخيزي ۽ پيداواري صحت,تصور ڪرڻ جي ڪوشش,ڇا وزن زرخيزي کي متاثر ڪري ٿو؟,جسم جو وزن fertility تي اثر انداز ٿئي ٿو ڇا؟,auto_ok,genuine reword - needs native-speaker review
v3151,1575,زرخيزي ۽ پيداواري صحت,تصور ڪرڻ جي ڪوشش,حمل جي ڪوشش دوران ڪيترو ڀيرا جماع ڪرڻ گهرجي؟,حمل جي ڪوشش دوران ڪيترا ڀيرا جماع ڪجي؟,auto_ok,genuine reword - needs native-speaker review
v3152,1575,زرخيزي ۽ پيداواري صحت,تصور ڪرڻ جي ڪوشش,حمل جي ڪوشش دوران ڪيترو ڀيرا جماع ڪرڻ گهرجي؟,ٻار ٿيڻ لاءِ ڪوشش دوران intercourse ڪيترو ڀيرا ٿجي؟,auto_ok,genuine reword - needs native-speaker review
v3153,1576,زرخيزي ۽ پيداواري صحت,تصور ڪرڻ جي ڪوشش,ڇا سگريٽ نوشي زرخيزي کي متاثر ڪري ٿي؟,سگريٽ نوشي زرخيزي کي متاثر ڪري ٿي ڇا؟,auto_ok,genuine reword - needs native-speaker review
v3154,1576,زرخيزي ۽ پيداواري صحت,تصور ڪرڻ جي ڪوشش,ڇا سگريٽ نوشي زرخيزي کي متاثر ڪري ٿي؟,تماڪ نوشي سان fertility تي اثر پوي ٿو ڇا؟,auto_ok,genuine reword - needs native-speaker review
v3155,1577,زرخيزي ۽ پيداواري صحت,تصور ڪرڻ جي ڪوشش,ڇا هڪ هائيسٽروسالپنگگرام (HSG) بلاڪ ٿيل نلين جي تشخيص ڪري سگهي ٿو؟,HSG بند ٿيل نلين جي تشخيص ڪري سگهي ٿي ڇا؟,auto_ok,genuine reword - needs native-speaker review
v3156,1577,زرخيزي ۽ پيداواري صحت,تصور ڪرڻ جي ڪوشش,ڇا هڪ هائيسٽروسالپنگگرام (HSG) بلاڪ ٿيل نلين جي تشخيص ڪري سگهي ٿو؟,hysterosalpingogram سان blocked tubes جي پڪ ٿي سگهي ٿي ڇا؟,auto_ok,genuine reword - needs native-speaker review
v3157,1578,زرخيزي ۽ پيداواري صحت,تصور ڪرڻ جي ڪوشش,ڇا شراب پيئڻ زرخيزي کي متاثر ڪري ٿو؟,شراب پيئڻ زرخيزي کي متاثر ڪري ٿو ڇا؟,auto_ok,genuine reword - needs native-speaker review
v3158,1578,زرخيزي ۽ پيداواري صحت,تصور ڪرڻ جي ڪوشش,ڇا شراب پيئڻ زرخيزي کي متاثر ڪري ٿو؟,الڪوحل fertility تي اثر انداز ٿئي ٿي ڇا؟,auto_ok,genuine reword - needs native-speaker review
v3159,1579,زرخيزي ۽ پيداواري صحت,تصور ڪرڻ جي ڪوشش,ڇا مانع حمل گولي ڇڏڻ کان فوراً بعد حامله ٿي سگهجي ٿو؟,مانع حمل گولي ڇڏڻ کان فوراً بعد حامله ٿي سگهجي ٿو ڇا؟,auto_ok,genuine reword - needs native-speaker review
v3160,1579,زرخيزي ۽ پيداواري صحت,تصور ڪرڻ جي ڪوشش,ڇا مانع حمل گولي ڇڏڻ کان فوراً بعد حامله ٿي سگهجي ٿو؟,birth control چھوڑڻ سان جلد حمل ٿي سگهي ٿو ڇا؟,auto_ok,genuine reword - needs native-speaker review
v3161,1580,زرخيزي ۽ پيداواري صحت,تصور ڪرڻ جي ڪوشش,ڇا خاص کاڌا حامله ٿيڻ جي امڪان کي وڌائين ٿا؟,خاص کاڌا حامله ٿيڻ جو امڪان وڌائين ٿا ڇا؟,auto_ok,genuine reword - needs native-speaker review
v3162,1580,زرخيزي ۽ پيداواري صحت,تصور ڪرڻ جي ڪوشش,ڇا خاص کاڌا حامله ٿيڻ جي امڪان کي وڌائين ٿا؟,ڪجهه شيون کائڻ سان حمل جو چانس وڌي ٿو ڇا؟,auto_ok,genuine reword - needs native-speaker review
v3163,1581,زرخيزي ۽ پيداواري صحت,تصور ڪرڻ جي ڪوشش,ڇا وٽامن ڊي جي کوٽ زرخيزي کي متاثر ڪري ٿي؟,ويتامين ڊي جي گھٽتائي زرخيزي کي متاثر ڪري ٿي ڇا؟,auto_ok,genuine reword - needs native-speaker review
v3164,1581,زرخيزي ۽ پيداواري صحت,تصور ڪرڻ جي ڪوشش,ڇا وٽامن ڊي جي کوٽ زرخيزي کي متاثر ڪري ٿي؟,Vitamin D deficiency سان fertility تي اثر پوي ٿو ڇا؟,auto_ok,genuine reword - needs native-speaker review
v3165,1582,زرخيزي ۽ پيداواري صحت,تصور ڪرڻ جي ڪوشش,ڇا هڪ عورت کي حمل جي ڪوشش کان اڳ ڊاڪٽر کان چيڪ اپ ڪرائڻ گهرجي؟,عورت کي حمل جي ڪوشش کان اڳ ڊاڪٽر کان چيڪ اپ ڪرائجي ڇا؟,auto_ok,genuine reword - needs native-speaker review
v3166,1582,زرخيزي ۽ پيداواري صحت,تصور ڪرڻ جي ڪوشش,ڇا هڪ عورت کي حمل جي ڪوشش کان اڳ ڊاڪٽر کان چيڪ اپ ڪرائڻ گهرجي؟,ٻار ٿيڻ جي پلاننگ کان اڳ طبيب کي ڏسائجي ڇا؟,auto_ok,genuine reword - needs native-speaker review
v3167,1583,زرخيزي ۽ پيداواري صحت,تصور ڪرڻ جي ڪوشش,ڇا نيند جي کوٽ زرخيزي کي متاثر ڪري ٿي؟,ننڊ جي کوٽ زرخيزي کي متاثر ڪري ٿي ڇا؟,auto_ok,genuine reword - needs native-speaker review
v3168,1583,زرخيزي ۽ پيداواري صحت,تصور ڪرڻ جي ڪوشش,ڇا نيند جي کوٽ زرخيزي کي متاثر ڪري ٿي؟,پوري ننڊ نه ٿيڻ سان fertility تي اثر پوي ٿو ڇا؟,auto_ok,genuine reword - needs native-speaker review
v3169,1584,زرخيزي ۽ پيداواري صحت,تصور ڪرڻ جي ڪوشش,ڇا ٿڌ يا گرم موسم حمل جي امڪان کي متاثر ڪري ٿي؟,ٿڌي يا گرم موسم حمل جي امڪان کي متاثر ڪري ٿي ڇا؟,auto_ok,genuine reword - needs native-speaker review
v3170,1584,زرخيزي ۽ پيداواري صحت,تصور ڪرڻ جي ڪوشش,ڇا ٿڌ يا گرم موسم حمل جي امڪان کي متاثر ڪري ٿي؟,موسم بدلجڻ سان حمل جو چانس گھٽ وڌ ٿئي ٿو ڇا؟,auto_ok,genuine reword - needs native-speaker review
v3171,1585,زرخيزي ۽ پيداواري صحت,تصور ڪرڻ جي ڪوشش,ڇا هڪ ئي وقت ٻنهي ڀائيوارن کي زرخيزي جو چيڪ اپ ڪرائڻ گهرجي؟,هڪ ئي وقت ٻنهي ڀائيوارن کي زرخيزي جو چيڪ اپ ڪرائجي ڇا؟,auto_ok,genuine reword - needs native-speaker review
v3172,1585,زرخيزي ۽ پيداواري صحت,تصور ڪرڻ جي ڪوشش,ڇا هڪ ئي وقت ٻنهي ڀائيوارن کي زرخيزي جو چيڪ اپ ڪرائڻ گهرجي؟,میاں بيوي ٻنهي کي گڏ fertility test ڪرائڻ گهرجي ڇا؟,auto_ok,genuine reword - needs native-speaker review
v3173,1586,زرخيزي ۽ پيداواري صحت,تصور ڪرڻ جي ڪوشش,ڇا لوبريڪنٽ (lubricant) استعمال ڪرڻ حمل جي امڪان کي گھٽائي سگهي ٿو؟,لبريڪينٽ جو استعمال حمل جو امڪان گھٽائي سگهي ٿو ڇا؟,auto_ok,genuine reword - needs native-speaker review
v3174,1586,زرخيزي ۽ پيداواري صحت,تصور ڪرڻ جي ڪوشش,ڇا لوبريڪنٽ (lubricant) استعمال ڪرڻ حمل جي امڪان کي گھٽائي سگهي ٿو؟,lubricant استعمال ڪرڻ سان حمل جو چانس گھٽجي ٿو ڇا؟,auto_ok,genuine reword - needs native-speaker review
v3175,1587,زرخيزي ۽ پيداواري صحت,تصور ڪرڻ جي ڪوشش,ڇا موبائيل فون يا ليپ ٽاپ جي گرمي مرد جي زرخيزي کي متاثر ڪري ٿي؟,موبائل فون يا ليپ ٽاپ جي گرمي مرد جي زرخيزي کي متاثر ڪري ٿي ڇا؟,auto_ok,genuine reword - needs native-speaker review
v3176,1587,زرخيزي ۽ پيداواري صحت,تصور ڪرڻ جي ڪوشش,ڇا موبائيل فون يا ليپ ٽاپ جي گرمي مرد جي زرخيزي کي متاثر ڪري ٿي؟,موبائل/laptop جي گرمي sperm جي صحت کي نقصان ڏئي ٿي ڇا؟,auto_ok,genuine reword - needs native-speaker review
v3177,1588,زرخيزي ۽ پيداواري صحت,تصور ڪرڻ جي ڪوشش,ڇا حمل جي ڪوشش دوران ڪيفين مڪمل طور ڇڏڻ گهرجي؟,حمل جي ڪوشش دوران ڪيفين مڪمل ڇڏجي ضروري آهي ڇا؟,auto_ok,genuine reword - needs native-speaker review
v3178,1588,زرخيزي ۽ پيداواري صحت,تصور ڪرڻ جي ڪوشش,ڇا حمل جي ڪوشش دوران ڪيفين مڪمل طور ڇڏڻ گهرجي؟,ٻار ٿيڻ جي ڪوشش وقت چانهه/ڪافي بلڪل ڇڏجي ڇا؟,auto_ok,genuine reword - needs native-speaker review
v3179,1589,زرخيزي ۽ پيداواري صحت,تصور ڪرڻ جي ڪوشش,ڇا حمل جي ڪوشش دوران ورزش ڪرڻ گهرجي؟,حمل جي ڪوشش دوران ورزش ڪجي ڇا؟,auto_ok,genuine reword - needs native-speaker review
v3180,1589,زرخيزي ۽ پيداواري صحت,تصور ڪرڻ جي ڪوشش,ڇا حمل جي ڪوشش دوران ورزش ڪرڻ گهرجي؟,ٻار ٿيڻ جي ڪوشش وقت کسرت ڪرڻ ٺيڪ آهي ڇا؟,auto_ok,genuine reword - needs native-speaker review
v3181,1590,زرخيزي ۽ پيداواري صحت,تصور ڪرڻ جي ڪوشش,ڇا موٽاپو مردن جي زرخيزي کي به متاثر ڪري ٿو؟,موٽاپو مردن جي زرخيزي کي به متاثر ڪري ٿو ڇا؟,auto_ok,genuine reword - needs native-speaker review
v3182,1590,زرخيزي ۽ پيداواري صحت,تصور ڪرڻ جي ڪوشش,ڇا موٽاپو مردن جي زرخيزي کي به متاثر ڪري ٿو؟,زياده وزن مردن جي fertility کي به نقصان ڏئي ٿو ڇا؟,auto_ok,genuine reword - needs native-speaker review
v3183,1591,زرخيزي ۽ پيداواري صحت,تصور ڪرڻ جي ڪوشش,ڇا حمل جي ڪوشش دوران ذهني دٻاءُ گھٽائڻ جا طريقا مددگار آهن؟,حمل جي ڪوشش دوران ذهني دٻاءُ گھٽائڻ جا طريقا مددگار آهن ڇا؟,auto_ok,genuine reword - needs native-speaker review
v3184,1591,زرخيزي ۽ پيداواري صحت,تصور ڪرڻ جي ڪوشش,ڇا حمل جي ڪوشش دوران ذهني دٻاءُ گھٽائڻ جا طريقا مددگار آهن؟,ٽينشن گھٽائڻ سان حمل ٿيڻ ۾ مدد ملي ٿي ڇا؟,auto_ok,genuine reword - needs native-speaker review
v3185,1592,زرخيزي ۽ پيداواري صحت,تصور ڪرڻ جي ڪوشش,ڇا هڪ سال کان وڌيڪ ڪوشش ڪرڻ کان پوءِ به حمل نه ٿيڻ تي فوري ڊاڪٽر کي ڏيکارجي؟,هڪ سال کان وڌيڪ ڪوشش بعد به حمل نه ٿئي ته فوري ڊاڪٽر کي ڏيکارجي ڇا؟,auto_ok,genuine reword - needs native-speaker review
v3186,1592,زرخيزي ۽ پيداواري صحت,تصور ڪرڻ جي ڪوشش,ڇا هڪ سال کان وڌيڪ ڪوشش ڪرڻ کان پوءِ به حمل نه ٿيڻ تي فوري ڊاڪٽر کي ڏيکارجي؟,1 سال کان زياده ڪوشش بعد پڻ ٻار نه ٿئي ته فوري طبيب کي ملجي ڇا؟,auto_ok,genuine reword - needs native-speaker review
v3187,1593,زرخيزي ۽ پيداواري صحت,تصور ڪرڻ جي ڪوشش,ڇا 35 سال کان مٿي عمر واريون عورتون جلد ڊاڪٽر کي ملن؟,35 سال کان مٿي عورتون جلد ڊاڪٽر وٽ وڃن ڇا؟,auto_ok,genuine reword - needs native-speaker review
v3188,1593,زرخيزي ۽ پيداواري صحت,تصور ڪرڻ جي ڪوشش,ڇا 35 سال کان مٿي عمر واريون عورتون جلد ڊاڪٽر کي ملن؟,35 سال کان وڏي عمر جون عورتون infertility لاءِ جلد ڊاڪٽر کي ڏسن ڇا؟,auto_ok,genuine reword - needs native-speaker review
v3189,1594,زرخيزي ۽ پيداواري صحت,تصور ڪرڻ جي ڪوشش,ڇا گرمي وارا حمام (سونا) مرد جي زرخيزي کي متاثر ڪري سگهن ٿا؟,گرمي وارا حمام (سونا) مرد جي زرخيزي کي متاثر ڪري سگهن ٿا ڇا؟,auto_ok,genuine reword - needs native-speaker review
v3190,1594,زرخيزي ۽ پيداواري صحت,تصور ڪرڻ جي ڪوشش,ڇا گرمي وارا حمام (سونا) مرد جي زرخيزي کي متاثر ڪري سگهن ٿا؟,sauna ۾ گھڻو وقت وهڻ sperm جي صحت کي نقصان ڏئي ٿو ڇا؟,auto_ok,genuine reword - needs native-speaker review
v3191,1595,زرخيزي ۽ پيداواري صحت,حمل حمل ۽ خانداني منصوبه بندي جا طريقا,خانداني منصوبه بندي جا مکيه طريقا ڪهڙا آهن؟,خانداني منصوبابندي جا مکيه طريقا ڪهڙا آهن؟,auto_ok,genuine reword - needs native-speaker review
v3192,1595,زرخيزي ۽ پيداواري صحت,حمل حمل ۽ خانداني منصوبه بندي جا طريقا,خانداني منصوبه بندي جا مکيه طريقا ڪهڙا آهن؟,family planning جا عام طريقا ڪهڙا آهن؟,auto_ok,genuine reword - needs native-speaker review
v3193,1596,زرخيزي ۽ پيداواري صحت,حمل حمل ۽ خانداني منصوبه بندي جا طريقا,خارجي ڪنڊوم ڪيترو اثرائتو آهي؟,external condom ڪيترو مؤثر آهي؟,auto_ok,genuine reword - needs native-speaker review
v3194,1596,زرخيزي ۽ پيداواري صحت,حمل حمل ۽ خانداني منصوبه بندي جا طريقا,خارجي ڪنڊوم ڪيترو اثرائتو آهي؟,external condom ڪيترو مؤثر آهي؟,auto_ok,genuine reword - needs native-speaker review
v3195,1597,زرخيزي ۽ پيداواري صحت,حمل حمل ۽ خانداني منصوبه بندي جا طريقا,گڏيل زباني مانع حمل گوليون ڪيئن ڪم ڪن ٿيون؟,گڏيل زباني مانع حمل گوريون ڪيئن ڪم ڪن ٿيون؟,auto_ok,genuine reword - needs native-speaker review
v3196,1597,زرخيزي ۽ پيداواري صحت,حمل حمل ۽ خانداني منصوبه بندي جا طريقا,گڏيل زباني مانع حمل گوليون ڪيئن ڪم ڪن ٿيون؟,combined birth control pill ڪيئن اثر ڪري ٿي؟,auto_ok,genuine reword - needs native-speaker review
v3197,1598,زرخيزي ۽ پيداواري صحت,حمل حمل ۽ خانداني منصوبه بندي جا طريقا,IUD ڇا آهي ۽ اهو ڪيترو وقت رهي سگهي ٿو؟,IUD ڇا آهي ۽ اها ڪيترو وقت رهي سگهي ٿي؟,auto_ok,genuine reword - needs native-speaker review
v3198,1598,زرخيزي ۽ پيداواري صحت,حمل حمل ۽ خانداني منصوبه بندي جا طريقا,IUD ڇا آهي ۽ اهو ڪيترو وقت رهي سگهي ٿو؟,IUD جو مطلب ۽ ان جي مدت ڪيتري آهي؟,auto_ok,genuine reword - needs native-speaker review
v3199,1599,زرخيزي ۽ پيداواري صحت,حمل حمل ۽ خانداني منصوبه بندي جا طريقا,ڇا IUD ڪڍرائڻ کان پوءِ زرخيزي واپس اچڻ ۾ دير لڳي ٿي؟,IUD ڪڍرائڻ بعد زرخيزي واپس اچڻ ۾ دير لڳي ٿي ڇا؟,auto_ok,genuine reword - needs native-speaker review
v3200,1599,زرخيزي ۽ پيداواري صحت,حمل حمل ۽ خانداني منصوبه بندي جا طريقا,ڇا IUD ڪڍرائڻ کان پوءِ زرخيزي واپس اچڻ ۾ دير لڳي ٿي؟,IUD نڪرڻ بعد fertility ٻيهر جلدي واپس اچي ٿي ڇا؟,auto_ok,genuine reword - needs native-speaker review
v3201,1600,زرخيزي ۽ پيداواري صحت,حمل حمل ۽ خانداني منصوبه بندي جا طريقا,ڇا ايمرجنسي مانع حمل گولي حمل ختم ڪري ٿي؟,ايمرجنسي مانع حمل گولي حمل ختم ڪري ٿي ڇا؟,auto_ok,genuine reword - needs native-speaker review
v3202,1600,زرخيزي ۽ پيداواري صحت,حمل حمل ۽ خانداني منصوبه بندي جا طريقا,ڇا ايمرجنسي مانع حمل گولي حمل ختم ڪري ٿي؟,emergency contraceptive pill موجود حمل ختم ڪري ٿي ڇا؟,auto_ok,genuine reword - needs native-speaker review
v3203,1601,زرخيزي ۽ پيداواري صحت,حمل حمل ۽ خانداني منصوبه بندي جا طريقا,ايمرجنسي مانع حمل گولي ڪيترن ڪلاڪن اندر وٺڻ گهرجي؟,ايمرجنسي مانع حمل گولي ڪيترن ڪلاڪن اندر وٺجي؟,auto_ok,genuine reword - needs native-speaker review
v3204,1601,زرخيزي ۽ پيداواري صحت,حمل حمل ۽ خانداني منصوبه بندي جا طريقا,ايمرجنسي مانع حمل گولي ڪيترن ڪلاڪن اندر وٺڻ گهرجي؟,emergency pill جماع بعد ڪيترن ڪلاڪن ۾ کائجي؟,auto_ok,genuine reword - needs native-speaker review
v3205,1602,زرخيزي ۽ پيداواري صحت,حمل حمل ۽ خانداني منصوبه بندي جا طريقا,ڇا مانع حمل طريقا استعمال ڪرڻ کان پوءِ مستقل بانجھ پن ٿي سگهي ٿو؟,مانع حمل طريقن کان پوءِ مستقل بانجھ پن ٿي سگهي ٿو ڇا؟,auto_ok,genuine reword - needs native-speaker review
v3206,1602,زرخيزي ۽ پيداواري صحت,حمل حمل ۽ خانداني منصوبه بندي جا طريقا,ڇا مانع حمل طريقا استعمال ڪرڻ کان پوءِ مستقل بانجھ پن ٿي سگهي ٿو؟,birth control استعمال ڪرڻ بعد هميشه لاءِ infertility ٿي سگهي ٿي ڇا؟,auto_ok,genuine reword - needs native-speaker review
v3207,1603,زرخيزي ۽ پيداواري صحت,حمل حمل ۽ خانداني منصوبه بندي جا طريقا,قدرتي خانداني منصوبه بندي ۽ حمل کي روڪڻ وارن طريقن ۾ ڪهڙو فرق آهي؟,قدرتي خانداني منصوبابندي ۽ حمل روڪڻ وارن طريقن ۾ ڇا فرق آهي؟,auto_ok,genuine reword - needs native-speaker review
v3208,1603,زرخيزي ۽ پيداواري صحت,حمل حمل ۽ خانداني منصوبه بندي جا طريقا,قدرتي خانداني منصوبه بندي ۽ حمل کي روڪڻ وارن طريقن ۾ ڪهڙو فرق آهي؟,natural family planning ۽ contraception ۾ ڪيئن فرق ڪجي؟,auto_ok,genuine reword - needs native-speaker review
v3209,1604,زرخيزي ۽ پيداواري صحت,حمل حمل ۽ خانداني منصوبه بندي جا طريقا,واپسي (withdrawal) جو طريقو ڪيترو اثرائتو آهي؟,withdrawal method ڪيترو مؤثر آهي؟,auto_ok,genuine reword - needs native-speaker review
v3210,1604,زرخيزي ۽ پيداواري صحت,حمل حمل ۽ خانداني منصوبه بندي جا طريقا,واپسي (withdrawal) جو طريقو ڪيترو اثرائتو آهي؟,withdrawal method ڪيترو مؤثر آهي؟,auto_ok,genuine reword - needs native-speaker review
v3211,1605,زرخيزي ۽ پيداواري صحت,حمل حمل ۽ خانداني منصوبه بندي جا طريقا,اسٽريلائيزيشن ڇا آهي ۽ ڇا ان کي واپس ورائي سگھجي ٿو؟,اسٽريلائيزيشن ڇا آهي ۽ ان کي واپس ورائي سگهجي ٿو ڇا؟,auto_ok,genuine reword - needs native-speaker review
v3212,1605,زرخيزي ۽ پيداواري صحت,حمل حمل ۽ خانداني منصوبه بندي جا طريقا,اسٽريلائيزيشن ڇا آهي ۽ ڇا ان کي واپس ورائي سگھجي ٿو؟,sterilization جو مطلب ۽ ان کي ريورس ڪري سگهجي ٿو ڇا؟,auto_ok,genuine reword - needs native-speaker review
v3213,1606,زرخيزي ۽ پيداواري صحت,حمل حمل ۽ خانداني منصوبه بندي جا طريقا,مانع حمل گولي ڇڏڻ کان پوءِ زرخيزي ڪيتري جلدي واپس اچي ٿي؟,مانع حمل گولي ڇڏڻ بعد زرخيزي ڪيتري جلدي واپس اچي ٿي؟,auto_ok,genuine reword - needs native-speaker review
v3214,1606,زرخيزي ۽ پيداواري صحت,حمل حمل ۽ خانداني منصوبه بندي جا طريقا,مانع حمل گولي ڇڏڻ کان پوءِ زرخيزي ڪيتري جلدي واپس اچي ٿي؟,birth control بند ڪرڻ بعد fertility ڪيترن مهينن ۾ واپس اچي ٿي؟,auto_ok,genuine reword - needs native-speaker review
v3215,1607,زرخيزي ۽ پيداواري صحت,حمل حمل ۽ خانداني منصوبه بندي جا طريقا,امپلانٽ (contraceptive implant) ڪيترو وقت رهي سگهي ٿو؟,امپلانٽ ڪيترو وقت رهي سگهي ٿو؟,auto_ok,genuine reword - needs native-speaker review
v3216,1607,زرخيزي ۽ پيداواري صحت,حمل حمل ۽ خانداني منصوبه بندي جا طريقا,امپلانٽ (contraceptive implant) ڪيترو وقت رهي سگهي ٿو؟,contraceptive implant ڪيترن سالن تائين اثرائتو رهي ٿو؟,auto_ok,genuine reword - needs native-speaker review
v3217,1608,زرخيزي ۽ پيداواري صحت,حمل حمل ۽ خانداني منصوبه بندي جا طريقا,IVF ڇا آهي ۽ جڏهن اها سفارش ڪئي وئي آهي؟,IVF ڇا آهي ۽ ڪڏهن سفارش ٿيل آهي؟,auto_ok,genuine reword - needs native-speaker review
v3218,1608,زرخيزي ۽ پيداواري صحت,حمل حمل ۽ خانداني منصوبه بندي جا طريقا,IVF ڇا آهي ۽ جڏهن اها سفارش ڪئي وئي آهي؟,IVF جو مطلب ۽ ان جي ڪهڙي حالت ۾ صلاح ڏني ويندي آهي؟,auto_ok,genuine reword - needs native-speaker review
v3219,1609,زرخيزي ۽ پيداواري صحت,حمل حمل ۽ خانداني منصوبه بندي جا طريقا,ڪنڊوم کان سواءِ ٻيا ڪهڙا رڪاوٽ (barrier) طريقا موجود آهن؟,ڪنڊوم کان سواءِ ٻيا ڪهڙا رڪاوٽ طريقا موجود آهن؟,auto_ok,genuine reword - needs native-speaker review
v3220,1609,زرخيزي ۽ پيداواري صحت,حمل حمل ۽ خانداني منصوبه بندي جا طريقا,ڪنڊوم کان سواءِ ٻيا ڪهڙا رڪاوٽ (barrier) طريقا موجود آهن؟,condom کان علاوه ٻيا ڪهڙا barrier methods آهن؟,auto_ok,genuine reword - needs native-speaker review
v3221,1610,زرخيزي ۽ پيداواري صحت,حمل حمل ۽ خانداني منصوبه بندي جا طريقا,ڇا مانع حمل گوليون هر عورت لاءِ محفوظ آهن؟,مانع حمل گوريون هر عورت لاءِ محفوظ آهن ڇا؟,auto_ok,genuine reword - needs native-speaker review
v3222,1610,زرخيزي ۽ پيداواري صحت,حمل حمل ۽ خانداني منصوبه بندي جا طريقا,ڇا مانع حمل گوليون هر عورت لاءِ محفوظ آهن؟,birth control pills هر عورت لاءِ محفوظ آهن ڇا؟,auto_ok,genuine reword - needs native-speaker review
v3223,1611,زرخيزي ۽ پيداواري صحت,حمل حمل ۽ خانداني منصوبه بندي جا طريقا,ڊافراگم ڪيترو اثرائتو آهي؟,diaphragm ڪيترو مؤثر آهي؟,auto_ok,genuine reword - needs native-speaker review
v3224,1611,زرخيزي ۽ پيداواري صحت,حمل حمل ۽ خانداني منصوبه بندي جا طريقا,ڊافراگم ڪيترو اثرائتو آهي؟,diaphragm ڪيترو مؤثر آهي؟,auto_ok,genuine reword - needs native-speaker review
v3225,1612,زرخيزي ۽ پيداواري صحت,حمل حمل ۽ خانداني منصوبه بندي جا طريقا,ڇا مانع حمل طريقا STIs کان به بچاءُ ڪن ٿا؟,مانع حمل طريقا STIs کان به بچاءُ ڪن ٿا ڇا؟,auto_ok,genuine reword - needs native-speaker review
v3226,1612,زرخيزي ۽ پيداواري صحت,حمل حمل ۽ خانداني منصوبه بندي جا طريقا,ڇا مانع حمل طريقا STIs کان به بچاءُ ڪن ٿا؟,contraception سان جنسي انفيڪشن کان به بچاءُ ٿئي ٿو ڇا؟,auto_ok,genuine reword - needs native-speaker review
v3227,1613,زرخيزي ۽ پيداواري صحت,حمل حمل ۽ خانداني منصوبه بندي جا طريقا,ايمرجنسي مانع حمل گولي معمول جي مانع حمل جو متبادل ٿي سگهي ٿي ڇا؟,emergency pill کي روزانو استعمال جي بدل بڻائي سگهجي ٿو ڇا؟,auto_ok,genuine reword - needs native-speaker review
v3228,1613,زرخيزي ۽ پيداواري صحت,حمل حمل ۽ خانداني منصوبه بندي جا طريقا,ايمرجنسي مانع حمل گولي معمول جي مانع حمل جو متبادل ٿي سگهي ٿي ڇا؟,emergency pill کي روزانو استعمال جي بدل بڻائي سگهجي ٿو ڇا؟,auto_ok,genuine reword - needs native-speaker review
v3229,1614,زرخيزي ۽ پيداواري صحت,حمل حمل ۽ خانداني منصوبه بندي جا طريقا,ڇا مانع حمل انجيڪشن (Depo-Provera) ڪيترو عرصو اثرائتو رهي ٿو؟,مانع حمل انجيڪشن ڪيترو ماهواري اثرائتو رهي ٿو؟,auto_ok,genuine reword - needs native-speaker review
v3230,1614,زرخيزي ۽ پيداواري صحت,حمل حمل ۽ خانداني منصوبه بندي جا طريقا,ڇا مانع حمل انجيڪشن (Depo-Provera) ڪيترو عرصو اثرائتو رهي ٿو؟,Depo-Provera injection ڪيترو وقت تائين ڪم ڪري ٿي؟,auto_ok,genuine reword - needs native-speaker review
v3231,1615,زرخيزي ۽ پيداواري صحت,حمل حمل ۽ خانداني منصوبه بندي جا طريقا,ڇا مانع حمل پيچ (patch) ڪيئن ڪم ڪري ٿو؟,مانع حمل پيچ ڪيئن ڪم ڪري ٿو؟,auto_ok,genuine reword - needs native-speaker review
v3232,1615,زرخيزي ۽ پيداواري صحت,حمل حمل ۽ خانداني منصوبه بندي جا طريقا,ڇا مانع حمل پيچ (patch) ڪيئن ڪم ڪري ٿو؟,contraceptive patch ڪيئن اثر ڏيکاري ٿو؟,auto_ok,genuine reword - needs native-speaker review
v3233,1616,زرخيزي ۽ پيداواري صحت,حمل حمل ۽ خانداني منصوبه بندي جا طريقا,ڇا مانع حمل رِنگ (vaginal ring) ڪيتري اثرائتي آهي؟,مانع حمل رِنگ ڪيتري اثرائتي آهي؟,auto_ok,genuine reword - needs native-speaker review
v3234,1616,زرخيزي ۽ پيداواري صحت,حمل حمل ۽ خانداني منصوبه بندي جا طريقا,ڇا مانع حمل رِنگ (vaginal ring) ڪيتري اثرائتي آهي؟,vaginal ring ڪيتري مؤثر آهي؟,auto_ok,genuine reword - needs native-speaker review
v3235,1617,زرخيزي ۽ پيداواري صحت,حمل حمل ۽ خانداني منصوبه بندي جا طريقا,ڇا کير پيارڻ دوران مانع حمل گوليون استعمال ڪري سگھجي ٿو؟,ٿڃ پيارڻ دوران مانع حمل گوريون استعمال ڪري سگهجن ٿيون ڇا؟,auto_ok,genuine reword - needs native-speaker review
v3236,1617,زرخيزي ۽ پيداواري صحت,حمل حمل ۽ خانداني منصوبه بندي جا طريقا,ڇا کير پيارڻ دوران مانع حمل گوليون استعمال ڪري سگھجي ٿو؟,breastfeeding دوران birth control pills کائي سگهجن ٿيون ڇا؟,auto_ok,genuine reword - needs native-speaker review
v3237,1618,زرخيزي ۽ پيداواري صحت,حمل حمل ۽ خانداني منصوبه بندي جا طريقا,ڇا مرد جي نس بندي (vasectomy) کي واپس ورائي سگھجي ٿو؟,مرد جي نس بندي کي واپس ورائي سگهجي ٿو ڇا؟,auto_ok,genuine reword - needs native-speaker review
v3238,1618,زرخيزي ۽ پيداواري صحت,حمل حمل ۽ خانداني منصوبه بندي جا طريقا,ڇا مرد جي نس بندي (vasectomy) کي واپس ورائي سگھجي ٿو؟,vasectomy کي reverse ڪري سگهجي ٿو ڇا؟,auto_ok,genuine reword - needs native-speaker review
v3239,1619,زرخيزي ۽ پيداواري صحت,حمل حمل ۽ خانداني منصوبه بندي جا طريقا,ٽيوبل لائيگيشن (Tubal Ligation) ڇا آهي؟,ٽيوبل لائيگيشن ڇا آهي؟,auto_ok,genuine reword - needs native-speaker review
v3240,1619,زرخيزي ۽ پيداواري صحت,حمل حمل ۽ خانداني منصوبه بندي جا طريقا,ٽيوبل لائيگيشن (Tubal Ligation) ڇا آهي؟,Tubal Ligation جو مطلب ڪهڙو آهي؟,auto_ok,genuine reword - needs native-speaker review
v3241,1620,زرخيزي ۽ پيداواري صحت,حمل حمل ۽ خانداني منصوبه بندي جا طريقا,ڇا نان-هارمونل مانع حمل طريقا موجود آهن؟,نان-هارمونل مانع حمل طريقا موجود آهن ڇا؟,auto_ok,genuine reword - needs native-speaker review
v3242,1620,زرخيزي ۽ پيداواري صحت,حمل حمل ۽ خانداني منصوبه بندي جا طريقا,ڇا نان-هارمونل مانع حمل طريقا موجود آهن؟,بغير هارمون واري contraception ڪهڙي آهي؟,auto_ok,genuine reword - needs native-speaker review
v3243,1621,زرخيزي ۽ پيداواري صحت,حمل حمل ۽ خانداني منصوبه بندي جا طريقا,ڪاپر IUD ۽ هارمونل IUD ۾ ڪهڙو فرق آهي؟,ڪاپر IUD ۽ هارمونل IUD ۾ ڇا فرق آهي؟,auto_ok,genuine reword - needs native-speaker review
v3244,1621,زرخيزي ۽ پيداواري صحت,حمل حمل ۽ خانداني منصوبه بندي جا طريقا,ڪاپر IUD ۽ هارمونل IUD ۾ ڪهڙو فرق آهي؟,copper IUD ۽ hormonal IUD ۾ ڪيئن فرق ڪجي؟,auto_ok,genuine reword - needs native-speaker review
v3245,1622,زرخيزي ۽ پيداواري صحت,حمل حمل ۽ خانداني منصوبه بندي جا طريقا,ڇا مانع حمل گوليون جسماني وزن کي متاثر ڪن ٿيون؟,مانع حمل گوريون جسماني وزن کي متاثر ڪن ٿيون ڇا؟,auto_ok,genuine reword - needs native-speaker review
v3246,1622,زرخيزي ۽ پيداواري صحت,حمل حمل ۽ خانداني منصوبه بندي جا طريقا,ڇا مانع حمل گوليون جسماني وزن کي متاثر ڪن ٿيون؟,birth control pills سان وزن تي اثر پوي ٿو ڇا؟,auto_ok,genuine reword - needs native-speaker review
v3247,1623,زرخيزي ۽ پيداواري صحت,حمل حمل ۽ خانداني منصوبه بندي جا طريقا,ڇا مانع حمل طريقن جي چونڊ عمر سان تبديل ٿئي ٿي؟,مانع حمل طريقن جي چونڊ عمر سان تبديل ٿئي ٿي ڇا؟,auto_ok,genuine reword - needs native-speaker review
v3248,1623,زرخيزي ۽ پيداواري صحت,حمل حمل ۽ خانداني منصوبه بندي جا طريقا,ڇا مانع حمل طريقن جي چونڊ عمر سان تبديل ٿئي ٿي؟,عمر مطابق contraception جي چونڊ مختلف ٿئي ٿي ڇا؟,auto_ok,genuine reword - needs native-speaker review
v3249,1624,زرخيزي ۽ پيداواري صحت,حمل حمل ۽ خانداني منصوبه بندي جا طريقا,ايمرجنسي مانع حمل گولي ۽ عام مانع حمل گولي ۾ ڪهڙو فرق آهي؟,ايمرجنسي مانع حمل گولي ۽ عام مانع حمل گولي ۾ ڇا فرق آهي؟,auto_ok,genuine reword - needs native-speaker review
v3250,1624,زرخيزي ۽ پيداواري صحت,حمل حمل ۽ خانداني منصوبه بندي جا طريقا,ايمرجنسي مانع حمل گولي ۽ عام مانع حمل گولي ۾ ڪهڙو فرق آهي؟,emergency pill ۽ regular birth control pill ۾ ڪيئن فرق ڪجي؟,auto_ok,genuine reword - needs native-speaker review
v3251,1625,زرخيزي ۽ پيداواري صحت,حمل حمل ۽ خانداني منصوبه بندي جا طريقا,ڇا IUD لڳائڻ درد ناڪ عمل آهي؟,IUD لڳائڻ دردناڪ عمل آهي ڇا؟,auto_ok,genuine reword - needs native-speaker review
v3252,1625,زرخيزي ۽ پيداواري صحت,حمل حمل ۽ خانداني منصوبه بندي جا طريقا,ڇا IUD لڳائڻ درد ناڪ عمل آهي؟,IUD لڳائيندي درد محسوس ٿئي ٿو ڇا؟,auto_ok,genuine reword - needs native-speaker review
v3253,1626,زرخيزي ۽ پيداواري صحت,زرخيزي بابت افسانا,افسانه: عورت جي عمر زرخيزي کي متاثر نٿي ڪري. ڇا اهو سچ آهي؟,عورت جي عمر زرخيزي کي متاثر نٿي ڪري، اهو صحيح آهي ڇا؟,auto_ok,genuine reword - needs native-speaker review
v3254,1626,زرخيزي ۽ پيداواري صحت,زرخيزي بابت افسانا,افسانه: عورت جي عمر زرخيزي کي متاثر نٿي ڪري. ڇا اهو سچ آهي؟,عورت جي عمر جو fertility سان ڪو تعلق ناهي، اهو خيال درست آهي ڇا؟,auto_ok,genuine reword - needs native-speaker review
v3255,1627,زرخيزي ۽ پيداواري صحت,زرخيزي بابت افسانا,افسانه: صرف عورتن جي زرخيزي جو عمر سان تعلق آهي، مردن جو نه. ڇا اهو سچ آهي؟,صرف عورتن جي زرخيزي جو عمر سان تعلق آهي، مردن جو نه، اهو صحيح آهي ڇا؟,auto_ok,genuine reword - needs native-speaker review
v3256,1627,زرخيزي ۽ پيداواري صحت,زرخيزي بابت افسانا,افسانه: صرف عورتن جي زرخيزي جو عمر سان تعلق آهي، مردن جو نه. ڇا اهو سچ آهي؟,مرد جي fertility عمر سان اثر نٿي انداز ٿئي، رڳو عورتن جي ٿئي ٿي، اهو خيال درست آهي ڇا؟,auto_ok,genuine reword - needs native-speaker review
v3257,1628,زرخيزي ۽ پيداواري صحت,زرخيزي بابت افسانا,افسانه: هڪ ڀيرو حمل ٿيڻ کان پوءِ زرخيزي جا مسئلا ختم ٿي وڃن ٿا. ڇا اهو سچ آهي؟,هڪ ڀيرو حمل ٿيڻ بعد زرخيزي جا مسئلا ختم ٿي وڃن ٿا، اهو صحيح آهي ڇا؟,auto_ok,genuine reword - needs native-speaker review
v3258,1628,زرخيزي ۽ پيداواري صحت,زرخيزي بابت افسانا,افسانه: هڪ ڀيرو حمل ٿيڻ کان پوءِ زرخيزي جا مسئلا ختم ٿي وڃن ٿا. ڇا اهو سچ آهي؟,پهريون حمل ٿي وڃي ته infertility دوباره نٿي ٿئي، اهو خيال درست آهي ڇا؟,auto_ok,genuine reword - needs native-speaker review
v3259,1629,زرخيزي ۽ پيداواري صحت,زرخيزي بابت افسانا,افسانه: توهان هميشه ٻڌائي سگهو ٿا ته توهان اڪيلو درد جي ڪري ovulating آهيو. ڇا اهو سچ آهي؟,توهان هميشه درد مان ovulation ٿيڻ جي خبر پاتي سگهو ٿا، اهو صحيح آهي ڇا؟,auto_ok,genuine reword - needs native-speaker review
v3260,1629,زرخيزي ۽ پيداواري صحت,زرخيزي بابت افسانا,افسانه: توهان هميشه ٻڌائي سگهو ٿا ته توهان اڪيلو درد جي ڪري ovulating آهيو. ڇا اهو سچ آهي؟,اووليشن جو احساس هميشه سور ذريعي ٿئي ٿو، اهو خيال درست آهي ڇا؟,auto_ok,genuine reword - needs native-speaker review
v3261,1630,زرخيزي ۽ پيداواري صحت,زرخيزي بابت افسانا,افسانه: جنس کان پوء ڊچنگ حمل کي روڪي ٿو. ڇا اهو سچ آهي؟,جنس بعد ڊچنگ حمل کي روڪي ٿي، اهو صحيح آهي ڇا؟,auto_ok,genuine reword - needs native-speaker review
v3262,1630,زرخيزي ۽ پيداواري صحت,زرخيزي بابت افسانا,افسانه: جنس کان پوء ڊچنگ حمل کي روڪي ٿو. ڇا اهو سچ آهي؟,intercourse بعد douching سان حمل رڪجي وڃي ٿو، اهو خيال درست آهي ڇا؟,auto_ok,genuine reword - needs native-speaker review
v3263,1631,زرخيزي ۽ پيداواري صحت,زرخيزي بابت افسانا,افسانه: تناؤ (stress) جو زرخيزي سان ڪوبه تعلق ناهي. ڇا اهو سچ آهي؟,تناؤ جو زرخيزي سان ڪوبه تعلق ناهي، اهو صحيح آهي ڇا؟,auto_ok,genuine reword - needs native-speaker review
v3264,1631,زرخيزي ۽ پيداواري صحت,زرخيزي بابت افسانا,افسانه: تناؤ (stress) جو زرخيزي سان ڪوبه تعلق ناهي. ڇا اهو سچ آهي؟,ذهني دٻاءُ ۽ fertility ۾ ڪو ناتو ناهي، اهو خيال درست آهي ڇا؟,auto_ok,genuine reword - needs native-speaker review
v3265,1632,زرخيزي ۽ پيداواري صحت,زرخيزي بابت افسانا,افسانه: جماع کان پوءِ ٽنگون مٿي ڪرڻ سان حمل جو امڪان وڌي ٿو. ڇا اهو سچ آهي؟,جماع کان پوءِ ٽنگون مٿي ڪرڻ سان حمل جو امڪان وڌي ٿو، اهو صحيح آهي ڇا؟,auto_ok,genuine reword - needs native-speaker review
v3266,1632,زرخيزي ۽ پيداواري صحت,زرخيزي بابت افسانا,افسانه: جماع کان پوءِ ٽنگون مٿي ڪرڻ سان حمل جو امڪان وڌي ٿو. ڇا اهو سچ آهي؟,intercourse بعد پير مٿي کڻڻ سان حمل جو چانس وڌي ٿو، اهو خيال درست آهي ڇا؟,auto_ok,genuine reword - needs native-speaker review
v3267,1633,زرخيزي ۽ پيداواري صحت,زرخيزي بابت افسانا,افسانه: ٻار پيدا ٿيڻ ۾ دير سبب هميشه عورت جو ئي قصور آهي. ڇا اهو سچ آهي؟,ٻار پيدا ٿيڻ ۾ دير هميشه عورت جو ئي قصور آهي، اهو صحيح آهي ڇا؟,auto_ok,genuine reword - needs native-speaker review
v3268,1633,زرخيزي ۽ پيداواري صحت,زرخيزي بابت افسانا,افسانه: ٻار پيدا ٿيڻ ۾ دير سبب هميشه عورت جو ئي قصور آهي. ڇا اهو سچ آهي؟,حمل ۾ دير سبب هميشه عورت ذميدار هوندي آهي، اهو خيال درست آهي ڇا؟,auto_ok,genuine reword - needs native-speaker review
v3269,1634,زرخيزي ۽ پيداواري صحت,زرخيزي بابت افسانا,افسانه: پهرين ڀيري جماع ڪرڻ سان حمل نٿو ٿئي. ڇا اهو سچ آهي؟,پهرين ڀيري جماع ڪرڻ سان حمل نٿو ٿئي، اهو صحيح آهي ڇا؟,auto_ok,genuine reword - needs native-speaker review
v3270,1634,زرخيزي ۽ پيداواري صحت,زرخيزي بابت افسانا,افسانه: پهرين ڀيري جماع ڪرڻ سان حمل نٿو ٿئي. ڇا اهو سچ آهي؟,first-time intercourse ۾ حمل ناممڪن آهي، اهو خيال درست آهي ڇا؟,auto_ok,genuine reword - needs native-speaker review
v3271,1635,زرخيزي ۽ پيداواري صحت,زرخيزي بابت افسانا,افسانه: کير پياريندڙ عورت حامله نٿي ٿي سگهي. ڇا اهو سچ آهي؟,ٿڃ پياريندڙ عورت حامله نٿي ٿي سگهي، اهو صحيح آهي ڇا؟,auto_ok,genuine reword - needs native-speaker review
v3272,1635,زرخيزي ۽ پيداواري صحت,زرخيزي بابت افسانا,افسانه: کير پياريندڙ عورت حامله نٿي ٿي سگهي. ڇا اهو سچ آهي؟,breastfeeding ڪندڙ عورت کي ٻيهر حمل نٿو ٿي سگهي، اهو خيال درست آهي ڇا؟,auto_ok,genuine reword - needs native-speaker review
v3273,1636,زرخيزي ۽ پيداواري صحت,زرخيزي بابت افسانا,افسانه: هڪ ڀيرو حمل ضايع ٿيڻ کان پوءِ ٻيهر حامله ٿي نه سگهبو. ڇا اهو سچ آهي؟,هڪ ڀيرو حمل ضايع ٿيڻ بعد ٻيهر حامله ٿي نٿو سگهجي، اهو صحيح آهي ڇا؟,auto_ok,genuine reword - needs native-speaker review
v3274,1636,زرخيزي ۽ پيداواري صحت,زرخيزي بابت افسانا,افسانه: هڪ ڀيرو حمل ضايع ٿيڻ کان پوءِ ٻيهر حامله ٿي نه سگهبو. ڇا اهو سچ آهي؟,miscarriage بعد ٻيهر حمل نٿو ٿي سگهي، اهو خيال درست آهي ڇا؟,auto_ok,genuine reword - needs native-speaker review
v3275,1637,زرخيزي ۽ پيداواري صحت,زرخيزي بابت افسانا,افسانه: ڇوڪرو يا ڇوڪري پيدا ٿيڻ جو دارومدار عورت تي هوندو آهي. ڇا اهو سچ آهي؟,ڇوڪرو يا ڇوڪري پيدا ٿيڻ جو دارومدار عورت تي هوندو آهي، اهو صحيح آهي ڇا؟,auto_ok,genuine reword - needs native-speaker review
v3276,1637,زرخيزي ۽ پيداواري صحت,زرخيزي بابت افسانا,افسانه: ڇوڪرو يا ڇوڪري پيدا ٿيڻ جو دارومدار عورت تي هوندو آهي. ڇا اهو سچ آهي؟,ٻار جي جنس صرف عورت جي ڪري طئي ٿئي ٿي، اهو خيال درست آهي ڇا؟,auto_ok,genuine reword - needs native-speaker review
v3277,1638,زرخيزي ۽ پيداواري صحت,زرخيزي بابت افسانا,افسانه: ڏاڍا سخت اسٽريچ يا ورزش سان حمل جو موقعو وڌي ٿو. ڇا اهو سچ آهي؟,ڏاڍا سخت اسٽريچ يا ورزش سان حمل جو موقعو وڌي ٿو، اهو صحيح آهي ڇا؟,auto_ok,genuine reword - needs native-speaker review
v3278,1638,زرخيزي ۽ پيداواري صحت,زرخيزي بابت افسانا,افسانه: ڏاڍا سخت اسٽريچ يا ورزش سان حمل جو موقعو وڌي ٿو. ڇا اهو سچ آهي؟,سخت stretching سان حمل ٿيڻ جو چانس وڌي ٿو، اهو خيال درست آهي ڇا؟,auto_ok,genuine reword - needs native-speaker review
v3279,1639,زرخيزي ۽ پيداواري صحت,زرخيزي بابت افسانا,افسانه: ماهواري باقاعده هجڻ جو مطلب آهي زرخيزي ۾ ڪو مسئلو نه آهي. ڇا اهو سچ آهي؟,ماهواري باقاعده هجڻ جو مطلب زرخيزي ۾ ڪو مسئلو ناهي، اهو صحيح آهي ڇا؟,auto_ok,genuine reword - needs native-speaker review
v3280,1639,زرخيزي ۽ پيداواري صحت,زرخيزي بابت افسانا,افسانه: ماهواري باقاعده هجڻ جو مطلب آهي زرخيزي ۾ ڪو مسئلو نه آهي. ڇا اهو سچ آهي؟,period وقت تي اچڻ سان fertility ۾ ڪا خرابي نٿي ٿي، اهو خيال درست آهي ڇا؟,auto_ok,genuine reword - needs native-speaker review
v3281,1640,زرخيزي ۽ پيداواري صحت,زرخيزي بابت افسانا,افسانه: مانع حمل گوليون ڊگهي عرصي استعمال ڪرڻ سان مستقل بانجھ پن ٿئي ٿو. ڇا اهو سچ آهي؟,مانع حمل گوريون ڊگهو وقت کائڻ سان مستقل بانجھ پن ٿئي ٿو، اهو صحيح آهي ڇا؟,auto_ok,genuine reword - needs native-speaker review
v3282,1640,زرخيزي ۽ پيداواري صحت,زرخيزي بابت افسانا,افسانه: مانع حمل گوليون ڊگهي عرصي استعمال ڪرڻ سان مستقل بانجھ پن ٿئي ٿو. ڇا اهو سچ آهي؟,birth control ڊگهو ماهواري کائڻ سان هميشه لاءِ infertility ٿي وڃي ٿي، اهو خيال درست آهي ڇا؟,auto_ok,genuine reword - needs native-speaker review
v3283,1641,زرخيزي ۽ پيداواري صحت,زرخيزي بابت افسانا,افسانه: مرد هميشه زرخيز رهن ٿا، انهن جي زرخيزي ڪڏهن گھٽجي نٿي. ڇا اهو سچ آهي؟,مرد هميشه زرخيز رهن ٿا، سندن fertility ڪڏهن نٿي گھٽجي، اهو صحيح آهي ڇا؟,auto_ok,genuine reword - needs native-speaker review
v3284,1641,زرخيزي ۽ پيداواري صحت,زرخيزي بابت افسانا,افسانه: مرد هميشه زرخيز رهن ٿا، انهن جي زرخيزي ڪڏهن گھٽجي نٿي. ڇا اهو سچ آهي؟,مردن جي fertility ڪڏهن به گھٽ نٿي ٿي، اهو خيال درست آهي ڇا؟,auto_ok,genuine reword - needs native-speaker review
v3285,1642,زرخيزي ۽ پيداواري صحت,زرخيزي بابت افسانا,افسانه: هڪ عورت جيڪا هڪ ڀيرو حامله ٿي سگهي ٿي، هوءَ هميشه حامله ٿي سگهندي. ڇا اهو سچ آهي؟,هڪ ڀيرو حامله ٿيندڙ عورت هميشه حامله ٿي سگهندي، اهو صحيح آهي ڇا؟,auto_ok,genuine reword - needs native-speaker review
v3286,1642,زرخيزي ۽ پيداواري صحت,زرخيزي بابت افسانا,افسانه: هڪ عورت جيڪا هڪ ڀيرو حامله ٿي سگهي ٿي، هوءَ هميشه حامله ٿي سگهندي. ڇا اهو سچ آهي؟,پهريون حمل ٿي وڃي ته ايندڙ سڀ حمل به آسان هوندا، اهو خيال درست آهي ڇا؟,auto_ok,genuine reword - needs native-speaker review
v3287,1643,زرخيزي ۽ پيداواري صحت,زرخيزي بابت افسانا,افسانه: خاص پوزيشن ۾ جماع ڪرڻ سان حمل جو امڪان وڌي ٿو. ڇا اهو سچ آهي؟,خاص پوزيشن ۾ جماع ڪرڻ سان حمل جو امڪان وڌي ٿو، اهو صحيح آهي ڇا؟,auto_ok,genuine reword - needs native-speaker review
v3288,1643,زرخيزي ۽ پيداواري صحت,زرخيزي بابت افسانا,افسانه: خاص پوزيشن ۾ جماع ڪرڻ سان حمل جو امڪان وڌي ٿو. ڇا اهو سچ آهي؟,ڪا خاص position حمل جو چانس وڌائي ٿي، اهو خيال درست آهي ڇا؟,auto_ok,genuine reword - needs native-speaker review
v3289,1644,زرخيزي ۽ پيداواري صحت,زرخيزي بابت افسانا,افسانه: هڪ عورت هڪ سال ۾ صرف هڪ ڀيرو ovulate ڪري سگهي ٿي. ڇا اهو سچ آهي؟,عورت هڪ سال ۾ صرف هڪ ڀيرو ovulate ڪري سگهي ٿي، اهو صحيح آهي ڇا؟,auto_ok,genuine reword - needs native-speaker review
v3290,1644,زرخيزي ۽ پيداواري صحت,زرخيزي بابت افسانا,افسانه: هڪ عورت هڪ سال ۾ صرف هڪ ڀيرو ovulate ڪري سگهي ٿي. ڇا اهو سچ آهي؟,سال ۾ رڳو هڪ ڀيرو اووليشن ٿئي ٿي، اهو خيال درست آهي ڇا؟,auto_ok,genuine reword - needs native-speaker review
v3291,1645,زرخيزي ۽ پيداواري صحت,زرخيزي بابت افسانا,افسانه: بانجھ پن هميشه عورت جي غلطي هوندي آهي. ڇا اهو سچ آهي؟,بانجھ پن هميشه عورت جي غلطي هوندي آهي، اهو صحيح آهي ڇا؟,auto_ok,genuine reword - needs native-speaker review
v3292,1645,زرخيزي ۽ پيداواري صحت,زرخيزي بابت افسانا,افسانه: بانجھ پن هميشه عورت جي غلطي هوندي آهي. ڇا اهو سچ آهي؟,infertility جو سبب هميشه عورت هوندي آهي، اهو خيال درست آهي ڇا؟,auto_ok,genuine reword - needs native-speaker review
v3293,1646,زرخيزي ۽ پيداواري صحت,زرخيزي بابت افسانا,افسانه: زرخيزي جا مسئلا هميشه ظاهري علامتن سان گڏ هوندا آهن. ڇا اهو سچ آهي؟,زرخيزي جا مسئلا هميشه ظاهري علامتن سان گڏ هوندا آهن، اهو صحيح آهي ڇا؟,auto_ok,genuine reword - needs native-speaker review
v3294,1646,زرخيزي ۽ پيداواري صحت,زرخيزي بابت افسانا,افسانه: زرخيزي جا مسئلا هميشه ظاهري علامتن سان گڏ هوندا آهن. ڇا اهو سچ آهي؟,infertility هميشه ڪنهن نشاني سان محسوس ٿئي ٿي، اهو خيال درست آهي ڇا؟,auto_ok,genuine reword - needs native-speaker review
v3295,1647,زرخيزي ۽ پيداواري صحت,زرخيزي بابت افسانا,افسانه: هڪ ڀيرو STI جو علاج ٿيڻ کان پوءِ زرخيزي تي ڪوبه اثر نٿو رهي. ڇا اهو سچ آهي؟,STI جو علاج ٿيڻ بعد زرخيزي تي ڪوبه اثر نٿو رهي، اهو صحيح آهي ڇا؟,auto_ok,genuine reword - needs native-speaker review
v3296,1647,زرخيزي ۽ پيداواري صحت,زرخيزي بابت افسانا,افسانه: هڪ ڀيرو STI جو علاج ٿيڻ کان پوءِ زرخيزي تي ڪوبه اثر نٿو رهي. ڇا اهو سچ آهي؟,STI جو علاج ٿي وڃي ته fertility بلڪل محفوظ رهي ٿي، اهو خيال درست آهي ڇا؟,auto_ok,genuine reword - needs native-speaker review
v3297,1648,زرخيزي ۽ پيداواري صحت,زرخيزي بابت افسانا,افسانه: هارمونل مانع حمل استعمال ڪرڻ سان مستقبل ۾ ٻار غير معمولي پيدا ٿين ٿا. ڇا اهو سچ آهي؟,هارمونل مانع حمل استعمال ڪرڻ سان ايندڙ ٻار غير معمولي پيدا ٿين ٿا، اهو صحيح آهي ڇا؟,auto_ok,genuine reword - needs native-speaker review
v3298,1648,زرخيزي ۽ پيداواري صحت,زرخيزي بابت افسانا,افسانه: هارمونل مانع حمل استعمال ڪرڻ سان مستقبل ۾ ٻار غير معمولي پيدا ٿين ٿا. ڇا اهو سچ آهي؟,hormonal birth control سان مستقبل جو ٻار خراب پيدا ٿئي ٿو، اهو خيال درست آهي ڇا؟,auto_ok,genuine reword - needs native-speaker review
v3299,1649,زرخيزي ۽ پيداواري صحت,زرخيزي بابت افسانا,افسانه: صرف پراڻي عمر جون عورتون IVF جي ضرورتمند هونديون آهن. ڇا اهو سچ آهي؟,صرف پراڻي عمر جون عورتون IVF جون ضرورتمند هونديون آهن، اهو صحيح آهي ڇا؟,auto_ok,genuine reword - needs native-speaker review
v3300,1649,زرخيزي ۽ پيداواري صحت,زرخيزي بابت افسانا,افسانه: صرف پراڻي عمر جون عورتون IVF جي ضرورتمند هونديون آهن. ڇا اهو سچ آهي؟,IVF رڳو وڏي عمر جي عورتن لاءِ ضروري آهي، اهو خيال درست آهي ڇا؟,auto_ok,genuine reword - needs native-speaker review
v3301,1650,زرخيزي ۽ پيداواري صحت,زرخيزي بابت افسانا,افسانه: هڪ عورت جيڪا باقاعده ورزش ڪري ٿي، هوءَ زرخيزي جي مسئلن کان محفوظ آهي. ڇا اهو سچ آهي؟,باقاعده ورزش ڪندڙ عورت زرخيزي جي مسئلن کان محفوظ آهي، اهو صحيح آهي ڇا؟,auto_ok,genuine reword - needs native-speaker review
v3302,1650,زرخيزي ۽ پيداواري صحت,زرخيزي بابت افسانا,افسانه: هڪ عورت جيڪا باقاعده ورزش ڪري ٿي، هوءَ زرخيزي جي مسئلن کان محفوظ آهي. ڇا اهو سچ آهي؟,روزانو کسرت ڪرڻ سان infertility بلڪل نٿي ٿي سگهي، اهو خيال درست آهي ڇا؟,auto_ok,genuine reword - needs native-speaker review
v3303,1651,زرخيزي ۽ پيداواري صحت,زرخيزي بابت افسانا,افسانه: جماع کان پهريان يا پوءِ نہاڻ سان حمل کي روڪي سگھجي ٿو. ڇا اهو سچ آهي؟,جماع کان پهريان يا پوءِ نهاڻ سان حمل کي روڪي سگهجي ٿو، اهو صحيح آهي ڇا؟,auto_ok,genuine reword - needs native-speaker review
v3304,1651,زرخيزي ۽ پيداواري صحت,زرخيزي بابت افسانا,افسانه: جماع کان پهريان يا پوءِ نہاڻ سان حمل کي روڪي سگھجي ٿو. ڇا اهو سچ آهي؟,intercourse کان اڳ يا پوءِ غسل سان حمل رڪجي ٿو، اهو خيال درست آهي ڇا؟,auto_ok,genuine reword - needs native-speaker review
v3305,1652,زرخيزي ۽ پيداواري صحت,زرخيزي بابت افسانا,افسانه: هڪ عورت جنهن جو وزن نارمل آهي، ان کي زرخيزي جو ڪوبه مسئلو نٿو ٿئي. ڇا اهو سچ آهي؟,نارمل وزن واري عورت کي زرخيزي جو ڪو مسئلو نٿو ٿئي، اهو صحيح آهي ڇا؟,auto_ok,genuine reword - needs native-speaker review
v3306,1652,زرخيزي ۽ پيداواري صحت,زرخيزي بابت افسانا,افسانه: هڪ عورت جنهن جو وزن نارمل آهي، ان کي زرخيزي جو ڪوبه مسئلو نٿو ٿئي. ڇا اهو سچ آهي؟,صحيح وزن هجڻ سان infertility بلڪل نٿي ٿي سگهي، اهو خيال درست آهي ڇا؟,auto_ok,genuine reword - needs native-speaker review
v3307,1653,زرخيزي ۽ پيداواري صحت,زرخيزي بابت افسانا,افسانه: بانجھ پن هميشه مستقل هوندو آهي ۽ ان جو علاج ممڪن ناهي. ڇا اهو سچ آهي؟,بانجھ پن هميشه مستقل هوندو آهي ۽ ان جو علاج ناممڪن آهي، اهو صحيح آهي ڇا؟,auto_ok,genuine reword - needs native-speaker review
v3308,1653,زرخيزي ۽ پيداواري صحت,زرخيزي بابت افسانا,افسانه: بانجھ پن هميشه مستقل هوندو آهي ۽ ان جو علاج ممڪن ناهي. ڇا اهو سچ آهي؟,infertility هميشه لاءِ رهي ٿي ۽ ڪو علاج ناهي، اهو خيال درست آهي ڇا؟,auto_ok,genuine reword - needs native-speaker review
v3309,1654,زرخيزي ۽ پيداواري صحت,زرخيزي بابت افسانا,افسانه: عمر رسيده مردن ۾ زرخيزي جي مسئلن جو ڪو امڪان نه هوندو آهي. ڇا اهو سچ آهي؟,وڏي عمر جي مردن ۾ زرخيزي جي مسئلن جو امڪان نه هوندو آهي، اهو صحيح آهي ڇا؟,auto_ok,genuine reword - needs native-speaker review
v3310,1654,زرخيزي ۽ پيداواري صحت,زرخيزي بابت افسانا,افسانه: عمر رسيده مردن ۾ زرخيزي جي مسئلن جو ڪو امڪان نه هوندو آهي. ڇا اهو سچ آهي؟,بزرگ مردن کي infertility جو ڪو خطرو ناهي، اهو خيال درست آهي ڇا؟,auto_ok,genuine reword - needs native-speaker review
v3311,1655,زرخيزي ۽ پيداواري صحت,زرخيزي بابت افسانا,افسانه: هڪ دفعو حمل ٿيڻ کان پوءِ وري به اهو ساڳئي آسانيءَ سان ٿيندو. ڇا اهو سچ آهي؟,هڪ ڀيرو حمل ٿيڻ بعد وري به اهو ساڳي آسانيءَ سان ٿيندو، اهو صحيح آهي ڇا؟,auto_ok,genuine reword - needs native-speaker review
v3312,1655,زرخيزي ۽ پيداواري صحت,زرخيزي بابت افسانا,افسانه: هڪ دفعو حمل ٿيڻ کان پوءِ وري به اهو ساڳئي آسانيءَ سان ٿيندو. ڇا اهو سچ آهي؟,پهريون حمل آسان هو ته ايندڙ به هميشه آسان هوندو، اهو خيال درست آهي ڇا؟,auto_ok,genuine reword - needs native-speaker review
v3313,1656,زرخيزي ۽ پيداواري صحت,زرخيزي بابت افسانا,افسانه: زرخيزي جا مسئلا صرف پراڻي وقت جي عورتن کي ٿيندا آهن، نوجوانن کي نه. ڇا اهو سچ آهي؟,زرخيزي جا مسئلا صرف پراڻي عمر جي عورتن کي ٿيندا آهن، نوجوانن کي نه، اهو صحيح آهي ڇا؟,auto_ok,genuine reword - needs native-speaker review
v3314,1656,زرخيزي ۽ پيداواري صحت,زرخيزي بابت افسانا,افسانه: زرخيزي جا مسئلا صرف پراڻي وقت جي عورتن کي ٿيندا آهن، نوجوانن کي نه. ڇا اهو سچ آهي؟,infertility رڳو وڏي عمر ۾ ٿئي ٿي، نوجوانيءَ ۾ نه، اهو خيال درست آهي ڇا؟,auto_ok,genuine reword - needs native-speaker review
v3315,1657,زرخيزي ۽ پيداواري صحت,پيدائشي عضوو اناتومي ۽ فنڪشن,عورتن جي پيدائشي عضون جا مکيه ڪهڙا آهن؟,عورتن جي پيدائشي عضون جا مکيه حصا ڪهڙا آهن؟,auto_ok,genuine reword - needs native-speaker review
v3316,1657,زرخيزي ۽ پيداواري صحت,پيدائشي عضوو اناتومي ۽ فنڪشن,عورتن جي پيدائشي عضون جا مکيه ڪهڙا آهن؟,عورت جي reproductive system ۾ ڪهڙا اهم عضوا شامل آهن؟,auto_ok,genuine reword - needs native-speaker review
v3317,1658,زرخيزي ۽ پيداواري صحت,پيدائشي عضوو اناتومي ۽ فنڪشن,ovaries جو ڪم ڇا آهي؟,اووريز جو ڪم ڇا آهي؟,auto_ok,genuine reword - needs native-speaker review
v3318,1658,زرخيزي ۽ پيداواري صحت,پيدائشي عضوو اناتومي ۽ فنڪشن,ovaries جو ڪم ڇا آهي؟,ovaries ڇا ڪم ڪن ٿيون؟,auto_ok,genuine reword - needs native-speaker review
v3319,1659,زرخيزي ۽ پيداواري صحت,پيدائشي عضوو اناتومي ۽ فنڪشن,فيلوپيئن ٽيوب جو ڪم ڇا آهي؟,fallopian tube جو ڪم ڪهڙو آهي؟,auto_ok,genuine reword - needs native-speaker review
v3320,1659,زرخيزي ۽ پيداواري صحت,پيدائشي عضوو اناتومي ۽ فنڪشن,فيلوپيئن ٽيوب جو ڪم ڇا آهي؟,fallopian tube جو ڪم ڪهڙو آهي؟,auto_ok,genuine reword - needs native-speaker review
v3321,1660,زرخيزي ۽ پيداواري صحت,پيدائشي عضوو اناتومي ۽ فنڪشن,رحم (uterus) جو ڪم ڇا آهي؟,uterus جسم ۾ ڪهڙو ڪردار ادا ڪري ٿو؟,auto_ok,genuine reword - needs native-speaker review
v3322,1660,زرخيزي ۽ پيداواري صحت,پيدائشي عضوو اناتومي ۽ فنڪشن,رحم (uterus) جو ڪم ڇا آهي؟,uterus جسم ۾ ڪهڙو ڪردار ادا ڪري ٿو؟,auto_ok,genuine reword - needs native-speaker review
v3323,1661,زرخيزي ۽ پيداواري صحت,پيدائشي عضوو اناتومي ۽ فنڪشن,سروڪس (cervix) ڇا آهي ۽ ان جو ڪم ڇا آهي؟,سروڪس ڇا آهي ۽ ان جو ڪم ڇا آهي؟,auto_ok,genuine reword - needs native-speaker review
v3324,1661,زرخيزي ۽ پيداواري صحت,پيدائشي عضوو اناتومي ۽ فنڪشن,سروڪس (cervix) ڇا آهي ۽ ان جو ڪم ڇا آهي؟,cervix ڪهڙي شيءِ آهي ۽ ڇا ڪم ڪري ٿي؟,auto_ok,genuine reword - needs native-speaker review
v3325,1662,زرخيزي ۽ پيداواري صحت,پيدائشي عضوو اناتومي ۽ فنڪشن,مرد جي پيدائشي نظام جا مکيه عضوا ڪهڙا آهن؟,مرد جي reproductive system ۾ ڪهڙا اهم حصا شامل آهن؟,auto_ok,genuine reword - needs native-speaker review
v3326,1662,زرخيزي ۽ پيداواري صحت,پيدائشي عضوو اناتومي ۽ فنڪشن,مرد جي پيدائشي نظام جا مکيه عضوا ڪهڙا آهن؟,مرد جي reproductive system ۾ ڪهڙا اهم حصا شامل آهن؟,auto_ok,genuine reword - needs native-speaker review
v3327,1663,زرخيزي ۽ پيداواري صحت,پيدائشي عضوو اناتومي ۽ فنڪشن,اسپرم ڪٿي پيدا ٿئي ٿو ۽ ڪيئن پختو ٿئي ٿو؟,sperm جي پيدائش ۽ پختگي ڪٿي ٿئي ٿي؟,auto_ok,genuine reword - needs native-speaker review
v3328,1663,زرخيزي ۽ پيداواري صحت,پيدائشي عضوو اناتومي ۽ فنڪشن,اسپرم ڪٿي پيدا ٿئي ٿو ۽ ڪيئن پختو ٿئي ٿو؟,sperm جي پيدائش ۽ پختگي ڪٿي ٿئي ٿي؟,auto_ok,genuine reword - needs native-speaker review
v3329,1664,زرخيزي ۽ پيداواري صحت,پيدائشي عضوو اناتومي ۽ فنڪشن,اووري (ovary) جو ڪم ڇا آهي؟,اووري جو ڪم ڇا آهي؟,auto_ok,genuine reword - needs native-speaker review
v3330,1664,زرخيزي ۽ پيداواري صحت,پيدائشي عضوو اناتومي ۽ فنڪشن,اووري (ovary) جو ڪم ڇا آهي؟,ovary جو ڇا ڪم آهي؟,auto_ok,genuine reword - needs native-speaker review
v3331,1665,زرخيزي ۽ پيداواري صحت,پيدائشي عضوو اناتومي ۽ فنڪشن,ڪيفين جي مقدار جو تعلق زرخيزي سان ڪيئن آهي؟,ڪيفين جي مقدار جو زرخيزي سان ڪهڙو تعلق آهي؟,auto_ok,genuine reword - needs native-speaker review
v3332,1665,زرخيزي ۽ پيداواري صحت,پيدائشي عضوو اناتومي ۽ فنڪشن,ڪيفين جي مقدار جو تعلق زرخيزي سان ڪيئن آهي؟,چانهه/ڪافي جي مقدار fertility سان ڪيئن جڙيل آهي؟,auto_ok,genuine reword - needs native-speaker review
v3333,1666,زرخيزي ۽ پيداواري صحت,پيدائشي عضوو اناتومي ۽ فنڪشن,ڇا غير منظم دورن کي زرخيز مسئلو سگنل ڏئي سگھي ٿو؟,بي قاعده ماهواري زرخيزي جي مسئلي جي نشاني ٿي سگهي ٿي ڇا؟,auto_ok,genuine reword - needs native-speaker review
v3334,1666,زرخيزي ۽ پيداواري صحت,پيدائشي عضوو اناتومي ۽ فنڪشن,ڇا غير منظم دورن کي زرخيز مسئلو سگنل ڏئي سگھي ٿو؟,irregular period سان infertility جو سگنل ملي سگهي ٿو ڇا؟,auto_ok,genuine reword - needs native-speaker review
v3335,1667,زرخيزي ۽ پيداواري صحت,پيدائشي عضوو اناتومي ۽ فنڪشن,تايرايڊ جو ڪم زرخيزي کي ڪيئن متاثر ڪري ٿو؟,ٿائرائيڊ جو ڪم زرخيزي کي ڪيئن متاثر ڪري ٿو؟,auto_ok,genuine reword - needs native-speaker review
v3336,1667,زرخيزي ۽ پيداواري صحت,پيدائشي عضوو اناتومي ۽ فنڪشن,تايرايڊ جو ڪم زرخيزي کي ڪيئن متاثر ڪري ٿو؟,thyroid function fertility تي ڪيئن اثر وجهي ٿو؟,auto_ok,genuine reword - needs native-speaker review
v3337,1668,زرخيزي ۽ پيداواري صحت,پيدائشي عضوو اناتومي ۽ فنڪشن,وينجن (vagina) جو پيدائشي نظام ۾ ڪهڙو ڪردار آهي؟,ويجاينا پيدائشي نظام ۾ ڪهڙو ڪردار ادا ڪري ٿي؟,auto_ok,genuine reword - needs native-speaker review
v3338,1668,زرخيزي ۽ پيداواري صحت,پيدائشي عضوو اناتومي ۽ فنڪشن,وينجن (vagina) جو پيدائشي نظام ۾ ڪهڙو ڪردار آهي؟,vagina reproductive system ۾ ڇا ڪم ڪري ٿي؟,auto_ok,genuine reword - needs native-speaker review
v3339,1669,زرخيزي ۽ پيداواري صحت,پيدائشي عضوو اناتومي ۽ فنڪشن,اووم (انڊو) ڪٿي پيدا ٿئي ٿو ۽ ڪيئن خارج ٿئي ٿو؟,ova ڪٿان ٺهي ٿو ۽ ovulation ۾ ڪيئن نڪري ٿو؟,auto_ok,genuine reword - needs native-speaker review
v3340,1669,زرخيزي ۽ پيداواري صحت,پيدائشي عضوو اناتومي ۽ فنڪشن,اووم (انڊو) ڪٿي پيدا ٿئي ٿو ۽ ڪيئن خارج ٿئي ٿو؟,ova ڪٿان ٺهي ٿو ۽ ovulation ۾ ڪيئن نڪري ٿو؟,auto_ok,genuine reword - needs native-speaker review
v3341,1670,زرخيزي ۽ پيداواري صحت,پيدائشي عضوو اناتومي ۽ فنڪشن,اووري ۾ ڪيترا انڊا هڪ عورت جي ڄمڻ سان موجود هوندا آهن؟,اووري ۾ عورت جي ڄمڻ سان ڪيترا انڊا موجود هوندا آهن؟,auto_ok,genuine reword - needs native-speaker review
v3342,1670,زرخيزي ۽ پيداواري صحت,پيدائشي عضوو اناتومي ۽ فنڪشن,اووري ۾ ڪيترا انڊا هڪ عورت جي ڄمڻ سان موجود هوندا آهن؟,پيدائش وقت عورت جي اووري ۾ ڪيترا eggs هوندا آهن؟,auto_ok,genuine reword - needs native-speaker review
v3343,1671,زرخيزي ۽ پيداواري صحت,پيدائشي عضوو اناتومي ۽ فنڪشن,اينڊوميٽريم (endometrium) ڇا آهي ۽ ان جو ڪم ڇا آهي؟,اينڊوميٽريم ڇا آهي ۽ ان جو ڪم ڇا آهي؟,auto_ok,genuine reword - needs native-speaker review
v3344,1671,زرخيزي ۽ پيداواري صحت,پيدائشي عضوو اناتومي ۽ فنڪشن,اينڊوميٽريم (endometrium) ڇا آهي ۽ ان جو ڪم ڇا آهي؟,endometrium جو مطلب ۽ ان جو ڪم ڇا آهي؟,auto_ok,genuine reword - needs native-speaker review
v3345,1672,زرخيزي ۽ پيداواري صحت,پيدائشي عضوو اناتومي ۽ فنڪشن,ويجاينا ۽ سروڪس جي وچ ۾ ڪهڙو تعلق آهي؟,ويجاينا ۽ سروڪس ۾ ڪهڙو تعلق آهي؟,auto_ok,genuine reword - needs native-speaker review
v3346,1672,زرخيزي ۽ پيداواري صحت,پيدائشي عضوو اناتومي ۽ فنڪشن,ويجاينا ۽ سروڪس جي وچ ۾ ڪهڙو تعلق آهي؟,vagina ۽ cervix ۾ ڪيئن ناتو آهي؟,auto_ok,genuine reword - needs native-speaker review
v3347,1673,زرخيزي ۽ پيداواري صحت,پيدائشي عضوو اناتومي ۽ فنڪشن,ٽيسٽس (testes) ۾ اسپرم پيدا ٿيڻ ۾ ڪيترو وقت لڳي ٿو؟,ٽيسٽس ۾ اسپرم پيدا ٿيڻ ۾ ڪيترو وقت لڳي ٿو؟,auto_ok,genuine reword - needs native-speaker review
v3348,1673,زرخيزي ۽ پيداواري صحت,پيدائشي عضوو اناتومي ۽ فنڪشن,ٽيسٽس (testes) ۾ اسپرم پيدا ٿيڻ ۾ ڪيترو وقت لڳي ٿو؟,testes ۾ sperm ٺهڻ ۾ ڪيترا ڏينهن لڳن ٿا؟,auto_ok,genuine reword - needs native-speaker review
v3349,1674,زرخيزي ۽ پيداواري صحت,پيدائشي عضوو اناتومي ۽ فنڪشن,سيمينل ويسيڪل (seminal vesicle) جو ڪم ڇا آهي؟,سيمينل ويسيڪل جو ڪم ڇا آهي؟,auto_ok,genuine reword - needs native-speaker review
v3350,1674,زرخيزي ۽ پيداواري صحت,پيدائشي عضوو اناتومي ۽ فنڪشن,سيمينل ويسيڪل (seminal vesicle) جو ڪم ڇا آهي؟,seminal vesicle ڇا ڪم ڪري ٿي؟,auto_ok,genuine reword - needs native-speaker review
v3351,1675,زرخيزي ۽ پيداواري صحت,پيدائشي عضوو اناتومي ۽ فنڪشن,پروسٽيٽ گلينڊ (prostate gland) جو ڪم ڇا آهي؟,پروسٽيٽ گلينڊ جو ڪم ڇا آهي؟,auto_ok,genuine reword - needs native-speaker review
v3352,1675,زرخيزي ۽ پيداواري صحت,پيدائشي عضوو اناتومي ۽ فنڪشن,پروسٽيٽ گلينڊ (prostate gland) جو ڪم ڇا آهي؟,prostate gland ڇا ڪم ڏئي ٿي؟,auto_ok,genuine reword - needs native-speaker review
v3353,1676,زرخيزي ۽ پيداواري صحت,پيدائشي عضوو اناتومي ۽ فنڪشن,ايپيديڊائميس (epididymis) ڇا آهي؟,ايپيديڊائميس ڇا آهي؟,auto_ok,genuine reword - needs native-speaker review
v3354,1676,زرخيزي ۽ پيداواري صحت,پيدائشي عضوو اناتومي ۽ فنڪشن,ايپيديڊائميس (epididymis) ڇا آهي؟,epididymis جو مطلب ڪهڙو آهي؟,auto_ok,genuine reword - needs native-speaker review
v3355,1677,زرخيزي ۽ پيداواري صحت,پيدائشي عضوو اناتومي ۽ فنڪشن,حيض جو چڪر ڪيترن مرحلن تي مشتمل هوندو آهي؟,menstrual cycle ڪيترن حصن ۾ ورهايل آهي؟,auto_ok,genuine reword - needs native-speaker review
v3356,1677,زرخيزي ۽ پيداواري صحت,پيدائشي عضوو اناتومي ۽ فنڪشن,حيض جو چڪر ڪيترن مرحلن تي مشتمل هوندو آهي؟,menstrual cycle ڪيترن حصن ۾ ورهايل آهي؟,auto_ok,genuine reword - needs native-speaker review
v3357,1678,زرخيزي ۽ پيداواري صحت,پيدائشي عضوو اناتومي ۽ فنڪشن,جسم ۾ زرخيزي سان لاڳاپيل مکيه هارمون ڪهڙا آهن؟,fertility سان لاڳاپيل جسم جا اهم هارمون ڪهڙا آهن؟,auto_ok,genuine reword - needs native-speaker review
v3358,1678,زرخيزي ۽ پيداواري صحت,پيدائشي عضوو اناتومي ۽ فنڪشن,جسم ۾ زرخيزي سان لاڳاپيل مکيه هارمون ڪهڙا آهن؟,fertility سان لاڳاپيل جسم جا اهم هارمون ڪهڙا آهن؟,auto_ok,genuine reword - needs native-speaker review
v3359,1679,زرخيزي ۽ پيداواري صحت,پيدائشي عضوو اناتومي ۽ فنڪشن,FSH ۽ LH هارمون زرخيزي ۾ ڪهڙو ڪردار ادا ڪن ٿا؟,FSH ۽ LH fertility ۾ ڪيئن ڪم ڪن ٿا؟,auto_ok,genuine reword - needs native-speaker review
v3360,1679,زرخيزي ۽ پيداواري صحت,پيدائشي عضوو اناتومي ۽ فنڪشن,FSH ۽ LH هارمون زرخيزي ۾ ڪهڙو ڪردار ادا ڪن ٿا؟,FSH ۽ LH fertility ۾ ڪيئن ڪم ڪن ٿا؟,auto_ok,genuine reword - needs native-speaker review
v3361,1680,زرخيزي ۽ پيداواري صحت,پيدائشي عضوو اناتومي ۽ فنڪشن,پروجيسٽيرون (progesterone) هارمون جو ڪم ڇا آهي؟,پروجيسٽيرون هارمون جو ڪم ڇا آهي؟,auto_ok,genuine reword - needs native-speaker review
v3362,1680,زرخيزي ۽ پيداواري صحت,پيدائشي عضوو اناتومي ۽ فنڪشن,پروجيسٽيرون (progesterone) هارمون جو ڪم ڇا آهي؟,Progesterone ڇا ڪم ڪري ٿي؟,auto_ok,genuine reword - needs native-speaker review
v3363,1681,زرخيزي ۽ پيداواري صحت,پيدائشي عضوو اناتومي ۽ فنڪشن,ايسٽروجن (estrogen) هارمون جو ڪم ڇا آهي؟,ايسٽروجن هارمون جو ڪم ڇا آهي؟,auto_ok,genuine reword - needs native-speaker review
v3364,1681,زرخيزي ۽ پيداواري صحت,پيدائشي عضوو اناتومي ۽ فنڪشن,ايسٽروجن (estrogen) هارمون جو ڪم ڇا آهي؟,Estrogen ڇا ڪم ڪري ٿي؟,auto_ok,genuine reword - needs native-speaker review
v3365,1682,زرخيزي ۽ پيداواري صحت,پيدائشي عضوو اناتومي ۽ فنڪشن,ڇا مرد جي زرخيزي ۾ درجه حرارت جو ڪردار هوندو آهي؟,مرد جي زرخيزي ۾ درجه حرارت جو ڪردار هوندو آهي ڇا؟,auto_ok,genuine reword - needs native-speaker review
v3366,1682,زرخيزي ۽ پيداواري صحت,پيدائشي عضوو اناتومي ۽ فنڪشن,ڇا مرد جي زرخيزي ۾ درجه حرارت جو ڪردار هوندو آهي؟,temperature مرد جي fertility تي اثر انداز ٿئي ٿي ڇا؟,auto_ok,genuine reword - needs native-speaker review
v3367,1683,زرخيزي ۽ پيداواري صحت,پيدائشي عضوو اناتومي ۽ فنڪشن,رحم جي ڀتين (uterine lining) جو حيض سان ڪهڙو تعلق آهي؟,رحم جي ڀتين جو حيض سان ڪهڙو تعلق آهي؟,auto_ok,genuine reword - needs native-speaker review
v3368,1683,زرخيزي ۽ پيداواري صحت,پيدائشي عضوو اناتومي ۽ فنڪشن,رحم جي ڀتين (uterine lining) جو حيض سان ڪهڙو تعلق آهي؟,uterine lining ۽ period ۾ ڪهڙو ناتو آهي؟,auto_ok,genuine reword - needs native-speaker review
v3369,1684,زرخيزي ۽ پيداواري صحت,پيدائشي عضوو اناتومي ۽ فنڪشن,ووم (egg) ۽ اسپرم جي ملڻ کان زائگوٽ ٺهڻ تائين ڪهڙو عمل ٿئي ٿو؟,اووم ۽ اسپرم جي ملڻ کان زائگوٽ ٺهڻ تائين ڪهڙو عمل ٿئي ٿو؟,auto_ok,genuine reword - needs native-speaker review
v3370,1684,زرخيزي ۽ پيداواري صحت,پيدائشي عضوو اناتومي ۽ فنڪشن,ووم (egg) ۽ اسپرم جي ملڻ کان زائگوٽ ٺهڻ تائين ڪهڙو عمل ٿئي ٿو؟,egg ۽ sperm ملڻ بعد zygote ٺهڻ تائين ڪهڙا مرحلا اچن ٿا؟,auto_ok,genuine reword - needs native-speaker review
v3371,1685,زرخيزي ۽ پيداواري صحت,پيدائشي عضوو اناتومي ۽ فنڪشن,ڇا هر عورت ۾ ovaries جو ڪم هڪجهڙو هوندو آهي؟,هر عورت ۾ اووريز جو ڪم هڪجهڙو هوندو آهي ڇا؟,auto_ok,genuine reword - needs native-speaker review
v3372,1685,زرخيزي ۽ پيداواري صحت,پيدائشي عضوو اناتومي ۽ فنڪشن,ڇا هر عورت ۾ ovaries جو ڪم هڪجهڙو هوندو آهي؟,ovaries جو ڪم سڀني عورتن ۾ هڪ جهڙو آهي ڇا؟,auto_ok,genuine reword - needs native-speaker review
v3373,1686,زرخيزي ۽ پيداواري صحت,پيدائشي عضوو اناتومي ۽ فنڪشن,مرد جي پيدائشي نظام ۾ اسڪروٽم (scrotum) جو ڪم ڇا آهي؟,مرد جي پيدائشي نظام ۾ اسڪروٽم جو ڪم ڇا آهي؟,auto_ok,genuine reword - needs native-speaker review
v3374,1686,زرخيزي ۽ پيداواري صحت,پيدائشي عضوو اناتومي ۽ فنڪشن,مرد جي پيدائشي نظام ۾ اسڪروٽم (scrotum) جو ڪم ڇا آهي؟,scrotum ڇا ڪم ڪري ٿي؟,auto_ok,genuine reword - needs native-speaker review
v3375,1687,زرخيزي ۽ پيداواري صحت,پيدائشي عضوو اناتومي ۽ فنڪشن,ڇا هارمونل توازن ۾ خرابي پيدائشي عضون جي فنڪشن کي متاثر ڪري ٿي؟,هارمونل توازن ۾ خرابي پيدائشي عضون جي فنڪشن کي متاثر ڪري ٿي ڇا؟,auto_ok,genuine reword - needs native-speaker review
v3376,1687,زرخيزي ۽ پيداواري صحت,پيدائشي عضوو اناتومي ۽ فنڪشن,ڇا هارمونل توازن ۾ خرابي پيدائشي عضون جي فنڪشن کي متاثر ڪري ٿي؟,hormone imbalance سان reproductive organs جو ڪم متاثر ٿئي ٿو ڇا؟,auto_ok,genuine reword - needs native-speaker review
v3377,1688,زرخيزي ۽ پيداواري صحت,ڄمڻ جو فاصلو,ٻن ڄمڻ جي وچ ۾ گهٽ ۾ گهٽ ڪيترو وقت هجڻ گهرجي؟,ٻن ڄمڻن جي وچ ۾ گهٽ ۾ گهٽ ڪيترو وقت هجڻ گهرجي؟,auto_ok,genuine reword - needs native-speaker review
v3378,1688,زرخيزي ۽ پيداواري صحت,ڄمڻ جو فاصلو,ٻن ڄمڻ جي وچ ۾ گهٽ ۾ گهٽ ڪيترو وقت هجڻ گهرجي؟,birth spacing ۾ گهٽ ۾ گهٽ ڪيترا سال هجڻ گهرجن؟,auto_ok,genuine reword - needs native-speaker review
v3379,1689,زرخيزي ۽ پيداواري صحت,ڄمڻ جو فاصلو,ٻيهر ڪوشش ڪرڻ کان پهريان حمل کان پوء گهٽ ۾ گهٽ سفارش ڪيل فرق ڇا آهي؟,ٻيهر ڪوشش ڪرڻ کان اڳ حمل بعد گهٽ ۾ گهٽ سفارش ٿيل فرق ڇا آهي؟,auto_ok,genuine reword - needs native-speaker review
v3380,1689,زرخيزي ۽ پيداواري صحت,ڄمڻ جو فاصلو,ٻيهر ڪوشش ڪرڻ کان پهريان حمل کان پوء گهٽ ۾ گهٽ سفارش ڪيل فرق ڇا آهي؟,هڪ حمل بعد ٻيهر ڪوشش ڪرڻ لاءِ صلاح ٿيل وقفو ڪيترو آهي؟,auto_ok,genuine reword - needs native-speaker review
v3381,1690,زرخيزي ۽ پيداواري صحت,ڄمڻ جو فاصلو,ڇا ننڍي فاصلي سان ٻيهر حامله ٿيڻ خطرناڪ ٿي سگهي ٿو؟,ننڍي فاصلي سان ٻيهر حامله ٿيڻ خطرناڪ ٿي سگهي ٿو ڇا؟,auto_ok,genuine reword - needs native-speaker review
v3382,1690,زرخيزي ۽ پيداواري صحت,ڄمڻ جو فاصلو,ڇا ننڍي فاصلي سان ٻيهر حامله ٿيڻ خطرناڪ ٿي سگهي ٿو؟,گهٽ وقفي سان ٻيو حمل ٿيڻ نقصانڪار ٿي سگهي ٿو ڇا؟,auto_ok,genuine reword - needs native-speaker review
v3383,1691,زرخيزي ۽ پيداواري صحت,ڄمڻ جو فاصلو,کير پيارڻ دوران ڪهڙا مانع حمل طريقا استعمال ڪري سگھجن ٿا؟,ٿڃ پيارڻ دوران ڪهڙا مانع حمل طريقا استعمال ٿي سگهن ٿا؟,auto_ok,genuine reword - needs native-speaker review
v3384,1691,زرخيزي ۽ پيداواري صحت,ڄمڻ جو فاصلو,کير پيارڻ دوران ڪهڙا مانع حمل طريقا استعمال ڪري سگھجن ٿا؟,breastfeeding دوران ڪهڙا contraception options موجود آهن؟,auto_ok,genuine reword - needs native-speaker review
v3385,1692,زرخيزي ۽ پيداواري صحت,ڄمڻ جو فاصلو,ڇا کير پيارڻ پاڻ ۾ حمل کان بچاءُ جو طريقو آهي؟,ٿڃ پيارڻ پاڻ ۾ حمل کان بچاءُ جو طريقو آهي ڇا؟,auto_ok,genuine reword - needs native-speaker review
v3386,1692,زرخيزي ۽ پيداواري صحت,ڄمڻ جو فاصلو,ڇا کير پيارڻ پاڻ ۾ حمل کان بچاءُ جو طريقو آهي؟,breastfeeding پاڻ اڪيلو حمل کان بچاءُ ڏئي ٿي ڇا؟,auto_ok,genuine reword - needs native-speaker review
v3387,1693,زرخيزي ۽ پيداواري صحت,ڄمڻ جو فاصلو,ٻارن جي وچ ۾ گهٽ فاصلي هجڻ سان ماءُ کي ڪهڙا خطرا ٿي سگهن ٿا؟,ٻارن ۾ گهٽ فاصلي هجڻ سان ماءُ کي ڪهڙا خطرا ٿي سگهن ٿا؟,auto_ok,genuine reword - needs native-speaker review
v3388,1693,زرخيزي ۽ پيداواري صحت,ڄمڻ جو فاصلو,ٻارن جي وچ ۾ گهٽ فاصلي هجڻ سان ماءُ کي ڪهڙا خطرا ٿي سگهن ٿا؟,birth spacing گهٽ هجي ته ماءُ لاءِ ڪهڙا نقصان اچي سگهن ٿا؟,auto_ok,genuine reword - needs native-speaker review
v3389,1694,زرخيزي ۽ پيداواري صحت,ڄمڻ جو فاصلو,سيزيرين ڊليوري کان پوءِ ايندڙ حمل لاءِ ڪيترو انتظار ڪجي؟,سيزيرين بعد ايندڙ حمل لاءِ ڪيترو انتظار ڪجي؟,auto_ok,genuine reword - needs native-speaker review
v3390,1694,زرخيزي ۽ پيداواري صحت,ڄمڻ جو فاصلو,سيزيرين ڊليوري کان پوءِ ايندڙ حمل لاءِ ڪيترو انتظار ڪجي؟,C-section بعد ٻيهر حمل جي ڪوشش ڪيترو وقت پوءِ ڪجي؟,auto_ok,genuine reword - needs native-speaker review
v3391,1695,زرخيزي ۽ پيداواري صحت,ڄمڻ جو فاصلو,ڇا ڄمڻ جي فاصلي جو اثر ٻار جي صحت تي به پوي ٿو؟,ڄمڻ جي فاصلي جو اثر ٻار جي صحت تي به پوي ٿو ڇا؟,auto_ok,genuine reword - needs native-speaker review
v3392,1695,زرخيزي ۽ پيداواري صحت,ڄمڻ جو فاصلو,ڇا ڄمڻ جي فاصلي جو اثر ٻار جي صحت تي به پوي ٿو؟,birth spacing ٻار جي صحت کي به متاثر ڪري ٿو ڇا؟,auto_ok,genuine reword - needs native-speaker review
v3393,1696,زرخيزي ۽ پيداواري صحت,ڄمڻ جو فاصلو,ماءُ جي عمر ۽ ڄمڻ جي فاصلي جو ڪهڙو تعلق آهي؟,ماءُ جي عمر birth spacing سان ڪيئن جڙيل آهي؟,auto_ok,genuine reword - needs native-speaker review
v3394,1696,زرخيزي ۽ پيداواري صحت,ڄمڻ جو فاصلو,ماءُ جي عمر ۽ ڄمڻ جي فاصلي جو ڪهڙو تعلق آهي؟,ماءُ جي عمر birth spacing سان ڪيئن جڙيل آهي؟,auto_ok,genuine reword - needs native-speaker review
v3395,1697,زرخيزي ۽ پيداواري صحت,ڄمڻ جو فاصلو,ڇا سيزيرين کانپوءِ ننڍي فاصلي سان حمل رحم ڦاٽڻ (uterine rupture) جو خطرو وڌائي ٿو؟,سيزيرين بعد ننڍي فاصلي سان حمل uterine rupture جو خطرو وڌائي ٿو ڇا؟,auto_ok,genuine reword - needs native-speaker review
v3396,1697,زرخيزي ۽ پيداواري صحت,ڄمڻ جو فاصلو,ڇا سيزيرين کانپوءِ ننڍي فاصلي سان حمل رحم ڦاٽڻ (uterine rupture) جو خطرو وڌائي ٿو؟,C-section بعد جلدي حمل سان رحم ڦاٽڻ جو خطرو وڌي ٿو ڇا؟,auto_ok,genuine reword - needs native-speaker review
v3397,1698,زرخيزي ۽ پيداواري صحت,ڄمڻ جو فاصلو,ڇا وڏي فاصلي (تمام گھڻي دير) سان حمل ٿيڻ به خطرناڪ ٿي سگهي ٿو؟,گھڻي دير سان حمل ٿيڻ به خطرناڪ ٿي سگهي ٿو ڇا؟,auto_ok,genuine reword - needs native-speaker review
v3398,1698,زرخيزي ۽ پيداواري صحت,ڄمڻ جو فاصلو,ڇا وڏي فاصلي (تمام گھڻي دير) سان حمل ٿيڻ به خطرناڪ ٿي سگهي ٿو؟,birth spacing تمام گھڻي ٿي وڃي ته به نقصانڪار آهي ڇا؟,auto_ok,genuine reword - needs native-speaker review
v3399,1699,زرخيزي ۽ پيداواري صحت,ڄمڻ جو فاصلو,ڇا ننڍي عمر ۾ ماءُ ٿيڻ ۽ ڄمڻ جي فاصلي جو تعلق آهي؟,ننڍي عمر ۾ ماءُ ٿيڻ ۽ ڄمڻ جي فاصلي جو تعلق آهي ڇا؟,auto_ok,genuine reword - needs native-speaker review
v3400,1699,زرخيزي ۽ پيداواري صحت,ڄمڻ جو فاصلو,ڇا ننڍي عمر ۾ ماءُ ٿيڻ ۽ ڄمڻ جي فاصلي جو تعلق آهي؟,ننڍي عمر ۾ حمل birth spacing سان جڙيل آهي ڇا؟,auto_ok,genuine reword - needs native-speaker review
v3401,1700,زرخيزي ۽ پيداواري صحت,ڄمڻ جو فاصلو,WHO موجب ٻن ڄمڻن جي وچ ۾ گهٽ ۾ گهٽ ڪيترو وقفو سفارش ڪيل آهي؟,WHO موجب ٻن ڄمڻن جي وچ ۾ گهٽ ۾ گهٽ ڪيترو وقفو سفارش ٿيل آهي؟,auto_ok,genuine reword - needs native-speaker review
v3402,1700,زرخيزي ۽ پيداواري صحت,ڄمڻ جو فاصلو,WHO موجب ٻن ڄمڻن جي وچ ۾ گهٽ ۾ گهٽ ڪيترو وقفو سفارش ڪيل آهي؟,عالمي ادارو صحت جي مطابق birth spacing جو صلاح ڪيل وقفو ڪيترو آهي؟,auto_ok,genuine reword - needs native-speaker review
v3403,1701,زرخيزي ۽ پيداواري صحت,ڄمڻ جو فاصلو,ڇا ننڍي فاصلي سان ٻار وقت کان اڳ (premature) ڄمي سگهي ٿو؟,ننڍي فاصلي سان ٻار وقت کان اڳ ڄمي سگهي ٿو ڇا؟,auto_ok,genuine reword - needs native-speaker review
v3404,1701,زرخيزي ۽ پيداواري صحت,ڄمڻ جو فاصلو,ڇا ننڍي فاصلي سان ٻار وقت کان اڳ (premature) ڄمي سگهي ٿو؟,birth spacing گهٽ هجي ته preterm birth جو چانس وڌي ٿو ڇا؟,auto_ok,genuine reword - needs native-speaker review
v3405,1702,زرخيزي ۽ پيداواري صحت,ڄمڻ جو فاصلو,ڇا ننڍي فاصلي سان ٻار جو وزن گھٽ ٿي سگهي ٿو؟,ننڍي فاصلي سان ٻار جو وزن گھٽ ٿي سگهي ٿو ڇا؟,auto_ok,genuine reword - needs native-speaker review
v3406,1702,زرخيزي ۽ پيداواري صحت,ڄمڻ جو فاصلو,ڇا ننڍي فاصلي سان ٻار جو وزن گھٽ ٿي سگهي ٿو؟,birth spacing گهٽ هجي ته ٻار جو وزن گھٽ ٿي سگهي ٿو ڇا؟,auto_ok,genuine reword - needs native-speaker review
v3407,1703,زرخيزي ۽ پيداواري صحت,ڄمڻ جو فاصلو,ڇا ڄمڻ جي فاصلي جو تعلق ماءُ جي اينيميا (خون جي کوٽ) سان آهي؟,ڄمڻ جي فاصلي جو تعلق ماءُ جي انيميا سان آهي ڇا؟,auto_ok,genuine reword - needs native-speaker review
v3408,1703,زرخيزي ۽ پيداواري صحت,ڄمڻ جو فاصلو,ڇا ڄمڻ جي فاصلي جو تعلق ماءُ جي اينيميا (خون جي کوٽ) سان آهي؟,birth spacing ۽ ماءُ جي anemia ۾ ڪو ناتو آهي ڇا؟,auto_ok,genuine reword - needs native-speaker review
v3409,1704,زرخيزي ۽ پيداواري صحت,ڄمڻ جو فاصلو,ڇا مناسب ڄمڻ جو فاصلو ٻار جي ذهني وڏي ٿيڻ تي به اثر انداز ٿئي ٿو؟,مناسب ڄمڻ جو فاصلو ٻار جي ذهني وڏي ٿيڻ تي به اثر انداز ٿئي ٿو ڇا؟,auto_ok,genuine reword - needs native-speaker review
v3410,1704,زرخيزي ۽ پيداواري صحت,ڄمڻ جو فاصلو,ڇا مناسب ڄمڻ جو فاصلو ٻار جي ذهني وڏي ٿيڻ تي به اثر انداز ٿئي ٿو؟,صحيح birth spacing سان ٻار جي ذهني نشوونما بهتر ٿئي ٿي ڇا؟,auto_ok,genuine reword - needs native-speaker review
v3411,1705,زرخيزي ۽ پيداواري صحت,ڄمڻ جو فاصلو,ڇا ٻار جي کير ڇڏائڻ کان پوءِ ئي ٻيهر حمل جي ڪوشش ڪجي؟,ٻار جو کير ڇڏائڻ کان پوءِ ئي ٻيهر حمل جي ڪوشش ڪجي ڇا؟,auto_ok,genuine reword - needs native-speaker review
v3412,1705,زرخيزي ۽ پيداواري صحت,ڄمڻ جو فاصلو,ڇا ٻار جي کير ڇڏائڻ کان پوءِ ئي ٻيهر حمل جي ڪوشش ڪجي؟,weaning بعد ئي ٻيو حمل ڪوشش ڪجي ضروري آهي ڇا؟,auto_ok,genuine reword - needs native-speaker review
v3413,1706,زرخيزي ۽ پيداواري صحت,ڄمڻ جو فاصلو,ڇا خانداني منصوبه بندي ڄمڻ جي فاصلي کي منظم ڪرڻ ۾ مدد ڪري ٿي؟,خانداني منصوبابندي ڄمڻ جي فاصلي کي منظم ڪرڻ ۾ مدد ڪري ٿي ڇا؟,auto_ok,genuine reword - needs native-speaker review
v3414,1706,زرخيزي ۽ پيداواري صحت,ڄمڻ جو فاصلو,ڇا خانداني منصوبه بندي ڄمڻ جي فاصلي کي منظم ڪرڻ ۾ مدد ڪري ٿي؟,family planning سان birth spacing ڪنٽرول ۾ رهي ٿي ڇا؟,auto_ok,genuine reword - needs native-speaker review
v3415,1707,زرخيزي ۽ پيداواري صحت,ڄمڻ جو فاصلو,ڇا ننڍي فاصلي سان ٻنهي ٻارن جي صحت تي هڪجهڙو اثر پوي ٿو؟,ننڍي فاصلي سان ٻنهي ٻارن جي صحت تي هڪجهڙو اثر پوي ٿو ڇا؟,auto_ok,genuine reword - needs native-speaker review
v3416,1707,زرخيزي ۽ پيداواري صحت,ڄمڻ جو فاصلو,ڇا ننڍي فاصلي سان ٻنهي ٻارن جي صحت تي هڪجهڙو اثر پوي ٿو؟,birth spacing گهٽ هجي ته ٻنهي ٻارن کي هڪجهڙو نقصان ٿئي ٿو ڇا؟,auto_ok,genuine reword - needs native-speaker review
v3417,1708,زرخيزي ۽ پيداواري صحت,ڄمڻ جو فاصلو,ڇا ايبارشن (اسقاط حمل) کان پوءِ ٻيهر ڪوشش ڪرڻ لاءِ انتظار ڪرڻ گهرجي؟,اسقاط حمل بعد ٻيهر ڪوشش لاءِ انتظار ڪجي ضروري آهي ڇا؟,auto_ok,genuine reword - needs native-speaker review
v3418,1708,زرخيزي ۽ پيداواري صحت,ڄمڻ جو فاصلو,ڇا ايبارشن (اسقاط حمل) کان پوءِ ٻيهر ڪوشش ڪرڻ لاءِ انتظار ڪرڻ گهرجي؟,miscarriage بعد ٻيهر حمل جي ڪوشش کان اڳ ترسڻ ضروري آهي ڇا؟,auto_ok,genuine reword - needs native-speaker review
v3419,1709,زرخيزي ۽ پيداواري صحت,ڄمڻ جو فاصلو,ڇا وڏي عمر جي ماءُ لاءِ ڄمڻ جو فاصلو مختلف طريقي سان طئي ٿئي ٿو؟,وڏي عمر جي ماءُ لاءِ ڄمڻ جو فاصلو مختلف طريقي سان طئي ٿئي ٿو ڇا؟,auto_ok,genuine reword - needs native-speaker review
v3420,1709,زرخيزي ۽ پيداواري صحت,ڄمڻ جو فاصلو,ڇا وڏي عمر جي ماءُ لاءِ ڄمڻ جو فاصلو مختلف طريقي سان طئي ٿئي ٿو؟,زياده عمر جي ماءُ لاءِ birth spacing جو طريقو الڳ آهي ڇا؟,auto_ok,genuine reword - needs native-speaker review
v3421,1710,زرخيزي ۽ پيداواري صحت,ڄمڻ جو فاصلو,ڇا ٽئين ٻار جي حمل لاءِ فاصلو پهرين ٻارن جيان ساڳيو رکجي؟,ٽئين ٻار جي حمل لاءِ فاصلو پهرين جيان ساڳيو رکجي ڇا؟,auto_ok,genuine reword - needs native-speaker review
v3422,1710,زرخيزي ۽ پيداواري صحت,ڄمڻ جو فاصلو,ڇا ٽئين ٻار جي حمل لاءِ فاصلو پهرين ٻارن جيان ساڳيو رکجي؟,ٽئين حمل ۾ spacing پهرين جي طرح رکجي ضروري آهي ڇا؟,auto_ok,genuine reword - needs native-speaker review
v3423,1711,زرخيزي ۽ پيداواري صحت,ڄمڻ جو فاصلو,ڇا صحيح فاصلي سان حمل ٿيڻ سان ماءُ جي جسماني بحاليءَ ۾ مدد ملي ٿي؟,صحيح فاصلي سان حمل ٿيڻ ماءُ جي جسماني بحاليءَ ۾ مدد ڪري ٿو ڇا؟,auto_ok,genuine reword - needs native-speaker review
v3424,1711,زرخيزي ۽ پيداواري صحت,ڄمڻ جو فاصلو,ڇا صحيح فاصلي سان حمل ٿيڻ سان ماءُ جي جسماني بحاليءَ ۾ مدد ملي ٿي؟,birth spacing صحيح هجي ته ماءُ جو بدن جلد ٺيڪ ٿئي ٿو ڇا؟,auto_ok,genuine reword - needs native-speaker review
v3425,1712,زرخيزي ۽ پيداواري صحت,ڄمڻ جو فاصلو,ڇا جڙوان ٻارن جي ڄمڻ کان پوءِ ٻيهر حمل جو فاصلو مختلف هجڻ گهرجي؟,جڙوان ٻارن جي ڄمڻ کان پوءِ ٻيهر حمل جو فاصلو مختلف هجڻ گهرجي ڇا؟,auto_ok,genuine reword - needs native-speaker review
v3426,1712,زرخيزي ۽ پيداواري صحت,ڄمڻ جو فاصلو,ڇا جڙوان ٻارن جي ڄمڻ کان پوءِ ٻيهر حمل جو فاصلو مختلف هجڻ گهرجي؟,twins بعد birth spacing ٻين کان الڳ رکجي ضروري آهي ڇا؟,auto_ok,genuine reword - needs native-speaker review
v3427,1713,زرخيزي ۽ پيداواري صحت,ڄمڻ جو فاصلو,ڇا ننڍي فاصلي سان ٻار ۾ پيدائشي نقص (birth defects) جو خطرو وڌي ٿو؟,ننڍي فاصلي سان ٻار ۾ پيدائشي نقص جو خطرو وڌي ٿو ڇا؟,auto_ok,genuine reword - needs native-speaker review
v3428,1713,زرخيزي ۽ پيداواري صحت,ڄمڻ جو فاصلو,ڇا ننڍي فاصلي سان ٻار ۾ پيدائشي نقص (birth defects) جو خطرو وڌي ٿو؟,birth spacing گهٽ هجي ته birth defects جو چانس وڌي ٿو ڇا؟,auto_ok,genuine reword - needs native-speaker review
v3429,1714,زرخيزي ۽ پيداواري صحت,ڄمڻ جو فاصلو,ڇا ماءُ جي غذائيت ۽ ڄمڻ جي فاصلي جو تعلق آهي؟,ماءُ جي غذائيت ۽ ڄمڻ جي فاصلي جو تعلق آهي ڇا؟,auto_ok,genuine reword - needs native-speaker review
v3430,1714,زرخيزي ۽ پيداواري صحت,ڄمڻ جو فاصلو,ڇا ماءُ جي غذائيت ۽ ڄمڻ جي فاصلي جو تعلق آهي؟,ماءُ جي کاڌي پيتي جو birth spacing سان ناتو آهي ڇا؟,auto_ok,genuine reword - needs native-speaker review
v3431,1715,زرخيزي ۽ پيداواري صحت,ڄمڻ جو فاصلو,ڇا فيملي پلاننگ ڪائونسلنگ ڄمڻ جي فاصلي جي منصوبه بندي ۾ مدد ڪري ٿي؟,فيملي پلاننگ ڪائونسلنگ ڄمڻ جي فاصلي جي منصوبابندي ۾ مدد ڪري ٿي ڇا؟,auto_ok,genuine reword - needs native-speaker review
v3432,1715,زرخيزي ۽ پيداواري صحت,ڄمڻ جو فاصلو,ڇا فيملي پلاننگ ڪائونسلنگ ڄمڻ جي فاصلي جي منصوبه بندي ۾ مدد ڪري ٿي؟,family planning counseling birth spacing plan ۾ فائديمند آهي ڇا؟,auto_ok,genuine reword - needs native-speaker review
v3433,1716,زرخيزي ۽ پيداواري صحت,ڄمڻ جو فاصلو,ڇا ننڍي فاصلي سان ٻار ۾ کير پيارڻ جي مسئلن جو امڪان وڌي ٿو؟,ننڍي فاصلي سان ٻار ۾ کير پيارڻ جي مسئلن جو امڪان وڌي ٿو ڇا؟,auto_ok,genuine reword - needs native-speaker review
v3434,1716,زرخيزي ۽ پيداواري صحت,ڄمڻ جو فاصلو,ڇا ننڍي فاصلي سان ٻار ۾ کير پيارڻ جي مسئلن جو امڪان وڌي ٿو؟,birth spacing گهٽ هجي ته breastfeeding ۾ مسئلا وڌن ٿا ڇا؟,auto_ok,genuine reword - needs native-speaker review
v3435,1717,زرخيزي ۽ پيداواري صحت,ڄمڻ جو فاصلو,ڇا هر عورت لاءِ مثالي ڄمڻ جو فاصلو هڪجهڙو هوندو آهي؟,هر عورت لاءِ مثالي ڄمڻ جو فاصلو هڪجهڙو هوندو آهي ڇا؟,auto_ok,genuine reword - needs native-speaker review
v3436,1717,زرخيزي ۽ پيداواري صحت,ڄمڻ جو فاصلو,ڇا هر عورت لاءِ مثالي ڄمڻ جو فاصلو هڪجهڙو هوندو آهي؟,ideal birth spacing سڀني عورتن لاءِ هڪ جهڙو آهي ڇا؟,auto_ok,genuine reword - needs native-speaker review
v3437,1718,زرخيزي ۽ پيداواري صحت,ڄمڻ جو فاصلو,ڇا وڏي عمر ۾ ڄاول پهرين ٻار کان پوءِ ڄمڻ جو فاصلو مختلف رکجي؟,وڏي عمر ۾ ڄاول پهرين ٻار کان پوءِ ڄمڻ جو فاصلو مختلف رکجي ڇا؟,auto_ok,genuine reword - needs native-speaker review
v3438,1718,زرخيزي ۽ پيداواري صحت,ڄمڻ جو فاصلو,ڇا وڏي عمر ۾ ڄاول پهرين ٻار کان پوءِ ڄمڻ جو فاصلو مختلف رکجي؟,پهريون ٻار وڏي عمر ۾ ٿئي ته birth spacing مختلف رکجي ڇا؟,auto_ok,genuine reword - needs native-speaker review
v3439,1719,زرخيزي ۽ پيداواري صحت,ڪيئن تصور ۽ زرخيز ونڊو ڪم,تصور اصل ۾ ڪيئن ٿيندو آهي؟,تصور (conception) اصل ۾ ڪيئن ٿيندو آهي؟,auto_ok,genuine reword - needs native-speaker review
v3440,1719,زرخيزي ۽ پيداواري صحت,ڪيئن تصور ۽ زرخيز ونڊو ڪم,تصور اصل ۾ ڪيئن ٿيندو آهي؟,حمل شروع ٿيڻ جو عمل اصل ۾ ڪيئن هلندو آهي؟,auto_ok,genuine reword - needs native-speaker review
v3441,1720,زرخيزي ۽ پيداواري صحت,ڪيئن تصور ۽ زرخيز ونڊو ڪم,حيض واري چڪر ۾ زرخيز ونڊو ڇا آهي؟,period cycle ۾ fertile window جو مطلب ڪهڙو آهي؟,auto_ok,genuine reword - needs native-speaker review
v3442,1720,زرخيزي ۽ پيداواري صحت,ڪيئن تصور ۽ زرخيز ونڊو ڪم,حيض واري چڪر ۾ زرخيز ونڊو ڇا آهي؟,period cycle ۾ fertile window جو مطلب ڪهڙو آهي؟,auto_ok,genuine reword - needs native-speaker review
v3443,1721,زرخيزي ۽ پيداواري صحت,ڪيئن تصور ۽ زرخيز ونڊو ڪم,جڏهن ovulation عام طور تي 28 ڏينهن جي چڪر ۾ ٿيندي آهي؟,اووليشن عام طور 28 ڏينهن جي چڪر ۾ ڪڏهن ٿيندي آهي؟,auto_ok,genuine reword - needs native-speaker review
v3444,1721,زرخيزي ۽ پيداواري صحت,ڪيئن تصور ۽ زرخيز ونڊو ڪم,جڏهن ovulation عام طور تي 28 ڏينهن جي چڪر ۾ ٿيندي آهي؟,28-day cycle ۾ اووليشن عام طور ڪهڙي ڏينهن ٿئي ٿي؟,auto_ok,genuine reword - needs native-speaker review
v3445,1722,زرخيزي ۽ پيداواري صحت,ڪيئن تصور ۽ زرخيز ونڊو ڪم,ovulation جي جسماني نشانيون ڇا آهن؟,اووليشن جون جسماني نشانيون ڪهڙيون آهن؟,auto_ok,genuine reword - needs native-speaker review
v3446,1722,زرخيزي ۽ پيداواري صحت,ڪيئن تصور ۽ زرخيز ونڊو ڪم,ovulation جي جسماني نشانيون ڇا آهن؟,ovulation ٿيڻ جون جسم ۾ ڪهڙيون علامتون ظاهر ٿينديون آهن؟,auto_ok,genuine reword - needs native-speaker review
v3447,1723,زرخيزي ۽ پيداواري صحت,ڪيئن تصور ۽ زرخيز ونڊو ڪم,ڇا ovulation هر مهيني مختلف وقتن تي ٿي سگهي ٿو؟,اووليشن هر مهيني مختلف وقتن تي ٿي سگهي ٿي ڇا؟,auto_ok,genuine reword - needs native-speaker review
v3448,1723,زرخيزي ۽ پيداواري صحت,ڪيئن تصور ۽ زرخيز ونڊو ڪم,ڇا ovulation هر مهيني مختلف وقتن تي ٿي سگهي ٿو؟,ovulation جو وقت هر مهيني بدلجي سگهي ٿو ڇا؟,auto_ok,genuine reword - needs native-speaker review
v3449,1724,زرخيزي ۽ پيداواري صحت,ڪيئن تصور ۽ زرخيز ونڊو ڪم,ڇا صرف ovulation جي صحيح ڏينهن تي جماع ڪرڻ حمل جي ضمانت ڏئي ٿو؟,صرف اووليشن جي صحيح ڏينهن تي جماع حمل جي ضمانت ڏئي ٿي ڇا؟,auto_ok,genuine reword - needs native-speaker review
v3450,1724,زرخيزي ۽ پيداواري صحت,ڪيئن تصور ۽ زرخيز ونڊو ڪم,ڇا صرف ovulation جي صحيح ڏينهن تي جماع ڪرڻ حمل جي ضمانت ڏئي ٿو؟,رڳو اووليشن واري ڏينهن intercourse سان حمل پڪو ٿي وڃي ٿو ڇا؟,auto_ok,genuine reword - needs native-speaker review
v3451,1725,زرخيزي ۽ پيداواري صحت,ڪيئن تصور ۽ زرخيز ونڊو ڪم,سروائيڪل ميڪس ٽريڪنگ ڇا آهي ۽ اهو ڪيئن مدد ڪري ٿو؟,سروائيڪل ميڪس ٽريڪنگ ڇا آهي ۽ اها ڪيئن مدد ڪري ٿي؟,auto_ok,genuine reword - needs native-speaker review
v3452,1725,زرخيزي ۽ پيداواري صحت,ڪيئن تصور ۽ زرخيز ونڊو ڪم,سروائيڪل ميڪس ٽريڪنگ ڇا آهي ۽ اهو ڪيئن مدد ڪري ٿو؟,cervical mucus tracking ڪيئن ٿئي ٿي ۽ ان جو ڪهڙو فائدو آهي؟,auto_ok,genuine reword - needs native-speaker review
v3453,1726,زرخيزي ۽ پيداواري صحت,ڪيئن تصور ۽ زرخيز ونڊو ڪم,ڇا ovulation اڳڪٿي ڪندڙ کٽ قابل اعتماد آهن؟,اووليشن اڳڪٿي ڪندڙ ڪٽ قابل اعتماد آهن ڇا؟,auto_ok,genuine reword - needs native-speaker review
v3454,1726,زرخيزي ۽ پيداواري صحت,ڪيئن تصور ۽ زرخيز ونڊو ڪم,ڇا ovulation اڳڪٿي ڪندڙ کٽ قابل اعتماد آهن؟,ovulation predictor kits تي ڀروسو ڪري سگهجي ٿو ڇا؟,auto_ok,genuine reword - needs native-speaker review
v3455,1727,زرخيزي ۽ پيداواري صحت,ڪيئن تصور ۽ زرخيز ونڊو ڪم,ڇا هڪ عورت پنهنجي دور جي ختم ٿيڻ کان پوء حامل ٿي سگهي ٿي؟,عورت پنهنجي ماهواري ختم ٿيڻ کان پوءِ حامله ٿي سگهي ٿي ڇا؟,auto_ok,genuine reword - needs native-speaker review
v3456,1727,زرخيزي ۽ پيداواري صحت,ڪيئن تصور ۽ زرخيز ونڊو ڪم,ڇا هڪ عورت پنهنجي دور جي ختم ٿيڻ کان پوء حامل ٿي سگهي ٿي؟,period ختم ٿيڻ فوراً بعد به حمل ٿي سگهي ٿو ڇا؟,auto_ok,genuine reword - needs native-speaker review
v3457,1728,زرخيزي ۽ پيداواري صحت,ڪيئن تصور ۽ زرخيز ونڊو ڪم,زرخيزي کي ٽريڪ ڪرڻ ۾ بنيادي جسم جي درجه حرارت ڪهڙي ڪردار ادا ڪري ٿي؟,زرخيزي ٽريڪ ڪرڻ ۾ بنيادي جسمي درجه حرارت ڪهڙو ڪردار ادا ڪري ٿي؟,auto_ok,genuine reword - needs native-speaker review
v3458,1728,زرخيزي ۽ پيداواري صحت,ڪيئن تصور ۽ زرخيز ونڊو ڪم,زرخيزي کي ٽريڪ ڪرڻ ۾ بنيادي جسم جي درجه حرارت ڪهڙي ڪردار ادا ڪري ٿي؟,basal body temperature سان fertility ڪيئن ٽريڪ ٿئي ٿي؟,auto_ok,genuine reword - needs native-speaker review
v3459,1729,زرخيزي ۽ پيداواري صحت,ڪيئن تصور ۽ زرخيز ونڊو ڪم,زرخيز ونڊو (fertile window) ڇا آهي؟,fertile window جو مطلب ڪهڙو آهي؟,auto_ok,genuine reword - needs native-speaker review
v3460,1729,زرخيزي ۽ پيداواري صحت,ڪيئن تصور ۽ زرخيز ونڊو ڪم,زرخيز ونڊو (fertile window) ڇا آهي؟,fertile window جو مطلب ڪهڙو آهي؟,auto_ok,genuine reword - needs native-speaker review
v3461,1730,زرخيزي ۽ پيداواري صحت,ڪيئن تصور ۽ زرخيز ونڊو ڪم,عام طور تي ovulation حيض واري چڪر ۾ ڪڏهن ٿيندي آهي؟,اووليشن عام طور حيض واري چڪر ۾ ڪڏهن ٿيندي آهي؟,auto_ok,genuine reword - needs native-speaker review
v3462,1730,زرخيزي ۽ پيداواري صحت,ڪيئن تصور ۽ زرخيز ونڊو ڪم,عام طور تي ovulation حيض واري چڪر ۾ ڪڏهن ٿيندي آهي؟,period cycle ۾ ovulation عام طور ڪهڙي وقت ٿئي ٿي؟,auto_ok,genuine reword - needs native-speaker review
v3463,1731,زرخيزي ۽ پيداواري صحت,ڪيئن تصور ۽ زرخيز ونڊو ڪم,ڇا سروائيڪل بلغم (cervical mucus) مان زرخيزي جي نشاندهي ٿي سگهي ٿي؟,سروائيڪل بلغم مان زرخيزي جي نشاندهي ٿي سگهي ٿي ڇا؟,auto_ok,genuine reword - needs native-speaker review
v3464,1731,زرخيزي ۽ پيداواري صحت,ڪيئن تصور ۽ زرخيز ونڊو ڪم,ڇا سروائيڪل بلغم (cervical mucus) مان زرخيزي جي نشاندهي ٿي سگهي ٿي؟,cervical mucus مان fertility جو پتو پئجي سگهي ٿو ڇا؟,auto_ok,genuine reword - needs native-speaker review
v3465,1732,زرخيزي ۽ پيداواري صحت,ڪيئن تصور ۽ زرخيز ونڊو ڪم,ڪهڙي طرز زندگي جي تبديلي زرخيزي جي نتيجن کي بهتر ڪرڻ لاء مضبوط ثبوت آهي؟,ڪهڙي طرز زندگي جي تبديلي زرخيزي جي نتيجن کي بهتر ڪرڻ لاءِ مضبوط ثبوت رکي ٿي؟,auto_ok,genuine reword - needs native-speaker review
v3466,1732,زرخيزي ۽ پيداواري صحت,ڪيئن تصور ۽ زرخيز ونڊو ڪم,ڪهڙي طرز زندگي جي تبديلي زرخيزي جي نتيجن کي بهتر ڪرڻ لاء مضبوط ثبوت آهي؟,ڪهڙي lifestyle change سان fertility بهتر ٿيڻ جو مضبوط ثبوت آهي؟,auto_ok,genuine reword - needs native-speaker review
v3467,1733,زرخيزي ۽ پيداواري صحت,ڪيئن تصور ۽ زرخيز ونڊو ڪم,انڊو ovulation کان پوءِ ڪيترو وقت زندهه رهي ٿو؟,انڊو اووليشن کان پوءِ ڪيترو وقت زندهه رهي ٿو؟,auto_ok,genuine reword - needs native-speaker review
v3468,1733,زرخيزي ۽ پيداواري صحت,ڪيئن تصور ۽ زرخيز ونڊو ڪم,انڊو ovulation کان پوءِ ڪيترو وقت زندهه رهي ٿو؟,egg ovulation بعد ڪيترا ڪلاڪ زندهه رهي ٿي؟,auto_ok,genuine reword - needs native-speaker review
v3469,1734,زرخيزي ۽ پيداواري صحت,ڪيئن تصور ۽ زرخيز ونڊو ڪم,ovulation ۽ حيض جي شروعات ۾ ڪيترو وقفو هوندو آهي؟,اووليشن ۽ حيض جي شروعات ۾ ڪيترو وقفو هوندو آهي؟,auto_ok,genuine reword - needs native-speaker review
v3470,1734,زرخيزي ۽ پيداواري صحت,ڪيئن تصور ۽ زرخيز ونڊو ڪم,ovulation ۽ حيض جي شروعات ۾ ڪيترو وقفو هوندو آهي؟,ovulation ۽ period شروع ٿيڻ ۾ ڪيترو وقت اچي ٿو؟,auto_ok,genuine reword - needs native-speaker review
v3471,1735,زرخيزي ۽ پيداواري صحت,ڪيئن تصور ۽ زرخيز ونڊو ڪم,ڇا هر عورت ۾ زرخيز ونڊو هڪجهڙي هوندي آهي؟,هر عورت ۾ زرخيز ونڊو هڪجهڙي هوندي آهي ڇا؟,auto_ok,genuine reword - needs native-speaker review
v3472,1735,زرخيزي ۽ پيداواري صحت,ڪيئن تصور ۽ زرخيز ونڊو ڪم,ڇا هر عورت ۾ زرخيز ونڊو هڪجهڙي هوندي آهي؟,fertile window سڀني عورتن ۾ هڪ جهڙي آهي ڇا؟,auto_ok,genuine reword - needs native-speaker review
v3473,1736,زرخيزي ۽ پيداواري صحت,ڪيئن تصور ۽ زرخيز ونڊو ڪم,اسپرم عورت جي جسم ۾ ڪيترو وقت زندهه رهي سگهي ٿو؟,sperm عورت جي بدن اندر ڪيترا ڏينهن رهي سگهي ٿي؟,auto_ok,genuine reword - needs native-speaker review
v3474,1736,زرخيزي ۽ پيداواري صحت,ڪيئن تصور ۽ زرخيز ونڊو ڪم,اسپرم عورت جي جسم ۾ ڪيترو وقت زندهه رهي سگهي ٿو؟,sperm عورت جي بدن اندر ڪيترا ڏينهن رهي سگهي ٿي؟,auto_ok,genuine reword - needs native-speaker review
v3475,1737,زرخيزي ۽ پيداواري صحت,ڪيئن تصور ۽ زرخيز ونڊو ڪم,ڇا سروائيڪل پوزيشن مان به زرخيزي جي نشاندهي ٿي سگهي ٿي؟,سروائيڪل پوزيشن مان به زرخيزي جي نشاندهي ٿي سگهي ٿي ڇا؟,auto_ok,genuine reword - needs native-speaker review
v3476,1737,زرخيزي ۽ پيداواري صحت,ڪيئن تصور ۽ زرخيز ونڊو ڪم,ڇا سروائيڪل پوزيشن مان به زرخيزي جي نشاندهي ٿي سگهي ٿي؟,cervix جي پوزيشن مان fertility جو اندازو لڳائي سگهجي ٿو ڇا؟,auto_ok,genuine reword - needs native-speaker review
v3477,1738,زرخيزي ۽ پيداواري صحت,ڪيئن تصور ۽ زرخيز ونڊو ڪم,ڇا هارمونل مانع حمل استعمال ڪندڙ عورتون پنهنجي زرخيز ونڊو کي ٽريڪ ڪري سگهن ٿيون؟,هارمونل مانع حمل استعمال ڪندڙ عورتون زرخيز ونڊو ٽريڪ ڪري سگهن ٿيون ڇا؟,auto_ok,genuine reword - needs native-speaker review
v3478,1738,زرخيزي ۽ پيداواري صحت,ڪيئن تصور ۽ زرخيز ونڊو ڪم,ڇا هارمونل مانع حمل استعمال ڪندڙ عورتون پنهنجي زرخيز ونڊو کي ٽريڪ ڪري سگهن ٿيون؟,birth control کائيندڙ عورتون fertile window ٽريڪ ڪري سگهن ٿيون ڇا؟,auto_ok,genuine reword - needs native-speaker review
v3479,1739,زرخيزي ۽ پيداواري صحت,ڪيئن تصور ۽ زرخيز ونڊو ڪم,ڇا انڊو ovulation کان اڳ يا پوءِ خارج ٿئي ٿو؟,انڊو اووليشن کان اڳ يا پوءِ خارج ٿئي ٿو ڇا؟,auto_ok,genuine reword - needs native-speaker review
v3480,1739,زرخيزي ۽ پيداواري صحت,ڪيئن تصور ۽ زرخيز ونڊو ڪم,ڇا انڊو ovulation کان اڳ يا پوءِ خارج ٿئي ٿو؟,egg ovulation کان اڳ نڪري ٿو يا پوءِ؟,auto_ok,genuine reword - needs native-speaker review
v3481,1740,زرخيزي ۽ پيداواري صحت,ڪيئن تصور ۽ زرخيز ونڊو ڪم,ڇا سموپچار (تصور) لاءِ صرف هڪ ڏينهن ئي بهترين هوندو آهي؟,تصور لاءِ صرف هڪ ڏينهن ئي بهترين هوندو آهي ڇا؟,auto_ok,genuine reword - needs native-speaker review
v3482,1740,زرخيزي ۽ پيداواري صحت,ڪيئن تصور ۽ زرخيز ونڊو ڪم,ڇا سموپچار (تصور) لاءِ صرف هڪ ڏينهن ئي بهترين هوندو آهي؟,حمل لاءِ رڳو هڪ ڏينهن سڀ کان بهترين هوندو آهي ڇا؟,auto_ok,genuine reword - needs native-speaker review
v3483,1741,زرخيزي ۽ پيداواري صحت,ڪيئن تصور ۽ زرخيز ونڊو ڪم,ڇا اڻ منظم چڪر واريون عورتون ovulation predictor kits استعمال ڪري سگھن؟,بي قاعده چڪر واريون عورتون اووليشن predictor kits استعمال ڪري سگهن ڇا؟,auto_ok,genuine reword - needs native-speaker review
v3484,1741,زرخيزي ۽ پيداواري صحت,ڪيئن تصور ۽ زرخيز ونڊو ڪم,ڇا اڻ منظم چڪر واريون عورتون ovulation predictor kits استعمال ڪري سگھن؟,irregular cycle واريون عورتون ovulation kit استعمال ڪري سگهن ٿيون ڇا؟,auto_ok,genuine reword - needs native-speaker review
v3485,1742,زرخيزي ۽ پيداواري صحت,ڪيئن تصور ۽ زرخيز ونڊو ڪم,ڇا حمل جي جانچ (pregnancy test) لاءِ ڪيترو انتظار ڪجي؟,حمل جي جانچ لاءِ ڪيترو انتظار ڪجي؟,auto_ok,genuine reword - needs native-speaker review
v3486,1742,زرخيزي ۽ پيداواري صحت,ڪيئن تصور ۽ زرخيز ونڊو ڪم,ڇا حمل جي جانچ (pregnancy test) لاءِ ڪيترو انتظار ڪجي؟,pregnancy test ڪرائڻ کان اڳ ڪيترا ڏينهن انتظار ڪجي؟,auto_ok,genuine reword - needs native-speaker review
v3487,1743,زرخيزي ۽ پيداواري صحت,ڪيئن تصور ۽ زرخيز ونڊو ڪم,ڇا هڪ عورت هڪ چڪر ۾ هڪ کان وڌيڪ انڊو ڇڏي سگهي ٿي؟,عورت هڪ چڪر ۾ هڪ کان وڌيڪ انڊو ڇڏي سگهي ٿي ڇا؟,auto_ok,genuine reword - needs native-speaker review
v3488,1743,زرخيزي ۽ پيداواري صحت,ڪيئن تصور ۽ زرخيز ونڊو ڪم,ڇا هڪ عورت هڪ چڪر ۾ هڪ کان وڌيڪ انڊو ڇڏي سگهي ٿي؟,هڪ ئي cycle ۾ عورت ۾ ٻه eggs نڪري سگهن ٿا ڇا؟,auto_ok,genuine reword - needs native-speaker review
v3489,1744,زرخيزي ۽ پيداواري صحت,ڪيئن تصور ۽ زرخيز ونڊو ڪم,ڇا زرخيزي ايپس (apps) ovulation ٽريڪ ڪرڻ ۾ درست هونديون آهن؟,زرخيزي ايپس اووليشن ٽريڪ ڪرڻ ۾ درست هونديون آهن ڇا؟,auto_ok,genuine reword - needs native-speaker review
v3490,1744,زرخيزي ۽ پيداواري صحت,ڪيئن تصور ۽ زرخيز ونڊو ڪم,ڇا زرخيزي ايپس (apps) ovulation ٽريڪ ڪرڻ ۾ درست هونديون آهن؟,fertility apps ovulation track ڪرڻ ۾ صحيح آهن ڇا؟,auto_ok,genuine reword - needs native-speaker review
v3491,1745,زرخيزي ۽ پيداواري صحت,ڪيئن تصور ۽ زرخيز ونڊو ڪم,ڇا سروائيڪل ميوڪس جي بناوت ovulation جي ويجهو ڪيئن بدلجي ٿي؟,سروائيڪل ميوڪس جي بناوت اووليشن جي ويجهو ڪيئن بدلجي ٿي؟,auto_ok,genuine reword - needs native-speaker review
v3492,1745,زرخيزي ۽ پيداواري صحت,ڪيئن تصور ۽ زرخيز ونڊو ڪم,ڇا سروائيڪل ميوڪس جي بناوت ovulation جي ويجهو ڪيئن بدلجي ٿي؟,cervical mucus ovulation جي ويجهو ڪيئن مختلف نظر اچي ٿو؟,auto_ok,genuine reword - needs native-speaker review
v3493,1746,زرخيزي ۽ پيداواري صحت,ڪيئن تصور ۽ زرخيز ونڊو ڪم,ڇا بنيادي جسماني درجه حرارت ovulation کان اڳ يا پوءِ وڌي ٿو؟,بنيادي جسمي درجه حرارت اووليشن کان اڳ يا پوءِ وڌي ٿو؟,auto_ok,genuine reword - needs native-speaker review
v3494,1746,زرخيزي ۽ پيداواري صحت,ڪيئن تصور ۽ زرخيز ونڊو ڪم,ڇا بنيادي جسماني درجه حرارت ovulation کان اڳ يا پوءِ وڌي ٿو؟,basal body temperature ovulation کان اڳ وڌي ٿي يا پوءِ؟,auto_ok,genuine reword - needs native-speaker review
v3495,1747,زرخيزي ۽ پيداواري صحت,ڪيئن تصور ۽ زرخيز ونڊو ڪم,ڇا breastfeeding ڪرڻ ovulation کي دير ڪري سگهي ٿو؟,ٿڃ پيارڻ اووليشن کي دير ڪري سگهي ٿو ڇا؟,auto_ok,genuine reword - needs native-speaker review
v3496,1747,زرخيزي ۽ پيداواري صحت,ڪيئن تصور ۽ زرخيز ونڊو ڪم,ڇا breastfeeding ڪرڻ ovulation کي دير ڪري سگهي ٿو؟,breastfeeding ovulation کي دير ڏياري سگهي ٿي ڇا؟,auto_ok,genuine reword - needs native-speaker review
v3497,1748,زرخيزي ۽ پيداواري صحت,ڪيئن تصور ۽ زرخيز ونڊو ڪم,ڇا PCOS واريون عورتون ovulation کي درست طور ٽريڪ ڪري سگھن ٿيون؟,PCOS واريون عورتون اووليشن کي درست طور ٽريڪ ڪري سگهن ٿيون ڇا؟,auto_ok,genuine reword - needs native-speaker review
v3498,1748,زرخيزي ۽ پيداواري صحت,ڪيئن تصور ۽ زرخيز ونڊو ڪم,ڇا PCOS واريون عورتون ovulation کي درست طور ٽريڪ ڪري سگھن ٿيون؟,PCOS واري عورتون ovulation صحيح طور ٽريڪ ڪري سگهن ٿيون ڇا؟,auto_ok,genuine reword - needs native-speaker review
v3499,1749,زرخيزي ۽ پيداواري صحت,ڪيئن تصور ۽ زرخيز ونڊو ڪم,ڇا هڪ ئي مهيني ۾ ٻه ڀيرا ovulation ٿي سگهي ٿو؟,هڪ ئي مهيني ۾ ٻه ڀيرا اووليشن ٿي سگهي ٿي ڇا؟,auto_ok,genuine reword - needs native-speaker review
v3500,1749,زرخيزي ۽ پيداواري صحت,ڪيئن تصور ۽ زرخيز ونڊو ڪم,ڇا هڪ ئي مهيني ۾ ٻه ڀيرا ovulation ٿي سگهي ٿو؟,هڪ مهيني اندر ٻه ڀيرا ovulation ٿي سگهي ٿي ڇا؟,auto_ok,genuine reword - needs native-speaker review
v3501,1750,ويجنل ۽ ذاتي صفائي,بدبو ۽ خارش جا سبب,ڇا هڪ معمولي اندام جي گند عام آهي؟,اندام مان معمولي بوءِ اچڻ عام آهي ڇا؟,auto_ok,genuine reword - needs native-speaker review
v3502,1750,ويجنل ۽ ذاتي صفائي,بدبو ۽ خارش جا سبب,ڇا هڪ معمولي اندام جي گند عام آهي؟,vagina مان هلڪي سا بوءِ اچڻ معمول جي ڳالھ آهي ڇا؟,auto_ok,genuine reword - needs native-speaker review
v3503,1751,ويجنل ۽ ذاتي صفائي,بدبو ۽ خارش جا سبب,عام طور تي اندام جي خارش جو سبب ڇا آهي؟,اندام ۾ خارش جو عام سبب ڇا آهي؟,auto_ok,genuine reword - needs native-speaker review
v3504,1751,ويجنل ۽ ذاتي صفائي,بدبو ۽ خارش جا سبب,عام طور تي اندام جي خارش جو سبب ڇا آهي؟,vaginal itching عام طور ڇو ٿئي ٿي؟,auto_ok,genuine reword - needs native-speaker review
v3505,1752,ويجنل ۽ ذاتي صفائي,بدبو ۽ خارش جا سبب,ڇا خوشبودار حفظان صحت جون شيون خارش يا جلن جو سبب بڻجن ٿيون؟,خوشبودار حفظان صحت جون شيون خارش يا جلن جو سبب بڻجن ٿيون ڇا؟,auto_ok,genuine reword - needs native-speaker review
v3506,1752,ويجنل ۽ ذاتي صفائي,بدبو ۽ خارش جا سبب,ڇا خوشبودار حفظان صحت جون شيون خارش يا جلن جو سبب بڻجن ٿيون؟,خوشبو وارا hygiene products سان itching يا جلن ٿي سگهي ٿي ڇا؟,auto_ok,genuine reword - needs native-speaker review
v3507,1753,ويجنل ۽ ذاتي صفائي,بدبو ۽ خارش جا سبب,ڇا ھڪڙو مضبوط مڇيء جي گند عام طور تي ھڪڙي مخصوص حالت کي اشارو ڪري ٿو؟,مضبوط مڇيءَ جي بوءِ عام طور ڪنهن خاص حالت ڏانهن اشارو ڪري ٿي ڇا؟,auto_ok,genuine reword - needs native-speaker review
v3508,1753,ويجنل ۽ ذاتي صفائي,بدبو ۽ خارش جا سبب,ڇا ھڪڙو مضبوط مڇيء جي گند عام طور تي ھڪڙي مخصوص حالت کي اشارو ڪري ٿو؟,fishy smell عام طور ڪنهن خاص مسئلي جي نشاني آهي ڇا؟,auto_ok,genuine reword - needs native-speaker review
v3509,1754,ويجنل ۽ ذاتي صفائي,بدبو ۽ خارش جا سبب,اندام جي خارش کي ڊاڪٽر کان ڪڏهن جانچڻ گهرجي؟,اندام جي خارش کي ڊاڪٽر کان ڪڏهن جانچجي؟,auto_ok,genuine reword - needs native-speaker review
v3510,1754,ويجنل ۽ ذاتي صفائي,بدبو ۽ خارش جا سبب,اندام جي خارش کي ڊاڪٽر کان ڪڏهن جانچڻ گهرجي؟,vaginal itching ڪهڙي حالت ۾ طبيب کي ڏسائجي؟,auto_ok,genuine reword - needs native-speaker review
v3511,1755,ويجنل ۽ ذاتي صفائي,بدبو ۽ خارش جا سبب,ڇا اندام جي پي ايڇ لاءِ حيض واري چڪر دوران تبديل ٿيڻ عام آهي؟,اندام جي pH ماهواري واري چڪر دوران تبديل ٿيڻ عام آهي ڇا؟,auto_ok,genuine reword - needs native-speaker review
v3512,1755,ويجنل ۽ ذاتي صفائي,بدبو ۽ خارش جا سبب,ڇا اندام جي پي ايڇ لاءِ حيض واري چڪر دوران تبديل ٿيڻ عام آهي؟,period cycle دوران vaginal pH بدلجڻ معمول آهي ڇا؟,auto_ok,genuine reword - needs native-speaker review
v3513,1756,ويجنل ۽ ذاتي صفائي,بدبو ۽ خارش جا سبب,ڇا تنگ مصنوعي انڊرويئر ڪپهه کان وڌيڪ انفيڪشن جو خطرو وڌائي سگھي ٿو؟,تنگ مصنوعي انڊرويئر ڪپهه کان وڌيڪ انفيڪشن جو خطرو وڌائي سگهي ٿو ڇا؟,auto_ok,genuine reword - needs native-speaker review
v3514,1756,ويجنل ۽ ذاتي صفائي,بدبو ۽ خارش جا سبب,ڇا تنگ مصنوعي انڊرويئر ڪپهه کان وڌيڪ انفيڪشن جو خطرو وڌائي سگھي ٿو؟,tight synthetic underwear cotton کان زياده infection جو چانس وڌائي ٿو ڇا؟,auto_ok,genuine reword - needs native-speaker review
v3515,1757,ويجنل ۽ ذاتي صفائي,بدبو ۽ خارش جا سبب,ڇا وينجن مان هلڪي مُهڪ اچڻ عام ڳالهه آهي؟,وينجن مان هلڪي مُهڪ اچڻ عام ڳالھ آهي ڇا؟,auto_ok,genuine reword - needs native-speaker review
v3516,1757,ويجنل ۽ ذاتي صفائي,بدبو ۽ خارش جا سبب,ڇا وينجن مان هلڪي مُهڪ اچڻ عام ڳالهه آهي؟,vagina مان هلڪو خوشبو محسوس ٿئي، اهو معمول آهي ڇا؟,auto_ok,genuine reword - needs native-speaker review
v3517,1758,ويجنل ۽ ذاتي صفائي,بدبو ۽ خارش جا سبب,ڇا بدبو لڪائڻ لاءِ خوشبودار پينٽي لائنر استعمال ڪرڻ گهرجي؟,بوءِ لڪائڻ لاءِ خوشبودار پينٽي لائنر استعمال ڪجي ڇا؟,auto_ok,genuine reword - needs native-speaker review
v3518,1758,ويجنل ۽ ذاتي صفائي,بدبو ۽ خارش جا سبب,ڇا بدبو لڪائڻ لاءِ خوشبودار پينٽي لائنر استعمال ڪرڻ گهرجي؟,بوءِ روڪڻ لاءِ scented panty liners استعمال ڪرڻ ٺيڪ آهي ڇا؟,auto_ok,genuine reword - needs native-speaker review
v3519,1759,ويجنل ۽ ذاتي صفائي,بدبو ۽ خارش جا سبب,ڇا ورزش کان پوءِ بدبو وڌي وڃڻ عام آهي؟,ورزش بعد بوءِ وڌي وڃڻ عام آهي ڇا؟,auto_ok,genuine reword - needs native-speaker review
v3520,1759,ويجنل ۽ ذاتي صفائي,بدبو ۽ خارش جا سبب,ڇا ورزش کان پوءِ بدبو وڌي وڃڻ عام آهي؟,کسرت بعد بوءِ وڌي وڃي، اهو معمول جي ڳالھ آهي ڇا؟,auto_ok,genuine reword - needs native-speaker review
v3521,1760,ويجنل ۽ ذاتي صفائي,بدبو ۽ خارش جا سبب,ڇا خارش هميشه صفائيءَ جي کوٽ سبب ٿيندي آهي؟,خارش هميشه صفائيءَ جي کوٽ سبب ٿيندي آهي ڇا؟,auto_ok,genuine reword - needs native-speaker review
v3522,1760,ويجنل ۽ ذاتي صفائي,بدبو ۽ خارش جا سبب,ڇا خارش هميشه صفائيءَ جي کوٽ سبب ٿيندي آهي؟,itching هر ڀيري صفائي نه رکڻ سبب ٿيندي آهي ڇا؟,auto_ok,genuine reword - needs native-speaker review
v3523,1761,ويجنل ۽ ذاتي صفائي,بدبو ۽ خارش جا سبب,ڇا ڪجهه کاڌا وينجن جي بوءَ کي متاثر ڪري سگهن ٿا؟,ڪجهه کاڌا وينجن جي بوءِ کي متاثر ڪري سگهن ٿا ڇا؟,auto_ok,genuine reword - needs native-speaker review
v3524,1761,ويجنل ۽ ذاتي صفائي,بدبو ۽ خارش جا سبب,ڇا ڪجهه کاڌا وينجن جي بوءَ کي متاثر ڪري سگهن ٿا؟,ڪجهه شيون کائڻ سان vaginal smell تي اثر پوي ٿو ڇا؟,auto_ok,genuine reword - needs native-speaker review
v3525,1762,ويجنل ۽ ذاتي صفائي,بدبو ۽ خارش جا سبب,ڇا حمل دوران بدبو تبديل ٿئي ٿي؟,حمل دوران بوءِ تبديل ٿئي ٿي ڇا؟,auto_ok,genuine reword - needs native-speaker review
v3526,1762,ويجنل ۽ ذاتي صفائي,بدبو ۽ خارش جا سبب,ڇا حمل دوران بدبو تبديل ٿئي ٿي؟,حامله هوندي vaginal smell بدلجي ٿي ڇا؟,auto_ok,genuine reword - needs native-speaker review
v3527,1763,ويجنل ۽ ذاتي صفائي,بدبو ۽ خارش جا سبب,ڇا وارياتي پگهر بدبو وڌائي ٿو؟,وارياتي پگهر بوءِ وڌائي ٿو ڇا؟,auto_ok,genuine reword - needs native-speaker review
v3528,1763,ويجنل ۽ ذاتي صفائي,بدبو ۽ خارش جا سبب,ڇا وارياتي پگهر بدبو وڌائي ٿو؟,pubic hair سبب بوءِ وڌي وڃي ٿي ڇا؟,auto_ok,genuine reword - needs native-speaker review
v3529,1764,ويجنل ۽ ذاتي صفائي,بدبو ۽ خارش جا سبب,ڇا خوراڪ ۾ لسڻ ۽ پياز بوءَ کي متاثر ڪن ٿا؟,خوراڪ ۾ لسڻ ۽ پياز بوءِ کي متاثر ڪن ٿا ڇا؟,auto_ok,genuine reword - needs native-speaker review
v3530,1764,ويجنل ۽ ذاتي صفائي,بدبو ۽ خارش جا سبب,ڇا خوراڪ ۾ لسڻ ۽ پياز بوءَ کي متاثر ڪن ٿا؟,لسڻ يا پياز کائڻ سان vaginal smell بدلجي ٿي ڇا؟,auto_ok,genuine reword - needs native-speaker review
v3531,1765,ويجنل ۽ ذاتي صفائي,بدبو ۽ خارش جا سبب,ڇا هارمونل مانع حمل گوليون بدبو کي متاثر ڪن ٿيون؟,هارمونل مانع حمل گوريون بوءِ کي متاثر ڪن ٿيون ڇا؟,auto_ok,genuine reword - needs native-speaker review
v3532,1765,ويجنل ۽ ذاتي صفائي,بدبو ۽ خارش جا سبب,ڇا هارمونل مانع حمل گوليون بدبو کي متاثر ڪن ٿيون؟,birth control pills سان بوءِ تي اثر پوي ٿو ڇا؟,auto_ok,genuine reword - needs native-speaker review
v3533,1766,ويجنل ۽ ذاتي صفائي,بدبو ۽ خارش جا سبب,ڇا سگريٽ نوشي وينجن جي بوءَ کي متاثر ڪري ٿي؟,سگريٽ نوشي وينجن جي بوءِ کي متاثر ڪري ٿي ڇا؟,auto_ok,genuine reword - needs native-speaker review
v3534,1766,ويجنل ۽ ذاتي صفائي,بدبو ۽ خارش جا سبب,ڇا سگريٽ نوشي وينجن جي بوءَ کي متاثر ڪري ٿي؟,تماڪ نوشي سان vaginal smell بدلجي ٿي ڇا؟,auto_ok,genuine reword - needs native-speaker review
v3535,1767,ويجنل ۽ ذاتي صفائي,بدبو ۽ خارش جا سبب,ڇا خارش رات جو وڌي وڃي ٿي؟,خارش رات جو وڌي وڃي ٿي ڇا؟,auto_ok,genuine reword - needs native-speaker review
v3536,1767,ويجنل ۽ ذاتي صفائي,بدبو ۽ خارش جا سبب,ڇا خارش رات جو وڌي وڃي ٿي؟,itching رات جي وقت زياده محسوس ٿئي ٿي ڇا؟,auto_ok,genuine reword - needs native-speaker review
v3537,1768,ويجنل ۽ ذاتي صفائي,بدبو ۽ خارش جا سبب,ڇا وينجن جي خارش الرجي جي ڪري ٿي سگھي ٿي؟,وينجن جي خارش الرجي جي ڪري ٿي سگهي ٿي ڇا؟,auto_ok,genuine reword - needs native-speaker review
v3538,1768,ويجنل ۽ ذاتي صفائي,بدبو ۽ خارش جا سبب,ڇا وينجن جي خارش الرجي جي ڪري ٿي سگھي ٿي؟,vaginal itching allergy سبب ٿي سگهي ٿي ڇا؟,auto_ok,genuine reword - needs native-speaker review
v3539,1769,ويجنل ۽ ذاتي صفائي,بدبو ۽ خارش جا سبب,ڊٽرجنٽ خارش جو سبب ٿي سگھي ٿو ڇا؟,ڊٽرجنٽ خارش جو سبب ٿي سگهي ٿو ڇا؟,auto_ok,genuine reword - needs native-speaker review
v3540,1769,ويجنل ۽ ذاتي صفائي,بدبو ۽ خارش جا سبب,ڊٽرجنٽ خارش جو سبب ٿي سگھي ٿو ڇا؟,ڪپڙا ڌوئيندڙ صابڻ itching پيدا ڪري سگهي ٿو ڇا؟,auto_ok,genuine reword - needs native-speaker review
v3541,1770,ويجنل ۽ ذاتي صفائي,بدبو ۽ خارش جا سبب,ڇا حيض دوران بدبو وڌي وڃي ٿي؟,حيض دوران بوءِ وڌي وڃي ٿي ڇا؟,auto_ok,genuine reword - needs native-speaker review
v3542,1770,ويجنل ۽ ذاتي صفائي,بدبو ۽ خارش جا سبب,ڇا حيض دوران بدبو وڌي وڃي ٿي؟,period دوران vaginal smell وڌي ٿي ڇا؟,auto_ok,genuine reword - needs native-speaker review
v3543,1771,ويجنل ۽ ذاتي صفائي,بدبو ۽ خارش جا سبب,ڇا تيز مڇيءَ جهڙي بوءَ سان گڏ خارش هجڻ ڪنهن خاص حالت ڏانهن اشارو ڪري ٿو؟,تيز مڇيءَ جهڙي بوءِ سان گڏ خارش هجڻ ڪنهن خاص حالت ڏانهن اشارو ڪري ٿو؟,auto_ok,genuine reword - needs native-speaker review
v3544,1771,ويجنل ۽ ذاتي صفائي,بدبو ۽ خارش جا سبب,ڇا تيز مڇيءَ جهڙي بوءَ سان گڏ خارش هجڻ ڪنهن خاص حالت ڏانهن اشارو ڪري ٿو؟,fishy smell سان گڏ itching هجي ته ڪنهن مسئلي جي نشاني آهي ڇا؟,auto_ok,genuine reword - needs native-speaker review
v3545,1772,ويجنل ۽ ذاتي صفائي,بدبو ۽ خارش جا سبب,ڪهڙيون گھريلو احتياطون خارش کي آرام ڏيئي سگهن ٿيون ماهر جي صلاح کان اڳ؟,ماهر جي صلاح کان اڳ ڪهڙيون گھريلو احتياطون خارش کي آرام ڏيئي سگهن ٿيون؟,auto_ok,genuine reword - needs native-speaker review
v3546,1772,ويجنل ۽ ذاتي صفائي,بدبو ۽ خارش جا سبب,ڪهڙيون گھريلو احتياطون خارش کي آرام ڏيئي سگهن ٿيون ماهر جي صلاح کان اڳ؟,ڊاڪٽر ڏسڻ کان اڳ گھر تي itching ۾ آرام لاءِ ڇا ڪري سگهجي ٿو؟,auto_ok,genuine reword - needs native-speaker review
v3547,1773,ويجنل ۽ ذاتي صفائي,بدبو ۽ خارش جا سبب,ڇا جنسي رابطي کان پوءِ عارضي بدبو عام آهي؟,جنسي رابطي بعد عارضي بوءِ عام آهي ڇا؟,auto_ok,genuine reword - needs native-speaker review
v3548,1773,ويجنل ۽ ذاتي صفائي,بدبو ۽ خارش جا سبب,ڇا جنسي رابطي کان پوءِ عارضي بدبو عام آهي؟,intercourse بعد ٿورو وقت لاءِ بوءِ اچڻ معمول جي ڳالھ آهي ڇا؟,auto_ok,genuine reword - needs native-speaker review
v3549,1774,ويجنل ۽ ذاتي صفائي,بدبو ۽ خارش جا سبب,ڇا ذیابيطس خارش يا بدبو جو سبب بڻجي سگهي ٿي؟,ذیابيطس خارش يا بوءِ جو سبب بڻجي سگهي ٿي ڇا؟,auto_ok,genuine reword - needs native-speaker review
v3550,1774,ويجنل ۽ ذاتي صفائي,بدبو ۽ خارش جا سبب,ڇا ذیابيطس خارش يا بدبو جو سبب بڻجي سگهي ٿي؟,diabetes سبب itching يا smell ٿي سگهي ٿي ڇا؟,auto_ok,genuine reword - needs native-speaker review
v3551,1775,ويجنل ۽ ذاتي صفائي,بدبو ۽ خارش جا سبب,ڇا موٽاپي سبب بدبو وڌي سگهي ٿي؟,موٽاپي سبب بوءِ وڌي سگهي ٿي ڇا؟,auto_ok,genuine reword - needs native-speaker review
v3552,1775,ويجنل ۽ ذاتي صفائي,بدبو ۽ خارش جا سبب,ڇا موٽاپي سبب بدبو وڌي سگهي ٿي؟,زياده وزن هجڻ سبب بوءِ وڌي ٿي ڇا؟,auto_ok,genuine reword - needs native-speaker review
v3553,1776,ويجنل ۽ ذاتي صفائي,بدبو ۽ خارش جا سبب,ڇا وينجن جي خارش خودبخود ختم ٿي وڃي ٿي؟,وينجن جي خارش خودبخود ختم ٿي وڃي ٿي ڇا؟,auto_ok,genuine reword - needs native-speaker review
v3554,1776,ويجنل ۽ ذاتي صفائي,بدبو ۽ خارش جا سبب,ڇا وينجن جي خارش خودبخود ختم ٿي وڃي ٿي؟,itching بغير علاج جي پاڻ ئي ختم ٿي سگهي ٿي ڇا؟,auto_ok,genuine reword - needs native-speaker review
v3555,1777,ويجنل ۽ ذاتي صفائي,بدبو ۽ خارش جا سبب,ڪهڙي عمر ۾ عورتون وڌيڪ بدبو محسوس ڪن ٿيون؟,ڪهڙي عمر ۾ عورتون وڌيڪ بوءِ محسوس ڪن ٿيون؟,auto_ok,genuine reword - needs native-speaker review
v3556,1777,ويجنل ۽ ذاتي صفائي,بدبو ۽ خارش جا سبب,ڪهڙي عمر ۾ عورتون وڌيڪ بدبو محسوس ڪن ٿيون؟,ڪهڙي عمر ۾ vaginal smell وڌيڪ محسوس ٿئي ٿي؟,auto_ok,genuine reword - needs native-speaker review
v3557,1778,ويجنل ۽ ذاتي صفائي,بدبو ۽ خارش جا سبب,ڇا ڪلورين وارو پاڻي خارش جو سبب بڻجي سگهي ٿو؟,ڪلورين وارو پاڻي خارش جو سبب بڻجي سگهي ٿو ڇا؟,auto_ok,genuine reword - needs native-speaker review
v3558,1778,ويجنل ۽ ذاتي صفائي,بدبو ۽ خارش جا سبب,ڇا ڪلورين وارو پاڻي خارش جو سبب بڻجي سگهي ٿو؟,chlorine water سان itching ٿي سگهي ٿي ڇا؟,auto_ok,genuine reword - needs native-speaker review
v3559,1779,ويجنل ۽ ذاتي صفائي,بدبو ۽ خارش جا سبب,ڇا خارش وارو علائقو ڳاڙهو يا سُڄيل ٿيڻ فوري طبي توجہ جي ضرورت آهي؟,خارش وارو علائقو ڳاڙهو يا سُڄيل ٿيڻ فوري طبي توجہ گھري ٿو ڇا؟,auto_ok,genuine reword - needs native-speaker review
v3560,1779,ويجنل ۽ ذاتي صفائي,بدبو ۽ خارش جا سبب,ڇا خارش وارو علائقو ڳاڙهو يا سُڄيل ٿيڻ فوري طبي توجہ جي ضرورت آهي؟,itchy جڳھ ڳاڙهي يا سُڄي وڃي ته فوري ڊاڪٽر ڏسائجي ڇا؟,auto_ok,genuine reword - needs native-speaker review
v3561,1780,ويجنل ۽ ذاتي صفائي,بدبو ۽ خارش جا سبب,ڇا انڊرويئر رات جو نہ پائڻ خارش گھٽائي سگھي ٿو؟,رات جو انڊرويئر نه پائڻ خارش گھٽائي سگهي ٿو ڇا؟,auto_ok,genuine reword - needs native-speaker review
v3562,1780,ويجنل ۽ ذاتي صفائي,بدبو ۽ خارش جا سبب,ڇا انڊرويئر رات جو نہ پائڻ خارش گھٽائي سگھي ٿو؟,رات کي underwear ڇڏڻ سان itching گھٽجي ٿي ڇا؟,auto_ok,genuine reword - needs native-speaker review
v3563,1781,ويجنل ۽ ذاتي صفائي,بدبو ۽ خارش جا سبب,ڇا وينجن جي بدبو مڪمل طور ختم ٿي سگھي ٿي؟,وينجن جي بوءِ مڪمل طور ختم ٿي سگهي ٿي ڇا؟,auto_ok,genuine reword - needs native-speaker review
v3564,1781,ويجنل ۽ ذاتي صفائي,بدبو ۽ خارش جا سبب,ڇا وينجن جي بدبو مڪمل طور ختم ٿي سگھي ٿي؟,vaginal smell کي بلڪل ختم ڪري سگهجي ٿو ڇا؟,auto_ok,genuine reword - needs native-speaker review
v3565,1782,ويجنل ۽ ذاتي صفائي,بدبو ۽ خارش جا سبب,ڇا خوشبودار ٽئلڪم پائوڊر استعمال ڪرڻ خارش وڌائي سگهي ٿو؟,خوشبودار ٽئلڪم پائوڊر استعمال خارش وڌائي سگهي ٿو ڇا؟,auto_ok,genuine reword - needs native-speaker review
v3566,1782,ويجنل ۽ ذاتي صفائي,بدبو ۽ خارش جا سبب,ڇا خوشبودار ٽئلڪم پائوڊر استعمال ڪرڻ خارش وڌائي سگهي ٿو؟,scented talcum powder استعمال سان itching وڌي سگهي ٿي ڇا؟,auto_ok,genuine reword - needs native-speaker review
v3567,1783,ويجنل ۽ ذاتي صفائي,بدبو ۽ خارش جا سبب,ڇا وينجن جي پي ايڇ ۾ تبديلي بدبو جو باعث بڻجي ٿي؟,وينجن جي pH ۾ تبديلي بوءِ جو سبب بڻجي ٿي ڇا؟,auto_ok,genuine reword - needs native-speaker review
v3568,1783,ويجنل ۽ ذاتي صفائي,بدبو ۽ خارش جا سبب,ڇا وينجن جي پي ايڇ ۾ تبديلي بدبو جو باعث بڻجي ٿي؟,vaginal pH بدلجڻ سان smell پيدا ٿئي ٿي ڇا؟,auto_ok,genuine reword - needs native-speaker review
v3569,1784,ويجنل ۽ ذاتي صفائي,بدبو ۽ خارش جا سبب,ڇا اڪيلو خارش ٿيڻ بغير ٻي علامت جي پريشاني جي ڳالهه آهي؟,اڪيل خارش، بغير ٻي علامت جي، پريشاني جي ڳالھ آهي ڇا؟,auto_ok,genuine reword - needs native-speaker review
v3570,1784,ويجنل ۽ ذاتي صفائي,بدبو ۽ خارش جا سبب,ڇا اڪيلو خارش ٿيڻ بغير ٻي علامت جي پريشاني جي ڳالهه آهي؟,صرف itching هجي، ٻيو ڪجهه نه، ته اهو خطري جي نشاني آهي ڇا؟,auto_ok,genuine reword - needs native-speaker review
v3571,1785,ويجنل ۽ ذاتي صفائي,بدبو ۽ خارش جا سبب,ڇا مينوپاز دوران خشڪي سبب خارش وڌي سگھي ٿي؟,مينوپاز دوران خشڪي سبب خارش وڌي سگهي ٿي ڇا؟,auto_ok,genuine reword - needs native-speaker review
v3572,1785,ويجنل ۽ ذاتي صفائي,بدبو ۽ خارش جا سبب,ڇا مينوپاز دوران خشڪي سبب خارش وڌي سگھي ٿي؟,menopause ۾ dryness سبب itching وڌي سگهي ٿي ڇا؟,auto_ok,genuine reword - needs native-speaker review
v3573,1786,ويجنل ۽ ذاتي صفائي,حفظان صحت جون شيون ۽ طريقا,ڇا ويجنل ڊچس صفائي لاء سفارش ڪئي وئي آهي؟,ويجنل ڊچس صفائي لاءِ سفارش ٿيل آهن ڇا؟,auto_ok,genuine reword - needs native-speaker review
v3574,1786,ويجنل ۽ ذاتي صفائي,حفظان صحت جون شيون ۽ طريقا,ڇا ويجنل ڊچس صفائي لاء سفارش ڪئي وئي آهي؟,vaginal douching صفائي لاءِ صلاح ٿيل آهي ڇا؟,auto_ok,genuine reword - needs native-speaker review
v3575,1787,ويجنل ۽ ذاتي صفائي,حفظان صحت جون شيون ۽ طريقا,ڇا خوشبودار پينٽي لينر روزاني استعمال لاءِ محفوظ آهن؟,خوشبودار پينٽي لينر روزاني استعمال لاءِ محفوظ آهن ڇا؟,auto_ok,genuine reword - needs native-speaker review
v3576,1787,ويجنل ۽ ذاتي صفائي,حفظان صحت جون شيون ۽ طريقا,ڇا خوشبودار پينٽي لينر روزاني استعمال لاءِ محفوظ آهن؟,scented panty liners هر ڏينهن استعمال ڪرڻ ٺيڪ آهي ڇا؟,auto_ok,genuine reword - needs native-speaker review
v3577,1788,ويجنل ۽ ذاتي صفائي,حفظان صحت جون شيون ۽ طريقا,ڇا اهو ضروري آهي ته هڪ مخصوص 'زناني ڌوئڻ' جي پيداوار استعمال ڪجي؟,ڪا خاص 'زناني ڌوئڻ' واري پروڊڪٽ استعمال ڪرڻ ضروري آهي ڇا؟,auto_ok,genuine reword - needs native-speaker review
v3578,1788,ويجنل ۽ ذاتي صفائي,حفظان صحت جون شيون ۽ طريقا,ڇا اهو ضروري آهي ته هڪ مخصوص 'زناني ڌوئڻ' جي پيداوار استعمال ڪجي؟,خاص feminine wash استعمال ڪرڻ لازمي آهي ڇا؟,auto_ok,genuine reword - needs native-speaker review
v3579,1789,ويجنل ۽ ذاتي صفائي,حفظان صحت جون شيون ۽ طريقا,ڇا ويجنل وائپس قدرتي ويجنل فلورا کي خراب ڪري سگھن ٿا؟,ويجنل وائپس قدرتي فلورا کي خراب ڪري سگهن ٿا ڇا؟,auto_ok,genuine reword - needs native-speaker review
v3580,1789,ويجنل ۽ ذاتي صفائي,حفظان صحت جون شيون ۽ طريقا,ڇا ويجنل وائپس قدرتي ويجنل فلورا کي خراب ڪري سگھن ٿا؟,vaginal wipes سان natural bacteria بگڙي سگهن ٿا ڇا؟,auto_ok,genuine reword - needs native-speaker review
v3581,1790,ويجنل ۽ ذاتي صفائي,حفظان صحت جون شيون ۽ طريقا,ڇا talcum پائوڊر جينياتي علائقي ۾ استعمال ڪرڻ لاء محفوظ آهي؟,talcum پائوڊر جينياتي علائقي ۾ استعمال ڪرڻ محفوظ آهي ڇا؟,auto_ok,genuine reword - needs native-speaker review
v3582,1790,ويجنل ۽ ذاتي صفائي,حفظان صحت جون شيون ۽ طريقا,ڇا talcum پائوڊر جينياتي علائقي ۾ استعمال ڪرڻ لاء محفوظ آهي؟,private حصي تي talcum powder لڳائڻ ٺيڪ آهي ڇا؟,auto_ok,genuine reword - needs native-speaker review
v3583,1791,ويجنل ۽ ذاتي صفائي,حفظان صحت جون شيون ۽ طريقا,ڇا تلاءَ يا گرم ٽب ۾ ترڻ سان وينجن انفيڪشن ٿي سگهن ٿا؟,تلاءَ يا گرم ٽب ۾ ترڻ سان وينجن انفيڪشن ٿي سگهن ٿا ڇا؟,auto_ok,genuine reword - needs native-speaker review
v3584,1791,ويجنل ۽ ذاتي صفائي,حفظان صحت جون شيون ۽ طريقا,ڇا تلاءَ يا گرم ٽب ۾ ترڻ سان وينجن انفيڪشن ٿي سگهن ٿا؟,swimming pool يا hot tub ۾ تارڻ سان infection ٿي سگهي ٿي ڇا؟,auto_ok,genuine reword - needs native-speaker review
v3585,1792,ويجنل ۽ ذاتي صفائي,حفظان صحت جون شيون ۽ طريقا,ڇا مباشرت واش (انٽيميٽ واش) استعمال ڪرڻ ضروري آهي؟,مباشرت واش استعمال ڪرڻ ضروري آهي ڇا؟,auto_ok,genuine reword - needs native-speaker review
v3586,1792,ويجنل ۽ ذاتي صفائي,حفظان صحت جون شيون ۽ طريقا,ڇا مباشرت واش (انٽيميٽ واش) استعمال ڪرڻ ضروري آهي؟,intimate wash استعمال ڪرڻ لازمي آهي ڇا؟,auto_ok,genuine reword - needs native-speaker review
v3587,1793,ويجنل ۽ ذاتي صفائي,حفظان صحت جون شيون ۽ طريقا,ڇا مينسٽرول ڪپ استعمال ڪرڻ ٽيمپون کان بهتر آهي؟,مينسٽرول ڪپ استعمال ٽيمپون کان بهتر آهي ڇا؟,auto_ok,genuine reword - needs native-speaker review
v3588,1793,ويجنل ۽ ذاتي صفائي,حفظان صحت جون شيون ۽ طريقا,ڇا مينسٽرول ڪپ استعمال ڪرڻ ٽيمپون کان بهتر آهي؟,menstrual cup ٽيمپون جي ڀيٽ ۾ سٺو آهي ڇا؟,auto_ok,genuine reword - needs native-speaker review
v3589,1794,ويجنل ۽ ذاتي صفائي,حفظان صحت جون شيون ۽ طريقا,ڪپڙي جا (cloth) پيڊ استعمال ڪرڻ ڪيتري حد تائين محفوظ آهن؟,ڪپڙي جا پيڊ ڪيتري حد تائين محفوظ آهن؟,auto_ok,genuine reword - needs native-speaker review
v3590,1794,ويجنل ۽ ذاتي صفائي,حفظان صحت جون شيون ۽ طريقا,ڪپڙي جا (cloth) پيڊ استعمال ڪرڻ ڪيتري حد تائين محفوظ آهن؟,cloth pads استعمال ڪرڻ ڪيترا محفوظ آهن؟,auto_ok,genuine reword - needs native-speaker review
v3591,1795,ويجنل ۽ ذاتي صفائي,حفظان صحت جون شيون ۽ طريقا,ڇا ٽيمپون کي ڪيترن ڪلاڪن کان وڌيڪ نہ رکجي؟,ٽيمپون ڪيترن ڪلاڪن کان وڌيڪ نه رکجي؟,auto_ok,genuine reword - needs native-speaker review
v3592,1795,ويجنل ۽ ذاتي صفائي,حفظان صحت جون شيون ۽ طريقا,ڇا ٽيمپون کي ڪيترن ڪلاڪن کان وڌيڪ نہ رکجي؟,ٽيمپون کي پائڻ جو وڌ ۾ وڌ وقت ڪيترو آهي؟,auto_ok,genuine reword - needs native-speaker review
v3593,1796,ويجنل ۽ ذاتي صفائي,حفظان صحت جون شيون ۽ طريقا,ٽاڪسڪ شاڪ سنڊروم (TSS) ڇا آهي ۽ ان جو تعلق ٽيمپون سان ڪيئن آهي؟,TSS ڇا آهي ۽ ان جو تعلق ٽيمپون سان ڪيئن آهي؟,auto_ok,genuine reword - needs native-speaker review
v3594,1796,ويجنل ۽ ذاتي صفائي,حفظان صحت جون شيون ۽ طريقا,ٽاڪسڪ شاڪ سنڊروم (TSS) ڇا آهي ۽ ان جو تعلق ٽيمپون سان ڪيئن آهي؟,Toxic Shock Syndrome ۽ ٽيمپون ۾ ڪهڙو ناتو آهي؟,auto_ok,genuine reword - needs native-speaker review
v3595,1797,ويجنل ۽ ذاتي صفائي,حفظان صحت جون شيون ۽ طريقا,ڇا وينجن جي علائقي لاءِ شيونگ ڪريم استعمال ڪرڻ محفوظ آهي؟,وينجن جي علائقي لاءِ شيونگ ڪريم استعمال محفوظ آهي ڇا؟,auto_ok,genuine reword - needs native-speaker review
v3596,1797,ويجنل ۽ ذاتي صفائي,حفظان صحت جون شيون ۽ طريقا,ڇا وينجن جي علائقي لاءِ شيونگ ڪريم استعمال ڪرڻ محفوظ آهي؟,shaving cream private حصي تي استعمال ڪرڻ ٺيڪ آهي ڇا؟,auto_ok,genuine reword - needs native-speaker review
v3597,1798,ويجنل ۽ ذاتي صفائي,حفظان صحت جون شيون ۽ طريقا,ڇا ليزر هيئر ريموول جينياتي علائقي لاءِ محفوظ آهي؟,ليزر هيئر ريموول جينياتي علائقي لاءِ محفوظ آهي ڇا؟,auto_ok,genuine reword - needs native-speaker review
v3598,1798,ويجنل ۽ ذاتي صفائي,حفظان صحت جون شيون ۽ طريقا,ڇا ليزر هيئر ريموول جينياتي علائقي لاءِ محفوظ آهي؟,laser hair removal private حصي تي ڪرائجي ٿي سگهي ٿي ڇا؟,auto_ok,genuine reword - needs native-speaker review
v3599,1799,ويجنل ۽ ذاتي صفائي,حفظان صحت جون شيون ۽ طريقا,ڇا وئڪسنگ کان پوءِ خاص صفائي ضروري آهي؟,وئڪسنگ کان پوءِ خاص صفائي ضروري آهي ڇا؟,auto_ok,genuine reword - needs native-speaker review
v3600,1799,ويجنل ۽ ذاتي صفائي,حفظان صحت جون شيون ۽ طريقا,ڇا وئڪسنگ کان پوءِ خاص صفائي ضروري آهي؟,waxing بعد ڪا خاص صفائي رکجي ضروري آهي ڇا؟,auto_ok,genuine reword - needs native-speaker review
v3601,1800,ويجنل ۽ ذاتي صفائي,حفظان صحت جون شيون ۽ طريقا,ريزر استعمال ڪرڻ وقت ڪهڙيون احتياطون کڻجن؟,shaving ڪندي ڪهڙيون ڳالهيون ذهن ۾ رکجن؟,auto_ok,genuine reword - needs native-speaker review
v3602,1800,ويجنل ۽ ذاتي صفائي,حفظان صحت جون شيون ۽ طريقا,ريزر استعمال ڪرڻ وقت ڪهڙيون احتياطون کڻجن؟,shaving ڪندي ڪهڙيون ڳالهيون ذهن ۾ رکجن؟,auto_ok,genuine reword - needs native-speaker review
v3603,1801,ويجنل ۽ ذاتي صفائي,حفظان صحت جون شيون ۽ طريقا,ڇا وينجن جي ايريا لاءِ خاص طور ٺاهيل صابڻ استعمال ڪجن؟,وينجن جي علائقي لاءِ خاص صابڻ استعمال ڪجي ڇا؟,auto_ok,genuine reword - needs native-speaker review
v3604,1801,ويجنل ۽ ذاتي صفائي,حفظان صحت جون شيون ۽ طريقا,ڇا وينجن جي ايريا لاءِ خاص طور ٺاهيل صابڻ استعمال ڪجن؟,private حصي لاءِ خاص soap استعمال ڪرڻ ضروري آهي ڇا؟,auto_ok,genuine reword - needs native-speaker review
v3605,1802,ويجنل ۽ ذاتي صفائي,حفظان صحت جون شيون ۽ طريقا,ڇا بار بار ٽيمپون تبديل ڪرڻ سان انفيڪشن جو خطرو گھٽجي ٿو؟,بار بار ٽيمپون تبديل ڪرڻ سان انفيڪشن جو خطرو گھٽجي ٿو ڇا؟,auto_ok,genuine reword - needs native-speaker review
v3606,1802,ويجنل ۽ ذاتي صفائي,حفظان صحت جون شيون ۽ طريقا,ڇا بار بار ٽيمپون تبديل ڪرڻ سان انفيڪشن جو خطرو گھٽجي ٿو؟,ٽيمپون گھڻي ڀيري مٽائڻ سان infection جو خطرو گھٽجي ٿو ڇا؟,auto_ok,genuine reword - needs native-speaker review
v3607,1803,ويجنل ۽ ذاتي صفائي,حفظان صحت جون شيون ۽ طريقا,ڇا مينسٽرول ڪپ کي ٻيهر استعمال ڪرڻ کان اڳ اُبالڻ ضروري آهي؟,مينسٽرول ڪپ کي ٻيهر استعمال کان اڳ اُبالڻ ضروري آهي ڇا؟,auto_ok,genuine reword - needs native-speaker review
v3608,1803,ويجنل ۽ ذاتي صفائي,حفظان صحت جون شيون ۽ طريقا,ڇا مينسٽرول ڪپ کي ٻيهر استعمال ڪرڻ کان اڳ اُبالڻ ضروري آهي؟,menstrual cup ٻيهر پائڻ کان اڳ اُڀارجي ضروري آهي ڇا؟,auto_ok,genuine reword - needs native-speaker review
v3609,1804,ويجنل ۽ ذاتي صفائي,حفظان صحت جون شيون ۽ طريقا,پيريڊ انڊرويئر ڪيتري اثرائتي آهي؟,period underwear ڪيتري مؤثر آهي؟,auto_ok,genuine reword - needs native-speaker review
v3610,1804,ويجنل ۽ ذاتي صفائي,حفظان صحت جون شيون ۽ طريقا,پيريڊ انڊرويئر ڪيتري اثرائتي آهي؟,period underwear ڪيتري مؤثر آهي؟,auto_ok,genuine reword - needs native-speaker review
v3611,1805,ويجنل ۽ ذاتي صفائي,حفظان صحت جون شيون ۽ طريقا,ڇا خوشبودار ٽيمپون استعمال ڪرڻ کان پاسو ڪجي؟,خوشبودار ٽيمپون استعمال کان پاسو ڪجي ڇا؟,auto_ok,genuine reword - needs native-speaker review
v3612,1805,ويجنل ۽ ذاتي صفائي,حفظان صحت جون شيون ۽ طريقا,ڇا خوشبودار ٽيمپون استعمال ڪرڻ کان پاسو ڪجي؟,scented tampon کان بچجي ضروري آهي ڇا؟,auto_ok,genuine reword - needs native-speaker review
v3613,1806,ويجنل ۽ ذاتي صفائي,حفظان صحت جون شيون ۽ طريقا,ڇا هڪ ئي ٽيمپون سڄي رات لاءِ استعمال ڪري سگھجي ٿو؟,هڪ ئي ٽيمپون سڄي رات لاءِ استعمال ڪري سگهجي ٿو ڇا؟,auto_ok,genuine reword - needs native-speaker review
v3614,1806,ويجنل ۽ ذاتي صفائي,حفظان صحت جون شيون ۽ طريقا,ڇا هڪ ئي ٽيمپون سڄي رات لاءِ استعمال ڪري سگھجي ٿو؟,ٽيمپون سڄي رات پائڻ ٺيڪ آهي ڇا؟,auto_ok,genuine reword - needs native-speaker review
v3615,1807,ويجنل ۽ ذاتي صفائي,حفظان صحت جون شيون ۽ طريقا,ڇا وينجن جي حفظان صحت لاءِ اسٽيم (yoni steaming) استعمال ڪرڻ فائدي مند آهي؟,وينجن جي حفظان صحت لاءِ yoni steaming فائديمند آهي ڇا؟,auto_ok,genuine reword - needs native-speaker review
v3616,1807,ويجنل ۽ ذاتي صفائي,حفظان صحت جون شيون ۽ طريقا,ڇا وينجن جي حفظان صحت لاءِ اسٽيم (yoni steaming) استعمال ڪرڻ فائدي مند آهي؟,yoni steam ٿراپي vaginal hygiene لاءِ ڪم اچي ٿي ڇا؟,auto_ok,genuine reword - needs native-speaker review
v3617,1808,ويجنل ۽ ذاتي صفائي,حفظان صحت جون شيون ۽ طريقا,ڇا خوشبودار باڊي واش وينجن جي علائقي تي استعمال ڪجي؟,خوشبودار باڊي واش وينجن جي علائقي تي استعمال ڪجي ڇا؟,auto_ok,genuine reword - needs native-speaker review
v3618,1808,ويجنل ۽ ذاتي صفائي,حفظان صحت جون شيون ۽ طريقا,ڇا خوشبودار باڊي واش وينجن جي علائقي تي استعمال ڪجي؟,scented body wash private حصي تي لڳائجي ٿي سگهي ٿي ڇا؟,auto_ok,genuine reword - needs native-speaker review
v3619,1809,ويجنل ۽ ذاتي صفائي,حفظان صحت جون شيون ۽ طريقا,ڇا وينجن جي علائقي کي ايڪسفوليٽ ڪرڻ گهرجي؟,وينجن جي علائقي کي ايڪسفوليٽ ڪرڻ گهرجي ڇا؟,auto_ok,genuine reword - needs native-speaker review
v3620,1809,ويجنل ۽ ذاتي صفائي,حفظان صحت جون شيون ۽ طريقا,ڇا وينجن جي علائقي کي ايڪسفوليٽ ڪرڻ گهرجي؟,private حصي تي exfoliate ڪرڻ ضروري آهي ڇا؟,auto_ok,genuine reword - needs native-speaker review
v3621,1810,ويجنل ۽ ذاتي صفائي,حفظان صحت جون شيون ۽ طريقا,ڇا انٽيميٽ ايريا لائٽننگ ڪريم استعمال ڪرڻ محفوظ آهن؟,انٽيميٽ ايريا لائٽننگ ڪريم استعمال محفوظ آهن ڇا؟,auto_ok,genuine reword - needs native-speaker review
v3622,1810,ويجنل ۽ ذاتي صفائي,حفظان صحت جون شيون ۽ طريقا,ڇا انٽيميٽ ايريا لائٽننگ ڪريم استعمال ڪرڻ محفوظ آهن؟,private حصي کي اجرو ڪندڙ ڪريم لڳائڻ ٺيڪ آهي ڇا؟,auto_ok,genuine reword - needs native-speaker review
v3623,1811,ويجنل ۽ ذاتي صفائي,حفظان صحت جون شيون ۽ طريقا,ڇا مينسٽرول ڊسڪ (menstrual disc) محفوظ متبادل آهي؟,مينسٽرول ڊسڪ محفوظ متبادل آهي ڇا؟,auto_ok,genuine reword - needs native-speaker review
v3624,1811,ويجنل ۽ ذاتي صفائي,حفظان صحت جون شيون ۽ طريقا,ڇا مينسٽرول ڊسڪ (menstrual disc) محفوظ متبادل آهي؟,menstrual disc استعمال ڪرڻ محفوظ آهي ڇا؟,auto_ok,genuine reword - needs native-speaker review
v3625,1812,ويجنل ۽ ذاتي صفائي,حفظان صحت جون شيون ۽ طريقا,ڇا حيض دوران ٻن پيڊز گڏ استعمال ڪرڻ کان پاسو ڪجي؟,حيض دوران ٻن پيڊز گڏ استعمال کان پاسو ڪجي ڇا؟,auto_ok,genuine reword - needs native-speaker review
v3626,1812,ويجنل ۽ ذاتي صفائي,حفظان صحت جون شيون ۽ طريقا,ڇا حيض دوران ٻن پيڊز گڏ استعمال ڪرڻ کان پاسو ڪجي؟,هڪ ئي وقت ٻه پيڊ پائڻ کان بچجي ڇا؟,auto_ok,genuine reword - needs native-speaker review
v3627,1813,ويجنل ۽ ذاتي صفائي,حفظان صحت جون شيون ۽ طريقا,ڇا انڊرويئر کي گرم پاڻي سان ڌوئڻ گهرجي؟,انڊرويئر کي گرم پاڻي سان ڌوئجي ڇا؟,auto_ok,genuine reword - needs native-speaker review
v3628,1813,ويجنل ۽ ذاتي صفائي,حفظان صحت جون شيون ۽ طريقا,ڇا انڊرويئر کي گرم پاڻي سان ڌوئڻ گهرجي؟,underwear ڌوئڻ لاءِ گرم پاڻي استعمال ڪجي ڇا؟,auto_ok,genuine reword - needs native-speaker review
v3629,1814,ويجنل ۽ ذاتي صفائي,حفظان صحت جون شيون ۽ طريقا,ڇا استعمال ٿيل ٽيمپون يا پيڊ کي صحيح طريقي سان ضايع ڪرڻ ضروري آهي؟,استعمال ٿيل ٽيمپون يا پيڊ کي صحيح طريقي سان ضايع ڪرڻ ضروري آهي ڇا؟,auto_ok,genuine reword - needs native-speaker review
v3630,1814,ويجنل ۽ ذاتي صفائي,حفظان صحت جون شيون ۽ طريقا,ڇا استعمال ٿيل ٽيمپون يا پيڊ کي صحيح طريقي سان ضايع ڪرڻ ضروري آهي؟,پيڊ/ٽيمپون کي صحيح طرح اڇلائڻ ضروري آهي ڇا؟,auto_ok,genuine reword - needs native-speaker review
v3631,1815,ويجنل ۽ ذاتي صفائي,حفظان صحت جون شيون ۽ طريقا,ڇا وينجن جي حفظان صحت واريون شيون خريد ڪرڻ کان اڳ اجزا چيڪ ڪجن؟,حفظانِ صحت واريون شيون خريد ڪرڻ کان اڳ اجزا چيڪ ڪجن ڇا؟,auto_ok,genuine reword - needs native-speaker review
v3632,1815,ويجنل ۽ ذاتي صفائي,حفظان صحت جون شيون ۽ طريقا,ڇا وينجن جي حفظان صحت واريون شيون خريد ڪرڻ کان اڳ اجزا چيڪ ڪجن؟,پيڊ يا وائيپس خريد ڪرڻ کان اڳ ingredients پڙهجن ڇا؟,auto_ok,genuine reword - needs native-speaker review
v3633,1816,ويجنل ۽ ذاتي صفائي,حفظان صحت جون شيون ۽ طريقا,ڇا بار بار جينياتي علائقو شيو ڪرڻ سان بال بدلجي وڃن ٿا يا وڌيڪ سخت ٿين ٿا؟,بار بار جينياتي علائقو شيو ڪرڻ سان بال بدلجي وڃن ٿا يا سخت ٿين ٿا ڇا؟,auto_ok,genuine reword - needs native-speaker review
v3634,1816,ويجنل ۽ ذاتي صفائي,حفظان صحت جون شيون ۽ طريقا,ڇا بار بار جينياتي علائقو شيو ڪرڻ سان بال بدلجي وڃن ٿا يا وڌيڪ سخت ٿين ٿا؟,private حصو گھڻي ڀيري شيو ڪرڻ سان وار موٽا ٿي وڃن ٿا ڇا؟,auto_ok,genuine reword - needs native-speaker review
v3635,1817,ويجنل ۽ ذاتي صفائي,حفظان صحت جون شيون ۽ طريقا,ڇا حيض جي پيالي استعمال ڪندي ڪنوارپڻ (hymen) متاثر ٿي سگهي ٿو؟,حيض جي پيالي استعمال ڪندي ڪنوارپڻ متاثر ٿي سگهي ٿو ڇا؟,auto_ok,genuine reword - needs native-speaker review
v3636,1817,ويجنل ۽ ذاتي صفائي,حفظان صحت جون شيون ۽ طريقا,ڇا حيض جي پيالي استعمال ڪندي ڪنوارپڻ (hymen) متاثر ٿي سگهي ٿو؟,menstrual cup پائڻ سان hymen تي اثر پوي ٿو ڇا؟,auto_ok,genuine reword - needs native-speaker review
v3637,1818,ويجنل ۽ ذاتي صفائي,حفظان صحت جون شيون ۽ طريقا,حيض دوران ڪهڙا صفائيءَ جا اوزار سفر ۾ کڻي وڃجن؟,period ۾ سفر ڪرڻ وقت ڪهڙو سامان ساڻ رکجي؟,auto_ok,genuine reword - needs native-speaker review
v3638,1818,ويجنل ۽ ذاتي صفائي,حفظان صحت جون شيون ۽ طريقا,حيض دوران ڪهڙا صفائيءَ جا اوزار سفر ۾ کڻي وڃجن؟,period ۾ سفر ڪرڻ وقت ڪهڙو سامان ساڻ رکجي؟,auto_ok,genuine reword - needs native-speaker review
v3639,1819,ويجنل ۽ ذاتي صفائي,حفظان صحت جون شيون ۽ طريقا,ڇا وينجن جي علائقي تي ايسينشل آئل استعمال ڪجن؟,وينجن جي علائقي تي ايسينشل آئل استعمال ڪجن ڇا؟,auto_ok,genuine reword - needs native-speaker review
v3640,1819,ويجنل ۽ ذاتي صفائي,حفظان صحت جون شيون ۽ طريقا,ڇا وينجن جي علائقي تي ايسينشل آئل استعمال ڪجن؟,private حصي تي essential oils لڳائجن ڇا؟,auto_ok,genuine reword - needs native-speaker review
v3641,1820,ويجنل ۽ ذاتي صفائي,حفظان صحت جون شيون ۽ طريقا,ڇا هر مهيني ٽيمپون يا پيڊ جو برانڊ تبديل ڪرڻ سان الرجي ٿي سگهي ٿي؟,هر مهيني ٽيمپون يا پيڊ جو برانڊ تبديل ڪرڻ سان الرجي ٿي سگهي ٿي ڇا؟,auto_ok,genuine reword - needs native-speaker review
v3642,1820,ويجنل ۽ ذاتي صفائي,حفظان صحت جون شيون ۽ طريقا,ڇا هر مهيني ٽيمپون يا پيڊ جو برانڊ تبديل ڪرڻ سان الرجي ٿي سگهي ٿي؟,brand بدلائڻ سان پيڊ کان الرجي ٿي سگهي ٿي ڇا؟,auto_ok,genuine reword - needs native-speaker review
v3643,1821,ويجنل ۽ ذاتي صفائي,حفظان صحت جون شيون ۽ طريقا,ڇا سينيٽري پيڊ کي رات جو ايترو دير رکي سگھجي ٿو جيترو ڏينهن ۾؟,سينيٽري پيڊ کي رات جو ايترو دير رکي سگهجي ٿو جيترو ڏينهن ۾ ڇا؟,auto_ok,genuine reword - needs native-speaker review
v3644,1821,ويجنل ۽ ذاتي صفائي,حفظان صحت جون شيون ۽ طريقا,ڇا سينيٽري پيڊ کي رات جو ايترو دير رکي سگھجي ٿو جيترو ڏينهن ۾؟,پيڊ کي رات جو ڏينهن جيتري دير پائي سگهجي ٿو ڇا؟,auto_ok,genuine reword - needs native-speaker review
v3645,1822,ويجنل ۽ ذاتي صفائي,خمير انفيڪشن ۽ بيڪٽيريل ويگنوسس,ڇا هڪ خمير انفيڪشن سبب آهي؟,خمير انفيڪشن سبب آهي ڇا؟,auto_ok,genuine reword - needs native-speaker review
v3646,1822,ويجنل ۽ ذاتي صفائي,خمير انفيڪشن ۽ بيڪٽيريل ويگنوسس,ڇا هڪ خمير انفيڪشن سبب آهي؟,yeast infection ڪنهن سبب سان ٿئي ٿي ڇا؟,auto_ok,genuine reword - needs native-speaker review
v3647,1823,ويجنل ۽ ذاتي صفائي,خمير انفيڪشن ۽ بيڪٽيريل ويگنوسس,هڪ خمير انفيڪشن جي عام علامتون ڇا آهن؟,خمير انفيڪشن جون عام علامتون ڇا آهن؟,auto_ok,genuine reword - needs native-speaker review
v3648,1823,ويجنل ۽ ذاتي صفائي,خمير انفيڪشن ۽ بيڪٽيريل ويگنوسس,هڪ خمير انفيڪشن جي عام علامتون ڇا آهن؟,yeast infection هجڻ جون نشانيون ڪهڙيون آهن؟,auto_ok,genuine reword - needs native-speaker review
v3649,1824,ويجنل ۽ ذاتي صفائي,خمير انفيڪشن ۽ بيڪٽيريل ويگنوسس,بيڪٽيريل ويگنوسس (BV) ڇا آهي؟,Bacterial Vaginosis جو مطلب ڪهڙو آهي؟,auto_ok,genuine reword - needs native-speaker review
v3650,1824,ويجنل ۽ ذاتي صفائي,خمير انفيڪشن ۽ بيڪٽيريل ويگنوسس,بيڪٽيريل ويگنوسس (BV) ڇا آهي؟,Bacterial Vaginosis جو مطلب ڪهڙو آهي؟,auto_ok,genuine reword - needs native-speaker review
v3651,1825,ويجنل ۽ ذاتي صفائي,خمير انفيڪشن ۽ بيڪٽيريل ويگنوسس,ڇا بيڪٽيريل ويگنوسس هڪ ايس ٽي آئي سمجهيو ويندو آهي؟,بيڪٽيريل ويگنوسس هڪ STI سمجهيو ويندو آهي ڇا؟,auto_ok,genuine reword - needs native-speaker review
v3652,1825,ويجنل ۽ ذاتي صفائي,خمير انفيڪشن ۽ بيڪٽيريل ويگنوسس,ڇا بيڪٽيريل ويگنوسس هڪ ايس ٽي آئي سمجهيو ويندو آهي؟,BV کي جنسي طور مُنتقل ٿيندڙ بيماري سمجهجي ڇا؟,auto_ok,genuine reword - needs native-speaker review
v3653,1826,ويجنل ۽ ذاتي صفائي,خمير انفيڪشن ۽ بيڪٽيريل ويگنوسس,ڇا خمير انفيڪشن جو علاج ڊاڪٽر جي دوري کان سواءِ ٿي سگهي ٿو؟,خمير انفيڪشن جو علاج ڊاڪٽر ڏسائڻ کان سواءِ ٿي سگهي ٿو ڇا؟,auto_ok,genuine reword - needs native-speaker review
v3654,1826,ويجنل ۽ ذاتي صفائي,خمير انفيڪشن ۽ بيڪٽيريل ويگنوسس,ڇا خمير انفيڪشن جو علاج ڊاڪٽر جي دوري کان سواءِ ٿي سگهي ٿو؟,yeast infection پاڻ گھر تي ٺيڪ ٿي سگهي ٿي ڇا؟,auto_ok,genuine reword - needs native-speaker review
v3655,1827,ويجنل ۽ ذاتي صفائي,خمير انفيڪشن ۽ بيڪٽيريل ويگنوسس,عام طور تي بيڪٽيريل ويگنوسس ڪيئن علاج ڪيو ويندو آهي؟,عام طور بيڪٽيريل ويگنوسس ڪيئن علاج ڪيو ويندو آهي؟,auto_ok,genuine reword - needs native-speaker review
v3656,1827,ويجنل ۽ ذاتي صفائي,خمير انفيڪشن ۽ بيڪٽيريل ويگنوسس,عام طور تي بيڪٽيريل ويگنوسس ڪيئن علاج ڪيو ويندو آهي؟,BV جو علاج عام طور ڪيئن ڪيو ويندو آهي؟,auto_ok,genuine reword - needs native-speaker review
v3657,1828,ويجنل ۽ ذاتي صفائي,خمير انفيڪشن ۽ بيڪٽيريل ويگنوسس,ڇا خمير انفيڪشن بار بار ٿي سگهي ٿو؟,خمير انفيڪشن بار بار ٿي سگهي ٿو ڇا؟,auto_ok,genuine reword - needs native-speaker review
v3658,1828,ويجنل ۽ ذاتي صفائي,خمير انفيڪشن ۽ بيڪٽيريل ويگنوسس,ڇا خمير انفيڪشن بار بار ٿي سگهي ٿو؟,yeast infection وري وري ٿيندي رهي، اهو عام آهي ڇا؟,auto_ok,genuine reword - needs native-speaker review
v3659,1829,ويجنل ۽ ذاتي صفائي,خمير انفيڪشن ۽ بيڪٽيريل ويگنوسس,ڇا اينٽي بايوٽيڪٽس وٺڻ سان خمير جي انفيڪشن جو خطرو وڌي ٿو؟,اينٽي بايوٽيڪس وٺڻ سان خمير جي انفيڪشن جو خطرو وڌي ٿو ڇا؟,auto_ok,genuine reword - needs native-speaker review
v3660,1829,ويجنل ۽ ذاتي صفائي,خمير انفيڪشن ۽ بيڪٽيريل ويگنوسس,ڇا اينٽي بايوٽيڪٽس وٺڻ سان خمير جي انفيڪشن جو خطرو وڌي ٿو؟,antibiotics کائڻ سان yeast infection جو چانس وڌي ٿو ڇا؟,auto_ok,genuine reword - needs native-speaker review
v3661,1830,ويجنل ۽ ذاتي صفائي,خمير انفيڪشن ۽ بيڪٽيريل ويگنوسس,ڇا جينياتي علائقي کي شيو ڪرڻ يا ويڪس ڪرڻ سان جلن يا انفيڪشن ٿي سگهي ٿي؟,جينياتي علائقي کي شيو يا ويڪس ڪرڻ سان جلن يا انفيڪشن ٿي سگهي ٿي ڇا؟,auto_ok,genuine reword - needs native-speaker review
v3662,1830,ويجنل ۽ ذاتي صفائي,خمير انفيڪشن ۽ بيڪٽيريل ويگنوسس,ڇا جينياتي علائقي کي شيو ڪرڻ يا ويڪس ڪرڻ سان جلن يا انفيڪشن ٿي سگهي ٿي؟,private حصو shave يا wax ڪرڻ سان جلن ٿي سگهي ٿي ڇا؟,auto_ok,genuine reword - needs native-speaker review
v3663,1831,ويجنل ۽ ذاتي صفائي,خمير انفيڪشن ۽ بيڪٽيريل ويگنوسس,خمير انفيڪشن جون عام علامتون ڪهڙيون آهن؟,yeast infection هجڻ جون نشانيون ڪهڙيون آهن؟,auto_ok,genuine reword - needs native-speaker review
v3664,1831,ويجنل ۽ ذاتي صفائي,خمير انفيڪشن ۽ بيڪٽيريل ويگنوسس,خمير انفيڪشن جون عام علامتون ڪهڙيون آهن؟,yeast infection جون عام نشانيون ڪهڙيون آهن؟,auto_ok,genuine reword - needs native-speaker review
v3665,1832,ويجنل ۽ ذاتي صفائي,خمير انفيڪشن ۽ بيڪٽيريل ويگنوسس,ڇا اينٽي بايوٽڪس وٺڻ کان پوءِ خمير انفيڪشن جو خطرو وڌي ٿو؟,اينٽي بايوٽڪس وٺڻ بعد خمير انفيڪشن جو خطرو وڌي ٿو ڇا؟,auto_ok,genuine reword - needs native-speaker review
v3666,1832,ويجنل ۽ ذاتي صفائي,خمير انفيڪشن ۽ بيڪٽيريل ويگنوسس,ڇا اينٽي بايوٽڪس وٺڻ کان پوءِ خمير انفيڪشن جو خطرو وڌي ٿو؟,دوائون کائڻ بعد yeast infection جو چانس وڌي سگهي ٿو ڇا؟,auto_ok,genuine reword - needs native-speaker review
v3667,1833,ويجنل ۽ ذاتي صفائي,خمير انفيڪشن ۽ بيڪٽيريل ويگنوسس,بيڪٽيريل ويگنوسس ۽ خمير انفيڪشن ۾ ڪهڙو فرق آهي؟,بيڪٽيريل ويگنوسس ۽ خمير انفيڪشن ۾ ڇا فرق آهي؟,auto_ok,genuine reword - needs native-speaker review
v3668,1833,ويجنل ۽ ذاتي صفائي,خمير انفيڪشن ۽ بيڪٽيريل ويگنوسس,بيڪٽيريل ويگنوسس ۽ خمير انفيڪشن ۾ ڪهڙو فرق آهي؟,BV ۽ yeast infection ۾ ڪيئن فرق ڪجي؟,auto_ok,genuine reword - needs native-speaker review
v3669,1834,ويجنل ۽ ذاتي صفائي,خمير انفيڪشن ۽ بيڪٽيريل ويگنوسس,ڇا خمير انفيڪشن جنسي رابطي ذريعي منتقل ٿيندو آهي؟,خمير انفيڪشن جنسي رابطي ذريعي منتقل ٿيندو آهي ڇا؟,auto_ok,genuine reword - needs native-speaker review
v3670,1834,ويجنل ۽ ذاتي صفائي,خمير انفيڪشن ۽ بيڪٽيريل ويگنوسس,ڇا خمير انفيڪشن جنسي رابطي ذريعي منتقل ٿيندو آهي؟,yeast infection intercourse سان ٻئي کي منتقل ٿئي ٿي ڇا؟,auto_ok,genuine reword - needs native-speaker review
v3671,1835,ويجنل ۽ ذاتي صفائي,خمير انفيڪشن ۽ بيڪٽيريل ويگنوسس,ڇا حمل دوران خمير انفيڪشن عام آهي؟,حمل دوران خمير انفيڪشن عام آهي ڇا؟,auto_ok,genuine reword - needs native-speaker review
v3672,1835,ويجنل ۽ ذاتي صفائي,خمير انفيڪشن ۽ بيڪٽيريل ويگنوسس,ڇا حمل دوران خمير انفيڪشن عام آهي؟,حامله هوندي yeast infection ٿيڻ معمول جي ڳالھ آهي ڇا؟,auto_ok,genuine reword - needs native-speaker review
v3673,1836,ويجنل ۽ ذاتي صفائي,خمير انفيڪشن ۽ بيڪٽيريل ويگنوسس,خمير انفيڪشن جو سڀ کان عام سبب ڪهڙو فنگس آهي؟,yeast infection عام طور ڪهڙي فنگس سبب ٿيندي آهي؟,auto_ok,genuine reword - needs native-speaker review
v3674,1836,ويجنل ۽ ذاتي صفائي,خمير انفيڪشن ۽ بيڪٽيريل ويگنوسس,خمير انفيڪشن جو سڀ کان عام سبب ڪهڙو فنگس آهي؟,yeast infection عام طور ڪهڙي فنگس سبب ٿيندي آهي؟,auto_ok,genuine reword - needs native-speaker review
v3675,1837,ويجنل ۽ ذاتي صفائي,خمير انفيڪشن ۽ بيڪٽيريل ويگنوسس,ڇا اينٽي فنگل ڪريم بغير نسخي جي مليو سگهي ٿي؟,اينٽي فنگل ڪريم بغير نسخي جي ملي سگهي ٿي ڇا؟,auto_ok,genuine reword - needs native-speaker review
v3676,1837,ويجنل ۽ ذاتي صفائي,خمير انفيڪشن ۽ بيڪٽيريل ويگنوسس,ڇا اينٽي فنگل ڪريم بغير نسخي جي مليو سگهي ٿي؟,antifungal cream بغير prescription جي ملي سگهي ٿي ڇا؟,auto_ok,genuine reword - needs native-speaker review
v3677,1838,ويجنل ۽ ذاتي صفائي,خمير انفيڪشن ۽ بيڪٽيريل ويگنوسس,ڇا ذیابيطس وارين عورتن ۾ خمير انفيڪشن جو خطرو وڌيڪ آهي؟,ذیابيطس وارين عورتن ۾ خمير انفيڪشن جو خطرو وڌيڪ آهي ڇا؟,auto_ok,genuine reword - needs native-speaker review
v3678,1838,ويجنل ۽ ذاتي صفائي,خمير انفيڪشن ۽ بيڪٽيريل ويگنوسس,ڇا ذیابيطس وارين عورتن ۾ خمير انفيڪشن جو خطرو وڌيڪ آهي؟,diabetes واري عورتن کي yeast infection وڌيڪ ٿئي ٿي ڇا؟,auto_ok,genuine reword - needs native-speaker review
v3679,1839,ويجنل ۽ ذاتي صفائي,خمير انفيڪشن ۽ بيڪٽيريل ويگنوسس,بيڪٽيريل ويگنوسس جون عام علامتون ڪهڙيون آهن؟,BV هجڻ جون نشانيون ڪهڙيون آهن؟,auto_ok,genuine reword - needs native-speaker review
v3680,1839,ويجنل ۽ ذاتي صفائي,خمير انفيڪشن ۽ بيڪٽيريل ويگنوسس,بيڪٽيريل ويگنوسس جون عام علامتون ڪهڙيون آهن؟,BV هجڻ جون نشانيون ڪهڙيون آهن؟,auto_ok,genuine reword - needs native-speaker review
v3681,1840,ويجنل ۽ ذاتي صفائي,خمير انفيڪشن ۽ بيڪٽيريل ويگنوسس,ڇا BV جي علاج کان پوءِ ٻيهر ٿيڻ عام آهي؟,BV جي علاج بعد ٻيهر ٿيڻ عام آهي ڇا؟,auto_ok,genuine reword - needs native-speaker review
v3682,1840,ويجنل ۽ ذاتي صفائي,خمير انفيڪشن ۽ بيڪٽيريل ويگنوسس,ڇا BV جي علاج کان پوءِ ٻيهر ٿيڻ عام آهي؟,BV جو علاج ٿيڻ بعد وري ٿيڻ معمول جي ڳالھ آهي ڇا؟,auto_ok,genuine reword - needs native-speaker review
v3683,1841,ويجنل ۽ ذاتي صفائي,خمير انفيڪشن ۽ بيڪٽيريل ويگنوسس,ڇا حمل دوران BV نقصانڪار ٿي سگهي ٿو؟,حمل دوران BV نقصانڪار ٿي سگهي ٿو ڇا؟,auto_ok,genuine reword - needs native-speaker review
v3684,1841,ويجنل ۽ ذاتي صفائي,خمير انفيڪشن ۽ بيڪٽيريل ويگنوسس,ڇا حمل دوران BV نقصانڪار ٿي سگهي ٿو؟,حامله هوندي BV خطرناڪ ٿي سگهي ٿي ڇا؟,auto_ok,genuine reword - needs native-speaker review
v3685,1842,ويجنل ۽ ذاتي صفائي,خمير انفيڪشن ۽ بيڪٽيريل ويگنوسس,ڇا خمير انفيڪشن جو علاج زباني گولي سان ٿئي ٿو يا صرف ڪريم سان؟,خمير انفيڪشن جو علاج زباني گولي سان ٿئي ٿو يا رڳو ڪريم سان؟,auto_ok,genuine reword - needs native-speaker review
v3686,1842,ويجنل ۽ ذاتي صفائي,خمير انفيڪشن ۽ بيڪٽيريل ويگنوسس,ڇا خمير انفيڪشن جو علاج زباني گولي سان ٿئي ٿو يا صرف ڪريم سان؟,yeast infection جو علاج tablet سان ٿئي ٿو يا صرف cream سان؟,auto_ok,genuine reword - needs native-speaker review
v3687,1843,ويجنل ۽ ذاتي صفائي,خمير انفيڪشن ۽ بيڪٽيريل ويگنوسس,ڇا کنڊ گھڻي کائڻ خمير انفيڪشن جو خطرو وڌائي ٿو؟,کنڊ گھڻي کائڻ خمير انفيڪشن جو خطرو وڌائي ٿو ڇا؟,auto_ok,genuine reword - needs native-speaker review
v3688,1843,ويجنل ۽ ذاتي صفائي,خمير انفيڪشن ۽ بيڪٽيريل ويگنوسس,ڇا کنڊ گھڻي کائڻ خمير انفيڪشن جو خطرو وڌائي ٿو؟,مٺاڻ زياده کائڻ سان yeast infection جو چانس وڌي ٿو ڇا؟,auto_ok,genuine reword - needs native-speaker review
v3689,1844,ويجنل ۽ ذاتي صفائي,خمير انفيڪشن ۽ بيڪٽيريل ويگنوسس,ڇا BV مان بوءَ ايندي آهي؟,BV مان بوءِ ايندي آهي ڇا؟,auto_ok,genuine reword - needs native-speaker review
v3690,1844,ويجنل ۽ ذاتي صفائي,خمير انفيڪشن ۽ بيڪٽيريل ويگنوسس,ڇا BV مان بوءَ ايندي آهي؟,BV هجڻ سان بوءِ اچي ٿي ڇا؟,auto_ok,genuine reword - needs native-speaker review
v3691,1845,ويجنل ۽ ذاتي صفائي,خمير انفيڪشن ۽ بيڪٽيريل ويگنوسس,خمير انفيڪشن ۽ BV جي علامتن ۾ فرق ڪيئن ڪجي؟,yeast infection ۽ BV جون نشانيون ڪيئن الڳ ڪجن؟,auto_ok,genuine reword - needs native-speaker review
v3692,1845,ويجنل ۽ ذاتي صفائي,خمير انفيڪشن ۽ بيڪٽيريل ويگنوسس,خمير انفيڪشن ۽ BV جي علامتن ۾ فرق ڪيئن ڪجي؟,yeast infection ۽ BV جون نشانيون ڪيئن الڳ ڪجن؟,auto_ok,genuine reword - needs native-speaker review
v3693,1846,ويجنل ۽ ذاتي صفائي,خمير انفيڪشن ۽ بيڪٽيريل ويگنوسس,ڇا اڻ علاج ٿيل BV زرخيزي کي متاثر ڪري سگهي ٿو؟,اڻ علاج ٿيل BV زرخيزي کي متاثر ڪري سگهي ٿي ڇا؟,auto_ok,genuine reword - needs native-speaker review
v3694,1846,ويجنل ۽ ذاتي صفائي,خمير انفيڪشن ۽ بيڪٽيريل ويگنوسس,ڇا اڻ علاج ٿيل BV زرخيزي کي متاثر ڪري سگهي ٿو؟,BV جو علاج نه ٿئي ته fertility تي اثر پوي ٿو ڇا؟,auto_ok,genuine reword - needs native-speaker review
v3695,1847,ويجنل ۽ ذاتي صفائي,خمير انفيڪشن ۽ بيڪٽيريل ويگنوسس,ڇا پروبايوٽڪس خمير انفيڪشن کان بچاءُ ۾ مددگار آهن؟,پروبايوٽڪس خمير انفيڪشن کان بچاءُ ۾ مددگار آهن ڇا؟,auto_ok,genuine reword - needs native-speaker review
v3696,1847,ويجنل ۽ ذاتي صفائي,خمير انفيڪشن ۽ بيڪٽيريل ويگنوسس,ڇا پروبايوٽڪس خمير انفيڪشن کان بچاءُ ۾ مددگار آهن؟,probiotics سان yeast infection کان بچاءُ ٿئي ٿو ڇا؟,auto_ok,genuine reword - needs native-speaker review
v3697,1848,ويجنل ۽ ذاتي صفائي,خمير انفيڪشن ۽ بيڪٽيريل ويگنوسس,ڇا خمير انفيڪشن جي علامتون UTI سان مختلف آهن؟,خمير انفيڪشن جون علامتون UTI کان مختلف آهن ڇا؟,auto_ok,genuine reword - needs native-speaker review
v3698,1848,ويجنل ۽ ذاتي صفائي,خمير انفيڪشن ۽ بيڪٽيريل ويگنوسس,ڇا خمير انفيڪشن جي علامتون UTI سان مختلف آهن؟,yeast infection ۽ urine infection جون نشانيون الڳ آهن ڇا؟,auto_ok,genuine reword - needs native-speaker review
v3699,1849,ويجنل ۽ ذاتي صفائي,خمير انفيڪشن ۽ بيڪٽيريل ويگنوسس,ڪمزور مدافعتي نظام خمير انفيڪشن جو خطرو ڪيئن وڌائي ٿو؟,immunity گھٽ هجي ته yeast infection جو چانس ڪيئن وڌي ٿو؟,auto_ok,genuine reword - needs native-speaker review
v3700,1849,ويجنل ۽ ذاتي صفائي,خمير انفيڪشن ۽ بيڪٽيريل ويگنوسس,ڪمزور مدافعتي نظام خمير انفيڪشن جو خطرو ڪيئن وڌائي ٿو؟,immunity گھٽ هجي ته yeast infection جو چانس ڪيئن وڌي ٿو؟,auto_ok,genuine reword - needs native-speaker review
v3701,1850,ويجنل ۽ ذاتي صفائي,خمير انفيڪشن ۽ بيڪٽيريل ويگنوسس,ڇا ماہواري کان اڳ خمير انفيڪشن وڌيڪ عام آهي؟,ماهواري کان اڳ خمير انفيڪشن وڌيڪ عام آهي ڇا؟,auto_ok,genuine reword - needs native-speaker review
v3702,1850,ويجنل ۽ ذاتي صفائي,خمير انفيڪشن ۽ بيڪٽيريل ويگنوسس,ڇا ماہواري کان اڳ خمير انفيڪشن وڌيڪ عام آهي؟,period کان اڳ yeast infection زياده ٿيندي آهي ڇا؟,auto_ok,genuine reword - needs native-speaker review
v3703,1851,ويجنل ۽ ذاتي صفائي,خمير انفيڪشن ۽ بيڪٽيريل ويگنوسس,ڇا خمير انفيڪشن جو علاج ادورو نہ ڪرڻ سان مسئلا پيدا ٿي سگهن ٿا؟,خمير انفيڪشن جو علاج ادورو نه ڪرڻ سان مسئلا پيدا ٿي سگهن ٿا ڇا؟,auto_ok,genuine reword - needs native-speaker review
v3704,1851,ويجنل ۽ ذاتي صفائي,خمير انفيڪشن ۽ بيڪٽيريل ويگنوسس,ڇا خمير انفيڪشن جو علاج ادورو نہ ڪرڻ سان مسئلا پيدا ٿي سگهن ٿا؟,yeast infection جو علاج پورو نه ڪرڻ سان تڪليف وڌي سگهي ٿي ڇا؟,auto_ok,genuine reword - needs native-speaker review
v3705,1852,ويجنل ۽ ذاتي صفائي,خمير انفيڪشن ۽ بيڪٽيريل ويگنوسس,ڇا BV جو تعلق گھڻن جنسي ڀائيوارن سان آهي؟,BV جو تعلق گھڻن جنسي ڀائيوارن سان آهي ڇا؟,auto_ok,genuine reword - needs native-speaker review
v3706,1852,ويجنل ۽ ذاتي صفائي,خمير انفيڪشن ۽ بيڪٽيريل ويگنوسس,ڇا BV جو تعلق گھڻن جنسي ڀائيوارن سان آهي؟,زياده partners هجڻ سان BV جو خطرو وڌي ٿو ڇا؟,auto_ok,genuine reword - needs native-speaker review
v3707,1853,ويجنل ۽ ذاتي صفائي,خمير انفيڪشن ۽ بيڪٽيريل ويگنوسس,ڇا اسٽريس خمير انفيڪشن جو خطرو وڌائي ٿو؟,اسٽريس خمير انفيڪشن جو خطرو وڌائي ٿو ڇا؟,auto_ok,genuine reword - needs native-speaker review
v3708,1853,ويجنل ۽ ذاتي صفائي,خمير انفيڪشن ۽ بيڪٽيريل ويگنوسس,ڇا اسٽريس خمير انفيڪشن جو خطرو وڌائي ٿو؟,ذهني ٽينشن سان yeast infection جو چانس وڌي ٿو ڇا؟,auto_ok,genuine reword - needs native-speaker review
v3709,1854,ويجنل ۽ ذاتي صفائي,خمير انفيڪشن ۽ بيڪٽيريل ويگنوسس,ڇا خمير انفيڪشن جي دوران جنسي ملاپ کان پاسو ڪجي؟,خمير انفيڪشن دوران جنسي ملاپ کان پاسو ڪجي ڇا؟,auto_ok,genuine reword - needs native-speaker review
v3710,1854,ويجنل ۽ ذاتي صفائي,خمير انفيڪشن ۽ بيڪٽيريل ويگنوسس,ڇا خمير انفيڪشن جي دوران جنسي ملاپ کان پاسو ڪجي؟,yeast infection ۾ intercourse کان بچجي ڇا؟,auto_ok,genuine reword - needs native-speaker review
v3711,1855,ويجنل ۽ ذاتي صفائي,خمير انفيڪشن ۽ بيڪٽيريل ويگنوسس,ڇا ڊوچنگ BV جو خطرو وڌائي ٿي؟,ڊوچنگ BV جو خطرو وڌائي ٿي ڇا؟,auto_ok,genuine reword - needs native-speaker review
v3712,1855,ويجنل ۽ ذاتي صفائي,خمير انفيڪشن ۽ بيڪٽيريل ويگنوسس,ڇا ڊوچنگ BV جو خطرو وڌائي ٿي؟,douching سان BV جو چانس وڌي ٿو ڇا؟,auto_ok,genuine reword - needs native-speaker review
v3713,1856,ويجنل ۽ ذاتي صفائي,خمير انفيڪشن ۽ بيڪٽيريل ويگنوسس,ڇا خمير انفيڪشن جي علاج کان پوءِ به علامتون جاري رهڻ تي ٻيهر ڊاڪٽر کي ڏيکارجي؟,خمير انفيڪشن جي علاج بعد به علامتون جاري رهڻ تي ٻيهر ڊاڪٽر کي ڏيکارجي ڇا؟,auto_ok,genuine reword - needs native-speaker review
v3714,1856,ويجنل ۽ ذاتي صفائي,خمير انفيڪشن ۽ بيڪٽيريل ويگنوسس,ڇا خمير انفيڪشن جي علاج کان پوءِ به علامتون جاري رهڻ تي ٻيهر ڊاڪٽر کي ڏيکارجي؟,yeast infection جو علاج ٿي وڃي پوءِ به نشانيون رهن ته ٻيهر طبيب کي ملجي ڇا؟,auto_ok,genuine reword - needs native-speaker review
v3715,1857,ويجنل ۽ ذاتي صفائي,خمير انفيڪشن ۽ بيڪٽيريل ويگنوسس,ڇا BV ۽ خمير انفيڪشن ٻئي هڪ ئي وقت ٿي سگھن ٿا؟,BV ۽ خمير انفيڪشن ٻئي هڪ ئي وقت ٿي سگهن ٿا ڇا؟,auto_ok,genuine reword - needs native-speaker review
v3716,1857,ويجنل ۽ ذاتي صفائي,خمير انفيڪشن ۽ بيڪٽيريل ويگنوسس,ڇا BV ۽ خمير انفيڪشن ٻئي هڪ ئي وقت ٿي سگھن ٿا؟,BV ۽ yeast infection گڏ ٿي سگهن ٿا ڇا؟,auto_ok,genuine reword - needs native-speaker review
v3717,1858,ويجنل ۽ ذاتي صفائي,روزاني انٽيميٽ حفظان صحت جي بنياديات,اندام جي علائقي کي ڪيترا ڀيرا ڌوئڻ گهرجي؟,private حصي کي روزانو ڪيتري ڀيري صاف ڪجي؟,auto_ok,genuine reword - needs native-speaker review
v3718,1858,ويجنل ۽ ذاتي صفائي,روزاني انٽيميٽ حفظان صحت جي بنياديات,اندام جي علائقي کي ڪيترا ڀيرا ڌوئڻ گهرجي؟,private حصي کي روزانو ڪيتري ڀيري صاف ڪجي؟,auto_ok,genuine reword - needs native-speaker review
v3719,1859,ويجنل ۽ ذاتي صفائي,روزاني انٽيميٽ حفظان صحت جي بنياديات,ڇا اندام اندر صابن استعمال ڪرڻ ضروري آهي؟,اندام اندر صابن استعمال ضروري آهي ڇا؟,auto_ok,genuine reword - needs native-speaker review
v3720,1859,ويجنل ۽ ذاتي صفائي,روزاني انٽيميٽ حفظان صحت جي بنياديات,ڇا اندام اندر صابن استعمال ڪرڻ ضروري آهي؟,vagina اندر soap لڳائڻ ضروري آهي ڇا؟,auto_ok,genuine reword - needs native-speaker review
v3721,1860,ويجنل ۽ ذاتي صفائي,روزاني انٽيميٽ حفظان صحت جي بنياديات,اندام جي صحت لاءِ ڪهڙي قسم جو انڊرويئر بهترين آهي؟,اندام جي صحت لاءِ ڪهڙو انڊرويئر بهترين آهي؟,auto_ok,genuine reword - needs native-speaker review
v3722,1860,ويجنل ۽ ذاتي صفائي,روزاني انٽيميٽ حفظان صحت جي بنياديات,اندام جي صحت لاءِ ڪهڙي قسم جو انڊرويئر بهترين آهي؟,vaginal health لاءِ ڪهڙي قسم جو underwear سٺو آهي؟,auto_ok,genuine reword - needs native-speaker review
v3723,1861,ويجنل ۽ ذاتي صفائي,روزاني انٽيميٽ حفظان صحت جي بنياديات,ڇا جينياتي علائقي کي سامهون کان پوئتي مسح ڪيو وڃي؟,جينياتي علائقي کي سامهون کان پوئتي مسح ڪجي ڇا؟,auto_ok,genuine reword - needs native-speaker review
v3724,1861,ويجنل ۽ ذاتي صفائي,روزاني انٽيميٽ حفظان صحت جي بنياديات,ڇا جينياتي علائقي کي سامهون کان پوئتي مسح ڪيو وڃي؟,toilet بعد front سان پوئتي صاف ڪجي ڇا؟,auto_ok,genuine reword - needs native-speaker review
v3725,1862,ويجنل ۽ ذاتي صفائي,روزاني انٽيميٽ حفظان صحت جي بنياديات,ڪيترا ڀيرا انڊرويئر کي تبديل ڪرڻ گهرجي؟,ڪيترا ڀيرا انڊرويئر تبديل ڪرڻ گهرجي؟,auto_ok,genuine reword - needs native-speaker review
v3726,1862,ويجنل ۽ ذاتي صفائي,روزاني انٽيميٽ حفظان صحت جي بنياديات,ڪيترا ڀيرا انڊرويئر کي تبديل ڪرڻ گهرجي؟,underwear ڏينهن ۾ ڪيتري ڀيري مٽائجي؟,auto_ok,genuine reword - needs native-speaker review
v3727,1863,ويجنل ۽ ذاتي صفائي,روزاني انٽيميٽ حفظان صحت جي بنياديات,ڇا اهو صحتمند آهي ته تنگ، غير سانسيل ڪپڙا باقاعده پائڻ؟,تنگ، غير سانسيل ڪپڙا باقاعده پائڻ صحتمند آهي ڇا؟,auto_ok,genuine reword - needs native-speaker review
v3728,1863,ويجنل ۽ ذاتي صفائي,روزاني انٽيميٽ حفظان صحت جي بنياديات,ڇا اهو صحتمند آهي ته تنگ، غير سانسيل ڪپڙا باقاعده پائڻ؟,tight non-breathable ڪپڙا روزانو پائڻ ٺيڪ آهي ڇا؟,auto_ok,genuine reword - needs native-speaker review
v3729,1864,ويجنل ۽ ذاتي صفائي,روزاني انٽيميٽ حفظان صحت جي بنياديات,ڇا ڌوئڻ يا ترڻ کان پوءِ وينال واري علائقي کي مڪمل طور سڪي وڃڻ گهرجي؟,ڌوئڻ يا ترڻ کان پوءِ وينجن جي علائقي کي مڪمل سُڪي وڃڻ گهرجي ڇا؟,auto_ok,genuine reword - needs native-speaker review
v3730,1864,ويجنل ۽ ذاتي صفائي,روزاني انٽيميٽ حفظان صحت جي بنياديات,ڇا ڌوئڻ يا ترڻ کان پوءِ وينال واري علائقي کي مڪمل طور سڪي وڃڻ گهرجي؟,غسل يا swim بعد private حصو مڪمل خشڪ ٿيڻ ضروري آهي ڇا؟,auto_ok,genuine reword - needs native-speaker review
v3731,1865,ويجنل ۽ ذاتي صفائي,روزاني انٽيميٽ حفظان صحت جي بنياديات,ڇا صفائيءَ لاءِ غسل ڪرڻ بدران غسل ڪرڻ ٺيڪ آهي؟,صفائيءَ لاءِ غسل بدران باٿ (bath) ڪرڻ ٺيڪ آهي ڇا؟,auto_ok,genuine reword - needs native-speaker review
v3732,1865,ويجنل ۽ ذاتي صفائي,روزاني انٽيميٽ حفظان صحت جي بنياديات,ڇا صفائيءَ لاءِ غسل ڪرڻ بدران غسل ڪرڻ ٺيڪ آهي؟,شاور بجاءِ ٽب واري نہاڻ ڪرڻ صحيح آهي ڇا؟,auto_ok,genuine reword - needs native-speaker review
v3733,1866,ويجنل ۽ ذاتي صفائي,روزاني انٽيميٽ حفظان صحت جي بنياديات,ڇا هر روز پينٽلينر پائڻ سبب جلن ٿي سگهي ٿي؟,هر روز پينٽلينر پائڻ سبب جلن ٿي سگهي ٿي ڇا؟,auto_ok,genuine reword - needs native-speaker review
v3734,1866,ويجنل ۽ ذاتي صفائي,روزاني انٽيميٽ حفظان صحت جي بنياديات,ڇا هر روز پينٽلينر پائڻ سبب جلن ٿي سگهي ٿي؟,روزانو panty liner پائڻ سان جلن ٿي سگهي ٿي ڇا؟,auto_ok,genuine reword - needs native-speaker review
v3735,1867,ويجنل ۽ ذاتي صفائي,روزاني انٽيميٽ حفظان صحت جي بنياديات,بار بار پيشاب جي رستي جي انفيڪشن کي ڪيئن روڪي سگهجي ٿو؟,بار بار پيشاب واري رستي جي انفيڪشن کي ڪيئن روڪي سگهجي ٿو؟,auto_ok,genuine reword - needs native-speaker review
v3736,1867,ويجنل ۽ ذاتي صفائي,روزاني انٽيميٽ حفظان صحت جي بنياديات,بار بار پيشاب جي رستي جي انفيڪشن کي ڪيئن روڪي سگهجي ٿو؟,بار بار UTI کان بچاءُ ڪيئن ڪجي؟,auto_ok,genuine reword - needs native-speaker review
v3737,1868,ويجنل ۽ ذاتي صفائي,روزاني انٽيميٽ حفظان صحت جي بنياديات,ڇا حيض دوران اضافي صفائي جو خيال رکڻ ضروري آهي؟,حيض دوران اضافي صفائي جو خيال رکڻ ضروري آهي ڇا؟,auto_ok,genuine reword - needs native-speaker review
v3738,1868,ويجنل ۽ ذاتي صفائي,روزاني انٽيميٽ حفظان صحت جي بنياديات,ڇا حيض دوران اضافي صفائي جو خيال رکڻ ضروري آهي؟,period ۾ صفائي جو وڌيڪ خيال رکجي ضروري آهي ڇا؟,auto_ok,genuine reword - needs native-speaker review
v3739,1869,ويجنل ۽ ذاتي صفائي,روزاني انٽيميٽ حفظان صحت جي بنياديات,ڇا خوشبودار صابن، اسپري يا ڊوچ استعمال ڪرڻ گهرجن؟,خوشبودار صابن، اسپري يا ڊوچ استعمال ڪجن ڇا؟,auto_ok,genuine reword - needs native-speaker review
v3740,1869,ويجنل ۽ ذاتي صفائي,روزاني انٽيميٽ حفظان صحت جي بنياديات,ڇا خوشبودار صابن، اسپري يا ڊوچ استعمال ڪرڻ گهرجن؟,"scented soap, spray يا douche استعمال ڪجن ڇا؟",auto_ok,genuine reword - needs native-speaker review
v3741,1870,ويجنل ۽ ذاتي صفائي,روزاني انٽيميٽ حفظان صحت جي بنياديات,جنسي ملاپ کان اڳ ۽ پوءِ صفائي جو ڪهڙو خيال رکجي؟,intercourse کان اڳ ۽ بعد صفائي جي ڪهڙي احتياط ضروري آهي؟,auto_ok,genuine reword - needs native-speaker review
v3742,1870,ويجنل ۽ ذاتي صفائي,روزاني انٽيميٽ حفظان صحت جي بنياديات,جنسي ملاپ کان اڳ ۽ پوءِ صفائي جو ڪهڙو خيال رکجي؟,intercourse کان اڳ ۽ بعد صفائي جي ڪهڙي احتياط ضروري آهي؟,auto_ok,genuine reword - needs native-speaker review
v3743,1871,ويجنل ۽ ذاتي صفائي,روزاني انٽيميٽ حفظان صحت جي بنياديات,ڇا نہاڻ دوران گرم پاڻي جو استعمال بهتر آهي يا ٿڌو پاڻي؟,نہاڻ دوران گرم پاڻي بهتر آهي يا ٿڌو؟,auto_ok,genuine reword - needs native-speaker review
v3744,1871,ويجنل ۽ ذاتي صفائي,روزاني انٽيميٽ حفظان صحت جي بنياديات,ڇا نہاڻ دوران گرم پاڻي جو استعمال بهتر آهي يا ٿڌو پاڻي؟,غسل ڪرڻ لاءِ گرم پاڻي سٺو آهي يا ٿڌو؟,auto_ok,genuine reword - needs native-speaker review
v3745,1872,ويجنل ۽ ذاتي صفائي,روزاني انٽيميٽ حفظان صحت جي بنياديات,صفائي دوران ڪهڙي طرف کان ڌوئڻ کان پاسو ڪجي؟,صفائي وقت ڪهڙي direction کان بچجي؟,auto_ok,genuine reword - needs native-speaker review
v3746,1872,ويجنل ۽ ذاتي صفائي,روزاني انٽيميٽ حفظان صحت جي بنياديات,صفائي دوران ڪهڙي طرف کان ڌوئڻ کان پاسو ڪجي؟,صفائي وقت ڪهڙي direction کان بچجي؟,auto_ok,genuine reword - needs native-speaker review
v3747,1873,ويجنل ۽ ذاتي صفائي,روزاني انٽيميٽ حفظان صحت جي بنياديات,ڇا رات جو سمهڻ وقت انڊرويئر پائڻ ضروري آهي؟,رات جو سمهڻ وقت انڊرويئر پائڻ ضروري آهي ڇا؟,auto_ok,genuine reword - needs native-speaker review
v3748,1873,ويجنل ۽ ذاتي صفائي,روزاني انٽيميٽ حفظان صحت جي بنياديات,ڇا رات جو سمهڻ وقت انڊرويئر پائڻ ضروري آهي؟,رات کي underwear پائي سمهڻ ضروري آهي ڇا؟,auto_ok,genuine reword - needs native-speaker review
v3749,1874,ويجنل ۽ ذاتي صفائي,روزاني انٽيميٽ حفظان صحت جي بنياديات,ورزش کان پوءِ گيلي ورزش وارا ڪپڙا ڪيترو دير ۾ تبديل ڪرڻ گهرجن؟,ورزش بعد گيلا ڪپڙا ڪيترو دير ۾ تبديل ڪجن؟,auto_ok,genuine reword - needs native-speaker review
v3750,1874,ويجنل ۽ ذاتي صفائي,روزاني انٽيميٽ حفظان صحت جي بنياديات,ورزش کان پوءِ گيلي ورزش وارا ڪپڙا ڪيترو دير ۾ تبديل ڪرڻ گهرجن؟,کسرت بعد پگهرايل ڪپڙا ڪيترن منٽن ۾ مٽائجن؟,auto_ok,genuine reword - needs native-speaker review
v3751,1875,ويجنل ۽ ذاتي صفائي,روزاني انٽيميٽ حفظان صحت جي بنياديات,ڇا هٿ ڌوئڻ کان سواءِ جينياتي علائقي کي ڇُهڻ نقصانڪار آهي؟,هٿ ڌوئڻ کان سواءِ جينياتي علائقي کي ڇُهڻ نقصانڪار آهي ڇا؟,auto_ok,genuine reword - needs native-speaker review
v3752,1875,ويجنل ۽ ذاتي صفائي,روزاني انٽيميٽ حفظان صحت جي بنياديات,ڇا هٿ ڌوئڻ کان سواءِ جينياتي علائقي کي ڇُهڻ نقصانڪار آهي؟,بغير هٿ ڌوئي private حصو ڇُهڻ نقصانڪار آهي ڇا؟,auto_ok,genuine reword - needs native-speaker review
v3753,1876,ويجنل ۽ ذاتي صفائي,روزاني انٽيميٽ حفظان صحت جي بنياديات,ڇا واش ڪلاٿ استعمال ڪرڻ صابڻ کان بهتر آهي؟,واش ڪلاٿ استعمال صابڻ کان بهتر آهي ڇا؟,auto_ok,genuine reword - needs native-speaker review
v3754,1876,ويجنل ۽ ذاتي صفائي,روزاني انٽيميٽ حفظان صحت جي بنياديات,ڇا واش ڪلاٿ استعمال ڪرڻ صابڻ کان بهتر آهي؟,washcloth استعمال ڪرڻ soap کان سٺو آهي ڇا؟,auto_ok,genuine reword - needs native-speaker review
v3755,1877,ويجنل ۽ ذاتي صفائي,روزاني انٽيميٽ حفظان صحت جي بنياديات,ڪهڙي عمر کان ڇوڪرين کي انٽيميٽ حفظان صحت جي تربيت ڏجي؟,ڪهڙي عمر کان ڇوڪرين کي انٽيميٽ حفظانِ صحت جي تربيت ڏجي؟,auto_ok,genuine reword - needs native-speaker review
v3756,1877,ويجنل ۽ ذاتي صفائي,روزاني انٽيميٽ حفظان صحت جي بنياديات,ڪهڙي عمر کان ڇوڪرين کي انٽيميٽ حفظان صحت جي تربيت ڏجي؟,ننڍڙين ڇوڪرين کي private hygiene ڪهڙي عمر کان سيکارجي؟,auto_ok,genuine reword - needs native-speaker review
v3757,1878,ويجنل ۽ ذاتي صفائي,روزاني انٽيميٽ حفظان صحت جي بنياديات,حيض دوران پيڊ يا ٽيمپون ڪيترن ڪلاڪن بعد تبديل ڪجي؟,period ۾ پيڊ/ٽيمپون ڪيترا ڪلاڪ بعد مٽائجي؟,auto_ok,genuine reword - needs native-speaker review
v3758,1878,ويجنل ۽ ذاتي صفائي,روزاني انٽيميٽ حفظان صحت جي بنياديات,حيض دوران پيڊ يا ٽيمپون ڪيترن ڪلاڪن بعد تبديل ڪجي؟,period ۾ پيڊ/ٽيمپون ڪيترا ڪلاڪ بعد مٽائجي؟,auto_ok,genuine reword - needs native-speaker review
v3759,1879,ويجنل ۽ ذاتي صفائي,روزاني انٽيميٽ حفظان صحت جي بنياديات,ڇا مينسٽرول ڪپ استعمال ڪرڻ محفوظ آهي؟,مينسٽرول ڪپ استعمال محفوظ آهي ڇا؟,auto_ok,genuine reword - needs native-speaker review
v3760,1879,ويجنل ۽ ذاتي صفائي,روزاني انٽيميٽ حفظان صحت جي بنياديات,ڇا مينسٽرول ڪپ استعمال ڪرڻ محفوظ آهي؟,menstrual cup پائڻ محفوظ آهي ڇا؟,auto_ok,genuine reword - needs native-speaker review
v3761,1880,ويجنل ۽ ذاتي صفائي,روزاني انٽيميٽ حفظان صحت جي بنياديات,ڇا يوگا يا ورزش دوران ائٿليٽڪ سپورٽ استعمال ڪرڻ گهرجي؟,يوگا يا ورزش دوران ائٿليٽڪ سپورٽ استعمال ڪجي ڇا؟,auto_ok,genuine reword - needs native-speaker review
v3762,1880,ويجنل ۽ ذاتي صفائي,روزاني انٽيميٽ حفظان صحت جي بنياديات,ڇا يوگا يا ورزش دوران ائٿليٽڪ سپورٽ استعمال ڪرڻ گهرجي؟,کسرت وقت athletic support پائڻ ضروري آهي ڇا؟,auto_ok,genuine reword - needs native-speaker review
v3763,1881,ويجنل ۽ ذاتي صفائي,روزاني انٽيميٽ حفظان صحت جي بنياديات,سفر دوران صفائي برقرار رکڻ لاءِ ڪهڙيون احتياطون کڻجن؟,سفر ڪندي hygiene قائم رکڻ لاءِ ڇا ڪجي؟,auto_ok,genuine reword - needs native-speaker review
v3764,1881,ويجنل ۽ ذاتي صفائي,روزاني انٽيميٽ حفظان صحت جي بنياديات,سفر دوران صفائي برقرار رکڻ لاءِ ڪهڙيون احتياطون کڻجن؟,سفر ڪندي hygiene قائم رکڻ لاءِ ڇا ڪجي؟,auto_ok,genuine reword - needs native-speaker review
v3765,1882,ويجنل ۽ ذاتي صفائي,روزاني انٽيميٽ حفظان صحت جي بنياديات,ڇا وينجن جي علائقي کي واشنگ مشين ۾ ڌوتل ٽوال سان صاف ڪري سگهجي ٿو؟,وينجن جي علائقي کي واشنگ مشين ۾ ڌوتل ٽوال سان صاف ڪري سگهجي ٿو ڇا؟,auto_ok,genuine reword - needs native-speaker review
v3766,1882,ويجنل ۽ ذاتي صفائي,روزاني انٽيميٽ حفظان صحت جي بنياديات,ڇا وينجن جي علائقي کي واشنگ مشين ۾ ڌوتل ٽوال سان صاف ڪري سگهجي ٿو؟,مشين ۾ ڌوتل تولئي سان private حصو صاف ڪجي ٿي سگهي ٿو ڇا؟,auto_ok,genuine reword - needs native-speaker review
v3767,1883,ويجنل ۽ ذاتي صفائي,روزاني انٽيميٽ حفظان صحت جي بنياديات,ڇا هر ڀيري پيشاب کان پوءِ صاف ڪرڻ ضروري آهي؟,هر ڀيري پيشاب بعد صاف ڪرڻ ضروري آهي ڇا؟,auto_ok,genuine reword - needs native-speaker review
v3768,1883,ويجنل ۽ ذاتي صفائي,روزاني انٽيميٽ حفظان صحت جي بنياديات,ڇا هر ڀيري پيشاب کان پوءِ صاف ڪرڻ ضروري آهي؟,ٽوائليٽ بعد هر ڀيري صفائي ڪرڻ لازمي آهي ڇا؟,auto_ok,genuine reword - needs native-speaker review
v3769,1884,ويجنل ۽ ذاتي صفائي,روزاني انٽيميٽ حفظان صحت جي بنياديات,ڇا حمل دوران انٽيميٽ حفظان صحت جي معمول بدلجي وڃي ٿي؟,حمل دوران انٽيميٽ حفظانِ صحت جو معمول بدلجي وڃي ٿو ڇا؟,auto_ok,genuine reword - needs native-speaker review
v3770,1884,ويجنل ۽ ذاتي صفائي,روزاني انٽيميٽ حفظان صحت جي بنياديات,ڇا حمل دوران انٽيميٽ حفظان صحت جي معمول بدلجي وڃي ٿي؟,حامله هوندي private hygiene routine بدلائجي ضروري آهي ڇا؟,auto_ok,genuine reword - needs native-speaker review
v3771,1885,ويجنل ۽ ذاتي صفائي,روزاني انٽيميٽ حفظان صحت جي بنياديات,ننڍڙين ڇوڪرين (پري-بلوغت) لاءِ حفظان صحت جي بنيادي ضرورتون ڪهڙيون آهن؟,ننڍڙين ڇوڪرين (پري-بلوغت) لاءِ حفظانِ صحت جون بنيادي ضرورتون ڪهڙيون آهن؟,auto_ok,genuine reword - needs native-speaker review
v3772,1885,ويجنل ۽ ذاتي صفائي,روزاني انٽيميٽ حفظان صحت جي بنياديات,ننڍڙين ڇوڪرين (پري-بلوغت) لاءِ حفظان صحت جي بنيادي ضرورتون ڪهڙيون آهن؟,ننڍي عمر جي ڇوڪرين لاءِ عام hygiene جون ضرورتون ڇا آهن؟,auto_ok,genuine reword - needs native-speaker review
v3773,1886,ويجنل ۽ ذاتي صفائي,روزاني انٽيميٽ حفظان صحت جي بنياديات,ڇا صابڻ کان سواءِ رڳو پاڻي سان صفائي ڪافي آهي؟,صابڻ کان سواءِ رڳو پاڻي سان صفائي ڪافي آهي ڇا؟,auto_ok,genuine reword - needs native-speaker review
v3774,1886,ويجنل ۽ ذاتي صفائي,روزاني انٽيميٽ حفظان صحت جي بنياديات,ڇا صابڻ کان سواءِ رڳو پاڻي سان صفائي ڪافي آهي؟,بغير soap صرف پاڻي سان صفائي ڪافي آهي ڇا؟,auto_ok,genuine reword - needs native-speaker review
v3775,1887,ويجنل ۽ ذاتي صفائي,روزاني انٽيميٽ حفظان صحت جي بنياديات,ڇا گرمي ۾ صفائي جو معمول تبديل ڪجي؟,گرمي ۾ صفائي جو معمول تبديل ڪجي ڇا؟,auto_ok,genuine reword - needs native-speaker review
v3776,1887,ويجنل ۽ ذاتي صفائي,روزاني انٽيميٽ حفظان صحت جي بنياديات,ڇا گرمي ۾ صفائي جو معمول تبديل ڪجي؟,گرم موسم ۾ hygiene routine بدلائجي ضروري آهي ڇا؟,auto_ok,genuine reword - needs native-speaker review
v3777,1888,ويجنل ۽ ذاتي صفائي,روزاني انٽيميٽ حفظان صحت جي بنياديات,ڇا وينجن جي علائقي کي تولئي سان زور سان مليو وڃي؟,وينجن جي علائقي کي تولئي سان زور سان مليو وڃي ڇا؟,auto_ok,genuine reword - needs native-speaker review
v3778,1888,ويجنل ۽ ذاتي صفائي,روزاني انٽيميٽ حفظان صحت جي بنياديات,ڇا وينجن جي علائقي کي تولئي سان زور سان مليو وڃي؟,private حصو تولئي سان سخت رگڙجي ٿو ڇا؟,auto_ok,genuine reword - needs native-speaker review
v3779,1889,ويجنل ۽ ذاتي صفائي,روزاني انٽيميٽ حفظان صحت جي بنياديات,ڇا مانع حمل جي ڪجهه طريقن سان صفائي جو خاص خيال رکجي (جهڙوڪ ڊافراگم)؟,مانع حمل جي ڪجهه طريقن سان صفائي جو خاص خيال رکجي (جهڙوڪ ڊافراگم) ڇا؟,auto_ok,genuine reword - needs native-speaker review
v3780,1889,ويجنل ۽ ذاتي صفائي,روزاني انٽيميٽ حفظان صحت جي بنياديات,ڇا مانع حمل جي ڪجهه طريقن سان صفائي جو خاص خيال رکجي (جهڙوڪ ڊافراگم)؟,diaphragm جهڙين contraception شين سان خاص hygiene ضروري آهي ڇا؟,auto_ok,genuine reword - needs native-speaker review
v3781,1890,ويجنل ۽ ذاتي صفائي,روزاني انٽيميٽ حفظان صحت جي بنياديات,ڇا نيل پالش يا ڪيميائي شين واري صابڻ کان پاسو ڪجي؟,نيل پالش يا ڪيميائي شين واري صابڻ کان پاسو ڪجي ڇا؟,auto_ok,genuine reword - needs native-speaker review
v3782,1890,ويجنل ۽ ذاتي صفائي,روزاني انٽيميٽ حفظان صحت جي بنياديات,ڇا نيل پالش يا ڪيميائي شين واري صابڻ کان پاسو ڪجي؟,chemical wale صابڻ استعمال کان بچجي ضروري آهي ڇا؟,auto_ok,genuine reword - needs native-speaker review
v3783,1891,ويجنل ۽ ذاتي صفائي,روزاني انٽيميٽ حفظان صحت جي بنياديات,جماع کان پوءِ پيشاب ڪرڻ کان سواءِ ٻيون ڪهڙيون صفائي جون عادتون مددگار آهن؟,جماع بعد پيشاب کان سواءِ ٻيون ڪهڙيون صفائي جون عادتون مددگار آهن؟,auto_ok,genuine reword - needs native-speaker review
v3784,1891,ويجنل ۽ ذاتي صفائي,روزاني انٽيميٽ حفظان صحت جي بنياديات,جماع کان پوءِ پيشاب ڪرڻ کان سواءِ ٻيون ڪهڙيون صفائي جون عادتون مددگار آهن؟,intercourse بعد urinate ڪرڻ کان سواءِ ٻي ڪهڙي عادت فائديمند آهي؟,auto_ok,genuine reword - needs native-speaker review
v3785,1892,ويجنل ۽ ذاتي صفائي,روزاني انٽيميٽ حفظان صحت جي بنياديات,ڇا وينجن جي صفائي لاءِ بيبي وائپس استعمال ٿي سگھن؟,وينجن جي صفائي لاءِ بيبي وائپس استعمال ٿي سگهن ٿا ڇا؟,auto_ok,genuine reword - needs native-speaker review
v3786,1892,ويجنل ۽ ذاتي صفائي,روزاني انٽيميٽ حفظان صحت جي بنياديات,ڇا وينجن جي صفائي لاءِ بيبي وائپس استعمال ٿي سگھن؟,private حصي لاءِ baby wipes استعمال ڪري سگهجن ٿا ڇا؟,auto_ok,genuine reword - needs native-speaker review
v3787,1893,ويجنل ۽ ذاتي صفائي,روزاني انٽيميٽ حفظان صحت جي بنياديات,ڇا روزانہ صفائي جو معمول عمر سان بدلجي ٿو؟,روزانو صفائي جو معمول عمر سان بدلجي ٿو ڇا؟,auto_ok,genuine reword - needs native-speaker review
v3788,1893,ويجنل ۽ ذاتي صفائي,روزاني انٽيميٽ حفظان صحت جي بنياديات,ڇا روزانہ صفائي جو معمول عمر سان بدلجي ٿو؟,hygiene routine عمر وڌڻ سان مختلف ٿئي ٿو ڇا؟,auto_ok,genuine reword - needs native-speaker review
v3789,1894,ويجنل ۽ ذاتي صفائي,وينجن خارج ٿيڻ (نارمل ۽ غير معمولي),عام وينجن خارج ٿيڻ جهڙو ڇا ٿيندو؟,عام وينجن خارج ٿيڻ ڇا هوندو آهي؟,auto_ok,genuine reword - needs native-speaker review
v3790,1894,ويجنل ۽ ذاتي صفائي,وينجن خارج ٿيڻ (نارمل ۽ غير معمولي),عام وينجن خارج ٿيڻ جهڙو ڇا ٿيندو؟,normal vaginal discharge ڪيئن هوندو آهي؟,auto_ok,genuine reword - needs native-speaker review
v3791,1895,ويجنل ۽ ذاتي صفائي,وينجن خارج ٿيڻ (نارمل ۽ غير معمولي),سڄي حيض واري چڪر ۾ خارج ٿيڻ ڪيئن بدلجي ٿو؟,period cycle دوران discharge ۾ ڪهڙو فرق اچي ٿو؟,auto_ok,genuine reword - needs native-speaker review
v3792,1895,ويجنل ۽ ذاتي صفائي,وينجن خارج ٿيڻ (نارمل ۽ غير معمولي),سڄي حيض واري چڪر ۾ خارج ٿيڻ ڪيئن بدلجي ٿو؟,period cycle دوران discharge ۾ ڪهڙو فرق اچي ٿو؟,auto_ok,genuine reword - needs native-speaker review
v3793,1896,ويجنل ۽ ذاتي صفائي,وينجن خارج ٿيڻ (نارمل ۽ غير معمولي),جڏهن وينجن خارج ٿيڻ کي غير معمولي سمجهيو ويندو آهي؟,وينجن خارج ٿيڻ کي غير معمولي ڪڏهن سمجهيو ويندو آهي؟,auto_ok,genuine reword - needs native-speaker review
v3794,1896,ويجنل ۽ ذاتي صفائي,وينجن خارج ٿيڻ (نارمل ۽ غير معمولي),جڏهن وينجن خارج ٿيڻ کي غير معمولي سمجهيو ويندو آهي؟,discharge کي abnormal ڪڏهن چئبو آهي؟,auto_ok,genuine reword - needs native-speaker review
v3795,1897,ويجنل ۽ ذاتي صفائي,وينجن خارج ٿيڻ (نارمل ۽ غير معمولي),ڇا خارج ٿيڻ واري تبديلين کي انفيڪشن ظاهر ڪري سگھي ٿو؟,خارج ٿيڻ واري تبديلين مان انفيڪشن ظاهر ٿي سگهي ٿي ڇا؟,auto_ok,genuine reword - needs native-speaker review
v3796,1897,ويجنل ۽ ذاتي صفائي,وينجن خارج ٿيڻ (نارمل ۽ غير معمولي),ڇا خارج ٿيڻ واري تبديلين کي انفيڪشن ظاهر ڪري سگھي ٿو؟,discharge بدلجڻ سان infection جو پتو پئجي سگهي ٿو ڇا؟,auto_ok,genuine reword - needs native-speaker review
v3797,1898,ويجنل ۽ ذاتي صفائي,وينجن خارج ٿيڻ (نارمل ۽ غير معمولي),ڇا حمل دوران خارج ٿيڻ ۾ اضافو عام آهي؟,حمل دوران خارج ٿيڻ ۾ اضافو عام آهي ڇا؟,auto_ok,genuine reword - needs native-speaker review
v3798,1898,ويجنل ۽ ذاتي صفائي,وينجن خارج ٿيڻ (نارمل ۽ غير معمولي),ڇا حمل دوران خارج ٿيڻ ۾ اضافو عام آهي؟,حامله هوندي discharge وڌي وڃي، اهو معمول آهي ڇا؟,auto_ok,genuine reword - needs native-speaker review
v3799,1899,ويجنل ۽ ذاتي صفائي,وينجن خارج ٿيڻ (نارمل ۽ غير معمولي),ڇا دٻاء اندام جي خارج ٿيڻ کي متاثر ڪري ٿو؟,دٻاءُ اندام جي خارج ٿيڻ کي متاثر ڪري ٿو ڇا؟,auto_ok,genuine reword - needs native-speaker review
v3800,1899,ويجنل ۽ ذاتي صفائي,وينجن خارج ٿيڻ (نارمل ۽ غير معمولي),ڇا دٻاء اندام جي خارج ٿيڻ کي متاثر ڪري ٿو؟,ٽينشن سان discharge تي اثر پوي ٿو ڇا؟,auto_ok,genuine reword - needs native-speaker review
v3801,1900,ويجنل ۽ ذاتي صفائي,وينجن خارج ٿيڻ (نارمل ۽ غير معمولي),ڇا غذا اندام جي صحت کي متاثر ڪري ٿو؟,غذا اندام جي صحت کي متاثر ڪري ٿي ڇا؟,auto_ok,genuine reword - needs native-speaker review
v3802,1900,ويجنل ۽ ذاتي صفائي,وينجن خارج ٿيڻ (نارمل ۽ غير معمولي),ڇا غذا اندام جي صحت کي متاثر ڪري ٿو؟,کاڌي پيتي جو vaginal health تي اثر پوي ٿو ڇا؟,auto_ok,genuine reword - needs native-speaker review
v3803,1901,ويجنل ۽ ذاتي صفائي,وينجن خارج ٿيڻ (نارمل ۽ غير معمولي),ڇا مينوپاز اندام جي صحت ۽ صفائي جي ضرورتن کي متاثر ڪري ٿو؟,مينوپاز اندام جي صحت ۽ صفائي جي ضرورتن کي متاثر ڪري ٿي ڇا؟,auto_ok,genuine reword - needs native-speaker review
v3804,1901,ويجنل ۽ ذاتي صفائي,وينجن خارج ٿيڻ (نارمل ۽ غير معمولي),ڇا مينوپاز اندام جي صحت ۽ صفائي جي ضرورتن کي متاثر ڪري ٿو؟,menopause سان vaginal health ۽ hygiene جون ضرورتون بدلجن ٿيون ڇا؟,auto_ok,genuine reword - needs native-speaker review
v3805,1902,ويجنل ۽ ذاتي صفائي,وينجن خارج ٿيڻ (نارمل ۽ غير معمولي),صحتمند وينجن خارج ٿيڻ جو رنگ ۽ بناوت عام طور تي ڪهڙي هوندي آهي؟,صحتمند وينجن خارج ٿيڻ جو رنگ ۽ بناوت عام طور ڪهڙي هوندي آهي؟,auto_ok,genuine reword - needs native-speaker review
v3806,1902,ويجنل ۽ ذاتي صفائي,وينجن خارج ٿيڻ (نارمل ۽ غير معمولي),صحتمند وينجن خارج ٿيڻ جو رنگ ۽ بناوت عام طور تي ڪهڙي هوندي آهي؟,healthy discharge جو رنگ ۽ ساخت عام طور ڪهڙي هوندي آهي؟,auto_ok,genuine reword - needs native-speaker review
v3807,1903,ويجنل ۽ ذاتي صفائي,وينجن خارج ٿيڻ (نارمل ۽ غير معمولي),ڪهڙي رنگ يا بوءَ وارو خارج ٿيڻ ڊاڪٽر کي ڏيکارڻ گهرجي؟,ڪهڙي رنگ يا بوءِ وارو خارج ٿيڻ ڊاڪٽر کي ڏيکارجي؟,auto_ok,genuine reword - needs native-speaker review
v3808,1903,ويجنل ۽ ذاتي صفائي,وينجن خارج ٿيڻ (نارمل ۽ غير معمولي),ڪهڙي رنگ يا بوءَ وارو خارج ٿيڻ ڊاڪٽر کي ڏيکارڻ گهرجي؟,discharge ڪهڙي رنگ يا بوءِ سان طبيب کي ڏيکارڻ گهرجي؟,auto_ok,genuine reword - needs native-speaker review
v3809,1904,ويجنل ۽ ذاتي صفائي,وينجن خارج ٿيڻ (نارمل ۽ غير معمولي),ڇا خارج ٿيڻ جي مقدار وڌي وڃڻ هميشه پريشاني جي ڳالهه آهي؟,خارج ٿيڻ جي مقدار وڌي وڃڻ هميشه پريشاني جي ڳالھ آهي ڇا؟,auto_ok,genuine reword - needs native-speaker review
v3810,1904,ويجنل ۽ ذاتي صفائي,وينجن خارج ٿيڻ (نارمل ۽ غير معمولي),ڇا خارج ٿيڻ جي مقدار وڌي وڃڻ هميشه پريشاني جي ڳالهه آهي؟,discharge وڌي وڃي ته هميشه فڪر جي ڳالھ آهي ڇا؟,auto_ok,genuine reword - needs native-speaker review
v3811,1905,ويجنل ۽ ذاتي صفائي,وينجن خارج ٿيڻ (نارمل ۽ غير معمولي),اوولوشن دوران خارج ٿيڻ ۾ ڪهڙي تبديلي اچي ٿي؟,اووليشن دوران خارج ٿيڻ ۾ ڪهڙي تبديلي اچي ٿي؟,auto_ok,genuine reword - needs native-speaker review
v3812,1905,ويجنل ۽ ذاتي صفائي,وينجن خارج ٿيڻ (نارمل ۽ غير معمولي),اوولوشن دوران خارج ٿيڻ ۾ ڪهڙي تبديلي اچي ٿي؟,ovulation وقت discharge ۾ ڇا فرق اچي ٿو؟,auto_ok,genuine reword - needs native-speaker review
v3813,1906,ويجنل ۽ ذاتي صفائي,وينجن خارج ٿيڻ (نارمل ۽ غير معمولي),ڇا سفيد ٿلهو خارج ٿيڻ هميشه انفيڪشن جي نشاني آهي؟,سفيد ٿلهو خارج ٿيڻ هميشه انفيڪشن جي نشاني آهي ڇا؟,auto_ok,genuine reword - needs native-speaker review
v3814,1906,ويجنل ۽ ذاتي صفائي,وينجن خارج ٿيڻ (نارمل ۽ غير معمولي),ڇا سفيد ٿلهو خارج ٿيڻ هميشه انفيڪشن جي نشاني آهي؟,white thick discharge هر ڀيري infection ٻڌائي ٿو ڇا؟,auto_ok,genuine reword - needs native-speaker review
v3815,1907,ويجنل ۽ ذاتي صفائي,وينجن خارج ٿيڻ (نارمل ۽ غير معمولي),ڇا زرد يا سائو خارج ٿيڻ ڊاڪٽر کي ڏيکارڻ گهرجي؟,زرد يا سائو خارج ٿيڻ ڊاڪٽر کي ڏيکارڻ گهرجي ڇا؟,auto_ok,genuine reword - needs native-speaker review
v3816,1907,ويجنل ۽ ذاتي صفائي,وينجن خارج ٿيڻ (نارمل ۽ غير معمولي),ڇا زرد يا سائو خارج ٿيڻ ڊاڪٽر کي ڏيکارڻ گهرجي؟,yellow يا green discharge هجي ته طبيب کي ملجي ڇا؟,auto_ok,genuine reword - needs native-speaker review
v3817,1908,ويجنل ۽ ذاتي صفائي,وينجن خارج ٿيڻ (نارمل ۽ غير معمولي),حيض کان اڳ خارج ٿيڻ ۾ ڪهڙي تبديلي اچي ٿي؟,period کان اڳ discharge ۾ ڪهڙو فرق اچي ٿو؟,auto_ok,genuine reword - needs native-speaker review
v3818,1908,ويجنل ۽ ذاتي صفائي,وينجن خارج ٿيڻ (نارمل ۽ غير معمولي),حيض کان اڳ خارج ٿيڻ ۾ ڪهڙي تبديلي اچي ٿي؟,period کان اڳ discharge ۾ ڪهڙو فرق اچي ٿو؟,auto_ok,genuine reword - needs native-speaker review
v3819,1909,ويجنل ۽ ذاتي صفائي,وينجن خارج ٿيڻ (نارمل ۽ غير معمولي),ڇا جنسي جوش دوران خارج ٿيڻ وڌي وڃي ٿو؟,جنسي جوش دوران خارج ٿيڻ وڌي وڃي ٿو ڇا؟,auto_ok,genuine reword - needs native-speaker review
v3820,1909,ويجنل ۽ ذاتي صفائي,وينجن خارج ٿيڻ (نارمل ۽ غير معمولي),ڇا جنسي جوش دوران خارج ٿيڻ وڌي وڃي ٿو؟,arousal وقت discharge وڌي ٿو ڇا؟,auto_ok,genuine reword - needs native-speaker review
v3821,1910,ويجنل ۽ ذاتي صفائي,وينجن خارج ٿيڻ (نارمل ۽ غير معمولي),ڇا هارمونل مانع حمل گوليون خارج ٿيڻ کي متاثر ڪن ٿيون؟,هارمونل مانع حمل گوريون خارج ٿيڻ کي متاثر ڪن ٿيون ڇا؟,auto_ok,genuine reword - needs native-speaker review
v3822,1910,ويجنل ۽ ذاتي صفائي,وينجن خارج ٿيڻ (نارمل ۽ غير معمولي),ڇا هارمونل مانع حمل گوليون خارج ٿيڻ کي متاثر ڪن ٿيون؟,birth control pills سان discharge تي اثر پوي ٿو ڇا؟,auto_ok,genuine reword - needs native-speaker review
v3823,1911,ويجنل ۽ ذاتي صفائي,وينجن خارج ٿيڻ (نارمل ۽ غير معمولي),نئين ڄاول ٻارڙين ۾ خارج ٿيڻ ڇا عام آهي؟,نئين ڄاول ٻارڙين ۾ خارج ٿيڻ عام آهي ڇا؟,auto_ok,genuine reword - needs native-speaker review
v3824,1911,ويجنل ۽ ذاتي صفائي,وينجن خارج ٿيڻ (نارمل ۽ غير معمولي),نئين ڄاول ٻارڙين ۾ خارج ٿيڻ ڇا عام آهي؟,newborn baby girls ۾ discharge ٿيڻ معمول جي ڳالھ آهي ڇا؟,auto_ok,genuine reword - needs native-speaker review
v3825,1912,ويجنل ۽ ذاتي صفائي,وينجن خارج ٿيڻ (نارمل ۽ غير معمولي),ڇا خارج ٿيڻ ۾ رت اچڻ هميشه پريشاني جي ڳالهه آهي؟,خارج ٿيڻ ۾ رت اچڻ هميشه پريشاني جي ڳالھ آهي ڇا؟,auto_ok,genuine reword - needs native-speaker review
v3826,1912,ويجنل ۽ ذاتي صفائي,وينجن خارج ٿيڻ (نارمل ۽ غير معمولي),ڇا خارج ٿيڻ ۾ رت اچڻ هميشه پريشاني جي ڳالهه آهي؟,discharge ۾ خون اچي ته هر ڀيري فڪر ڪجي ڇا؟,auto_ok,genuine reword - needs native-speaker review
v3827,1913,ويجنل ۽ ذاتي صفائي,وينجن خارج ٿيڻ (نارمل ۽ غير معمولي),ڇا خارج ٿيڻ جي بوءِ عام طور تي تيز هجي ٿي؟,خارج ٿيڻ جي بوءِ عام طور تيز هجي ٿي ڇا؟,auto_ok,genuine reword - needs native-speaker review
v3828,1913,ويجنل ۽ ذاتي صفائي,وينجن خارج ٿيڻ (نارمل ۽ غير معمولي),ڇا خارج ٿيڻ جي بوءِ عام طور تي تيز هجي ٿي؟,discharge جي بوءِ عام طور سخت هوندي آهي ڇا؟,auto_ok,genuine reword - needs native-speaker review
v3829,1914,ويجنل ۽ ذاتي صفائي,وينجن خارج ٿيڻ (نارمل ۽ غير معمولي),ڪيتري خارج ٿيڻ کي 'گهڻي' سمجهيو ويندو آهي؟,discharge جي ڪيتري مقدار کي 'زياده' سمجهجي؟,auto_ok,genuine reword - needs native-speaker review
v3830,1914,ويجنل ۽ ذاتي صفائي,وينجن خارج ٿيڻ (نارمل ۽ غير معمولي),ڪيتري خارج ٿيڻ کي 'گهڻي' سمجهيو ويندو آهي؟,discharge جي ڪيتري مقدار کي 'زياده' سمجهجي؟,auto_ok,genuine reword - needs native-speaker review
v3831,1915,ويجنل ۽ ذاتي صفائي,وينجن خارج ٿيڻ (نارمل ۽ غير معمولي),ڇا هارمونل IUD استعمال ڪرڻ سان خارج ٿيڻ ۾ تبديلي اچي ٿي؟,هارمونل IUD استعمال سان خارج ٿيڻ ۾ تبديلي اچي ٿي ڇا؟,auto_ok,genuine reword - needs native-speaker review
v3832,1915,ويجنل ۽ ذاتي صفائي,وينجن خارج ٿيڻ (نارمل ۽ غير معمولي),ڇا هارمونل IUD استعمال ڪرڻ سان خارج ٿيڻ ۾ تبديلي اچي ٿي؟,hormonal IUD سان discharge بدلجي ٿو ڇا؟,auto_ok,genuine reword - needs native-speaker review
v3833,1916,ويجنل ۽ ذاتي صفائي,وينجن خارج ٿيڻ (نارمل ۽ غير معمولي),ڇا ڦٽل يا ڏهي جهڙو خارج ٿيڻ خمير انفيڪشن جي نشاني آهي؟,ڦٽل يا ڏهي جهڙو خارج ٿيڻ خمير انفيڪشن جي نشاني آهي ڇا؟,auto_ok,genuine reword - needs native-speaker review
v3834,1916,ويجنل ۽ ذاتي صفائي,وينجن خارج ٿيڻ (نارمل ۽ غير معمولي),ڇا ڦٽل يا ڏهي جهڙو خارج ٿيڻ خمير انفيڪشن جي نشاني آهي؟,cottage cheese جهڙو discharge yeast infection ٻڌائي ٿو ڇا؟,auto_ok,genuine reword - needs native-speaker review
v3835,1917,ويجنل ۽ ذاتي صفائي,وينجن خارج ٿيڻ (نارمل ۽ غير معمولي),ڇا صحتمند خارج ٿيڻ ۾ ڪوبه بوءَ نه هجڻ گهرجي؟,صحتمند خارج ٿيڻ ۾ ڪوبه بوءِ نه هجڻ گهرجي ڇا؟,auto_ok,genuine reword - needs native-speaker review
v3836,1917,ويجنل ۽ ذاتي صفائي,وينجن خارج ٿيڻ (نارمل ۽ غير معمولي),ڇا صحتمند خارج ٿيڻ ۾ ڪوبه بوءَ نه هجڻ گهرجي؟,healthy discharge ۾ بلڪل بوءِ نه هجي ضروري آهي ڇا؟,auto_ok,genuine reword - needs native-speaker review
v3837,1918,ويجنل ۽ ذاتي صفائي,وينجن خارج ٿيڻ (نارمل ۽ غير معمولي),ڇا جنسي طور فعال هجڻ خارج ٿيڻ جي مقدار کي متاثر ڪري ٿو؟,جنسي طور فعال هجڻ خارج ٿيڻ جي مقدار کي متاثر ڪري ٿو ڇا؟,auto_ok,genuine reword - needs native-speaker review
v3838,1918,ويجنل ۽ ذاتي صفائي,وينجن خارج ٿيڻ (نارمل ۽ غير معمولي),ڇا جنسي طور فعال هجڻ خارج ٿيڻ جي مقدار کي متاثر ڪري ٿو؟,sexually active هجڻ سان discharge جي مقدار تي اثر پوي ٿو ڇا؟,auto_ok,genuine reword - needs native-speaker review
v3839,1919,ويجنل ۽ ذاتي صفائي,وينجن خارج ٿيڻ (نارمل ۽ غير معمولي),ڇا پاڻي جي کوٽ خارج ٿيڻ کي متاثر ڪري ٿي؟,پاڻي جي کوٽ خارج ٿيڻ کي متاثر ڪري ٿي ڇا؟,auto_ok,genuine reword - needs native-speaker review
v3840,1919,ويجنل ۽ ذاتي صفائي,وينجن خارج ٿيڻ (نارمل ۽ غير معمولي),ڇا پاڻي جي کوٽ خارج ٿيڻ کي متاثر ڪري ٿي؟,dehydration discharge تي اثر انداز ٿئي ٿي ڇا؟,auto_ok,genuine reword - needs native-speaker review
v3841,1920,ويجنل ۽ ذاتي صفائي,وينجن خارج ٿيڻ (نارمل ۽ غير معمولي),ڇا خارج ٿيڻ ۾ اوچتو تبديلي ڊاڪٽر کي ٻڌائجي؟,خارج ٿيڻ ۾ اوچتو تبديلي ڊاڪٽر کي ٻڌائجي ڇا؟,auto_ok,genuine reword - needs native-speaker review
v3842,1920,ويجنل ۽ ذاتي صفائي,وينجن خارج ٿيڻ (نارمل ۽ غير معمولي),ڇا خارج ٿيڻ ۾ اوچتو تبديلي ڊاڪٽر کي ٻڌائجي؟,discharge اوچتو بدلجي وڃي ته طبيب کي ٻڌائجي ڇا؟,auto_ok,genuine reword - needs native-speaker review
v3843,1921,ويجنل ۽ ذاتي صفائي,وينجن خارج ٿيڻ (نارمل ۽ غير معمولي),ڇا اسپاٽنگ ۽ خارج ٿيڻ ۾ فرق آهي؟,اسپاٽنگ ۽ خارج ٿيڻ ۾ فرق آهي ڇا؟,auto_ok,genuine reword - needs native-speaker review
v3844,1921,ويجنل ۽ ذاتي صفائي,وينجن خارج ٿيڻ (نارمل ۽ غير معمولي),ڇا اسپاٽنگ ۽ خارج ٿيڻ ۾ فرق آهي؟,spotting ۽ discharge ۾ ڪو فرق آهي ڇا؟,auto_ok,genuine reword - needs native-speaker review
v3845,1922,ويجنل ۽ ذاتي صفائي,وينجن خارج ٿيڻ (نارمل ۽ غير معمولي),ڇا الرجي واريون شيون استعمال ڪرڻ سان خارج ٿيڻ متاثر ٿئي ٿو؟,الرجي واريون شيون استعمال سان خارج ٿيڻ متاثر ٿئي ٿو ڇا؟,auto_ok,genuine reword - needs native-speaker review
v3846,1922,ويجنل ۽ ذاتي صفائي,وينجن خارج ٿيڻ (نارمل ۽ غير معمولي),ڇا الرجي واريون شيون استعمال ڪرڻ سان خارج ٿيڻ متاثر ٿئي ٿو؟,allergy پيدا ڪندڙ شيون استعمال ڪرڻ سان discharge تي اثر پوي ٿو ڇا؟,auto_ok,genuine reword - needs native-speaker review
v3847,1923,ويجنل ۽ ذاتي صفائي,وينجن خارج ٿيڻ (نارمل ۽ غير معمولي),حمل جي شروعاتي هفتن ۾ خارج ٿيڻ ڪيئن نظر اچي ٿو؟,شروعاتي حمل ۾ discharge ڇا جهڙو هوندو آهي؟,auto_ok,genuine reword - needs native-speaker review
v3848,1923,ويجنل ۽ ذاتي صفائي,وينجن خارج ٿيڻ (نارمل ۽ غير معمولي),حمل جي شروعاتي هفتن ۾ خارج ٿيڻ ڪيئن نظر اچي ٿو؟,شروعاتي حمل ۾ discharge ڇا جهڙو هوندو آهي؟,auto_ok,genuine reword - needs native-speaker review
v3849,1924,ويجنل ۽ ذاتي صفائي,وينجن خارج ٿيڻ (نارمل ۽ غير معمولي),ڇا خارج ٿيڻ جي بناوت هر عورت ۾ هڪجهڙي هوندي آهي؟,خارج ٿيڻ جي بناوت هر عورت ۾ هڪجهڙي هوندي آهي ڇا؟,auto_ok,genuine reword - needs native-speaker review
v3850,1924,ويجنل ۽ ذاتي صفائي,وينجن خارج ٿيڻ (نارمل ۽ غير معمولي),ڇا خارج ٿيڻ جي بناوت هر عورت ۾ هڪجهڙي هوندي آهي؟,discharge جي texture سڀني عورتن ۾ هڪ جهڙي آهي ڇا؟,auto_ok,genuine reword - needs native-speaker review
v3851,1925,ويجنل ۽ ذاتي صفائي,وينجن خارج ٿيڻ (نارمل ۽ غير معمولي),ڇا وزن گھٽجڻ يا وڌڻ خارج ٿيڻ کي متاثر ڪري ٿو؟,وزن گھٽجڻ يا وڌڻ خارج ٿيڻ کي متاثر ڪري ٿو ڇا؟,auto_ok,genuine reword - needs native-speaker review
v3852,1925,ويجنل ۽ ذاتي صفائي,وينجن خارج ٿيڻ (نارمل ۽ غير معمولي),ڇا وزن گھٽجڻ يا وڌڻ خارج ٿيڻ کي متاثر ڪري ٿو؟,وزن بدلجڻ سان discharge تي اثر پوي ٿو ڇا؟,auto_ok,genuine reword - needs native-speaker review
v3853,1926,ويجنل ۽ ذاتي صفائي,وينجن خارج ٿيڻ (نارمل ۽ غير معمولي),ڇا خارج ٿيڻ گڏ گڏ خارش هجڻ فوري طبي توجہ جي ضرورت آهي؟,خارج ٿيڻ گڏ خارش هجڻ فوري طبي توجہ گھري ٿو ڇا؟,auto_ok,genuine reword - needs native-speaker review
v3854,1926,ويجنل ۽ ذاتي صفائي,وينجن خارج ٿيڻ (نارمل ۽ غير معمولي),ڇا خارج ٿيڻ گڏ گڏ خارش هجڻ فوري طبي توجہ جي ضرورت آهي؟,discharge سان گڏ itching هجي ته فوري ڊاڪٽر ڏسائجي ڇا؟,auto_ok,genuine reword - needs native-speaker review
v3855,1927,ويجنل ۽ ذاتي صفائي,وينجن خارج ٿيڻ (نارمل ۽ غير معمولي),ڇا صحتمند وينجن مان روزانو ٿورو خارج ٿيڻ نارمل آهي؟,صحتمند وينجن مان روزانو ٿورو خارج ٿيڻ نارمل آهي ڇا؟,auto_ok,genuine reword - needs native-speaker review
v3856,1927,ويجنل ۽ ذاتي صفائي,وينجن خارج ٿيڻ (نارمل ۽ غير معمولي),ڇا صحتمند وينجن مان روزانو ٿورو خارج ٿيڻ نارمل آهي؟,healthy vagina مان روزانو ٿورو discharge اچڻ معمول آهي ڇا؟,auto_ok,genuine reword - needs native-speaker review
v3857,1928,ويجنل ۽ ذاتي صفائي,وينجن خارج ٿيڻ (نارمل ۽ غير معمولي),ڇا اينٽي بايوٽڪس وٺڻ کان پوءِ خارج ٿيڻ ۾ تبديلي اچي سگھي ٿي؟,اينٽي بايوٽڪس وٺڻ بعد خارج ٿيڻ ۾ تبديلي اچي سگهي ٿي ڇا؟,auto_ok,genuine reword - needs native-speaker review
v3858,1928,ويجنل ۽ ذاتي صفائي,وينجن خارج ٿيڻ (نارمل ۽ غير معمولي),ڇا اينٽي بايوٽڪس وٺڻ کان پوءِ خارج ٿيڻ ۾ تبديلي اچي سگھي ٿي؟,antibiotics کائڻ بعد discharge بدلجي سگهي ٿو ڇا؟,auto_ok,genuine reword - needs native-speaker review
v3859,1929,ويجنل ۽ ذاتي صفائي,وينجن خارج ٿيڻ (نارمل ۽ غير معمولي),جوانيءَ ۾ پهرين حيض کان اڳ خارج ٿيڻ شروع ٿئي ٿو ڇا؟,پهرين ماهواري کان اڳ discharge شروع ٿي سگهي ٿو ڇا؟,auto_ok,genuine reword - needs native-speaker review
v3860,1929,ويجنل ۽ ذاتي صفائي,وينجن خارج ٿيڻ (نارمل ۽ غير معمولي),جوانيءَ ۾ پهرين حيض کان اڳ خارج ٿيڻ شروع ٿئي ٿو ڇا؟,پهرين ماهواري کان اڳ discharge شروع ٿي سگهي ٿو ڇا؟,auto_ok,genuine reword - needs native-speaker review
v3861,1930,ويجنل ۽ ذاتي صفائي,پيشاب جي رستي جي انفيڪشن,پيشاب جي رستي جي انفيڪشن جو ڪهڙو سبب آهي؟,پيشاب واري رستي جي انفيڪشن جو سبب ڇا آهي؟,auto_ok,genuine reword - needs native-speaker review
v3862,1930,ويجنل ۽ ذاتي صفائي,پيشاب جي رستي جي انفيڪشن,پيشاب جي رستي جي انفيڪشن جو ڪهڙو سبب آهي؟,UTI ڪهڙي سبب سان ٿيندي آهي؟,auto_ok,genuine reword - needs native-speaker review
v3863,1931,ويجنل ۽ ذاتي صفائي,پيشاب جي رستي جي انفيڪشن,پيشاب جي رستي جي انفيڪشن جي عام علامتون ڇا آهن؟,پيشاب واري رستي جي انفيڪشن جون عام علامتون ڇا آهن؟,auto_ok,genuine reword - needs native-speaker review
v3864,1931,ويجنل ۽ ذاتي صفائي,پيشاب جي رستي جي انفيڪشن,پيشاب جي رستي جي انفيڪشن جي عام علامتون ڇا آهن؟,UTI هجڻ جون عام نشانيون ڪهڙيون آهن؟,auto_ok,genuine reword - needs native-speaker review
v3865,1932,ويجنل ۽ ذاتي صفائي,پيشاب جي رستي جي انفيڪشن,ڇو ته عورتون مردن جي ڀيٽ ۾ پيشاب جي رستي جي انفيڪشن جو وڌيڪ شڪار آهن؟,عورتون مردن جي ڀيٽ ۾ UTI جو وڌيڪ شڪار ڇو آهن؟,auto_ok,genuine reword - needs native-speaker review
v3866,1932,ويجنل ۽ ذاتي صفائي,پيشاب جي رستي جي انفيڪشن,ڇو ته عورتون مردن جي ڀيٽ ۾ پيشاب جي رستي جي انفيڪشن جو وڌيڪ شڪار آهن؟,عورتن کي UTI مردن کان زياده ڇو ٿيندي آهي؟,auto_ok,genuine reword - needs native-speaker review
v3867,1933,ويجنل ۽ ذاتي صفائي,پيشاب جي رستي جي انفيڪشن,ڇا وڌيڪ پاڻي پيئڻ سان پيشاب جي رستي جي انفيڪشن کي روڪڻ ۾ مدد ملندي؟,وڌيڪ پاڻي پيئڻ سان UTI کان بچاءُ ٿئي ٿو ڇا؟,auto_ok,genuine reword - needs native-speaker review
v3868,1933,ويجنل ۽ ذاتي صفائي,پيشاب جي رستي جي انفيڪشن,ڇا وڌيڪ پاڻي پيئڻ سان پيشاب جي رستي جي انفيڪشن کي روڪڻ ۾ مدد ملندي؟,پاڻي زياده پيئڻ سان urine infection کان بچاءُ ٿئي ٿو ڇا؟,auto_ok,genuine reword - needs native-speaker review
v3869,1934,ويجنل ۽ ذاتي صفائي,پيشاب جي رستي جي انفيڪشن,ڇا جماع کان پوءِ پيشاب ڪرڻ پيشاب جي رستي جي انفيڪشن کي روڪڻ ۾ مدد ڪري ٿو؟,جماع بعد پيشاب ڪرڻ UTI کان بچاءُ ۾ مدد ڪري ٿو ڇا؟,auto_ok,genuine reword - needs native-speaker review
v3870,1934,ويجنل ۽ ذاتي صفائي,پيشاب جي رستي جي انفيڪشن,ڇا جماع کان پوءِ پيشاب ڪرڻ پيشاب جي رستي جي انفيڪشن کي روڪڻ ۾ مدد ڪري ٿو؟,intercourse بعد urinate ڪرڻ سان UTI جو خطرو گھٽجي ٿو ڇا؟,auto_ok,genuine reword - needs native-speaker review
v3871,1935,ويجنل ۽ ذاتي صفائي,پيشاب جي رستي جي انفيڪشن,ڇا پيشاب جي رستي جي انفيڪشن بغير اينٽي بايوٽيڪٽس کان پري ٿي سگھي ٿو؟,UTI بغير اينٽي بايوٽيڪس جي پري ٿي سگهي ٿي ڇا؟,auto_ok,genuine reword - needs native-speaker review
v3872,1935,ويجنل ۽ ذاتي صفائي,پيشاب جي رستي جي انفيڪشن,ڇا پيشاب جي رستي جي انفيڪشن بغير اينٽي بايوٽيڪٽس کان پري ٿي سگھي ٿو؟,urine infection antibiotics کان سواءِ ٺيڪ ٿي سگهي ٿي ڇا؟,auto_ok,genuine reword - needs native-speaker review
v3873,1936,ويجنل ۽ ذاتي صفائي,پيشاب جي رستي جي انفيڪشن,ڇا پيشاب جي رستي جي انفيڪشن متعدي آهن؟,UTI متعدي آهن ڇا؟,auto_ok,genuine reword - needs native-speaker review
v3874,1936,ويجنل ۽ ذاتي صفائي,پيشاب جي رستي جي انفيڪشن,ڇا پيشاب جي رستي جي انفيڪشن متعدي آهن؟,urine infection ٻئي کي منتقل ٿئي ٿي ڇا؟,auto_ok,genuine reword - needs native-speaker review
v3875,1937,ويجنل ۽ ذاتي صفائي,پيشاب جي رستي جي انفيڪشن,ڇا جنسي ڀائيوارن کي علاج ڪرڻ گهرجي جيڪڏهن هڪ شخص BV آهي؟,هڪ شخص کي BV هجي ته جنسي ڀائيوار جو علاج ضروري آهي ڇا؟,auto_ok,genuine reword - needs native-speaker review
v3876,1937,ويجنل ۽ ذاتي صفائي,پيشاب جي رستي جي انفيڪشن,ڇا جنسي ڀائيوارن کي علاج ڪرڻ گهرجي جيڪڏهن هڪ شخص BV آهي؟,BV هجي ته partner جو علاج به ڪرائجي ڇا؟,auto_ok,genuine reword - needs native-speaker review
v3877,1938,ويجنل ۽ ذاتي صفائي,پيشاب جي رستي جي انفيڪشن,پيشاب جي رستي جي انفيڪشن جون عام علامتون ڪهڙيون آهن؟,پيشاب واري رستي جي انفيڪشن جون عام علامتون ڪهڙيون آهن؟,auto_ok,genuine reword - needs native-speaker review
v3878,1938,ويجنل ۽ ذاتي صفائي,پيشاب جي رستي جي انفيڪشن,پيشاب جي رستي جي انفيڪشن جون عام علامتون ڪهڙيون آهن؟,UTI جون نشانيون ڪهڙيون هونديون آهن؟,auto_ok,genuine reword - needs native-speaker review
v3879,1939,ويجنل ۽ ذاتي صفائي,پيشاب جي رستي جي انفيڪشن,پيشاب جي رستي جي انفيڪشن کان بچاءَ لاءِ ڪيترو پاڻي پيئڻ گهرجي؟,UTI کان بچاءُ لاءِ ڪيترو پاڻي پيئڻ گهرجي؟,auto_ok,genuine reword - needs native-speaker review
v3880,1939,ويجنل ۽ ذاتي صفائي,پيشاب جي رستي جي انفيڪشن,پيشاب جي رستي جي انفيڪشن کان بچاءَ لاءِ ڪيترو پاڻي پيئڻ گهرجي؟,urine infection کان بچڻ لاءِ روزانو ڪيترو پاڻي پيئجي؟,auto_ok,genuine reword - needs native-speaker review
v3881,1940,ويجنل ۽ ذاتي صفائي,پيشاب جي رستي جي انفيڪشن,ڇا اڻ علاج ٿيل پيشاب جي رستي جي انفيڪشن خطرناڪ ٿي سگهي ٿو؟,اڻ علاج ٿيل UTI خطرناڪ ٿي سگهي ٿي ڇا؟,auto_ok,genuine reword - needs native-speaker review
v3882,1940,ويجنل ۽ ذاتي صفائي,پيشاب جي رستي جي انفيڪشن,ڇا اڻ علاج ٿيل پيشاب جي رستي جي انفيڪشن خطرناڪ ٿي سگهي ٿو؟,علاج نه ڪرايل urine infection نقصانڪار ٿي سگهي ٿي ڇا؟,auto_ok,genuine reword - needs native-speaker review
v3883,1941,ويجنل ۽ ذاتي صفائي,پيشاب جي رستي جي انفيڪشن,ڇا مرد ۽ عورتون پيشاب جي رستي جي انفيڪشن جو برابر خطرو رکن ٿا؟,مرد ۽ عورتون UTI جو برابر خطرو رکن ٿا ڇا؟,auto_ok,genuine reword - needs native-speaker review
v3884,1941,ويجنل ۽ ذاتي صفائي,پيشاب جي رستي جي انفيڪشن,ڇا مرد ۽ عورتون پيشاب جي رستي جي انفيڪشن جو برابر خطرو رکن ٿا؟,UTI ٿيڻ جو چانس مرد ۽ عورت ۾ هڪجهڙو آهي ڇا؟,auto_ok,genuine reword - needs native-speaker review
v3885,1942,ويجنل ۽ ذاتي صفائي,پيشاب جي رستي جي انفيڪشن,ڇا ڪرينبيري جوس پيشاب جي رستي جي انفيڪشن کان بچاءَ ۾ مددگار آهي؟,ڪرينبيري جوس UTI کان بچاءُ ۾ مددگار آهي ڇا؟,auto_ok,genuine reword - needs native-speaker review
v3886,1942,ويجنل ۽ ذاتي صفائي,پيشاب جي رستي جي انفيڪشن,ڇا ڪرينبيري جوس پيشاب جي رستي جي انفيڪشن کان بچاءَ ۾ مددگار آهي؟,cranberry juice سان urine infection کان بچاءُ ٿئي ٿو ڇا؟,auto_ok,genuine reword - needs native-speaker review
v3887,1943,ويجنل ۽ ذاتي صفائي,پيشاب جي رستي جي انفيڪشن,ڇا UTI جي علامتن ۾ بخار به شامل ٿي سگھي ٿو؟,UTI جي علامتن ۾ بخار به شامل ٿي سگهي ٿو ڇا؟,auto_ok,genuine reword - needs native-speaker review
v3888,1943,ويجنل ۽ ذاتي صفائي,پيشاب جي رستي جي انفيڪشن,ڇا UTI جي علامتن ۾ بخار به شامل ٿي سگھي ٿو؟,urine infection ۾ تپ به چڙهي سگهي ٿو ڇا؟,auto_ok,genuine reword - needs native-speaker review
v3889,1944,ويجنل ۽ ذاتي صفائي,پيشاب جي رستي جي انفيڪشن,ڇا UTI گردن تائين پکڙجي سگهي ٿو؟,UTI گردن تائين پکڙجي سگهي ٿي ڇا؟,auto_ok,genuine reword - needs native-speaker review
v3890,1944,ويجنل ۽ ذاتي صفائي,پيشاب جي رستي جي انفيڪشن,ڇا UTI گردن تائين پکڙجي سگهي ٿو؟,urine infection kidney تائين پهچي سگهي ٿي ڇا؟,auto_ok,genuine reword - needs native-speaker review
v3891,1945,ويجنل ۽ ذاتي صفائي,پيشاب جي رستي جي انفيڪشن,ڇا حمل دوران UTI جو خطرو وڌي ٿو؟,حمل دوران UTI جو خطرو وڌي ٿو ڇا؟,auto_ok,genuine reword - needs native-speaker review
v3892,1945,ويجنل ۽ ذاتي صفائي,پيشاب جي رستي جي انفيڪشن,ڇا حمل دوران UTI جو خطرو وڌي ٿو؟,حامله هوندي urine infection جو چانس وڌي ٿو ڇا؟,auto_ok,genuine reword - needs native-speaker review
v3893,1946,ويجنل ۽ ذاتي صفائي,پيشاب جي رستي جي انفيڪشن,ڇا UTI جي تشخيص لاءِ پيشاب جو ٽيسٽ ڪافي آهي؟,UTI جي تشخيص لاءِ پيشاب جو ٽيسٽ ڪافي آهي ڇا؟,auto_ok,genuine reword - needs native-speaker review
v3894,1946,ويجنل ۽ ذاتي صفائي,پيشاب جي رستي جي انفيڪشن,ڇا UTI جي تشخيص لاءِ پيشاب جو ٽيسٽ ڪافي آهي؟,urine test سان UTI جي پڪ ٿي سگهي ٿي ڇا؟,auto_ok,genuine reword - needs native-speaker review
v3895,1947,ويجنل ۽ ذاتي صفائي,پيشاب جي رستي جي انفيڪشن,ڇا مينوپاز کان پوءِ UTI جو خطرو وڌي ٿو؟,مينوپاز بعد UTI جو خطرو وڌي ٿو ڇا؟,auto_ok,genuine reword - needs native-speaker review
v3896,1947,ويجنل ۽ ذاتي صفائي,پيشاب جي رستي جي انفيڪشن,ڇا مينوپاز کان پوءِ UTI جو خطرو وڌي ٿو؟,menopause بعد urine infection جو چانس وڌي ٿو ڇا؟,auto_ok,genuine reword - needs native-speaker review
v3897,1948,ويجنل ۽ ذاتي صفائي,پيشاب جي رستي جي انفيڪشن,ڇا ڊائافرام يا اسپرميسائيڊ استعمال ڪرڻ UTI جو خطرو وڌائي ٿو؟,ڊائافرام يا اسپرميسائيڊ استعمال UTI جو خطرو وڌائي ٿو ڇا؟,auto_ok,genuine reword - needs native-speaker review
v3898,1948,ويجنل ۽ ذاتي صفائي,پيشاب جي رستي جي انفيڪشن,ڇا ڊائافرام يا اسپرميسائيڊ استعمال ڪرڻ UTI جو خطرو وڌائي ٿو؟,diaphragm يا spermicide استعمال سان urine infection جو خطرو وڌي ٿو ڇا؟,auto_ok,genuine reword - needs native-speaker review
v3899,1949,ويجنل ۽ ذاتي صفائي,پيشاب جي رستي جي انفيڪشن,ڇا بار بار پيشاب اچڻ جي احساس کي روڪي رکڻ نقصانڪار آهي؟,پيشاب اچڻ جو احساس روڪي رکڻ نقصانڪار آهي ڇا؟,auto_ok,genuine reword - needs native-speaker review
v3900,1949,ويجنل ۽ ذاتي صفائي,پيشاب جي رستي جي انفيڪشن,ڇا بار بار پيشاب اچڻ جي احساس کي روڪي رکڻ نقصانڪار آهي؟,پيشاب روڪي رکڻ جسم لاءِ نقصانڪار آهي ڇا؟,auto_ok,genuine reword - needs native-speaker review
v3901,1950,ويجنل ۽ ذاتي صفائي,پيشاب جي رستي جي انفيڪشن,UTI جي علاج ۾ عام طور تي ڪهڙيون اينٽي بايوٽڪس ڏنيون وينديون آهن؟,UTI جي علاج ۾ عام طور ڪهڙيون اينٽي بايوٽڪس ڏنيون ويندو آهن؟,auto_ok,genuine reword - needs native-speaker review
v3902,1950,ويجنل ۽ ذاتي صفائي,پيشاب جي رستي جي انفيڪشن,UTI جي علاج ۾ عام طور تي ڪهڙيون اينٽي بايوٽڪس ڏنيون وينديون آهن؟,urine infection ۾ عام طور ڪهڙيون antibiotics ڏنيون وينديون آهن؟,auto_ok,genuine reword - needs native-speaker review
v3903,1951,ويجنل ۽ ذاتي صفائي,پيشاب جي رستي جي انفيڪشن,ڇا UTI جي علامتون خودبخود ختم ٿي وڃن ٿيون؟,UTI جون علامتون خودبخود ختم ٿي وڃن ٿيون ڇا؟,auto_ok,genuine reword - needs native-speaker review
v3904,1951,ويجنل ۽ ذاتي صفائي,پيشاب جي رستي جي انفيڪشن,ڇا UTI جي علامتون خودبخود ختم ٿي وڃن ٿيون؟,urine infection علاج کان سواءِ پاڻ ئي ٺيڪ ٿي وڃي ٿي ڇا؟,auto_ok,genuine reword - needs native-speaker review
v3905,1952,ويجنل ۽ ذاتي صفائي,پيشاب جي رستي جي انفيڪشن,ڇا بار بار UTI ٿيڻ تي وڌيڪ تحقيق جي ضرورت آهي؟,بار بار UTI ٿيڻ تي وڌيڪ تحقيق ضروري آهي ڇا؟,auto_ok,genuine reword - needs native-speaker review
v3906,1952,ويجنل ۽ ذاتي صفائي,پيشاب جي رستي جي انفيڪشن,ڇا بار بار UTI ٿيڻ تي وڌيڪ تحقيق جي ضرورت آهي؟,urine infection وري وري ٿئي ته اضافي ٽيسٽ ڪرائجن ڇا؟,auto_ok,genuine reword - needs native-speaker review
v3907,1953,ويجنل ۽ ذاتي صفائي,پيشاب جي رستي جي انفيڪشن,ڇا مثاني کي مڪمل طور خالي ڪرڻ UTI کان بچاءُ ۾ مدد ڪري ٿو؟,مثاني کي مڪمل خالي ڪرڻ UTI کان بچاءُ ۾ مدد ڪري ٿو ڇا؟,auto_ok,genuine reword - needs native-speaker review
v3908,1953,ويجنل ۽ ذاتي صفائي,پيشاب جي رستي جي انفيڪشن,ڇا مثاني کي مڪمل طور خالي ڪرڻ UTI کان بچاءُ ۾ مدد ڪري ٿو؟,bladder مڪمل خالي ڪرڻ سان urine infection کان بچاءُ ٿئي ٿو ڇا؟,auto_ok,genuine reword - needs native-speaker review
v3909,1954,ويجنل ۽ ذاتي صفائي,پيشاب جي رستي جي انفيڪشن,ڇا سائيڪلنگ يا گھوڙي سواري UTI جو خطرو وڌائي سگهي ٿي؟,سائيڪلنگ يا گھوڙي سواري UTI جو خطرو وڌائي سگهي ٿي ڇا؟,auto_ok,genuine reword - needs native-speaker review
v3910,1954,ويجنل ۽ ذاتي صفائي,پيشاب جي رستي جي انفيڪشن,ڇا سائيڪلنگ يا گھوڙي سواري UTI جو خطرو وڌائي سگهي ٿي؟,cycling يا گھوڙي تي سفر urine infection پيدا ڪري سگهي ٿو ڇا؟,auto_ok,genuine reword - needs native-speaker review
v3911,1955,ويجنل ۽ ذاتي صفائي,پيشاب جي رستي جي انفيڪشن,ڇا UTI جو علاج پورو ڪورس مڪمل ڪرڻ ضروري آهي؟,UTI جو علاج پورو ڪورس مڪمل ڪرڻ ضروري آهي ڇا؟,auto_ok,genuine reword - needs native-speaker review
v3912,1955,ويجنل ۽ ذاتي صفائي,پيشاب جي رستي جي انفيڪشن,ڇا UTI جو علاج پورو ڪورس مڪمل ڪرڻ ضروري آهي؟,urine infection جي دوا پوري مدت تائين کائڻ ضروري آهي ڇا؟,auto_ok,genuine reword - needs native-speaker review
v3913,1956,ويجنل ۽ ذاتي صفائي,پيشاب جي رستي جي انفيڪشن,ڇا UTI ۾ پيشاب مان بوءِ اچڻ عام آهي؟,UTI ۾ پيشاب مان بوءِ اچڻ عام آهي ڇا؟,auto_ok,genuine reword - needs native-speaker review
v3914,1956,ويجنل ۽ ذاتي صفائي,پيشاب جي رستي جي انفيڪشن,ڇا UTI ۾ پيشاب مان بوءِ اچڻ عام آهي؟,urine infection ۾ پيشاب مان بوءِ ايندي آهي ڇا؟,auto_ok,genuine reword - needs native-speaker review
v3915,1957,ويجنل ۽ ذاتي صفائي,پيشاب جي رستي جي انفيڪشن,ڇا ڪيفين يا اسپائسي کاڌو UTI جي علامتن کي وڌائي سگهي ٿو؟,ڪيفين يا اسپائسي کاڌو UTI جي علامتن کي وڌائي سگهي ٿو ڇا؟,auto_ok,genuine reword - needs native-speaker review
v3916,1957,ويجنل ۽ ذاتي صفائي,پيشاب جي رستي جي انفيڪشن,ڇا ڪيفين يا اسپائسي کاڌو UTI جي علامتن کي وڌائي سگهي ٿو؟,چانهه/ڪافي يا تکو کاڌو urine infection جون نشانيون خراب ڪري سگهن ٿا ڇا؟,auto_ok,genuine reword - needs native-speaker review
v3917,1958,ويجنل ۽ ذاتي صفائي,پيشاب جي رستي جي انفيڪشن,ٻارڙين ۾ UTI جون ڪهڙيون خاص علامتون هجن ٿيون؟,ٻارڙين ۾ UTI جون خاص علامتون ڪهڙيون هونديون آهن؟,auto_ok,genuine reword - needs native-speaker review
v3918,1958,ويجنل ۽ ذاتي صفائي,پيشاب جي رستي جي انفيڪشن,ٻارڙين ۾ UTI جون ڪهڙيون خاص علامتون هجن ٿيون؟,ننڍڙن ٻارن ۾ urine infection جون علامتون ڪهڙيون هونديون آهن؟,auto_ok,genuine reword - needs native-speaker review
v3919,1959,ويجنل ۽ ذاتي صفائي,پيشاب جي رستي جي انفيڪشن,ڇا اڻ علاج ٿيل UTI حمل تي اثر انداز ٿي سگهي ٿو؟,اڻ علاج ٿيل UTI حمل تي اثر انداز ٿي سگهي ٿي ڇا؟,auto_ok,genuine reword - needs native-speaker review
v3920,1959,ويجنل ۽ ذاتي صفائي,پيشاب جي رستي جي انفيڪشن,ڇا اڻ علاج ٿيل UTI حمل تي اثر انداز ٿي سگهي ٿو؟,urine infection جو علاج نه ٿئي ته حمل تي اثر پوي ٿو ڇا؟,auto_ok,genuine reword - needs native-speaker review
v3921,1960,ويجنل ۽ ذاتي صفائي,پيشاب جي رستي جي انفيڪشن,ڇا ذیابيطس وارين عورتن ۾ UTI عام آهي؟,ذیابيطس وارين عورتن ۾ UTI عام آهي ڇا؟,auto_ok,genuine reword - needs native-speaker review
v3922,1960,ويجنل ۽ ذاتي صفائي,پيشاب جي رستي جي انفيڪشن,ڇا ذیابيطس وارين عورتن ۾ UTI عام آهي؟,diabetes واري عورتن کي urine infection زياده ٿيندي آهي ڇا؟,auto_ok,genuine reword - needs native-speaker review
v3923,1961,ويجنل ۽ ذاتي صفائي,پيشاب جي رستي جي انفيڪشن,ڇا وينجن جي ويجهو ٽيلڪم پائوڊر استعمال ڪرڻ UTI جو خطرو وڌائي ٿو؟,وينجن جي ويجهو ٽيلڪم پائوڊر استعمال UTI جو خطرو وڌائي ٿو ڇا؟,auto_ok,genuine reword - needs native-speaker review
v3924,1961,ويجنل ۽ ذاتي صفائي,پيشاب جي رستي جي انفيڪشن,ڇا وينجن جي ويجهو ٽيلڪم پائوڊر استعمال ڪرڻ UTI جو خطرو وڌائي ٿو؟,private حصي وٽ talcum powder سان urine infection جو خطرو وڌي ٿو ڇا؟,auto_ok,genuine reword - needs native-speaker review
v3925,1962,ويجنل ۽ ذاتي صفائي,پيشاب جي رستي جي انفيڪشن,ڇا UTI ۽ خمير انفيڪشن هڪجهڙيون علامتون رکن ٿا؟,UTI ۽ خمير انفيڪشن هڪجهڙيون علامتون رکن ٿا ڇا؟,auto_ok,genuine reword - needs native-speaker review
v3926,1962,ويجنل ۽ ذاتي صفائي,پيشاب جي رستي جي انفيڪشن,ڇا UTI ۽ خمير انفيڪشن هڪجهڙيون علامتون رکن ٿا؟,urine infection ۽ yeast infection جون نشانيون ملندڙ جلندڙ آهن ڇا؟,auto_ok,genuine reword - needs native-speaker review
v3927,1963,ويجنل ۽ ذاتي صفائي,پيشاب جي رستي جي انفيڪشن,ڇا پيشاب ۾ رت اچڻ UTI جي سنگين علامت آهي؟,پيشاب ۾ رت اچڻ UTI جي سنگين علامت آهي ڇا؟,auto_ok,genuine reword - needs native-speaker review
v3928,1963,ويجنل ۽ ذاتي صفائي,پيشاب جي رستي جي انفيڪشن,ڇا پيشاب ۾ رت اچڻ UTI جي سنگين علامت آهي؟,urine ۾ خون اچڻ urine infection جي سخت نشاني آهي ڇا؟,auto_ok,genuine reword - needs native-speaker review
v3929,1964,ويجنل ۽ ذاتي صفائي,پيشاب جي رستي جي انفيڪشن,ڇا وڌيڪ عمر واريون عورتون UTI جي وڌيڪ خطري ۾ هونديون آهن؟,وڏي عمر جون عورتون UTI جي وڌيڪ خطري ۾ هونديون آهن ڇا؟,auto_ok,genuine reword - needs native-speaker review
v3930,1964,ويجنل ۽ ذاتي صفائي,پيشاب جي رستي جي انفيڪشن,ڇا وڌيڪ عمر واريون عورتون UTI جي وڌيڪ خطري ۾ هونديون آهن؟,بزرگ عورتن کي urine infection جو چانس زياده هوندو آهي ڇا؟,auto_ok,genuine reword - needs native-speaker review
v3931,1965,ويجنل ۽ ذاتي صفائي,ڏند ڪٿا جي صحت جي چوڌاري خرافات ۽ ممنوع,افسانه: تندرست رهڻ لاءِ وينجن کي باقاعده اندروني صفائي جي ضرورت آهي. ڇا اهو سچ آهي؟,تندرست رهڻ لاءِ وينجن کي باقاعده اندروني صفائي جي ضرورت آهي، اهو صحيح آهي ڇا؟,auto_ok,genuine reword - needs native-speaker review
v3932,1965,ويجنل ۽ ذاتي صفائي,ڏند ڪٿا جي صحت جي چوڌاري خرافات ۽ ممنوع,افسانه: تندرست رهڻ لاءِ وينجن کي باقاعده اندروني صفائي جي ضرورت آهي. ڇا اهو سچ آهي؟,vagina کي اندران باقاعده صاف ڪرڻ صحت لاءِ ضروري آهي، اهو خيال درست آهي ڇا؟,auto_ok,genuine reword - needs native-speaker review
v3933,1966,ويجنل ۽ ذاتي صفائي,ڏند ڪٿا جي صحت جي چوڌاري خرافات ۽ ممنوع,افسانه: سڀ ويجنل گند جو مطلب آهي ته اتي هڪ انفيڪشن آهي. ڇا اهو سچ آهي؟,سڀ ويجنل بوءِ جو مطلب آهي ته انفيڪشن آهي، اهو صحيح آهي ڇا؟,auto_ok,genuine reword - needs native-speaker review
v3934,1966,ويجنل ۽ ذاتي صفائي,ڏند ڪٿا جي صحت جي چوڌاري خرافات ۽ ممنوع,افسانه: سڀ ويجنل گند جو مطلب آهي ته اتي هڪ انفيڪشن آهي. ڇا اهو سچ آهي؟,هر vaginal smell سڌو infection ٻڌائي ٿي، اهو خيال درست آهي ڇا؟,auto_ok,genuine reword - needs native-speaker review
v3935,1967,ويجنل ۽ ذاتي صفائي,ڏند ڪٿا جي صحت جي چوڌاري خرافات ۽ ممنوع,افسانه: خمير انفيڪشن هميشه جنسي طور تي منتقل ٿيل آهن. ڇا اهو سچ آهي؟,خمير انفيڪشن هميشه جنسي طور منتقل ٿيل آهن، اهو صحيح آهي ڇا؟,auto_ok,genuine reword - needs native-speaker review
v3936,1967,ويجنل ۽ ذاتي صفائي,ڏند ڪٿا جي صحت جي چوڌاري خرافات ۽ ممنوع,افسانه: خمير انفيڪشن هميشه جنسي طور تي منتقل ٿيل آهن. ڇا اهو سچ آهي؟,yeast infection هميشه STI طور منتقل ٿئي ٿي، اهو خيال درست آهي ڇا؟,auto_ok,genuine reword - needs native-speaker review
v3937,1968,ويجنل ۽ ذاتي صفائي,ڏند ڪٿا جي صحت جي چوڌاري خرافات ۽ ممنوع,افسانو: حيض نه اچڻ دوران صفائيءَ لاءِ پيڊ يا ٽيمپون پائڻ مددگار آهي. ڇا اهو سچ آهي؟,ماهواري نه هجڻ دوران صفائي لاءِ پيڊ يا ٽيمپون پائڻ مددگار آهي، اهو صحيح آهي ڇا؟,auto_ok,genuine reword - needs native-speaker review
v3938,1968,ويجنل ۽ ذاتي صفائي,ڏند ڪٿا جي صحت جي چوڌاري خرافات ۽ ممنوع,افسانو: حيض نه اچڻ دوران صفائيءَ لاءِ پيڊ يا ٽيمپون پائڻ مددگار آهي. ڇا اهو سچ آهي؟,period نه هجي پوءِ به پيڊ پائڻ صفائي لاءِ فائديمند آهي، اهو خيال درست آهي ڇا؟,auto_ok,genuine reword - needs native-speaker review
v3939,1969,ويجنل ۽ ذاتي صفائي,ڏند ڪٿا جي صحت جي چوڌاري خرافات ۽ ممنوع,افسانه: صرف جنسي طور تي سرگرم ماڻهو پيشاب جي رستي جي انفيڪشن حاصل ڪن ٿا. ڇا اهو سچ آهي؟,صرف جنسي طور فعال ماڻهو UTI حاصل ڪن ٿا، اهو صحيح آهي ڇا؟,auto_ok,genuine reword - needs native-speaker review
v3940,1969,ويجنل ۽ ذاتي صفائي,ڏند ڪٿا جي صحت جي چوڌاري خرافات ۽ ممنوع,افسانه: صرف جنسي طور تي سرگرم ماڻهو پيشاب جي رستي جي انفيڪشن حاصل ڪن ٿا. ڇا اهو سچ آهي؟,urine infection رڳو sexually active ماڻهن کي ٿئي ٿي، اهو خيال درست آهي ڇا؟,auto_ok,genuine reword - needs native-speaker review
v3941,1970,ويجنل ۽ ذاتي صفائي,ڏند ڪٿا جي صحت جي چوڌاري خرافات ۽ ممنوع,ڇا وينجن جي خارش هميشه انفيڪشن جي نشاني آهي؟,وينجن جي خارش هميشه انفيڪشن جي نشاني آهي، اهو صحيح آهي ڇا؟,auto_ok,genuine reword - needs native-speaker review
v3942,1970,ويجنل ۽ ذاتي صفائي,ڏند ڪٿا جي صحت جي چوڌاري خرافات ۽ ممنوع,ڇا وينجن جي خارش هميشه انفيڪشن جي نشاني آهي؟,vaginal itching هر ڀيري infection ٻڌائي ٿي، اهو خيال درست آهي ڇا؟,auto_ok,genuine reword - needs native-speaker review
v3943,1971,ويجنل ۽ ذاتي صفائي,ڏند ڪٿا جي صحت جي چوڌاري خرافات ۽ ممنوع,ڇا وينجن کي اندران صاف رکڻ لاءِ ڊوچنگ ضروري آهي؟,وينجن کي اندران صاف رکڻ لاءِ ڊوچنگ ضروري آهي، اهو صحيح آهي ڇا؟,auto_ok,genuine reword - needs native-speaker review
v3944,1971,ويجنل ۽ ذاتي صفائي,ڏند ڪٿا جي صحت جي چوڌاري خرافات ۽ ممنوع,ڇا وينجن کي اندران صاف رکڻ لاءِ ڊوچنگ ضروري آهي؟,vagina اندران صاف رکڻ لاءِ douching لازمي آهي، اهو خيال درست آهي ڇا؟,auto_ok,genuine reword - needs native-speaker review
v3945,1972,ويجنل ۽ ذاتي صفائي,ڏند ڪٿا جي صحت جي چوڌاري خرافات ۽ ممنوع,ڇا هائيمن (ڪنوارپڻ جو دار) هميشه جنسي ڀائيواري نه ٿيڻ جو ثبوت آهي؟,هائيمن هميشه جنسي ڀائيواري نه ٿيڻ جو ثبوت آهي، اهو صحيح آهي ڇا؟,auto_ok,genuine reword - needs native-speaker review
v3946,1972,ويجنل ۽ ذاتي صفائي,ڏند ڪٿا جي صحت جي چوڌاري خرافات ۽ ممنوع,ڇا هائيمن (ڪنوارپڻ جو دار) هميشه جنسي ڀائيواري نه ٿيڻ جو ثبوت آهي؟,hymen هجڻ سڌو virginity جو ثبوت آهي، اهو خيال درست آهي ڇا؟,auto_ok,genuine reword - needs native-speaker review
v3947,1973,ويجنل ۽ ذاتي صفائي,ڏند ڪٿا جي صحت جي چوڌاري خرافات ۽ ممنوع,ڇا وينجن کي هميشه خوشبودار رکڻ گهرجي؟,وينجن کي هميشه خوشبودار رکڻ گهرجي، اهو صحيح آهي ڇا؟,auto_ok,genuine reword - needs native-speaker review
v3948,1973,ويجنل ۽ ذاتي صفائي,ڏند ڪٿا جي صحت جي چوڌاري خرافات ۽ ممنوع,ڇا وينجن کي هميشه خوشبودار رکڻ گهرجي؟,vagina کي هميشه مهڪدار رکجي ضروري آهي، اهو خيال درست آهي ڇا؟,auto_ok,genuine reword - needs native-speaker review
v3949,1974,ويجنل ۽ ذاتي صفائي,ڏند ڪٿا جي صحت جي چوڌاري خرافات ۽ ممنوع,ڇا بار بار پيشاب اچڻ هميشه بيماري جي نشاني آهي؟,بار بار پيشاب اچڻ هميشه بيماري جي نشاني آهي، اهو صحيح آهي ڇا؟,auto_ok,genuine reword - needs native-speaker review
v3950,1974,ويجنل ۽ ذاتي صفائي,ڏند ڪٿا جي صحت جي چوڌاري خرافات ۽ ممنوع,ڇا بار بار پيشاب اچڻ هميشه بيماري جي نشاني آهي؟,بار بار urine اچڻ سڌو بيماري ٻڌائي ٿو، اهو خيال درست آهي ڇا؟,auto_ok,genuine reword - needs native-speaker review
v3951,1975,ويجنل ۽ ذاتي صفائي,ڏند ڪٿا جي صحت جي چوڌاري خرافات ۽ ممنوع,افسانه: حيض دوران وار ڌوئڻ نقصانڪار آهي. ڇا اهو سچ آهي؟,حيض دوران وار ڌوئڻ نقصانڪار آهي، اهو صحيح آهي ڇا؟,auto_ok,genuine reword - needs native-speaker review
v3952,1975,ويجنل ۽ ذاتي صفائي,ڏند ڪٿا جي صحت جي چوڌاري خرافات ۽ ممنوع,افسانه: حيض دوران وار ڌوئڻ نقصانڪار آهي. ڇا اهو سچ آهي؟,period ۾ وار ڌوئڻ نقصانڪار آهي، اهو خيال درست آهي ڇا؟,auto_ok,genuine reword - needs native-speaker review
v3953,1976,ويجنل ۽ ذاتي صفائي,ڏند ڪٿا جي صحت جي چوڌاري خرافات ۽ ممنوع,افسانه: حيض دوران عبادت گاهه ۾ نہ وڃڻ صحت جي لحاظ کان ضروري آهي. ڇا اهو سچ آهي؟,حيض دوران عبادت گاهه ۾ نه وڃڻ صحت جي لحاظ کان ضروري آهي، اهو صحيح آهي ڇا؟,auto_ok,genuine reword - needs native-speaker review
v3954,1976,ويجنل ۽ ذاتي صفائي,ڏند ڪٿا جي صحت جي چوڌاري خرافات ۽ ممنوع,افسانه: حيض دوران عبادت گاهه ۾ نہ وڃڻ صحت جي لحاظ کان ضروري آهي. ڇا اهو سچ آهي؟,period ۾ عبادت واري جاءِ کان پري رهڻ صحت جي ڪري ضروري آهي، اهو خيال درست آهي ڇا؟,auto_ok,genuine reword - needs native-speaker review
v3955,1977,ويجنل ۽ ذاتي صفائي,ڏند ڪٿا جي صحت جي چوڌاري خرافات ۽ ممنوع,افسانه: هڪ ڀيرو ٽيمپون استعمال ڪرڻ سان ڪنوارپڻ ختم ٿي وڃي ٿو. ڇا اهو سچ آهي؟,هڪ ڀيرو ٽيمپون استعمال ڪرڻ سان ڪنوارپڻ ختم ٿي وڃي ٿو، اهو صحيح آهي ڇا؟,auto_ok,genuine reword - needs native-speaker review
v3956,1977,ويجنل ۽ ذاتي صفائي,ڏند ڪٿا جي صحت جي چوڌاري خرافات ۽ ممنوع,افسانه: هڪ ڀيرو ٽيمپون استعمال ڪرڻ سان ڪنوارپڻ ختم ٿي وڃي ٿو. ڇا اهو سچ آهي؟,پهريون ٽيمپون استعمال ڪرڻ سان virginity ختم ٿي وڃي ٿي، اهو خيال درست آهي ڇا؟,auto_ok,genuine reword - needs native-speaker review
v3957,1978,ويجنل ۽ ذاتي صفائي,ڏند ڪٿا جي صحت جي چوڌاري خرافات ۽ ممنوع,افسانه: حيض جو رت گندو يا زهريلو آهي. ڇا اهو سچ آهي؟,حيض جو رت گندو يا زهريلو آهي، اهو صحيح آهي ڇا؟,auto_ok,genuine reword - needs native-speaker review
v3958,1978,ويجنل ۽ ذاتي صفائي,ڏند ڪٿا جي صحت جي چوڌاري خرافات ۽ ممنوع,افسانه: حيض جو رت گندو يا زهريلو آهي. ڇا اهو سچ آهي؟,period جو خون ناپاڪ يا زهريلو آهي، اهو خيال درست آهي ڇا؟,auto_ok,genuine reword - needs native-speaker review
v3959,1979,ويجنل ۽ ذاتي صفائي,ڏند ڪٿا جي صحت جي چوڌاري خرافات ۽ ممنوع,افسانه: حيض دوران کاڌو رکو (pickle) بگڙي ويندو آهي جيڪڏهن عورت ان کي هٿ لايو. ڇا اهو سچ آهي؟,حيض دوران اچار کي هٿ لائڻ سان اهو بگڙي ويندو، اهو صحيح آهي ڇا؟,auto_ok,genuine reword - needs native-speaker review
v3960,1979,ويجنل ۽ ذاتي صفائي,ڏند ڪٿا جي صحت جي چوڌاري خرافات ۽ ممنوع,افسانه: حيض دوران کاڌو رکو (pickle) بگڙي ويندو آهي جيڪڏهن عورت ان کي هٿ لايو. ڇا اهو سچ آهي؟,period ۾ pickle کي هٿ لائڻ سان اهو خراب ٿي وڃي ٿو، اهو خيال درست آهي ڇا؟,auto_ok,genuine reword - needs native-speaker review
v3961,1980,ويجنل ۽ ذاتي صفائي,ڏند ڪٿا جي صحت جي چوڌاري خرافات ۽ ممنوع,افسانه: وينجن کي وڌيڪ سخت رکڻ لاءِ خاص مشقون ضروري آهن. ڇا اهو سچ آهي؟,وينجن کي وڌيڪ سخت رکڻ لاءِ خاص مشقون ضروري آهن، اهو صحيح آهي ڇا؟,auto_ok,genuine reword - needs native-speaker review
v3962,1980,ويجنل ۽ ذاتي صفائي,ڏند ڪٿا جي صحت جي چوڌاري خرافات ۽ ممنوع,افسانه: وينجن کي وڌيڪ سخت رکڻ لاءِ خاص مشقون ضروري آهن. ڇا اهو سچ آهي؟,vagina کي tight رکڻ لاءِ خاص exercises لازمي آهن، اهو خيال درست آهي ڇا؟,auto_ok,genuine reword - needs native-speaker review
v3963,1981,ويجنل ۽ ذاتي صفائي,ڏند ڪٿا جي صحت جي چوڌاري خرافات ۽ ممنوع,افسانه: هر ماهواري 28 ڏينهن جي هجڻ گهرجي. ڇا اهو سچ آهي؟,هر ماهواري 28 ڏينهن جي هجڻ گهرجي، اهو صحيح آهي ڇا؟,auto_ok,genuine reword - needs native-speaker review
v3964,1981,ويجنل ۽ ذاتي صفائي,ڏند ڪٿا جي صحت جي چوڌاري خرافات ۽ ممنوع,افسانه: هر ماهواري 28 ڏينهن جي هجڻ گهرجي. ڇا اهو سچ آهي؟,period cycle هميشه 28 ڏينهن جو هجڻ لازمي آهي، اهو خيال درست آهي ڇا؟,auto_ok,genuine reword - needs native-speaker review
v3965,1982,ويجنل ۽ ذاتي صفائي,ڏند ڪٿا جي صحت جي چوڌاري خرافات ۽ ممنوع,افسانه: حيض دوران ٿڌو پاڻي پيئڻ نقصانڪار آهي. ڇا اهو سچ آهي؟,حيض دوران ٿڌو پاڻي پيئڻ نقصانڪار آهي، اهو صحيح آهي ڇا؟,auto_ok,genuine reword - needs native-speaker review
v3966,1982,ويجنل ۽ ذاتي صفائي,ڏند ڪٿا جي صحت جي چوڌاري خرافات ۽ ممنوع,افسانه: حيض دوران ٿڌو پاڻي پيئڻ نقصانڪار آهي. ڇا اهو سچ آهي؟,period ۾ ٿڌو پاڻي پيئڻ خراب آهي، اهو خيال درست آهي ڇا؟,auto_ok,genuine reword - needs native-speaker review
v3967,1983,ويجنل ۽ ذاتي صفائي,ڏند ڪٿا جي صحت جي چوڌاري خرافات ۽ ممنوع,افسانه: عورتون حيض دوران ورزش نه ڪري سگهن. ڇا اهو سچ آهي؟,عورتون حيض دوران ورزش نه ڪري سگهن، اهو صحيح آهي ڇا؟,auto_ok,genuine reword - needs native-speaker review
v3968,1983,ويجنل ۽ ذاتي صفائي,ڏند ڪٿا جي صحت جي چوڌاري خرافات ۽ ممنوع,افسانه: عورتون حيض دوران ورزش نه ڪري سگهن. ڇا اهو سچ آهي؟,period ۾ عورتون کسرت نه ڪري سگهن، اهو خيال درست آهي ڇا؟,auto_ok,genuine reword - needs native-speaker review
v3969,1984,ويجنل ۽ ذاتي صفائي,ڏند ڪٿا جي صحت جي چوڌاري خرافات ۽ ممنوع,افسانه: انفيڪشن هميشه خراب حفظان صحت جي ڪري ٿيندي آهي. ڇا اهو سچ آهي؟,انفيڪشن هميشه خراب حفظانِ صحت جي ڪري ٿيندي آهي، اهو صحيح آهي ڇا؟,auto_ok,genuine reword - needs native-speaker review
v3970,1984,ويجنل ۽ ذاتي صفائي,ڏند ڪٿا جي صحت جي چوڌاري خرافات ۽ ممنوع,افسانه: انفيڪشن هميشه خراب حفظان صحت جي ڪري ٿيندي آهي. ڇا اهو سچ آهي؟,هر infection صرف صفائي نه رکڻ سبب ٿئي ٿي، اهو خيال درست آهي ڇا؟,auto_ok,genuine reword - needs native-speaker review
v3971,1985,ويجنل ۽ ذاتي صفائي,ڏند ڪٿا جي صحت جي چوڌاري خرافات ۽ ممنوع,افسانه: وينجن کي تنگ رکڻ لاءِ خاص شيون استعمال ڪرڻ گهرجن. ڇا اهو سچ آهي؟,وينجن کي تنگ رکڻ لاءِ خاص شيون استعمال ڪجن، اهو صحيح آهي ڇا؟,auto_ok,genuine reword - needs native-speaker review
v3972,1985,ويجنل ۽ ذاتي صفائي,ڏند ڪٿا جي صحت جي چوڌاري خرافات ۽ ممنوع,افسانه: وينجن کي تنگ رکڻ لاءِ خاص شيون استعمال ڪرڻ گهرجن. ڇا اهو سچ آهي؟,vagina کي tight بڻائڻ لاءِ خاص پروڊڪٽس گهربل آهن، اهو خيال درست آهي ڇا؟,auto_ok,genuine reword - needs native-speaker review
v3973,1986,ويجنل ۽ ذاتي صفائي,ڏند ڪٿا جي صحت جي چوڌاري خرافات ۽ ممنوع,افسانه: هڪ ڀيرو زچگي (ڄمڻ) کان پوءِ وينجن هميشه لاءِ ڍري ٿي وڃي ٿي. ڇا اهو سچ آهي؟,هڪ ڀيرو زچگي بعد وينجن هميشه لاءِ ڍري ٿي وڃي ٿي، اهو صحيح آهي ڇا؟,auto_ok,genuine reword - needs native-speaker review
v3974,1986,ويجنل ۽ ذاتي صفائي,ڏند ڪٿا جي صحت جي چوڌاري خرافات ۽ ممنوع,افسانه: هڪ ڀيرو زچگي (ڄمڻ) کان پوءِ وينجن هميشه لاءِ ڍري ٿي وڃي ٿي. ڇا اهو سچ آهي؟,ولادت بعد vagina هميشه loose رهي ٿي، اهو خيال درست آهي ڇا؟,auto_ok,genuine reword - needs native-speaker review
v3975,1987,ويجنل ۽ ذاتي صفائي,ڏند ڪٿا جي صحت جي چوڌاري خرافات ۽ ممنوع,افسانه: حيض دوران وار ڪٽرائڻ نقصانڪار آهي. ڇا اهو سچ آهي؟,حيض دوران وار ڪٽرائڻ نقصانڪار آهي، اهو صحيح آهي ڇا؟,auto_ok,genuine reword - needs native-speaker review
v3976,1987,ويجنل ۽ ذاتي صفائي,ڏند ڪٿا جي صحت جي چوڌاري خرافات ۽ ممنوع,افسانه: حيض دوران وار ڪٽرائڻ نقصانڪار آهي. ڇا اهو سچ آهي؟,period ۾ وار ڪٽرائڻ خراب آهي، اهو خيال درست آهي ڇا؟,auto_ok,genuine reword - needs native-speaker review
v3977,1988,ويجنل ۽ ذاتي صفائي,ڏند ڪٿا جي صحت جي چوڌاري خرافات ۽ ممنوع,افسانه: ٽيمپون استعمال ڪرڻ سان اهو جسم اندر گم ٿي سگهي ٿو. ڇا اهو سچ آهي؟,ٽيمپون استعمال ڪرڻ سان اهو جسم اندر گم ٿي سگهي ٿو، اهو صحيح آهي ڇا؟,auto_ok,genuine reword - needs native-speaker review
v3978,1988,ويجنل ۽ ذاتي صفائي,ڏند ڪٿا جي صحت جي چوڌاري خرافات ۽ ممنوع,افسانه: ٽيمپون استعمال ڪرڻ سان اهو جسم اندر گم ٿي سگهي ٿو. ڇا اهو سچ آهي؟,ٽيمپون بدن اندر گم ٿي وڃي ٿي، اهو خيال درست آهي ڇا؟,auto_ok,genuine reword - needs native-speaker review
v3979,1989,ويجنل ۽ ذاتي صفائي,ڏند ڪٿا جي صحت جي چوڌاري خرافات ۽ ممنوع,افسانه: حيض هڪ بيماري آهي. ڇا اهو سچ آهي؟,حيض هڪ بيماري آهي، اهو صحيح آهي ڇا؟,auto_ok,genuine reword - needs native-speaker review
v3980,1989,ويجنل ۽ ذاتي صفائي,ڏند ڪٿا جي صحت جي چوڌاري خرافات ۽ ممنوع,افسانه: حيض هڪ بيماري آهي. ڇا اهو سچ آهي؟,period کي هڪ بيماري سمجهجي، اهو خيال درست آهي ڇا؟,auto_ok,genuine reword - needs native-speaker review
v3981,1990,ويجنل ۽ ذاتي صفائي,ڏند ڪٿا جي صحت جي چوڌاري خرافات ۽ ممنوع,افسانه: عورتون حيض دوران وينجن ذريعي زهريلا مادا خارج ڪن ٿيون. ڇا اهو سچ آهي؟,عورتون حيض دوران وينجن ذريعي زهريلا مادا خارج ڪن ٿيون، اهو صحيح آهي ڇا؟,auto_ok,genuine reword - needs native-speaker review
v3982,1990,ويجنل ۽ ذاتي صفائي,ڏند ڪٿا جي صحت جي چوڌاري خرافات ۽ ممنوع,افسانه: عورتون حيض دوران وينجن ذريعي زهريلا مادا خارج ڪن ٿيون. ڇا اهو سچ آهي؟,period ۾ vagina ذريعي زهر جهڙا مادا نڪرن ٿا، اهو خيال درست آهي ڇا؟,auto_ok,genuine reword - needs native-speaker review
v3983,1991,ويجنل ۽ ذاتي صفائي,ڏند ڪٿا جي صحت جي چوڌاري خرافات ۽ ممنوع,افسانه: هر عورت جي وينجن جي بوءَ ۽ رنگ هڪجهڙو هجڻ گهرجي. ڇا اهو سچ آهي؟,هر عورت جي وينجن جي بوءِ ۽ رنگ هڪجهڙو هجڻ گهرجي، اهو صحيح آهي ڇا؟,auto_ok,genuine reword - needs native-speaker review
v3984,1991,ويجنل ۽ ذاتي صفائي,ڏند ڪٿا جي صحت جي چوڌاري خرافات ۽ ممنوع,افسانه: هر عورت جي وينجن جي بوءَ ۽ رنگ هڪجهڙو هجڻ گهرجي. ڇا اهو سچ آهي؟,vaginal smell ۽ رنگ سڀني عورتن ۾ هڪجهڙو هجڻ لازمي آهي، اهو خيال درست آهي ڇا؟,auto_ok,genuine reword - needs native-speaker review
v3985,1992,ويجنل ۽ ذاتي صفائي,ڏند ڪٿا جي صحت جي چوڌاري خرافات ۽ ممنوع,افسانه: ٻار ڄمڻ کان پوءِ عورت جنسي لذت محسوس نه ڪري سگهي. ڇا اهو سچ آهي؟,ٻار ڄمڻ بعد عورت جنسي لذت محسوس نه ڪري سگهي، اهو صحيح آهي ڇا؟,auto_ok,genuine reword - needs native-speaker review
v3986,1992,ويجنل ۽ ذاتي صفائي,ڏند ڪٿا جي صحت جي چوڌاري خرافات ۽ ممنوع,افسانه: ٻار ڄمڻ کان پوءِ عورت جنسي لذت محسوس نه ڪري سگهي. ڇا اهو سچ آهي؟,ولادت بعد عورت کي جنسي خوشي محسوس نٿي ٿئي، اهو خيال درست آهي ڇا؟,auto_ok,genuine reword - needs native-speaker review
v3987,1993,ويجنل ۽ ذاتي صفائي,ڏند ڪٿا جي صحت جي چوڌاري خرافات ۽ ممنوع,افسانه: مينوپاز کان پوءِ حفظان صحت جي ضرورت ختم ٿي وڃي ٿي. ڇا اهو سچ آهي؟,مينوپاز بعد حفظانِ صحت جي ضرورت ختم ٿي وڃي ٿي، اهو صحيح آهي ڇا؟,auto_ok,genuine reword - needs native-speaker review
v3988,1993,ويجنل ۽ ذاتي صفائي,ڏند ڪٿا جي صحت جي چوڌاري خرافات ۽ ممنوع,افسانه: مينوپاز کان پوءِ حفظان صحت جي ضرورت ختم ٿي وڃي ٿي. ڇا اهو سچ آهي؟,menopause بعد hygiene جي ضرورت نٿي رهي، اهو خيال درست آهي ڇا؟,auto_ok,genuine reword - needs native-speaker review
v3989,1994,ويجنل ۽ ذاتي صفائي,ڏند ڪٿا جي صحت جي چوڌاري خرافات ۽ ممنوع,افسانه: بار بار پيشاب اچڻ هميشه گھڻو پاڻي پيئڻ جي ڪري ٿيندو آهي. ڇا اهو سچ آهي؟,بار بار پيشاب اچڻ هميشه گھڻو پاڻي پيئڻ سبب ٿيندو آهي، اهو صحيح آهي ڇا؟,auto_ok,genuine reword - needs native-speaker review
v3990,1994,ويجنل ۽ ذاتي صفائي,ڏند ڪٿا جي صحت جي چوڌاري خرافات ۽ ممنوع,افسانه: بار بار پيشاب اچڻ هميشه گھڻو پاڻي پيئڻ جي ڪري ٿيندو آهي. ڇا اهو سچ آهي؟,بار بار urine اچڻ رڳو زياده پاڻي پيئڻ ڪري ٿئي ٿو، اهو خيال درست آهي ڇا؟,auto_ok,genuine reword - needs native-speaker review
v3991,1995,ويجنل ۽ ذاتي صفائي,ڏند ڪٿا جي صحت جي چوڌاري خرافات ۽ ممنوع,افسانه: صرف شادي شده عورتن کي وينجن انفيڪشن ٿي سگهي ٿو. ڇا اهو سچ آهي؟,صرف شادي شده عورتن کي وينجن انفيڪشن ٿي سگهي ٿو، اهو صحيح آهي ڇا؟,auto_ok,genuine reword - needs native-speaker review
v3992,1995,ويجنل ۽ ذاتي صفائي,ڏند ڪٿا جي صحت جي چوڌاري خرافات ۽ ممنوع,افسانه: صرف شادي شده عورتن کي وينجن انفيڪشن ٿي سگهي ٿو. ڇا اهو سچ آهي؟,vaginal infection رڳو شادي شده عورتن کي ٿي سگهي ٿي، اهو خيال درست آهي ڇا؟,auto_ok,genuine reword - needs native-speaker review
v3993,1996,ويجنل ۽ ذاتي صفائي,ڏند ڪٿا جي صحت جي چوڌاري خرافات ۽ ممنوع,افسانه: انڊرويئر پائڻ کان سواءِ سمهڻ نقصانڪار آهي. ڇا اهو سچ آهي؟,انڊرويئر پائڻ کان سواءِ سمهڻ نقصانڪار آهي، اهو صحيح آهي ڇا؟,auto_ok,genuine reword - needs native-speaker review
v3994,1996,ويجنل ۽ ذاتي صفائي,ڏند ڪٿا جي صحت جي چوڌاري خرافات ۽ ممنوع,افسانه: انڊرويئر پائڻ کان سواءِ سمهڻ نقصانڪار آهي. ڇا اهو سچ آهي؟,underwear کان سواءِ سمهڻ نقصان ڏئي ٿو، اهو خيال درست آهي ڇا؟,auto_ok,genuine reword - needs native-speaker review
v3995,1997,ويجنل ۽ ذاتي صفائي,ڏند ڪٿا جي صحت جي چوڌاري خرافات ۽ ممنوع,افسانه: خمير انفيڪشن رڳو گرم موسم ۾ ٿيندو آهي. ڇا اهو سچ آهي؟,خمير انفيڪشن رڳو گرم موسم ۾ ٿيندو آهي، اهو صحيح آهي ڇا؟,auto_ok,genuine reword - needs native-speaker review
v3996,1997,ويجنل ۽ ذاتي صفائي,ڏند ڪٿا جي صحت جي چوڌاري خرافات ۽ ممنوع,افسانه: خمير انفيڪشن رڳو گرم موسم ۾ ٿيندو آهي. ڇا اهو سچ آهي؟,yeast infection صرف گرمي واري موسم ۾ ٿئي ٿي، اهو خيال درست آهي ڇا؟,auto_ok,genuine reword - needs native-speaker review
v3997,1998,ويجنل ۽ ذاتي صفائي,ڏند ڪٿا جي صحت جي چوڌاري خرافات ۽ ممنوع,افسانه: هر بدبو خراب حفظان صحت جي نشاني آهي. ڇا اهو سچ آهي؟,هر بوءِ خراب حفظانِ صحت جي نشاني آهي، اهو صحيح آهي ڇا؟,auto_ok,genuine reword - needs native-speaker review
v3998,1998,ويجنل ۽ ذاتي صفائي,ڏند ڪٿا جي صحت جي چوڌاري خرافات ۽ ممنوع,افسانه: هر بدبو خراب حفظان صحت جي نشاني آهي. ڇا اهو سچ آهي؟,هر smell سڌو hygiene جي کوٽ ٻڌائي ٿي، اهو خيال درست آهي ڇا؟,auto_ok,genuine reword - needs native-speaker review
v3999,1999,ويجنل ۽ ذاتي صفائي,ڏند ڪٿا جي صحت جي چوڌاري خرافات ۽ ممنوع,افسانه: حيض دوران نہاڻ نقصانڪار آهي. ڇا اهو سچ آهي؟,حيض دوران نہاڻ نقصانڪار آهي، اهو صحيح آهي ڇا؟,auto_ok,genuine reword - needs native-speaker review
v4000,1999,ويجنل ۽ ذاتي صفائي,ڏند ڪٿا جي صحت جي چوڌاري خرافات ۽ ممنوع,افسانه: حيض دوران نہاڻ نقصانڪار آهي. ڇا اهو سچ آهي؟,period ۾ غسل ڪرڻ خراب آهي، اهو خيال درست آهي ڇا؟,auto_ok,genuine reword - needs native-speaker review
