id,category,sub_category,question,answer,source
1,Pregnancy & Maternal Health,Confirming & early pregnancy,What is usually the first sign of pregnancy?,"For most women the first sign is a missed period. Feeling tired, feeling sick, or sore breasts can also come early. The only way to be sure is a pregnancy test or a visit to a health worker.",https://www.who.int/news/item/07-11-2016-new-guidelines-on-antenatal-care-for-a-positive-pregnancy-experience
2,Pregnancy & Maternal Health,Confirming & early pregnancy,My period is late. Could I be pregnant?,"A late period can mean pregnancy, but it can also happen from stress, illness, weight change or other reasons. If there is any chance you are pregnant, take a test or ask a lady health worker. Do not wait a long time to check.",https://www.who.int/news/item/07-11-2016-new-guidelines-on-antenatal-care-for-a-positive-pregnancy-experience
3,Pregnancy & Maternal Health,Confirming & early pregnancy,How can I find out if I am pregnant?,"A simple urine test can tell you, and it is available at most health centres. A health worker can also confirm it for you. If the test is unclear, go to a health centre.",https://www.who.int/news/item/07-11-2016-new-guidelines-on-antenatal-care-for-a-positive-pregnancy-experience
4,Pregnancy & Maternal Health,Confirming & early pregnancy,How long does a pregnancy normally last?,"A full pregnancy is about forty weeks, counted from the first day of your last period. Babies born before thirty-seven weeks are called preterm and need extra care. Your health worker can tell you your expected date.",https://www.who.int/news-room/fact-sheets/detail/preterm-birth
5,Pregnancy & Maternal Health,Confirming & early pregnancy,When should I go for my first check-up after I find out I am pregnant?,"Go for your first check-up as early as you can, within the first twelve weeks of pregnancy. Early check-ups help find problems before they become serious. Do not wait until you feel unwell.",https://www.who.int/news/item/07-11-2016-new-guidelines-on-antenatal-care-for-a-positive-pregnancy-experience
6,Pregnancy & Maternal Health,Confirming & early pregnancy,How many check-ups should I have during my whole pregnancy?,"It is recommended to have at least eight check-ups during pregnancy. These are spread across the whole pregnancy, starting before twelve weeks. Going for all of them lowers the risk of losing the baby.",https://www.who.int/news/item/07-11-2016-new-guidelines-on-antenatal-care-for-a-positive-pregnancy-experience
7,Pregnancy & Maternal Health,Confirming & early pregnancy,Can I become pregnant while I am still breastfeeding?,"Yes, it is possible to become pregnant while breastfeeding, even if your periods have not come back. Breastfeeding helps space births but is not a certain way to avoid pregnancy. Ask a health worker about spacing your children.",https://www.who.int/news-room/fact-sheets/detail/infant-and-young-child-feeding
8,Pregnancy & Maternal Health,Confirming & early pregnancy,I feel sick and vomit in the morning. Is that normal in early pregnancy?,"Feeling sick and vomiting is common in early pregnancy and usually settles as the pregnancy goes on. Try small meals more often instead of large ones. If you cannot keep any food or water down, go to a health centre.",https://www.who.int/news/item/07-11-2016-new-guidelines-on-antenatal-care-for-a-positive-pregnancy-experience
9,Pregnancy & Maternal Health,Confirming & early pregnancy,Is it normal to feel very tired in early pregnancy?,"Yes, many women feel very tired in the early months. Rest when you can and eat well. But if the tiredness comes with dizziness, breathlessness or a very pale look, tell a health worker, because it may be low blood.",https://www.who.int/news-room/fact-sheets/detail/anaemia
10,Pregnancy & Maternal Health,Confirming & early pregnancy,Do my breasts change in early pregnancy?,"Yes, breasts often feel fuller or sore in early pregnancy. This is a normal change and it settles with time. If you notice a lump, redness or a hard painful area, show it to a health worker.",https://www.who.int/news/item/07-11-2016-new-guidelines-on-antenatal-care-for-a-positive-pregnancy-experience
11,Pregnancy & Maternal Health,Confirming & early pregnancy,Why do I need to pass urine more often now that I am pregnant?,"Passing urine more often is common in pregnancy and is usually nothing to worry about. But if it burns, or you have fever or pain in your back, go to a health centre, as this may be an infection that needs treatment.",https://www.who.int/news/item/07-11-2016-new-guidelines-on-antenatal-care-for-a-positive-pregnancy-experience
12,Pregnancy & Maternal Health,Confirming & early pregnancy,Should I start taking anything as soon as I know I am pregnant?,"Yes, health workers give iron and folic acid tablets to women in pregnancy. They help prevent low blood in the mother and problems for the baby. Take only what the health worker gives you, in the amount they tell you.",https://www.who.int/news/item/07-11-2016-new-guidelines-on-antenatal-care-for-a-positive-pregnancy-experience
13,Pregnancy & Maternal Health,Confirming & early pregnancy,What is folic acid and why is it given in pregnancy?,Folic acid is a vitamin given together with iron during pregnancy. It helps the baby grow properly and helps prevent low blood in the mother. Your health worker will give it to you at your check-ups.,https://www.who.int/news/item/07-11-2016-new-guidelines-on-antenatal-care-for-a-positive-pregnancy-experience
14,Pregnancy & Maternal Health,Confirming & early pregnancy,I have some bleeding in early pregnancy. What should I do?,"Any bleeding during pregnancy is a sign that should not be ignored. Please go to the nearest health centre or hospital now, and take someone with you. Do not wait to see if it stops.",https://www.who.int/news-room/fact-sheets/detail/maternal-mortality
15,Pregnancy & Maternal Health,Confirming & early pregnancy,How do I know how many weeks pregnant I am?,"Weeks are counted from the first day of your last period. If you are not sure of that date, a scan can tell you. Your health worker will work it out with you at your first check-up.",https://www.who.int/news/item/07-11-2016-new-guidelines-on-antenatal-care-for-a-positive-pregnancy-experience
16,Pregnancy & Maternal Health,Confirming & early pregnancy,Do I need a scan during pregnancy?,"Yes, one scan before twenty-four weeks is recommended. It shows how many weeks pregnant you are, whether there is more than one baby, and whether the baby is growing well. Ask your health worker where you can get one.",https://www.who.int/news/item/07-11-2016-new-guidelines-on-antenatal-care-for-a-positive-pregnancy-experience
17,Pregnancy & Maternal Health,Confirming & early pregnancy,Should I tell the health worker about medicines I am already taking?,"Yes, always tell the health worker about any medicine you are taking, including ones from a shop or a hakeem. Some are not safe in pregnancy. Never start or stop a medicine on your own while pregnant.",https://www.who.int/news/item/07-11-2016-new-guidelines-on-antenatal-care-for-a-positive-pregnancy-experience
18,Pregnancy & Maternal Health,Confirming & early pregnancy,"Should I stop using tobacco, naswar or paan now that I am pregnant?",Yes. Health workers advise women to avoid tobacco and other harmful substances during pregnancy. Stopping helps your baby grow better and lowers the chance of an early birth. Ask a health worker if you need help stopping.,https://www.who.int/news/item/07-11-2016-new-guidelines-on-antenatal-care-for-a-positive-pregnancy-experience
19,Pregnancy & Maternal Health,Confirming & early pregnancy,Is it safe to keep doing my housework and daily work while pregnant?,"Normal daily activity is usually fine and is even encouraged in pregnancy. Avoid lifting very heavy loads and rest when you feel tired. If any activity causes pain or bleeding, stop and see a health worker.",https://www.who.int/news/item/07-11-2016-new-guidelines-on-antenatal-care-for-a-positive-pregnancy-experience
20,Pregnancy & Maternal Health,Confirming & early pregnancy,When will I start to feel the baby move?,"Most women start to feel movement in the middle months of pregnancy. Once you feel regular movement, take notice of it each day. If the movements become much less or stop, go to a health centre immediately.",https://www.who.int/news-room/fact-sheets/detail/maternal-mortality
21,Pregnancy & Maternal Health,Confirming & early pregnancy,Why does the health worker check my blood pressure at every visit?,"High blood pressure in pregnancy can be dangerous for you and the baby, and often has no symptoms at first. Checking it at every visit catches it early. This is one of the main reasons check-ups matter.",https://www.who.int/news-room/fact-sheets/detail/pre-eclampsia
22,Pregnancy & Maternal Health,Confirming & early pregnancy,What is anaemia and why does it matter in pregnancy?,"Anaemia means there is not enough strength in the blood to carry oxygen around the body. In pregnancy it raises the risk of early birth, a small baby, and danger to the mother. Iron tablets and iron-rich food help prevent it.",https://www.who.int/news-room/fact-sheets/detail/anaemia
23,Pregnancy & Maternal Health,Confirming & early pregnancy,Can I be pregnant even if the test says no?,"A test taken very early can sometimes show no when you are actually pregnant. If your period still does not come, take another test after some days or visit a health centre. A health worker can confirm it properly.",https://www.who.int/news/item/07-11-2016-new-guidelines-on-antenatal-care-for-a-positive-pregnancy-experience
24,Pregnancy & Maternal Health,Confirming & early pregnancy,Is it normal to feel worried or unsure when I first learn I am pregnant?,"Yes, many women feel a mix of happiness and worry, and that is normal. Talking to someone you trust helps. If the worry is heavy and does not lift, tell a health worker, because support is available.",https://www.who.int/news/item/30-03-2022-who-urges-quality-care-for-women-and-newborns-in-critical-first-weeks-after-childbirth
25,Pregnancy & Maternal Health,Confirming & early pregnancy,Does the health worker need to know if I have had problems in an earlier pregnancy?,"Yes, always tell them about any earlier loss, early birth, heavy bleeding or difficult delivery. This helps them plan safer care for you this time. Nothing you say will be used to judge you.",https://www.who.int/news/item/07-11-2016-new-guidelines-on-antenatal-care-for-a-positive-pregnancy-experience
26,Pregnancy & Maternal Health,Trimester-by-trimester care,What are the three stages of pregnancy?,"Pregnancy is divided into three parts of about three months each. The early months, the middle months, and the last months before birth. Each part brings different changes and different check-ups.",https://www.who.int/news/item/07-11-2016-new-guidelines-on-antenatal-care-for-a-positive-pregnancy-experience
27,Pregnancy & Maternal Health,Trimester-by-trimester care,What should I expect in the first three months of pregnancy?,"In the early months you may feel sick, very tired, and need to pass urine often. The baby is very small but growing quickly. Start your check-ups and your iron and folic acid tablets in this time.",https://www.who.int/news/item/07-11-2016-new-guidelines-on-antenatal-care-for-a-positive-pregnancy-experience
28,Pregnancy & Maternal Health,Trimester-by-trimester care,What should I expect in the middle months of pregnancy?,Many women feel better in the middle months and the sickness settles. Your stomach grows and you begin to feel the baby move. This is also when a scan is usually done.,https://www.who.int/news/item/07-11-2016-new-guidelines-on-antenatal-care-for-a-positive-pregnancy-experience
29,Pregnancy & Maternal Health,Trimester-by-trimester care,What should I expect in the last months of pregnancy?,"In the last months the baby grows fast and you may feel heavy, short of breath, or have back pain. Check-ups become more frequent. This is the time to prepare for a safe delivery at a health facility.",https://www.who.int/news/item/07-11-2016-new-guidelines-on-antenatal-care-for-a-positive-pregnancy-experience
30,Pregnancy & Maternal Health,Trimester-by-trimester care,When are my check-ups supposed to happen?,"The first should be before twelve weeks, then around twenty weeks, and then more often as the pregnancy goes on, with the last ones close to your due date. In total at least eight visits are advised. Your health worker will give you the dates.",https://www.who.int/news/item/07-11-2016-new-guidelines-on-antenatal-care-for-a-positive-pregnancy-experience
31,Pregnancy & Maternal Health,Trimester-by-trimester care,Why do check-ups become more frequent near the end?,Problems such as high blood pressure and poor baby growth are more likely to appear late in pregnancy. More frequent checks find them early. It also helps plan where and how you will deliver.,https://www.who.int/news-room/fact-sheets/detail/pre-eclampsia
32,Pregnancy & Maternal Health,Trimester-by-trimester care,Is it normal for my stomach to feel tight sometimes in the later months?,"Occasional tightening is common as the body prepares for birth. It usually passes and is not painful. But if the tightening becomes regular, painful, or comes with bleeding or water leaking, go to a health centre.",https://www.who.int/news/item/07-11-2016-new-guidelines-on-antenatal-care-for-a-positive-pregnancy-experience
33,Pregnancy & Maternal Health,Trimester-by-trimester care,How much weight should I gain in pregnancy?,Some weight gain is normal and expected because the baby is growing. There is no single right number for every woman. Your health worker will check at each visit whether you and the baby are growing well.,https://www.who.int/news/item/07-11-2016-new-guidelines-on-antenatal-care-for-a-positive-pregnancy-experience
34,Pregnancy & Maternal Health,Trimester-by-trimester care,Is it normal to feel short of breath in late pregnancy?,"Mild breathlessness is common late in pregnancy because the growing baby presses upward. It usually eases when you rest or sit up. But sudden or severe difficulty breathing is a danger sign, so go to a health centre at once.",https://www.who.int/news-room/fact-sheets/detail/maternal-mortality
35,Pregnancy & Maternal Health,Trimester-by-trimester care,Is it safe to sleep on my back in late pregnancy?,"Many women find lying on their side more comfortable in the later months. Use pillows to support yourself however you sleep best. If you wake feeling breathless or dizzy, mention it at your next check-up.",https://www.who.int/news/item/07-11-2016-new-guidelines-on-antenatal-care-for-a-positive-pregnancy-experience
36,Pregnancy & Maternal Health,Trimester-by-trimester care,How often should I feel the baby moving?,"Once movements start, you should feel them regularly each day. Get to know your baby's usual pattern. If movements become much less or stop, go to a health centre immediately without waiting.",https://www.who.int/news-room/fact-sheets/detail/maternal-mortality
37,Pregnancy & Maternal Health,Trimester-by-trimester care,What does it mean if the baby is lying the wrong way?,"Babies move position during pregnancy and many turn on their own before birth. Your health worker will check the position at your later visits. If it has not turned near the end, they will advise you where it is safest to deliver.",https://www.who.int/news/item/07-11-2016-new-guidelines-on-antenatal-care-for-a-positive-pregnancy-experience
38,Pregnancy & Maternal Health,Trimester-by-trimester care,Is it normal to have swelling in my feet in late pregnancy?,"Mild swelling in the feet and ankles at the end of the day is common. Rest with your feet raised. But swelling of the hands and face, especially with headache or blurred vision, is a danger sign that needs urgent care.",https://www.who.int/news-room/fact-sheets/detail/pre-eclampsia
39,Pregnancy & Maternal Health,Trimester-by-trimester care,When should I start preparing for the delivery?,"Start planning in the last months. Decide where you will deliver, how you will get there, who will go with you, and keep some money aside. Having a plan saves time if labour starts suddenly.",https://www.who.int/news-room/fact-sheets/detail/maternal-mortality
40,Pregnancy & Maternal Health,Trimester-by-trimester care,What is a birth plan and do I need one?,"A birth plan is simply deciding in advance where you will give birth, how you will travel there, and who will help you. It means less confusion when labour starts. Your health worker can help you make one.",https://www.who.int/news-room/fact-sheets/detail/maternal-mortality
41,Pregnancy & Maternal Health,Trimester-by-trimester care,What if I go past my expected date of delivery?,Some babies come a little after the expected date. Keep going for your check-ups so the health worker can watch you and the baby. They will advise you if anything needs to be done.,https://www.who.int/news/item/07-11-2016-new-guidelines-on-antenatal-care-for-a-positive-pregnancy-experience
42,Pregnancy & Maternal Health,Trimester-by-trimester care,What does preterm birth mean?,Preterm means the baby is born before thirty-seven weeks of pregnancy are completed. These babies are smaller and need extra care and warmth. Going for regular check-ups helps lower the chance of an early birth.,https://www.who.int/news-room/fact-sheets/detail/preterm-birth
43,Pregnancy & Maternal Health,Trimester-by-trimester care,What raises the chance of the baby coming early?,"Carrying more than one baby, infections, high blood pressure and diabetes can all raise the chance. Often no cause is found at all. Regular check-ups help find and treat these problems in time.",https://www.who.int/news-room/fact-sheets/detail/preterm-birth
44,Pregnancy & Maternal Health,Trimester-by-trimester care,Is it safe to travel while pregnant?,"Short, normal travel is usually fine in a healthy pregnancy. Avoid long, rough journeys near your due date, and never travel far from care if you have had problems. Ask your health worker before any long journey.",https://www.who.int/news/item/07-11-2016-new-guidelines-on-antenatal-care-for-a-positive-pregnancy-experience
45,Pregnancy & Maternal Health,Trimester-by-trimester care,Should I keep doing my check-ups even if I feel completely well?,"Yes. Some serious problems, like high blood pressure, give no warning signs at first. Check-ups find them while they can still be treated easily. Feeling well is not proof that all is well.",https://www.who.int/news-room/fact-sheets/detail/pre-eclampsia
46,Pregnancy & Maternal Health,Trimester-by-trimester care,Can I carry my older child while I am pregnant?,"Light carrying is usually fine, but avoid lifting heavy weights, especially in the later months. Ask family to help with the heavier work. If lifting causes pain or bleeding, stop and see a health worker.",https://www.who.int/news/item/07-11-2016-new-guidelines-on-antenatal-care-for-a-positive-pregnancy-experience
47,Pregnancy & Maternal Health,Trimester-by-trimester care,Is it normal to have trouble sleeping in late pregnancy?,"Yes, sleep often becomes difficult in the last months because of the size of the baby and needing to pass urine. Rest in the day when you can. Mention it at your check-up if it is troubling you a lot.",https://www.who.int/news/item/07-11-2016-new-guidelines-on-antenatal-care-for-a-positive-pregnancy-experience
48,Pregnancy & Maternal Health,Trimester-by-trimester care,Do I need to do anything different if I am carrying twins?,"Yes, carrying more than one baby needs closer watching, because the babies are more likely to come early. You will need more check-ups. Plan to deliver at a facility that can care for more than one baby.",https://www.who.int/news-room/fact-sheets/detail/preterm-birth
49,Pregnancy & Maternal Health,Trimester-by-trimester care,Why is the health worker measuring my stomach at each visit?,"Measuring shows whether the baby is growing at the expected rate. If the growth seems slow or too fast, they can look into it. It is a simple, painless check.",https://www.who.int/news/item/07-11-2016-new-guidelines-on-antenatal-care-for-a-positive-pregnancy-experience
50,Pregnancy & Maternal Health,Trimester-by-trimester care,When should I stop heavy field or farm work?,"Continue only as long as it feels comfortable, and stop heavy lifting and long hours in the later months. Rest and water are important. If work brings on pain, bleeding or tightening, stop and go to a health centre.",https://www.who.int/news/item/07-11-2016-new-guidelines-on-antenatal-care-for-a-positive-pregnancy-experience
51,Pregnancy & Maternal Health,Antenatal visits & tests,What is an antenatal check-up?,"It is a visit to a health worker during pregnancy to check that you and the baby are well. They check your blood pressure, your blood, and the baby's growth. It is the main way to catch problems early.",https://www.who.int/news/item/07-11-2016-new-guidelines-on-antenatal-care-for-a-positive-pregnancy-experience
52,Pregnancy & Maternal Health,Antenatal visits & tests,How many antenatal visits does a pregnant woman need?,"At least eight visits are recommended across the pregnancy. This is more than the four that used to be advised, because more visits mean fewer babies lost. Start the first one before twelve weeks.",https://www.who.int/news/item/07-11-2016-new-guidelines-on-antenatal-care-for-a-positive-pregnancy-experience
53,Pregnancy & Maternal Health,Antenatal visits & tests,When should the first antenatal visit be?,"Within the first twelve weeks of pregnancy, as early as you can manage. Early visits allow iron tablets to be started and problems to be found in time. Do not wait for symptoms.",https://www.who.int/news/item/07-11-2016-new-guidelines-on-antenatal-care-for-a-positive-pregnancy-experience
54,Pregnancy & Maternal Health,Antenatal visits & tests,Does going for more check-ups really make a difference?,Yes. Having eight or more visits instead of four lowers the number of babies who die around the time of birth. Each visit is a chance to find a problem early. It is worth the journey.,https://www.who.int/news/item/07-11-2016-new-guidelines-on-antenatal-care-for-a-positive-pregnancy-experience
55,Pregnancy & Maternal Health,Antenatal visits & tests,What happens at an antenatal visit?,"The health worker checks your blood pressure, weight and the size of your stomach, listens to the baby, and asks how you feel. They may take blood or urine. They also give you iron and folic acid tablets.",https://www.who.int/news/item/07-11-2016-new-guidelines-on-antenatal-care-for-a-positive-pregnancy-experience
56,Pregnancy & Maternal Health,Antenatal visits & tests,Why is my blood pressure checked every time?,Because high blood pressure in pregnancy can become dangerous and often gives no warning signs at first. Catching it early allows treatment before it harms you or the baby. It takes only a moment to check.,https://www.who.int/news-room/fact-sheets/detail/pre-eclampsia
57,Pregnancy & Maternal Health,Antenatal visits & tests,Why is my urine tested in pregnancy?,"Urine is checked for signs of infection and for protein, which can be an early sign of a blood pressure problem. Both are easier to treat when found early. It is a simple test.",https://www.who.int/news-room/fact-sheets/detail/pre-eclampsia
58,Pregnancy & Maternal Health,Antenatal visits & tests,Why is my blood tested in pregnancy?,"Blood tests show whether you have low blood, which is common in pregnancy and can be treated. They also check for infections that could affect the baby. Ask the health worker to explain your results.",https://www.who.int/news-room/fact-sheets/detail/anaemia
59,Pregnancy & Maternal Health,Antenatal visits & tests,When should I have a scan during pregnancy?,"One scan before twenty-four weeks is recommended. It confirms how many weeks pregnant you are, shows whether there is more than one baby, and checks the baby's growth. Ask where the nearest one is available.",https://www.who.int/news/item/07-11-2016-new-guidelines-on-antenatal-care-for-a-positive-pregnancy-experience
60,Pregnancy & Maternal Health,Antenatal visits & tests,Is a scan safe for the baby?,"Yes, a pregnancy scan is a routine and safe part of antenatal care. It uses sound, not an injection or medicine. It gives the health worker important information about the baby.",https://www.who.int/news/item/07-11-2016-new-guidelines-on-antenatal-care-for-a-positive-pregnancy-experience
61,Pregnancy & Maternal Health,Antenatal visits & tests,Can I have a scan later than twenty-four weeks if I could not go earlier?,"Yes, a later scan is still useful, but the earlier one gives better information about dates. Go as soon as you are able. Do not skip it because you missed the ideal time.",https://www.who.int/news/item/07-11-2016-new-guidelines-on-antenatal-care-for-a-positive-pregnancy-experience
62,Pregnancy & Maternal Health,Antenatal visits & tests,Do I need to go for check-ups if this is not my first baby?,"Yes. Every pregnancy is different, and problems can appear even if earlier pregnancies were easy. The same eight visits are advised. Tell the health worker about your earlier pregnancies too.",https://www.who.int/news/item/07-11-2016-new-guidelines-on-antenatal-care-for-a-positive-pregnancy-experience
63,Pregnancy & Maternal Health,Antenatal visits & tests,What should I take with me to my check-up?,"Take any card or record from earlier visits, a list of any medicines you take, and someone with you if you can. Write down anything you want to ask. Keep your card safe as it holds your history.",https://www.who.int/news/item/07-11-2016-new-guidelines-on-antenatal-care-for-a-positive-pregnancy-experience
64,Pregnancy & Maternal Health,Antenatal visits & tests,What should I tell the health worker at my check-up?,"Tell them about any bleeding, pain, fever, headache, swelling, or change in the baby's movement. Also tell them about earlier pregnancy problems and any medicine you take. Nothing is too small to mention.",https://www.who.int/news-room/fact-sheets/detail/maternal-mortality
65,Pregnancy & Maternal Health,Antenatal visits & tests,Can I ask questions at my check-up?,"Yes, you have every right to ask. Ask about anything you do not understand, including your test results and where you should deliver. A good health worker will explain in words you understand.",https://www.who.int/news/item/07-11-2016-new-guidelines-on-antenatal-care-for-a-positive-pregnancy-experience
66,Pregnancy & Maternal Health,Antenatal visits & tests,What if the health centre is far from my village?,"Try to plan the journey in advance and go with someone. Ask whether a lady health worker visits your area, as some checks can be done closer to home. Missing all visits carries a real risk, so go when you can.",https://www.who.int/news-room/fact-sheets/detail/maternal-mortality
67,Pregnancy & Maternal Health,Antenatal visits & tests,Can a lady health worker do my check-ups instead of a doctor?,A trained lady health worker can do many parts of a check-up and knows when to send you to a health centre. Use her as your first contact. She can also help arrange the visits you need at a facility.,https://www.who.int/news-room/fact-sheets/detail/maternal-mortality
68,Pregnancy & Maternal Health,Antenatal visits & tests,What is the card the health worker gives me for?,"It is the record of your pregnancy, showing your visits, tests and results. Take it to every visit and to your delivery. It helps whoever cares for you know your history.",https://www.who.int/news/item/07-11-2016-new-guidelines-on-antenatal-care-for-a-positive-pregnancy-experience
69,Pregnancy & Maternal Health,Antenatal visits & tests,What should I do if I missed a check-up?,Go as soon as you can rather than waiting for the next planned date. Tell them which visit you missed. It is always better to go late than not at all.,https://www.who.int/news/item/07-11-2016-new-guidelines-on-antenatal-care-for-a-positive-pregnancy-experience
70,Pregnancy & Maternal Health,Antenatal visits & tests,Will I be counselled about food and activity at my visits?,"Yes, health workers advise pregnant women on healthy food, on staying active, and on avoiding tobacco and other harmful substances. They also help with common problems like sickness and back pain. Ask if they do not raise it.",https://www.who.int/news/item/07-11-2016-new-guidelines-on-antenatal-care-for-a-positive-pregnancy-experience
71,Pregnancy & Maternal Health,Antenatal visits & tests,Will they ask me about tobacco or other substances?,"Yes, this is asked at visits so that you can be supported to stop. It is asked to help you, not to shame you. Answering honestly gives you and the baby the best care.",https://www.who.int/news/item/07-11-2016-new-guidelines-on-antenatal-care-for-a-positive-pregnancy-experience
72,Pregnancy & Maternal Health,Antenatal visits & tests,"Will anyone ask about how I am feeling in my mind, not just my body?","Yes, your mood and worries are a normal part of care. Tell the health worker if you feel low, very anxious, or unable to cope. Support is available and it is not something to hide.",https://www.who.int/news/item/30-03-2022-who-urges-quality-care-for-women-and-newborns-in-critical-first-weeks-after-childbirth
73,Pregnancy & Maternal Health,Antenatal visits & tests,What does it mean if my blood test shows low blood?,"It means your blood is not carrying oxygen as well as it should, which is common in pregnancy. It is treated with iron tablets and iron-rich food. Follow the health worker's advice and go back for a repeat check.",https://www.who.int/news-room/fact-sheets/detail/anaemia
74,Pregnancy & Maternal Health,Antenatal visits & tests,What does protein in my urine mean?,"It can be an early sign of a blood pressure problem in pregnancy that needs watching. It does not always mean something serious, but it must be followed up. Go back for the checks the health worker asks for.",https://www.who.int/news-room/fact-sheets/detail/pre-eclampsia
75,Pregnancy & Maternal Health,Antenatal visits & tests,Is antenatal care only for women who feel unwell?,"No, it is for every pregnant woman, even those who feel completely fine. Many dangerous problems have no early symptoms. That is exactly why routine checks matter.",https://www.who.int/news-room/fact-sheets/detail/pre-eclampsia
76,Pregnancy & Maternal Health,Antenatal visits & tests,Should my husband or mother-in-law come with me to check-ups?,Bringing someone you trust can help you remember what is said and support you in getting care. It also helps the family understand the plan for delivery. You may also ask to speak to the health worker alone if you wish.,https://www.who.int/news/item/07-11-2016-new-guidelines-on-antenatal-care-for-a-positive-pregnancy-experience
77,Pregnancy & Maternal Health,Antenatal visits & tests,What if I cannot afford the check-ups?,"Ask at the government health centre or your lady health worker, as many antenatal services are free or low cost. Do not skip care because of cost before asking. Someone at the centre can tell you what is available.",https://www.who.int/news-room/fact-sheets/detail/maternal-mortality
78,Pregnancy & Maternal Health,Antenatal visits & tests,Do I still need check-ups if a family elder says everything looks fine?,"Yes. Experience is valuable, but blood pressure, low blood and the baby's growth cannot be judged by looking. Only a check-up can measure these. Go for the visits as well.",https://www.who.int/news-room/fact-sheets/detail/pre-eclampsia
79,Pregnancy & Maternal Health,Antenatal visits & tests,Will they tell me whether the baby is a boy or a girl?,"A scan is done to check the baby's health, growth and dates, not to tell the sex. Practices differ from place to place. The important thing the scan gives you is information about the baby's wellbeing.",https://www.who.int/news/item/07-11-2016-new-guidelines-on-antenatal-care-for-a-positive-pregnancy-experience
80,Pregnancy & Maternal Health,Antenatal visits & tests,How will I know where I should deliver?,Your health worker will advise you based on your health and any problems found at your check-ups. In most cases delivering at a facility with a skilled birth attendant is safest. Agree the place and the transport in advance.,https://www.who.int/news-room/fact-sheets/detail/maternal-mortality
81,Pregnancy & Maternal Health,Pregnancy discomforts & symptoms,Why do I feel sick and vomit during pregnancy?,"Feeling sick is a common change in early pregnancy and usually improves after the first few months. Eating small amounts more often can help. If you cannot keep down food or water at all, go to a health centre.",https://www.who.int/news/item/07-11-2016-new-guidelines-on-antenatal-care-for-a-positive-pregnancy-experience
82,Pregnancy & Maternal Health,Pregnancy discomforts & symptoms,What can I do about morning sickness?,"Try eating small, plain meals more often rather than large ones, and get up slowly in the morning. Drink water through the day. If the vomiting is severe or constant, see a health worker rather than trying remedies at home.",https://www.who.int/news/item/07-11-2016-new-guidelines-on-antenatal-care-for-a-positive-pregnancy-experience
83,Pregnancy & Maternal Health,Pregnancy discomforts & symptoms,Is heartburn normal in pregnancy?,"Yes, burning in the chest is a common pregnancy complaint. Eating smaller meals and not lying down straight after eating can help. Tell your health worker if it is troubling you, and do not take medicines on your own.",https://www.who.int/news/item/07-11-2016-new-guidelines-on-antenatal-care-for-a-positive-pregnancy-experience
84,Pregnancy & Maternal Health,Pregnancy discomforts & symptoms,I have constipation in pregnancy. What should I do?,"Constipation is a common pregnancy complaint. Drinking more water and eating vegetables, fruit and whole grains helps. Mention it at your check-up rather than taking any medicine yourself.",https://www.who.int/news/item/07-11-2016-new-guidelines-on-antenatal-care-for-a-positive-pregnancy-experience
85,Pregnancy & Maternal Health,Pregnancy discomforts & symptoms,Why do I get cramps in my legs at night?,Leg cramps are a common complaint during pregnancy. Gently stretching the leg and moving about in the day can help. Raise the matter at your check-up if they happen often.,https://www.who.int/news/item/07-11-2016-new-guidelines-on-antenatal-care-for-a-positive-pregnancy-experience
86,Pregnancy & Maternal Health,Pregnancy discomforts & symptoms,I have back pain in pregnancy. Is that normal?,"Low back pain is a common pregnancy complaint, especially as the baby grows. Sitting with support, avoiding heavy lifting and gentle movement can help. Health workers can advise you on it at your visits.",https://www.who.int/news/item/07-11-2016-new-guidelines-on-antenatal-care-for-a-positive-pregnancy-experience
87,Pregnancy & Maternal Health,Pregnancy discomforts & symptoms,I have pain low down in my hips. Is that normal?,Pelvic pain is a recognised discomfort of pregnancy as the body prepares for birth. Avoid heavy lifting and rest when it is bad. But severe stomach pain is different and needs urgent care.,https://www.who.int/news/item/07-11-2016-new-guidelines-on-antenatal-care-for-a-positive-pregnancy-experience
88,Pregnancy & Maternal Health,Pregnancy discomforts & symptoms,What are the swollen veins on my legs in pregnancy?,Swollen veins in the legs are a common change in pregnancy. Resting with the legs raised and avoiding standing for very long can help. Mention them at your check-up if they are painful.,https://www.who.int/news/item/07-11-2016-new-guidelines-on-antenatal-care-for-a-positive-pregnancy-experience
89,Pregnancy & Maternal Health,Pregnancy discomforts & symptoms,Is it normal to feel dizzy in pregnancy?,"Mild dizziness on standing up quickly happens to many pregnant women. Get up slowly and eat and drink regularly. But if you faint, or feel dizzy along with breathlessness or a very pale look, see a health worker, as it can be low blood.",https://www.who.int/news-room/fact-sheets/detail/anaemia
90,Pregnancy & Maternal Health,Pregnancy discomforts & symptoms,Why am I so tired all the time in pregnancy?,"Tiredness is normal because your body is working harder. Rest when you can and eat well. If the tiredness is severe and comes with dizziness, headache or cold hands and feet, ask to be checked for low blood.",https://www.who.int/news-room/fact-sheets/detail/anaemia
91,Pregnancy & Maternal Health,Pregnancy discomforts & symptoms,Is some extra discharge normal in pregnancy?,"A mild increase in clear or white discharge is common in pregnancy. But discharge that smells bad, itches, or comes with fever is not normal. Go to a health centre for that, as it may need treatment.",https://www.who.int/news-room/fact-sheets/detail/maternal-mortality
92,Pregnancy & Maternal Health,Pregnancy discomforts & symptoms,Is it normal to have mild stomach discomfort in pregnancy?,"Mild pulling or stretching feelings are common as the womb grows. They come and go and are not severe. Severe stomach pain, however, is a danger sign and needs urgent care at a health centre.",https://www.who.int/news-room/fact-sheets/detail/maternal-mortality
93,Pregnancy & Maternal Health,Pregnancy discomforts & symptoms,Is a mild headache normal in pregnancy?,"An occasional mild headache can happen. But a severe headache, especially with blurred vision or seeing spots, is a warning sign of a blood pressure problem. Go to a health centre now if you have that.",https://www.who.int/news-room/fact-sheets/detail/pre-eclampsia
94,Pregnancy & Maternal Health,Pregnancy discomforts & symptoms,My hands and face are swollen. Is that just normal pregnancy swelling?,Swelling of the hands and face is not the same as mild ankle swelling and can be a sign of a serious blood pressure problem. Please go to a health centre or hospital now. Take someone with you.,https://www.who.int/news-room/fact-sheets/detail/pre-eclampsia
95,Pregnancy & Maternal Health,Pregnancy discomforts & symptoms,Is it normal to feel hot or sweat more in pregnancy?,"Feeling warmer than usual is a common pregnancy change. Drink water and rest in the shade. But fever is different from feeling warm, and fever in pregnancy needs to be checked at a health centre.",https://www.who.int/news-room/fact-sheets/detail/maternal-mortality
96,Pregnancy & Maternal Health,Pregnancy discomforts & symptoms,Why do my breasts hurt in pregnancy?,"Breast tenderness and fullness are normal pregnancy changes as the body prepares to feed the baby. A well-fitting, supportive cloth or garment helps. Show any lump, redness or hard painful area to a health worker.",https://www.who.int/news-room/fact-sheets/detail/infant-and-young-child-feeding
97,Pregnancy & Maternal Health,Pregnancy discomforts & symptoms,Is it normal to have mood changes during pregnancy?,"Yes, ups and downs in mood are common in pregnancy. Talk to someone you trust. If low mood or heavy worry lasts and stops you managing daily life, tell a health worker, because help is available.",https://www.who.int/news/item/30-03-2022-who-urges-quality-care-for-women-and-newborns-in-critical-first-weeks-after-childbirth
98,Pregnancy & Maternal Health,Pregnancy discomforts & symptoms,Can I take a painkiller for my aches in pregnancy?,"Do not take any medicine in pregnancy without asking a health worker first, including tablets from a shop. Some are not safe for the baby. Tell them what is hurting and they will advise you.",https://www.who.int/news/item/07-11-2016-new-guidelines-on-antenatal-care-for-a-positive-pregnancy-experience
99,Pregnancy & Maternal Health,Pregnancy discomforts & symptoms,Are home remedies safe in pregnancy?,"Some remedies are harmless but others can be risky for the baby, and it is hard to know which. Ask a health worker before using any remedy or herbal preparation. Never use anything meant to bring on a period while pregnant.",https://www.who.int/news/item/07-11-2016-new-guidelines-on-antenatal-care-for-a-positive-pregnancy-experience
100,Pregnancy & Maternal Health,Pregnancy discomforts & symptoms,Is burning when I pass urine normal in pregnancy?,"No, burning when passing urine may be an infection and should be checked. Infections in pregnancy can become serious if left. Go to a health centre rather than waiting for it to pass.",https://www.who.int/news-room/fact-sheets/detail/maternal-mortality
101,Pregnancy & Maternal Health,Pregnancy discomforts & symptoms,Is it normal to feel breathless walking uphill late in pregnancy?,"Mild breathlessness with effort is common as the baby grows and presses upward. Rest and slow down. But sudden or severe difficulty breathing, even at rest, is a danger sign needing urgent care.",https://www.who.int/news-room/fact-sheets/detail/maternal-mortality
102,Pregnancy & Maternal Health,Pregnancy discomforts & symptoms,Why do I keep waking to pass urine at night in pregnancy?,"The growing baby presses on the bladder, so passing urine often is common. Drink your water earlier in the day rather than cutting down overall. Report any burning, fever or back pain, as that may be infection.",https://www.who.int/news/item/07-11-2016-new-guidelines-on-antenatal-care-for-a-positive-pregnancy-experience
103,Pregnancy & Maternal Health,Pregnancy discomforts & symptoms,Are itchy skin and stretch marks normal in pregnancy?,Mild itching as the skin stretches is common and stretch marks are a normal change. Keeping the skin moisturised may ease it. Severe itching all over the body should be mentioned to a health worker.,https://www.who.int/news/item/07-11-2016-new-guidelines-on-antenatal-care-for-a-positive-pregnancy-experience
104,Pregnancy & Maternal Health,Pregnancy discomforts & symptoms,My gums bleed when I clean my teeth. Is that a pregnancy change?,"Gums can become more tender in pregnancy. Keep cleaning your teeth gently and rinse your mouth, especially if you have been vomiting. Mention it at your check-up if the bleeding is heavy.",https://www.who.int/news/item/07-11-2016-new-guidelines-on-antenatal-care-for-a-positive-pregnancy-experience
105,Pregnancy & Maternal Health,Pregnancy discomforts & symptoms,Is it normal for my feet to swell by the end of the day?,"Mild swelling of the feet and ankles that eases with rest is common in later pregnancy. Raise your feet when you sit. But swelling of the hands and face, or sudden swelling, needs urgent checking.",https://www.who.int/news-room/fact-sheets/detail/pre-eclampsia
106,Pregnancy & Maternal Health,Pregnancy discomforts & symptoms,"Should I mention small problems at my check-up, or only big ones?","Mention everything, even small things. Some serious problems start as small complaints, and the health worker is the right person to judge. Nothing you say will be treated as a waste of time.",https://www.who.int/news/item/07-11-2016-new-guidelines-on-antenatal-care-for-a-positive-pregnancy-experience
107,Pregnancy & Maternal Health,Pregnancy discomforts & symptoms,How do I tell a normal discomfort from a danger sign?,"Normal discomforts are mild, come and go, and ease with rest. Danger signs are bleeding, severe headache, blurred vision, severe stomach pain, swelling of hands and face, fever, difficulty breathing, fits, or reduced baby movement. Any danger sign means go now.",https://www.who.int/news-room/fact-sheets/detail/maternal-mortality
108,Pregnancy & Maternal Health,Pregnancy discomforts & symptoms,Can staying active help with pregnancy aches?,Health workers advise pregnant women to stay physically active in a way that suits them. Gentle regular movement can help with several common complaints. Ask your health worker what is right for you.,https://www.who.int/news/item/07-11-2016-new-guidelines-on-antenatal-care-for-a-positive-pregnancy-experience
109,Pregnancy & Maternal Health,Pregnancy discomforts & symptoms,I am not having any discomforts at all. Is something wrong?,"No, many women have an easy pregnancy with few complaints, and that is a good sign. Keep going for your check-ups anyway. Feeling well does not replace having your blood pressure and blood checked.",https://www.who.int/news-room/fact-sheets/detail/pre-eclampsia
110,Pregnancy & Maternal Health,Pregnancy discomforts & symptoms,The sickness has come back late in pregnancy. Should I be concerned?,"Nausea and vomiting that begin after the early months should be mentioned to a health worker, as this can accompany a blood pressure problem. Do not treat it at home. Go and be checked, especially if you also have headache or upper stomach pain.",https://www.who.int/news-room/fact-sheets/detail/pre-eclampsia
111,Pregnancy & Maternal Health,"Pregnancy nutrition (iron, folic acid, diet)",What should I eat during pregnancy?,"Eat a varied diet with grains, pulses, vegetables, fruit, milk and, if you eat it, meat, fish or eggs. Health workers advise good nutrition as part of every pregnancy check-up. Small regular meals are easier than large ones.",https://www.who.int/news/item/07-11-2016-new-guidelines-on-antenatal-care-for-a-positive-pregnancy-experience
112,Pregnancy & Maternal Health,"Pregnancy nutrition (iron, folic acid, diet)",Do I need to eat for two people in pregnancy?,"You need somewhat more nourishment, but not double the food. What matters most is the quality and variety of what you eat, not the quantity. Your health worker will check that you and the baby are growing well.",https://www.who.int/news/item/07-11-2016-new-guidelines-on-antenatal-care-for-a-positive-pregnancy-experience
113,Pregnancy & Maternal Health,"Pregnancy nutrition (iron, folic acid, diet)",Why are iron and folic acid tablets given in pregnancy?,"They are given daily to prevent low blood in the mother, and to lower the chance of infection after birth, low birth weight and early birth. They are a routine part of antenatal care. Take them as the health worker directs.",https://www.who.int/news/item/07-11-2016-new-guidelines-on-antenatal-care-for-a-positive-pregnancy-experience
114,Pregnancy & Maternal Health,"Pregnancy nutrition (iron, folic acid, diet)",How long should I keep taking my iron and folic acid tablets?,"Take them for as long as the health worker tells you, usually through the pregnancy. Do not stop just because you feel better. Ask at your check-up if you are unsure.",https://www.who.int/news/item/07-11-2016-new-guidelines-on-antenatal-care-for-a-positive-pregnancy-experience
115,Pregnancy & Maternal Health,"Pregnancy nutrition (iron, folic acid, diet)",The iron tablets upset my stomach. Should I stop them?,"Do not stop on your own. Tell your health worker, because there are ways to make them easier to take. Stopping raises your risk of low blood and its dangers for you and the baby.",https://www.who.int/news/item/07-11-2016-new-guidelines-on-antenatal-care-for-a-positive-pregnancy-experience
116,Pregnancy & Maternal Health,"Pregnancy nutrition (iron, folic acid, diet)",Which foods help build blood?,"Lean meat, fish, pulses and beans, dark green leafy vegetables and fortified cereals all help. Eating something with vitamin C, like citrus fruit, alongside them helps the body take in more iron. Include them regularly, not just occasionally.",https://www.who.int/news-room/fact-sheets/detail/anaemia
117,Pregnancy & Maternal Health,"Pregnancy nutrition (iron, folic acid, diet)",Does drinking tea affect my iron?,"Tea, coffee and cocoa taken with a meal reduce how much iron your body takes in. Leave a gap between these drinks and your iron-rich meals or tablets. This is a simple change that makes a real difference.",https://www.who.int/news-room/fact-sheets/detail/anaemia
118,Pregnancy & Maternal Health,"Pregnancy nutrition (iron, folic acid, diet)",What is anaemia and how common is it in pregnancy?,"Anaemia means the blood cannot carry enough oxygen around the body. It affects a large share of pregnant women worldwide, close to four in ten. It is common but it is not something to accept, because it can be treated.",https://www.who.int/news-room/fact-sheets/detail/anaemia
119,Pregnancy & Maternal Health,"Pregnancy nutrition (iron, folic acid, diet)",What are the signs of low blood?,"Tiredness, dizziness or light-headedness, cold hands and feet, headache, and shortness of breath. In severe cases the inside of the eyelids and lips look very pale. Ask to be tested if you have these.",https://www.who.int/news-room/fact-sheets/detail/anaemia
120,Pregnancy & Maternal Health,"Pregnancy nutrition (iron, folic acid, diet)",What can low blood do to my pregnancy?,"It raises the risk of the baby coming early, being born small, and of danger to the mother around delivery. This is why it is checked and treated. Taking your iron tablets is one of the most useful things you can do.",https://www.who.int/news-room/fact-sheets/detail/anaemia
121,Pregnancy & Maternal Health,"Pregnancy nutrition (iron, folic acid, diet)",Can low blood be caused by something other than food?,"Yes. Infections such as malaria and parasites, heavy blood loss, and inherited blood conditions can all cause it. This is why the health worker tests rather than assuming. Treatment depends on the cause.",https://www.who.int/news-room/fact-sheets/detail/anaemia
122,Pregnancy & Maternal Health,"Pregnancy nutrition (iron, folic acid, diet)",How much water should I drink in pregnancy?,"Drink water regularly through the day, and more in hot weather or when working outdoors. Water also helps with constipation, a common pregnancy complaint. Use clean, safe drinking water.",https://www.who.int/news/item/07-11-2016-new-guidelines-on-antenatal-care-for-a-positive-pregnancy-experience
123,Pregnancy & Maternal Health,"Pregnancy nutrition (iron, folic acid, diet)",Is it safe to fast during pregnancy?,"Talk to a health worker before fasting while pregnant, because your needs are higher and your situation matters. They can advise you based on your health and how the pregnancy is going. Do not decide alone if you have low blood or any complication.",https://www.who.int/news/item/07-11-2016-new-guidelines-on-antenatal-care-for-a-positive-pregnancy-experience
124,Pregnancy & Maternal Health,"Pregnancy nutrition (iron, folic acid, diet)",Should I avoid any foods in pregnancy?,"Avoid tobacco, alcohol and other harmful substances completely. Be careful with food that may be unclean or not properly cooked. Ask your health worker about anything you are unsure of.",https://www.who.int/news/item/07-11-2016-new-guidelines-on-antenatal-care-for-a-positive-pregnancy-experience
125,Pregnancy & Maternal Health,"Pregnancy nutrition (iron, folic acid, diet)",Can I keep eating my usual village food while pregnant?,"Yes, ordinary home food is good, as long as it is varied and clean. Add pulses, green leafy vegetables and fruit where you can. You do not need special or expensive food to eat well.",https://www.who.int/news/item/07-11-2016-new-guidelines-on-antenatal-care-for-a-positive-pregnancy-experience
126,Pregnancy & Maternal Health,"Pregnancy nutrition (iron, folic acid, diet)",Are vegetables and fruit important in pregnancy?,"Yes, they give vitamins that help your body use iron and keep you well. Dark green leafy vegetables also add iron themselves. Try to include some at most meals.",https://www.who.int/news-room/fact-sheets/detail/anaemia
127,Pregnancy & Maternal Health,"Pregnancy nutrition (iron, folic acid, diet)",I do not eat meat. Can I still get enough iron?,"Yes. Pulses, beans, dark green leafy vegetables and fortified cereals all provide iron. Eat them with a source of vitamin C to absorb more. Your iron and folic acid tablets also help.",https://www.who.int/news-room/fact-sheets/detail/anaemia
128,Pregnancy & Maternal Health,"Pregnancy nutrition (iron, folic acid, diet)",Do I need vitamins other than iron and folic acid?,"Do not start any supplement on your own. Iron and folic acid are the ones routinely given in pregnancy. If you think you need something more, ask your health worker rather than buying it yourself.",https://www.who.int/news/item/07-11-2016-new-guidelines-on-antenatal-care-for-a-positive-pregnancy-experience
129,Pregnancy & Maternal Health,"Pregnancy nutrition (iron, folic acid, diet)",Can eating well prevent my baby from being born small?,"Good nutrition, iron and folic acid, and regular check-ups together lower the risk of a small or early baby. Nothing removes the risk completely. Attending all your visits is as important as what you eat.",https://www.who.int/news/item/07-11-2016-new-guidelines-on-antenatal-care-for-a-positive-pregnancy-experience
130,Pregnancy & Maternal Health,"Pregnancy nutrition (iron, folic acid, diet)",Is it bad to gain weight in pregnancy?,Some weight gain is normal and necessary because the baby is growing. It is not something to try to prevent. Your health worker will tell you if your growth is outside what they expect.,https://www.who.int/news/item/07-11-2016-new-guidelines-on-antenatal-care-for-a-positive-pregnancy-experience
131,Pregnancy & Maternal Health,"Pregnancy nutrition (iron, folic acid, diet)",I have no appetite. What should I do?,"Eat small amounts more often instead of trying to manage large meals. Choose foods that are easy for you to take. If you cannot eat or drink for a whole day, go to a health centre.",https://www.who.int/news/item/07-11-2016-new-guidelines-on-antenatal-care-for-a-positive-pregnancy-experience
132,Pregnancy & Maternal Health,"Pregnancy nutrition (iron, folic acid, diet)",Does what I eat matter for my milk later?,Eating well in pregnancy helps you build strength for delivery and for feeding your baby afterwards. Breastfeeding itself is recommended for all mothers from the first hour after birth. Keep eating well after delivery too.,https://www.who.int/news-room/fact-sheets/detail/infant-and-young-child-feeding
133,Pregnancy & Maternal Health,"Pregnancy nutrition (iron, folic acid, diet)",Should I eat differently if I am carrying twins?,Carrying more than one baby places more demand on your body and needs closer follow-up. Eat well and take your tablets as directed. Discuss your diet and your check-up schedule with your health worker.,https://www.who.int/news-room/fact-sheets/detail/preterm-birth
134,Pregnancy & Maternal Health,"Pregnancy nutrition (iron, folic acid, diet)",Can I take iron tablets on an empty stomach?,"Follow exactly what your health worker tells you about how to take them. If they upset you, go back and ask rather than changing it yourself or stopping. There are ways to make them easier to tolerate.",https://www.who.int/news/item/07-11-2016-new-guidelines-on-antenatal-care-for-a-positive-pregnancy-experience
135,Pregnancy & Maternal Health,"Pregnancy nutrition (iron, folic acid, diet)",Does my iron need continue after the baby is born?,"Blood loss at delivery can lower your blood further, so nutrition remains important afterwards. Keep eating iron-rich food and follow the advice given at your postnatal visits. Tell the health worker if you feel very tired or dizzy.",https://www.who.int/news-room/fact-sheets/detail/anaemia
136,Pregnancy & Maternal Health,"Pregnancy nutrition (iron, folic acid, diet)",Is milk important in pregnancy?,"Milk and milk products are a useful part of a varied diet in pregnancy. They are not the only thing that matters. Aim for variety across grains, pulses, vegetables, fruit and milk.",https://www.who.int/news/item/07-11-2016-new-guidelines-on-antenatal-care-for-a-positive-pregnancy-experience
137,Pregnancy & Maternal Health,"Pregnancy nutrition (iron, folic acid, diet)",Will eating certain foods decide if I have a boy or a girl?,"No. Food does not decide the sex of the baby. Eat well for your health and the baby's growth, which is what food genuinely affects.",https://www.who.int/news/item/07-11-2016-new-guidelines-on-antenatal-care-for-a-positive-pregnancy-experience
138,Pregnancy & Maternal Health,"Pregnancy nutrition (iron, folic acid, diet)",Should I eat less so the baby stays small and delivery is easier?,"No, this is not safe. Eating too little can make the baby grow poorly and leave you weak for delivery. A small baby from poor nutrition brings its own dangers. Eat well and let the health worker guide you.",https://www.who.int/news/item/07-11-2016-new-guidelines-on-antenatal-care-for-a-positive-pregnancy-experience
139,Pregnancy & Maternal Health,"Pregnancy nutrition (iron, folic acid, diet)",Do I need to take my tablets if I feel completely healthy?,"Yes. Low blood often develops without you feeling it at first. The tablets are given to prevent problems, not only to treat them. Keep taking them as directed.",https://www.who.int/news-room/fact-sheets/detail/anaemia
140,Pregnancy & Maternal Health,"Pregnancy nutrition (iron, folic acid, diet)",Where can I get iron and folic acid tablets?,"They are given as part of routine antenatal care at health centres, and a lady health worker may also supply them. Ask at your next check-up. Do not buy and take supplements on your own instead.",https://www.who.int/news/item/07-11-2016-new-guidelines-on-antenatal-care-for-a-positive-pregnancy-experience
141,Pregnancy & Maternal Health,"Labour, delivery & where to give birth",Where is the safest place to give birth?,"The safest place is a health facility with a skilled birth attendant such as a trained midwife, nurse or doctor. They can act quickly if something goes wrong. Plan this in advance with your health worker.",https://www.who.int/news-room/fact-sheets/detail/maternal-mortality
142,Pregnancy & Maternal Health,"Labour, delivery & where to give birth",Why does it matter who helps me deliver?,"Most deaths around childbirth happen from problems that a skilled attendant can manage or send on quickly. In countries where nearly all births have a trained attendant, far fewer women die. It is one of the biggest differences you can make.",https://www.who.int/news-room/fact-sheets/detail/maternal-mortality
143,Pregnancy & Maternal Health,"Labour, delivery & where to give birth",What is a skilled birth attendant?,"A trained midwife, nurse or doctor who knows how to conduct a delivery safely and recognise danger. They can start treatment and arrange transfer if needed. A traditional helper without this training cannot do the same.",https://www.who.int/news-room/fact-sheets/detail/maternal-mortality
144,Pregnancy & Maternal Health,"Labour, delivery & where to give birth",How will I know labour has started?,"Regular tightening pains that get stronger and closer together, and sometimes water leaking or a show of mucus. Go to your planned facility when the pains become regular. Go sooner if there is bleeding or the water breaks.",https://www.who.int/news-room/fact-sheets/detail/maternal-mortality
145,Pregnancy & Maternal Health,"Labour, delivery & where to give birth",What should I do if my water breaks?,"Go to the health facility, even if the pains have not started. Note the time and the colour of the water. Do not wait at home, because there is a risk of infection.",https://www.who.int/news-room/fact-sheets/detail/maternal-mortality
146,Pregnancy & Maternal Health,"Labour, delivery & where to give birth",What should I take with me for the delivery?,"Take your antenatal card, clean cloths for you and the baby, and money for transport. Have someone go with you. Keep the bag ready in the last month.",https://www.who.int/news-room/fact-sheets/detail/maternal-mortality
147,Pregnancy & Maternal Health,"Labour, delivery & where to give birth",How do I plan transport for the delivery?,"Decide in advance how you will travel, who will take you, and what you will do at night. Keep the money set aside. Delay in reaching care is one of the main reasons women come to harm.",https://www.who.int/news-room/fact-sheets/detail/maternal-mortality
148,Pregnancy & Maternal Health,"Labour, delivery & where to give birth",What if labour starts at night or the roads are difficult?,"This is exactly why the plan is made in advance. Agree beforehand who will arrange transport at any hour and tell your family the plan. If you cannot reach a facility, send for a skilled attendant urgently.",https://www.who.int/news-room/fact-sheets/detail/maternal-mortality
149,Pregnancy & Maternal Health,"Labour, delivery & where to give birth",How long does labour usually last?,It varies a great deal from woman to woman and between first and later babies. There is no single normal length. Being at a facility means someone is watching your progress and can act if it is not going well.,https://www.who.int/news-room/fact-sheets/detail/maternal-mortality
150,Pregnancy & Maternal Health,"Labour, delivery & where to give birth",Can I have someone with me during labour?,Having someone you trust with you during labour is encouraged. Ask your facility what they allow. Choose someone calm who can support you.,https://www.who.int/news-room/fact-sheets/detail/maternal-mortality
151,Pregnancy & Maternal Health,"Labour, delivery & where to give birth",What is heavy bleeding after delivery?,Severe bleeding after childbirth is one of the leading causes of death for mothers. It can happen quickly and needs immediate treatment. This is a key reason to deliver where skilled help is present.,https://www.who.int/news-room/fact-sheets/detail/maternal-mortality
152,Pregnancy & Maternal Health,"Labour, delivery & where to give birth",What are the main dangers around childbirth?,"Severe bleeding after birth, infection after childbirth, high blood pressure problems, complications of delivery, and unsafe abortion. Together these cause about three quarters of maternal deaths. Skilled care at delivery addresses most of them.",https://www.who.int/news-room/fact-sheets/detail/maternal-mortality
153,Pregnancy & Maternal Health,"Labour, delivery & where to give birth",What is a caesarean and when is it needed?,"It is an operation to deliver the baby when a normal birth would be unsafe for the mother or baby. It is done for a medical reason, decided by the doctor. It is available at facilities equipped for surgery.",https://www.who.int/news-room/fact-sheets/detail/maternal-mortality
154,Pregnancy & Maternal Health,"Labour, delivery & where to give birth",How do I know if I will need an operation for the delivery?,Often it is not known in advance and is decided during labour. Sometimes check-ups show a reason to plan it. Delivering at an equipped facility means the option is there if it is needed.,https://www.who.int/news-room/fact-sheets/detail/maternal-mortality
155,Pregnancy & Maternal Health,"Labour, delivery & where to give birth",Is it safe to deliver at home with an experienced elder woman?,"Delivering with someone untrained carries real risk, because serious bleeding or other complications need skilled treatment and equipment. A facility with a skilled attendant is safer. If a home birth does happen, a health worker should see you and the baby within twenty-four hours.",https://www.who.int/news/item/30-03-2022-who-urges-quality-care-for-women-and-newborns-in-critical-first-weeks-after-childbirth
156,Pregnancy & Maternal Health,"Labour, delivery & where to give birth",What should happen immediately after the baby is born?,"The baby should be kept with you, dried and kept warm, and breastfeeding should begin within the first hour. The cord should not be clamped too early. These simple steps protect the baby.",https://www.who.int/news-room/fact-sheets/detail/infant-and-young-child-feeding
157,Pregnancy & Maternal Health,"Labour, delivery & where to give birth",Why should the cord not be cut immediately?,Waiting at least one minute before clamping the cord helps the baby build up iron stores and lowers the risk of low blood. It is a simple step with real benefit. Skilled attendants know to do this.,https://www.who.int/news-room/fact-sheets/detail/anaemia
158,Pregnancy & Maternal Health,"Labour, delivery & where to give birth",How soon should I feed the baby after birth?,Breastfeeding should begin within one hour of birth. The first milk is valuable and protects the baby. Ask the staff to help you with positioning if it is difficult.,https://www.who.int/news-room/fact-sheets/detail/infant-and-young-child-feeding
159,Pregnancy & Maternal Health,"Labour, delivery & where to give birth",How long should I stay at the facility after giving birth?,"Stay at least twenty-four hours after the birth, for both you and the baby. Most serious problems appear in these first hours. Do not leave early even if you feel fine.",https://www.who.int/news/item/30-03-2022-who-urges-quality-care-for-women-and-newborns-in-critical-first-weeks-after-childbirth
160,Pregnancy & Maternal Health,"Labour, delivery & where to give birth",What if I deliver at home unexpectedly?,"Get a health worker to see you and the baby within twenty-four hours of the birth. Keep the baby warm, dry and feeding. Watch for heavy bleeding, fever or fits and go for help at once if they appear.",https://www.who.int/news/item/30-03-2022-who-urges-quality-care-for-women-and-newborns-in-critical-first-weeks-after-childbirth
161,Pregnancy & Maternal Health,"Labour, delivery & where to give birth",What happens if the baby comes early?,"Preterm babies are smaller and need warmth, feeding support and sometimes help with breathing. Keeping the baby skin to skin with the mother and breastfeeding early are important. Deliver at a facility if you know the baby may come early.",https://www.who.int/news-room/fact-sheets/detail/preterm-birth
162,Pregnancy & Maternal Health,"Labour, delivery & where to give birth",What is kangaroo mother care?,It means keeping the small or early baby held skin to skin against the mother's chest. It keeps the baby warm and supports feeding and growth. It is recommended starting immediately after birth for preterm babies.,https://www.who.int/news-room/fact-sheets/detail/preterm-birth
163,Pregnancy & Maternal Health,"Labour, delivery & where to give birth",Can most problems with early babies be prevented?,"Three quarters of deaths related to preterm birth could be prevented with care that already exists and is not expensive. Warmth, early breastfeeding and skilled support matter most. This is why the place of delivery is so important.",https://www.who.int/news-room/fact-sheets/detail/preterm-birth
164,Pregnancy & Maternal Health,"Labour, delivery & where to give birth",Should I go to the facility before labour starts?,"If your health worker has advised it because of a problem found at check-ups, yes. Otherwise go when labour begins or if any danger sign appears. Never delay once regular pains, bleeding or water leaking start.",https://www.who.int/news-room/fact-sheets/detail/maternal-mortality
165,Pregnancy & Maternal Health,"Labour, delivery & where to give birth",What if I have had a difficult delivery before?,Tell your health worker early in this pregnancy so they can plan. An earlier difficult delivery may mean you should deliver at a better equipped facility. Do not assume this time will be the same or different.,https://www.who.int/news/item/07-11-2016-new-guidelines-on-antenatal-care-for-a-positive-pregnancy-experience
166,Pregnancy & Maternal Health,"Labour, delivery & where to give birth",Is it normal to be frightened about the delivery?,"Yes, many women feel afraid, and it helps to say so. Talk to your health worker about what will happen, and take someone you trust with you. Knowing the plan usually reduces the fear.",https://www.who.int/news/item/30-03-2022-who-urges-quality-care-for-women-and-newborns-in-critical-first-weeks-after-childbirth
167,Pregnancy & Maternal Health,"Labour, delivery & where to give birth",Will I be able to have more children after a caesarean?,"Many women go on to have more children after a caesarean, but the plan for the next delivery must be made with a doctor. Tell every health worker about your earlier operation. Deliver at an equipped facility next time.",https://www.who.int/news-room/fact-sheets/detail/maternal-mortality
168,Pregnancy & Maternal Health,"Labour, delivery & where to give birth",How soon after birth should the baby be checked?,The baby should be checked before you leave the facility and again in the following days and weeks. Newborns are also screened for eye and hearing problems and given vaccination at birth. Keep the follow-up appointments.,https://www.who.int/news/item/30-03-2022-who-urges-quality-care-for-women-and-newborns-in-critical-first-weeks-after-childbirth
169,Pregnancy & Maternal Health,"Labour, delivery & where to give birth",What are the first postnatal check-ups for me?,"You should be checked within the first day, then again at two to three days, at one to two weeks, and at six weeks. These visits catch bleeding, infection and other problems. Attend all of them.",https://www.who.int/news/item/30-03-2022-who-urges-quality-care-for-women-and-newborns-in-critical-first-weeks-after-childbirth
170,Pregnancy & Maternal Health,"Labour, delivery & where to give birth",Do most women and babies get care after birth?,"No, more than three in ten women and babies do not receive postnatal care in the first days. Yet this is exactly when most deaths happen. Make sure you and your baby are among those who do.",https://www.who.int/news/item/30-03-2022-who-urges-quality-care-for-women-and-newborns-in-critical-first-weeks-after-childbirth
171,Pregnancy & Maternal Health,Physical postpartum recovery,Why should I not leave the hospital straight after the birth?,"A stay of at least twenty-four hours is advised for both you and the baby, because most serious problems appear in these first hours. Leaving early means help is far away if something goes wrong. Wait until you are cleared to go.",https://www.who.int/news/item/30-03-2022-who-urges-quality-care-for-women-and-newborns-in-critical-first-weeks-after-childbirth
172,Pregnancy & Maternal Health,Physical postpartum recovery,How many check-ups do I need after giving birth?,"At least three more checks in the first six weeks, on top of the care around the birth itself. They are usually at two to three days, one to two weeks, and six weeks. Attend all of them even if you feel well.",https://www.who.int/news/item/30-03-2022-who-urges-quality-care-for-women-and-newborns-in-critical-first-weeks-after-childbirth
173,Pregnancy & Maternal Health,Physical postpartum recovery,When should the first check-up be if I gave birth at home?,Within twenty-four hours of the birth. Send for a health worker or go to a health centre. Do not wait for a problem to appear first.,https://www.who.int/news/item/30-03-2022-who-urges-quality-care-for-women-and-newborns-in-critical-first-weeks-after-childbirth
174,Pregnancy & Maternal Health,Physical postpartum recovery,Why is the time just after birth so important?,Most maternal and infant deaths happen in the first days after birth. Yet more than three in ten women and babies get no care in this period. This is the time when checking matters most.,https://www.who.int/news/item/30-03-2022-who-urges-quality-care-for-women-and-newborns-in-critical-first-weeks-after-childbirth
175,Pregnancy & Maternal Health,Physical postpartum recovery,How much bleeding is normal after delivery?,"Some bleeding after birth is expected and it lessens over the following days and weeks. Very heavy bleeding after delivery is a danger sign, not a normal part of recovery. If you are soaking cloths quickly or feel faint, go to a hospital now.",https://www.who.int/news-room/fact-sheets/detail/maternal-mortality
176,Pregnancy & Maternal Health,Physical postpartum recovery,What are the danger signs for me after delivery?,"Heavy bleeding, fever, foul-smelling discharge, severe headache, blurred vision, fits, difficulty breathing, or severe pain. Any of these means go to a health centre or hospital immediately, with someone accompanying you. Do not wait until morning.",https://www.who.int/news-room/fact-sheets/detail/maternal-mortality
177,Pregnancy & Maternal Health,Physical postpartum recovery,Is fever after childbirth serious?,"Yes. Infection after childbirth is one of the leading causes of death for mothers. Fever after delivery needs urgent medical care, not home treatment. Go to a health centre without delay.",https://www.who.int/news-room/fact-sheets/detail/maternal-mortality
178,Pregnancy & Maternal Health,Physical postpartum recovery,What does foul-smelling discharge after birth mean?,"It can be a sign of infection after childbirth, which is dangerous and needs treatment. Go to a health centre now rather than waiting. Take someone with you.",https://www.who.int/news-room/fact-sheets/detail/maternal-mortality
179,Pregnancy & Maternal Health,Physical postpartum recovery,Can blood pressure problems still happen after the baby is born?,"Yes, blood pressure problems can appear or continue after delivery. Severe headache, blurred vision or upper stomach pain after birth need urgent care. Attend your postnatal checks so your blood pressure is measured.",https://www.who.int/news-room/fact-sheets/detail/pre-eclampsia
180,Pregnancy & Maternal Health,Physical postpartum recovery,How long does it take to recover after giving birth?,"The first six weeks are the main recovery period, which is why check-ups run through that time. Recovery is gradual and differs from woman to woman. Rest, eat well, and go to your check-ups.",https://www.who.int/news/item/30-03-2022-who-urges-quality-care-for-women-and-newborns-in-critical-first-weeks-after-childbirth
181,Pregnancy & Maternal Health,Physical postpartum recovery,How much rest do I need after delivery?,"Rest as much as your situation allows in the early weeks, and ask family to take on heavier work. Your body has been through a great deal. Getting help at home is not a weakness.",https://www.who.int/news/item/30-03-2022-who-urges-quality-care-for-women-and-newborns-in-critical-first-weeks-after-childbirth
182,Pregnancy & Maternal Health,Physical postpartum recovery,When can I start moving about and being active again?,"Gentle movement is encouraged as you recover, and health workers give guidance on physical activity after birth. Build up slowly rather than returning to heavy work at once. Ask at your postnatal check what is right for you.",https://www.who.int/news/item/30-03-2022-who-urges-quality-care-for-women-and-newborns-in-critical-first-weeks-after-childbirth
183,Pregnancy & Maternal Health,Physical postpartum recovery,When can I go back to heavy household or field work?,"Return gradually and avoid heavy lifting in the early weeks. If work brings on bleeding or pain, stop and be checked. Ask your health worker before returning to hard physical work.",https://www.who.int/news/item/30-03-2022-who-urges-quality-care-for-women-and-newborns-in-critical-first-weeks-after-childbirth
184,Pregnancy & Maternal Health,Physical postpartum recovery,What should I eat after giving birth?,"Keep eating a varied diet, and continue iron-rich foods, because blood is lost at delivery. Drink plenty of water, especially while breastfeeding. Follow any advice given at your postnatal visits.",https://www.who.int/news-room/fact-sheets/detail/anaemia
185,Pregnancy & Maternal Health,Physical postpartum recovery,Why do I feel so tired and weak after delivery?,"Some tiredness is expected after birth and while feeding a newborn. But severe tiredness with dizziness, breathlessness or pale skin can mean low blood. Ask to be checked at your postnatal visit.",https://www.who.int/news-room/fact-sheets/detail/anaemia
186,Pregnancy & Maternal Health,Physical postpartum recovery,Do I still need iron after the baby is born?,"Blood loss at delivery can leave you low, so iron-rich food remains important. Follow the advice given at your postnatal check-ups. Tell the health worker if you feel very weak or dizzy.",https://www.who.int/news-room/fact-sheets/detail/anaemia
187,Pregnancy & Maternal Health,Physical postpartum recovery,How should I keep clean after delivery?,"Keep yourself clean with clean water and clean cloths, and change them often. Wash your hands before feeding or handling the baby. Report any bad smell, fever or increasing pain at once.",https://www.who.int/news-room/fact-sheets/detail/maternal-mortality
188,Pregnancy & Maternal Health,Physical postpartum recovery,When will my periods come back after childbirth?,"It varies a lot, and breastfeeding often delays them. Their return does not follow a fixed timetable. Remember you can become pregnant again before your periods return.",https://www.who.int/news-room/fact-sheets/detail/infant-and-young-child-feeding
189,Pregnancy & Maternal Health,Physical postpartum recovery,Can I become pregnant again before my periods return?,"Yes. Pregnancy can happen before the first period comes back, even while breastfeeding. If you want to space your children, ask about family planning at your postnatal visit. It is offered as part of postnatal care.",https://www.who.int/news/item/30-03-2022-who-urges-quality-care-for-women-and-newborns-in-critical-first-weeks-after-childbirth
190,Pregnancy & Maternal Health,Physical postpartum recovery,When should I talk about family planning after delivery?,"Access to family planning is part of postnatal care, so you can raise it at your check-ups in the first six weeks. Discuss it with your health worker and your husband. Spacing births is better for your health and the children's.",https://www.who.int/news/item/30-03-2022-who-urges-quality-care-for-women-and-newborns-in-critical-first-weeks-after-childbirth
191,Pregnancy & Maternal Health,Physical postpartum recovery,Why does birth spacing matter for my health?,Giving your body time to recover between pregnancies is better for you and for the next baby. Breastfeeding itself helps extend the gap between births. Ask a health worker about the options available to you.,https://www.who.int/news-room/fact-sheets/detail/infant-and-young-child-feeding
192,Pregnancy & Maternal Health,Physical postpartum recovery,Is it normal to feel low or tearful after having a baby?,"Many women feel low, tearful or anxious after birth, and it is common. Screening for this is part of postnatal care. If it is heavy, lasts, or stops you caring for yourself or the baby, tell a health worker, because treatment and support exist.",https://www.who.int/news/item/30-03-2022-who-urges-quality-care-for-women-and-newborns-in-critical-first-weeks-after-childbirth
193,Pregnancy & Maternal Health,Physical postpartum recovery,Who can I talk to if I feel very low after delivery?,"Tell your health worker at your postnatal check, or your lady health worker. They can assess you and refer you for help. You do not have to manage it alone and it is not a fault in you.",https://www.who.int/news/item/30-03-2022-who-urges-quality-care-for-women-and-newborns-in-critical-first-weeks-after-childbirth
194,Pregnancy & Maternal Health,Physical postpartum recovery,"What if I had a caesarean, is recovery different?","Recovery after an operation takes longer and the wound needs to be kept clean and watched. Report any redness, swelling, discharge or fever from the wound at once. Follow the specific instructions the hospital gave you.",https://www.who.int/news/item/30-03-2022-who-urges-quality-care-for-women-and-newborns-in-critical-first-weeks-after-childbirth
195,Pregnancy & Maternal Health,Physical postpartum recovery,Is stomach pain normal after giving birth?,"Some cramping as the womb returns to its size is expected in the early days. Severe pain is not, and neither is pain with fever or bad-smelling discharge. Go to a health centre if the pain is severe or worsening.",https://www.who.int/news-room/fact-sheets/detail/maternal-mortality
196,Pregnancy & Maternal Health,Physical postpartum recovery,When should the baby be checked after we go home?,"The baby is checked at the same postnatal contacts as you, at two to three days, one to two weeks and six weeks. Newborns are also screened for eye and hearing problems and vaccinated at birth. Keep all these appointments.",https://www.who.int/news/item/30-03-2022-who-urges-quality-care-for-women-and-newborns-in-critical-first-weeks-after-childbirth
197,Pregnancy & Maternal Health,Physical postpartum recovery,Should I keep the baby with me at the facility?,"Yes, mothers and babies should be kept together after birth. It supports warmth, bonding and breastfeeding. Ask the staff if anything makes this difficult.",https://www.who.int/news-room/fact-sheets/detail/preterm-birth
198,Pregnancy & Maternal Health,Physical postpartum recovery,Can a health worker visit me at home after delivery?,"Home visits after birth are recommended where they can be arranged. Ask your lady health worker whether this is available in your area. If not, go to the health centre for your checks.",https://www.who.int/news/item/30-03-2022-who-urges-quality-care-for-women-and-newborns-in-critical-first-weeks-after-childbirth
199,Pregnancy & Maternal Health,Physical postpartum recovery,I feel fine after delivery. Do I still need the check-ups?,Yes. Serious problems such as infection and bleeding can begin suddenly in women who felt well. The check-ups exist to find them early. Attend all of them.,https://www.who.int/news/item/30-03-2022-who-urges-quality-care-for-women-and-newborns-in-critical-first-weeks-after-childbirth
200,Pregnancy & Maternal Health,Physical postpartum recovery,What is the six week check for?,"It is the last of the routine postnatal checks and looks at your recovery, your mood, feeding, and family planning. It also checks the baby's growth and health. Do not skip it because time has passed.",https://www.who.int/news/item/30-03-2022-who-urges-quality-care-for-women-and-newborns-in-critical-first-weeks-after-childbirth
201,Pregnancy & Maternal Health,Breastfeeding & newborn basics,When should I start breastfeeding after birth?,Within one hour of the baby being born. Early feeding protects the baby and helps your milk come in. Ask the staff to help you get started if it is difficult.,https://www.who.int/news-room/fact-sheets/detail/infant-and-young-child-feeding
202,Pregnancy & Maternal Health,Breastfeeding & newborn basics,Should I give my baby anything other than breast milk in the first months?,"No. For the first six months the baby should have only breast milk, with nothing else, not even water. Breast milk gives everything the baby needs in that time. Adding other things raises the risk of illness.",https://www.who.int/news-room/fact-sheets/detail/infant-and-young-child-feeding
203,Pregnancy & Maternal Health,Breastfeeding & newborn basics,Can I give my newborn water in hot weather?,"No, a baby under six months does not need water, even in hot weather. Breast milk provides all the fluid the baby needs. Giving water can make the baby ill.",https://www.who.int/news-room/fact-sheets/detail/infant-and-young-child-feeding
204,Pregnancy & Maternal Health,Breastfeeding & newborn basics,How long should I breastfeed my child?,"Breastfeed for up to two years of age or beyond, alongside other food after six months. Only breast milk for the first six months. Continuing to breastfeed keeps protecting the child.",https://www.who.int/news-room/fact-sheets/detail/infant-and-young-child-feeding
205,Pregnancy & Maternal Health,Breastfeeding & newborn basics,When should I start giving my baby other food?,"At around six months, when breast milk alone no longer meets the baby's needs for energy and nutrients. Keep breastfeeding as well. Start with soft, clean, varied food.",https://www.who.int/news-room/fact-sheets/detail/infant-and-young-child-feeding
206,Pregnancy & Maternal Health,Breastfeeding & newborn basics,How many times a day should a six month old baby eat?,"Between six and eight months, about two to three meals a day alongside breastfeeding. From nine to twenty-three months, about three to four meals a day plus one or two snacks if needed. Continue breastfeeding throughout.",https://www.who.int/news-room/fact-sheets/detail/infant-and-young-child-feeding
207,Pregnancy & Maternal Health,Breastfeeding & newborn basics,How does breastfeeding help my baby?,"Early and exclusive breastfeeding protects against infections including diarrhoea and pneumonia, which are leading causes of child death. It is one of the strongest protections a baby has. It costs nothing.",https://www.who.int/news-room/fact-sheets/detail/infant-and-young-child-feeding
208,Pregnancy & Maternal Health,Breastfeeding & newborn basics,Does breastfeeding help me as well as the baby?,"Yes. Breastfeeding lowers a mother's risk of ovarian and breast cancer, helps space births, and is linked with lower overall mortality. The benefit works both ways. It is worth persevering with.",https://www.who.int/news-room/fact-sheets/detail/infant-and-young-child-feeding
209,Pregnancy & Maternal Health,Breastfeeding & newborn basics,Can breastfeeding really prevent child deaths?,Better breastfeeding practices could prevent close to four hundred thousand deaths of children under five each year. It is among the most effective simple actions there is. Starting within the first hour matters.,https://www.who.int/news-room/fact-sheets/detail/infant-and-young-child-feeding
210,Pregnancy & Maternal Health,Breastfeeding & newborn basics,Do most babies get only breast milk for six months?,"No, only around half of babies under six months are exclusively breastfed worldwide. Many are given other things too early. Doing it properly gives your baby an advantage.",https://www.who.int/news-room/fact-sheets/detail/infant-and-young-child-feeding
211,Pregnancy & Maternal Health,Breastfeeding & newborn basics,I think my milk is not enough. What should I do?,"Many mothers worry about this, and feeding more often usually increases the supply. Get help with positioning and attachment from a health worker before giving anything else. Support with attachment and positioning is part of postnatal care.",https://www.who.int/news/item/30-03-2022-who-urges-quality-care-for-women-and-newborns-in-critical-first-weeks-after-childbirth
212,Pregnancy & Maternal Health,Breastfeeding & newborn basics,Who can help me if breastfeeding is painful or difficult?,"Ask a health worker or lady health worker, as counselling on attachment and positioning is part of routine postnatal care. Most difficulties can be fixed with small changes. Ask early rather than giving up.",https://www.who.int/news/item/30-03-2022-who-urges-quality-care-for-women-and-newborns-in-critical-first-weeks-after-childbirth
213,Pregnancy & Maternal Health,Breastfeeding & newborn basics,Is the first thick yellow milk good for the baby?,"Yes, the first milk should be given to the baby and not thrown away. Breastfeeding should begin within the first hour of birth. It is valuable protection for the newborn.",https://www.who.int/news-room/fact-sheets/detail/infant-and-young-child-feeding
214,Pregnancy & Maternal Health,Breastfeeding & newborn basics,Should I feed the baby on a fixed timetable?,"Feed the baby whenever the baby wants, day and night, in the early months. Frequent feeding helps build your milk supply. There is no need for a fixed schedule.",https://www.who.int/news-room/fact-sheets/detail/infant-and-young-child-feeding
215,Pregnancy & Maternal Health,Breastfeeding & newborn basics,Can I breastfeed if my baby was born early?,"Yes, and early breastfeeding is specifically recommended for preterm babies, together with keeping the baby skin to skin. Ask the staff for help, as small babies may need support to feed. Do not give up on it.",https://www.who.int/news-room/fact-sheets/detail/preterm-birth
216,Pregnancy & Maternal Health,Breastfeeding & newborn basics,How do I keep a newborn warm?,"Keep the baby dry, covered, and held close, ideally skin to skin against your chest. This is especially important for small or early babies. Cold is a real danger to newborns.",https://www.who.int/news-room/fact-sheets/detail/preterm-birth
217,Pregnancy & Maternal Health,Breastfeeding & newborn basics,What is skin to skin care and why does it help?,"It means holding the baby directly against your bare chest. It keeps the baby warm, steadies breathing, and helps feeding. For preterm babies it is recommended right from birth.",https://www.who.int/news-room/fact-sheets/detail/preterm-birth
218,Pregnancy & Maternal Health,Breastfeeding & newborn basics,Should my baby be vaccinated at birth?,"Yes, newborns should receive vaccination at birth as part of postnatal care. Babies are also screened for eye and hearing problems. Keep the vaccination record safe.",https://www.who.int/news/item/30-03-2022-who-urges-quality-care-for-women-and-newborns-in-critical-first-weeks-after-childbirth
219,Pregnancy & Maternal Health,Breastfeeding & newborn basics,Is my baby's hearing and sight checked after birth?,"Yes, screening for eye problems and hearing problems is recommended for all newborns. Finding these early makes a real difference. Ask at the facility if it has been done.",https://www.who.int/news/item/30-03-2022-who-urges-quality-care-for-women-and-newborns-in-critical-first-weeks-after-childbirth
220,Pregnancy & Maternal Health,Breastfeeding & newborn basics,When should my newborn be checked by a health worker?,"At the same postnatal contacts as you, within twenty-four hours and then at two to three days, one to two weeks, and six weeks. If the birth was at home, get the baby seen within twenty-four hours. Attend every visit.",https://www.who.int/news/item/30-03-2022-who-urges-quality-care-for-women-and-newborns-in-critical-first-weeks-after-childbirth
221,Pregnancy & Maternal Health,Breastfeeding & newborn basics,What danger signs should I watch for in my newborn?,"Any sign that worries you needs urgent attention, especially difficulty breathing, difficulty feeding, fever, or the baby being cold or unusually still. Part of postnatal care is learning to spot these. Go to a health centre immediately if any appear.",https://www.who.int/news/item/30-03-2022-who-urges-quality-care-for-women-and-newborns-in-critical-first-weeks-after-childbirth
222,Pregnancy & Maternal Health,Breastfeeding & newborn basics,My baby will not feed. Is that serious?,A baby who will not feed needs to be seen by a health worker urgently. Do not wait to see if it improves. Take the baby to a health centre now.,https://www.who.int/news/item/30-03-2022-who-urges-quality-care-for-women-and-newborns-in-critical-first-weeks-after-childbirth
223,Pregnancy & Maternal Health,Breastfeeding & newborn basics,Should the baby sleep with me or separately?,"Mothers and babies should be kept together after birth. This supports warmth, feeding and watching the baby. Follow the safe practices your health worker advises.",https://www.who.int/news-room/fact-sheets/detail/preterm-birth
224,Pregnancy & Maternal Health,Breastfeeding & newborn basics,Can I breastfeed if I am unwell?,"Ask a health worker rather than stopping on your own, because in most common illnesses breastfeeding continues. Stopping suddenly can harm both of you. Get advice specific to your situation.",https://www.who.int/news-room/fact-sheets/detail/infant-and-young-child-feeding
225,Pregnancy & Maternal Health,Breastfeeding & newborn basics,Does breastfeeding stop me getting pregnant?,"Breastfeeding helps extend the time between births, but it is not a reliable way to prevent pregnancy. You can conceive before your periods return. Ask about family planning at your postnatal visits.",https://www.who.int/news-room/fact-sheets/detail/infant-and-young-child-feeding
226,Pregnancy & Maternal Health,Breastfeeding & newborn basics,Should I stop breastfeeding when I start giving food at six months?,"No, keep breastfeeding alongside other food, up to two years or beyond. The food adds to breast milk, it does not replace it. Both together are what the child needs.",https://www.who.int/news-room/fact-sheets/detail/infant-and-young-child-feeding
227,Pregnancy & Maternal Health,Breastfeeding & newborn basics,What kind of food should I start my baby on at six months?,"Soft, clean, varied family food, given two to three times a day at six to eight months. Increase to three to four times a day from nine months, with snacks if needed. Keep breastfeeding as well.",https://www.who.int/news-room/fact-sheets/detail/infant-and-young-child-feeding
228,Pregnancy & Maternal Health,Breastfeeding & newborn basics,Is it worth breastfeeding if I can only do it for a few months?,"Any breastfeeding is better than none, and the earlier months carry the most protection. Aim for six months of breast milk alone if you can. Ask for help before stopping, because many problems can be solved.",https://www.who.int/news-room/fact-sheets/detail/infant-and-young-child-feeding
229,Pregnancy & Maternal Health,Breastfeeding & newborn basics,Why do people say breastfeeding is a good investment?,"As well as protecting health, supporting breastfeeding returns far more than it costs, with estimates of around fifty-nine rupees of value for every rupee invested. But the main reason is that it keeps babies alive and well. It is free to the family.",https://www.who.int/news-room/fact-sheets/detail/infant-and-young-child-feeding
230,Pregnancy & Maternal Health,Breastfeeding & newborn basics,My family says to give honey or water to the newborn. Is that right?,"For the first six months the baby should have breast milk only, with nothing else added, not even water. Giving other things early raises the risk of illness. Explain gently that this is the safest advice for the baby.",https://www.who.int/news-room/fact-sheets/detail/infant-and-young-child-feeding
231,Pregnancy & Maternal Health,Pregnancy & postpartum danger signs,What are the danger signs in pregnancy that mean I must get help immediately?,"Bleeding, severe headache, blurred vision, severe stomach pain, swelling of the hands and face, fever, difficulty breathing, fits, reduced baby movement, or foul-smelling discharge. Any one of these means go to a health centre or hospital now. Take someone with you.",https://www.who.int/news-room/fact-sheets/detail/maternal-mortality
232,Pregnancy & Maternal Health,Pregnancy & postpartum danger signs,I am bleeding during pregnancy. What should I do?,"Bleeding in pregnancy is not something to wait on. Go to the nearest health centre or hospital now, and take someone with you. Do not wait to see whether it stops.",https://www.who.int/news-room/fact-sheets/detail/maternal-mortality
233,Pregnancy & Maternal Health,Pregnancy & postpartum danger signs,I have a severe headache and my vision is blurred. Is this serious?,"Yes, severe headache with blurred vision or seeing spots can be a sign of a dangerous blood pressure problem in pregnancy. Go to a health centre or hospital now. Do not wait until your next check-up.",https://www.who.int/news-room/fact-sheets/detail/pre-eclampsia
234,Pregnancy & Maternal Health,Pregnancy & postpartum danger signs,My hands and face have become swollen. Should I be worried?,"Swelling of the hands and face can be a sign of a serious blood pressure problem in pregnancy. Please go to a health centre or hospital now, with someone accompanying you. This is not the same as mild ankle swelling.",https://www.who.int/news-room/fact-sheets/detail/pre-eclampsia
235,Pregnancy & Maternal Health,Pregnancy & postpartum danger signs,I have severe pain in my upper stomach. What does it mean?,Upper abdominal pain in pregnancy can be a warning sign of a blood pressure problem and needs urgent assessment. Go to a health centre or hospital now. Take someone with you.,https://www.who.int/news-room/fact-sheets/detail/pre-eclampsia
236,Pregnancy & Maternal Health,Pregnancy & postpartum danger signs,I have a fever while pregnant. Should I treat it at home?,No. Fever in pregnancy is a danger sign and needs to be seen at a health centre. Do not treat it at home or take medicine on your own. Go now.,https://www.who.int/news-room/fact-sheets/detail/maternal-mortality
237,Pregnancy & Maternal Health,Pregnancy & postpartum danger signs,The baby has stopped moving or is moving much less. What should I do?,"Reduced or absent movement is a danger sign that needs immediate attention. Go to a health centre or hospital now, without waiting to see if movement returns. Take someone with you.",https://www.who.int/news-room/fact-sheets/detail/maternal-mortality
238,Pregnancy & Maternal Health,Pregnancy & postpartum danger signs,I am finding it hard to breathe. Is this an emergency in pregnancy?,Difficulty breathing in pregnancy is a danger sign. Go to a health centre or hospital immediately. Do not wait or travel alone if you can avoid it.,https://www.who.int/news-room/fact-sheets/detail/maternal-mortality
239,Pregnancy & Maternal Health,Pregnancy & postpartum danger signs,I had a fit or fainted while pregnant. What should my family do?,Fits or fainting in pregnancy are an emergency and can be life-threatening. Get the woman to a hospital immediately. Do not attempt any home treatment on the way.,https://www.who.int/news-room/fact-sheets/detail/pre-eclampsia
240,Pregnancy & Maternal Health,Pregnancy & postpartum danger signs,What is eclampsia?,"It is the severe form of a pregnancy blood pressure problem, in which fits occur, and it is life-threatening. It needs emergency hospital treatment. Any fit in pregnancy must be treated as an emergency.",https://www.who.int/news-room/fact-sheets/detail/pre-eclampsia
241,Pregnancy & Maternal Health,Pregnancy & postpartum danger signs,What is pre-eclampsia?,"It is a blood pressure problem that develops after twenty weeks of pregnancy and can be dangerous for mother and baby. It affects between three and eight women in every hundred who give birth. Some women have no symptoms at all, which is why check-ups matter.",https://www.who.int/news-room/fact-sheets/detail/pre-eclampsia
242,Pregnancy & Maternal Health,Pregnancy & postpartum danger signs,Can I have pre-eclampsia without feeling anything?,"Yes, some women have no symptoms at all, which is why blood pressure and urine are checked at every visit. Never assume you are safe because you feel well. Keep going for your check-ups.",https://www.who.int/news-room/fact-sheets/detail/pre-eclampsia
243,Pregnancy & Maternal Health,Pregnancy & postpartum danger signs,Who is more likely to get pre-eclampsia?,"It is more likely in first pregnancies, in women carrying twins or more, and in those with obesity, existing high blood pressure, diabetes, kidney disease, or a family history of it. If any of these apply to you, tell your health worker early. You may need closer watching.",https://www.who.int/news-room/fact-sheets/detail/pre-eclampsia
244,Pregnancy & Maternal Health,Pregnancy & postpartum danger signs,Can pre-eclampsia be prevented?,"Regular antenatal care with blood pressure and urine checks is the main protection, because it finds it early. For women at high risk, doctors may advise preventive treatment. Speak to your health worker about your own risk.",https://www.who.int/news-room/fact-sheets/detail/pre-eclampsia
245,Pregnancy & Maternal Health,Pregnancy & postpartum danger signs,How dangerous are blood pressure problems in pregnancy?,"Hypertensive disorders account for around sixteen in every hundred maternal deaths, making them among the leading causes of death in pregnancy. This is why blood pressure is checked at every visit. If you have severe headache, blurred vision, upper stomach pain or swelling of the hands and face, go to a health centre or hospital now.",https://www.who.int/news-room/fact-sheets/detail/pre-eclampsia
246,Pregnancy & Maternal Health,Pregnancy & postpartum danger signs,I am bleeding heavily after delivery. What should I do?,Heavy bleeding after childbirth is a leading cause of maternal death and is an emergency. Get to a hospital immediately. Do not wait to see whether it slows down.,https://www.who.int/news-room/fact-sheets/detail/maternal-mortality
247,Pregnancy & Maternal Health,Pregnancy & postpartum danger signs,I have fever and bad-smelling discharge after giving birth. Is that serious?,"Yes, this can be infection after childbirth, which is one of the leading causes of maternal death. Go to a health centre or hospital now. Do not treat it at home.",https://www.who.int/news-room/fact-sheets/detail/maternal-mortality
248,Pregnancy & Maternal Health,Pregnancy & postpartum danger signs,Can dangerous problems still happen in the weeks after delivery?,"Yes. Most maternal and infant deaths happen in the first days after birth. Heavy bleeding, fever, severe headache, blurred vision, fits and difficulty breathing all need urgent care after delivery too. Attend all your postnatal check-ups.",https://www.who.int/news/item/30-03-2022-who-urges-quality-care-for-women-and-newborns-in-critical-first-weeks-after-childbirth
249,Pregnancy & Maternal Health,Pregnancy & postpartum danger signs,How quickly do I need to act if I notice a danger sign?,"Immediately. A maternal death happens somewhere in the world roughly every two minutes, and delay in reaching care is a major reason. Do not wait for morning, for transport to be convenient, or for permission. Go now and take someone with you.",https://www.who.int/news-room/fact-sheets/detail/maternal-mortality
250,Pregnancy & Maternal Health,Pregnancy & postpartum danger signs,What danger signs should I watch for in my newborn baby?,"Difficulty breathing, difficulty feeding or refusing to feed, fever, or the baby being cold, limp or unusually still. Recognising these is part of postnatal care. Take the baby to a health centre immediately if any appear.",https://www.who.int/news/item/30-03-2022-who-urges-quality-care-for-women-and-newborns-in-critical-first-weeks-after-childbirth
251,PCOS & Hormonal Health,What PCOS is & common symptoms,What is PCOS?,"PCOS is a common hormonal condition in which the body makes higher than normal levels of male-type hormones. This leads to irregular periods, problems with releasing an egg, and sometimes extra hair or acne. It can be managed with the right care.",https://www.who.int/news-room/fact-sheets/detail/polycystic-ovary-syndrome
252,PCOS & Hormonal Health,What PCOS is & common symptoms,How common is PCOS?,"It affects around ten to thirteen women in every hundred of childbearing age. So it is common, and you are far from alone. Many women live with it without knowing.",https://www.who.int/news-room/fact-sheets/detail/polycystic-ovary-syndrome
253,PCOS & Hormonal Health,What PCOS is & common symptoms,Do most women with PCOS know they have it?,"No. Around seven in ten women with PCOS have never been diagnosed. Many go years thinking their symptoms are normal. If you have the signs, it is worth asking a doctor.",https://www.who.int/news-room/fact-sheets/detail/polycystic-ovary-syndrome
254,PCOS & Hormonal Health,What PCOS is & common symptoms,What are the main signs of PCOS?,"Irregular, absent, heavy or painful periods, difficulty becoming pregnant, extra facial or body hair, hair thinning on the head, acne or oily skin, and weight gain around the middle. Not every woman has all of them. Two or more signs is reason to be checked.",https://www.who.int/news-room/fact-sheets/detail/polycystic-ovary-syndrome
255,PCOS & Hormonal Health,What PCOS is & common symptoms,Does PCOS mean I have cysts in my ovaries?,"The name mentions cysts, but what is seen on a scan is a large number of small follicles, not disease cysts. Many women with PCOS do not need a scan to be diagnosed. The name can be misleading.",https://academic.oup.com/jcem/article/108/10/2447/7242360
256,PCOS & Hormonal Health,What PCOS is & common symptoms,What causes PCOS?,It is a hormonal condition in which higher than normal male-type hormone levels disturb the ovaries and the monthly cycle. The exact reason it develops is not fully known. It is not caused by anything you did wrong.,https://www.who.int/news-room/fact-sheets/detail/polycystic-ovary-syndrome
257,PCOS & Hormonal Health,What PCOS is & common symptoms,Is PCOS my fault?,"No. PCOS is a hormonal condition, not the result of your choices or your character. Nobody causes it in themselves. What you can do is get it diagnosed and managed.",https://www.who.int/news-room/fact-sheets/detail/polycystic-ovary-syndrome
258,PCOS & Hormonal Health,What PCOS is & common symptoms,At what age does PCOS usually start?,"Signs often appear in the years after periods begin and through the childbearing years. Diagnosis in the teenage years is harder and doctors are cautious about it. If a young woman has signs, she should still be assessed.",https://academic.oup.com/jcem/article/108/10/2447/7242360
259,PCOS & Hormonal Health,What PCOS is & common symptoms,Why is PCOS the reason many women cannot conceive?,"PCOS is the most common cause of eggs not being released regularly, and so it is a leading cause of difficulty becoming pregnant. But many women with PCOS do conceive. Treatments to help ovulation exist.",https://www.who.int/news-room/fact-sheets/detail/polycystic-ovary-syndrome
260,PCOS & Hormonal Health,What PCOS is & common symptoms,Can I still have children if I have PCOS?,"Many women with PCOS do have children. Treatments exist to help the ovaries release eggs, and other fertility options are available. Speak to a doctor early rather than waiting for years.",https://www.who.int/news-room/fact-sheets/detail/polycystic-ovary-syndrome
261,PCOS & Hormonal Health,What PCOS is & common symptoms,Does PCOS affect my whole body or only my periods?,"It affects more than periods. It is linked with insulin problems, weight, blood pressure, cholesterol, sleep, and mood. That is why doctors check several things, not just the cycle.",https://www.who.int/news-room/fact-sheets/detail/polycystic-ovary-syndrome
262,PCOS & Hormonal Health,What PCOS is & common symptoms,What health problems is PCOS linked with?,"Insulin resistance and type two diabetes, high blood pressure, high cholesterol, heart disease, obesity, sleep problems, liver problems, and changes in the lining of the womb. Anxiety and low mood are also more common. Regular checks help catch these early.",https://www.who.int/news-room/fact-sheets/detail/polycystic-ovary-syndrome
263,PCOS & Hormonal Health,What PCOS is & common symptoms,Does PCOS raise my risk of diabetes?,"Yes, PCOS is linked with insulin resistance and a higher risk of type two diabetes. This is why doctors test blood sugar at diagnosis and repeat it over the years. Finding it early means it can be managed.",https://www.who.int/news-room/fact-sheets/detail/polycystic-ovary-syndrome
264,PCOS & Hormonal Health,What PCOS is & common symptoms,Does PCOS affect the womb?,"PCOS is linked with a higher chance of thickening of the womb lining and, less commonly, cancer of the womb lining. This is one reason very infrequent periods should be discussed with a doctor. It is not a reason to panic, but it is a reason to be seen.",https://www.who.int/news-room/fact-sheets/detail/polycystic-ovary-syndrome
265,PCOS & Hormonal Health,What PCOS is & common symptoms,Can PCOS affect my mood?,"Yes, anxiety and low mood are more common in women with PCOS. Doctors are advised to ask about mood as part of PCOS care. If you feel low or anxious, say so, because it is part of the condition and support is available.",https://www.who.int/news-room/fact-sheets/detail/polycystic-ovary-syndrome
266,PCOS & Hormonal Health,What PCOS is & common symptoms,Is PCOS contagious?,"No, PCOS is not an infection and cannot pass from one person to another. It is a hormonal condition. Nothing about it should be treated as shameful.",https://www.who.int/news-room/fact-sheets/detail/polycystic-ovary-syndrome
267,PCOS & Hormonal Health,What PCOS is & common symptoms,Does PCOS go away on its own?,"There is no cure, but the symptoms can be managed well and can change over the course of life. Managing it lowers the longer term risks. Care is ongoing rather than a single treatment.",https://www.who.int/news-room/fact-sheets/detail/polycystic-ovary-syndrome
268,PCOS & Hormonal Health,What PCOS is & common symptoms,Is PCOS a serious condition?,"It is a long term condition that needs attention, mainly because of the linked risks to the heart, blood sugar and womb. With regular checks and management most women do well. Ignoring it is what makes it more serious.",https://www.who.int/news-room/fact-sheets/detail/polycystic-ovary-syndrome
269,PCOS & Hormonal Health,What PCOS is & common symptoms,Do all women with PCOS gain weight?,"No. Weight gain around the middle is common but not universal, and PCOS occurs in women of all sizes. Being slim does not rule it out. The other signs matter too.",https://www.who.int/news-room/fact-sheets/detail/polycystic-ovary-syndrome
270,PCOS & Hormonal Health,What PCOS is & common symptoms,Do all women with PCOS have extra hair growth?,"No. Extra facial or body hair is one of the possible signs, not a requirement. Some women have irregular periods and no hair changes at all. Diagnosis is based on a combination of findings.",https://www.who.int/news-room/fact-sheets/detail/polycystic-ovary-syndrome
271,PCOS & Hormonal Health,What PCOS is & common symptoms,Can PCOS cause hair loss from the head?,"Yes, thinning of hair on the head in a female pattern is one of the recognised signs. It comes from the higher male-type hormone levels. Speak to a doctor, because treatments for this exist.",https://www.who.int/news-room/fact-sheets/detail/polycystic-ovary-syndrome
272,PCOS & Hormonal Health,What PCOS is & common symptoms,Can PCOS cause acne?,"Yes, acne and oily skin are common signs of PCOS because of the higher male-type hormone levels. If acne appears together with irregular periods, mention both to a doctor. They may be connected.",https://www.who.int/news-room/fact-sheets/detail/polycystic-ovary-syndrome
273,PCOS & Hormonal Health,What PCOS is & common symptoms,Can PCOS cause heavy or painful periods?,"Yes, periods with PCOS can be irregular, unpredictable, absent, heavy or painful. The pattern varies from woman to woman. Any of these patterns is worth discussing with a doctor.",https://www.who.int/news-room/fact-sheets/detail/polycystic-ovary-syndrome
274,PCOS & Hormonal Health,What PCOS is & common symptoms,Can PCOS cause problems during pregnancy?,Women with PCOS have a higher chance of developing diabetes during pregnancy. This is why blood sugar is checked when planning a pregnancy. Tell your antenatal health worker that you have PCOS.,https://www.who.int/news-room/fact-sheets/detail/polycystic-ovary-syndrome
275,PCOS & Hormonal Health,What PCOS is & common symptoms,Does PCOS cause sleep problems?,"PCOS is linked with a breathing problem during sleep that causes snoring, unrefreshing sleep and daytime tiredness. Doctors are advised to ask about this. Mention snoring or constant tiredness at your appointment.",https://academic.oup.com/jcem/article/108/10/2447/7242360
276,PCOS & Hormonal Health,What PCOS is & common symptoms,Does PCOS affect the liver?,PCOS is linked with a form of liver problem related to fat in the liver. It is one of the associated conditions doctors watch for. Regular check-ups are how it is picked up.,https://www.who.int/news-room/fact-sheets/detail/polycystic-ovary-syndrome
277,PCOS & Hormonal Health,What PCOS is & common symptoms,Can PCOS cause high blood pressure?,"Yes, high blood pressure and high cholesterol are among the conditions linked with PCOS. Blood pressure should be checked every year if you have PCOS. It is a simple, quick check.",https://academic.oup.com/jcem/article/108/10/2447/7242360
278,PCOS & Hormonal Health,What PCOS is & common symptoms,Is PCOS the same as having irregular periods?,"No. Irregular periods can have many causes, including stress, weight change, thyroid problems and others. PCOS is one specific cause among several. Only a proper assessment can tell which it is.",https://www.who.int/news-room/fact-sheets/detail/menstrual-health
279,PCOS & Hormonal Health,What PCOS is & common symptoms,Can PCOS be present without any periods at all?,"Yes, absent periods are one of the recognised patterns in PCOS. Not having periods for a long time should always be discussed with a doctor. It should not simply be accepted.",https://www.who.int/news-room/fact-sheets/detail/polycystic-ovary-syndrome
280,PCOS & Hormonal Health,What PCOS is & common symptoms,Is PCOS more common in some countries than others?,"It affects women worldwide, at around ten to thirteen in every hundred of childbearing age. What differs is how many are diagnosed. In many places most cases go unrecognised.",https://www.who.int/news-room/fact-sheets/detail/polycystic-ovary-syndrome
281,PCOS & Hormonal Health,What PCOS is & common symptoms,"If my periods are regular, can I still have PCOS?","It is possible, because diagnosis needs two of three findings and one of them can be absent. Some women with regular cycles still have raised male-type hormones. A doctor can assess it properly.",https://www.who.int/news-room/fact-sheets/detail/polycystic-ovary-syndrome
282,PCOS & Hormonal Health,What PCOS is & common symptoms,Should I see a doctor if I think I have PCOS?,"Yes. Because most cases go undiagnosed, and because of the linked risks to blood sugar, heart and womb, it is worth being assessed. Bring a note of your cycle dates and your symptoms. Early diagnosis helps.",https://www.who.int/news-room/fact-sheets/detail/polycystic-ovary-syndrome
283,PCOS & Hormonal Health,Diagnosis & when to get checked,How is PCOS diagnosed?,"A doctor looks for at least two of three things: signs or blood evidence of high male-type hormones, irregular or absent periods, and many small follicles on an ovary scan. Other causes must be ruled out first. It is not diagnosed on one symptom alone.",https://www.who.int/news-room/fact-sheets/detail/polycystic-ovary-syndrome
284,PCOS & Hormonal Health,Diagnosis & when to get checked,Do I need all three findings to be told I have PCOS?,"No, two of the three are enough once other causes have been excluded. This is why some women are diagnosed without a scan. The combination matters more than any single test.",https://www.who.int/news-room/fact-sheets/detail/polycystic-ovary-syndrome
285,PCOS & Hormonal Health,Diagnosis & when to get checked,When is a period considered irregular?,"In a woman past the teenage years, cycles shorter than twenty-one days or longer than thirty-five days, or fewer than eight periods in a year, are considered irregular. That pattern is a reason to be assessed for PCOS. Keep a record of your dates.",https://academic.oup.com/jcem/article/108/10/2447/7242360
286,PCOS & Hormonal Health,Diagnosis & when to get checked,What is a normal cycle length to compare against?,"A typical menstrual cycle runs between twenty-one and thirty-five days. Outside that range, or fewer than eight periods a year, is worth checking. Everyone varies a little, so look at your usual pattern.",https://www.who.int/news-room/fact-sheets/detail/menstrual-health
287,PCOS & Hormonal Health,Diagnosis & when to get checked,What blood tests are used to check for PCOS?,Doctors measure total and free testosterone to look for raised male-type hormones. More accurate laboratory methods are preferred where available. Your doctor will explain which tests they are using.,https://academic.oup.com/jcem/article/108/10/2447/7242360
288,PCOS & Hormonal Health,Diagnosis & when to get checked,Do I always need an ultrasound scan to diagnose PCOS?,"No. A scan is one of the three possible findings but is not always needed, especially if you already have irregular periods and evidence of raised hormones. In adults a particular blood test can be used instead of a scan. Your doctor decides what is needed.",https://academic.oup.com/jcem/article/108/10/2447/7242360
289,PCOS & Hormonal Health,Diagnosis & when to get checked,What does the scan look for?,"It counts the small follicles in the ovary. In adults, twenty or more in at least one ovary is the level used. Your doctor interprets this alongside your other findings.",https://academic.oup.com/jcem/article/108/10/2447/7242360
290,PCOS & Hormonal Health,Diagnosis & when to get checked,Should a teenage girl have a scan to check for PCOS?,"No, an ovary scan is not recommended for diagnosing PCOS in adolescents. The ovaries normally look this way at that age, so it would cause wrong diagnoses. Doctors assess teenagers differently.",https://academic.oup.com/jcem/article/108/10/2447/7242360
291,PCOS & Hormonal Health,Diagnosis & when to get checked,Why is PCOS harder to diagnose in teenagers?,Because irregular cycles and changes in skin and hair can be a normal part of those years. Diagnosing too early risks labelling a girl who does not have it. Doctors often reassess later at full maturity.,https://academic.oup.com/jcem/article/108/10/2447/7242360
292,PCOS & Hormonal Health,Diagnosis & when to get checked,"If a doctor is unsure in a teenager, what happens?","The doctor may follow her over time rather than diagnosing straight away, and reassess when she is fully mature, around eight years after her periods began. She should still be helped with her symptoms in the meantime. This is a careful approach, not a delay in care.",https://academic.oup.com/jcem/article/108/10/2447/7242360
293,PCOS & Hormonal Health,Diagnosis & when to get checked,What is the AMH blood test?,It is a blood test that can be used in adult women instead of a scan to look at the ovaries. It should not be used on its own to diagnose PCOS. It is not recommended for teenagers.,https://academic.oup.com/jcem/article/108/10/2447/7242360
294,PCOS & Hormonal Health,Diagnosis & when to get checked,Should I have both the scan and the AMH test?,"No. Either one may be used, but doing both is discouraged because it leads to over-diagnosis. One is enough. Your doctor will choose which is appropriate.",https://academic.oup.com/jcem/article/108/10/2447/7242360
295,PCOS & Hormonal Health,Diagnosis & when to get checked,Does taking hormone tablets affect the tests?,"Yes, hormonal contraceptive use lowers the AMH result and can affect hormone tests. Tell your doctor everything you are taking before the tests. They will time the tests appropriately.",https://academic.oup.com/jcem/article/108/10/2447/7242360
296,PCOS & Hormonal Health,Diagnosis & when to get checked,What is hirsutism and how is it assessed?,"It means unwanted hair growth in a male pattern, and it is a strong pointer towards PCOS. Doctors assess it using a scoring method, adjusted for ethnic background. Normal hair patterns differ between communities, so this adjustment matters.",https://academic.oup.com/jcem/article/108/10/2447/7242360
297,PCOS & Hormonal Health,Diagnosis & when to get checked,Does having some facial hair mean I have PCOS?,"Not on its own. Hair patterns differ a lot between families and communities, and doctors take this into account. It matters when it appears together with irregular periods or other signs. Ask a doctor rather than assuming.",https://academic.oup.com/jcem/article/108/10/2447/7242360
298,PCOS & Hormonal Health,Diagnosis & when to get checked,What other conditions must be ruled out before PCOS is diagnosed?,"PCOS is diagnosed only after other causes of the same symptoms have been excluded. Thyroid and other hormonal conditions can look similar. This is why a proper assessment, not self-diagnosis, is needed.",https://www.who.int/news-room/fact-sheets/detail/polycystic-ovary-syndrome
299,PCOS & Hormonal Health,Diagnosis & when to get checked,What tests should I have at the time I am diagnosed?,"Blood sugar testing regardless of your age or weight, a cholesterol test, and a blood pressure check. Mood should also be asked about. These look for the conditions linked with PCOS.",https://academic.oup.com/jcem/article/108/10/2447/7242360
300,PCOS & Hormonal Health,Diagnosis & when to get checked,Which blood sugar test is used in PCOS?,The most accurate test is one where a sugar drink is given and blood is checked afterwards. It is recommended at diagnosis for all women with PCOS. Your doctor will explain how to prepare for it.,https://academic.oup.com/jcem/article/108/10/2447/7242360
301,PCOS & Hormonal Health,Diagnosis & when to get checked,How often should my blood sugar be rechecked?,"Usually every one to three years, depending on your other risk factors. It should also be checked when you are planning a pregnancy. Do not wait for symptoms of diabetes to appear.",https://academic.oup.com/jcem/article/108/10/2447/7242360
302,PCOS & Hormonal Health,Diagnosis & when to get checked,How often should my blood pressure be checked if I have PCOS?,"Every year. It should also be checked when planning a pregnancy or fertility treatment, because of the higher chance of blood pressure problems in pregnancy. It is a quick check at any health centre.",https://academic.oup.com/jcem/article/108/10/2447/7242360
303,PCOS & Hormonal Health,Diagnosis & when to get checked,Do I need my cholesterol checked if I have PCOS?,"Yes, a cholesterol test is recommended for all women at the time of diagnosis. How often it is repeated depends on the result and your other risks. Ask your doctor what your result means.",https://academic.oup.com/jcem/article/108/10/2447/7242360
304,PCOS & Hormonal Health,Diagnosis & when to get checked,Will the doctor ask me about my mood?,"They should. Screening for low mood is recommended for all women and teenagers with PCOS, and screening for anxiety in adults. If they do not ask, tell them anyway. It is a genuine part of the condition.",https://academic.oup.com/jcem/article/108/10/2447/7242360
305,PCOS & Hormonal Health,Diagnosis & when to get checked,Will they ask about my sleep?,"If you have symptoms such as snoring, unrefreshing sleep or daytime tiredness, they should assess you for a sleep breathing problem. This is more common in PCOS regardless of weight. Mention these symptoms yourself if asked nothing.",https://academic.oup.com/jcem/article/108/10/2447/7242360
306,PCOS & Hormonal Health,Diagnosis & when to get checked,Should I be asked about how I feel about my body or my eating?,"Yes, doctors are advised to consider body image concerns and disordered eating in women with PCOS, whatever their weight. These are recognised parts of living with the condition. Speaking about them openly helps you get the right support.",https://academic.oup.com/jcem/article/108/10/2447/7242360
307,PCOS & Hormonal Health,Diagnosis & when to get checked,What should I take with me to the appointment?,"Take a record of your period dates over the last year, a list of your symptoms, and any medicines or supplements you take. This makes the assessment much easier. Write down your questions too.",https://academic.oup.com/jcem/article/108/10/2447/7242360
308,PCOS & Hormonal Health,Diagnosis & when to get checked,How long does it take to get a PCOS diagnosis?,"It varies, and unfortunately many women go undiagnosed for a long time, with around seven in ten never diagnosed. Being clear about your symptoms helps. If you are not satisfied, it is reasonable to ask for further assessment.",https://www.who.int/news-room/fact-sheets/detail/polycystic-ovary-syndrome
309,PCOS & Hormonal Health,Diagnosis & when to get checked,Can a lady health worker diagnose PCOS?,"She can recognise the signs and refer you, but the diagnosis needs blood tests and assessment at a health centre or hospital. Start with her if she is closest to you. She can guide you to the right place.",https://www.who.int/news-room/fact-sheets/detail/polycystic-ovary-syndrome
310,PCOS & Hormonal Health,Diagnosis & when to get checked,Can PCOS be diagnosed from symptoms alone?,"No. Symptoms point to it, but blood tests and exclusion of other causes are needed. Self-diagnosis from the internet or from friends is unreliable. Go for a proper assessment.",https://www.who.int/news-room/fact-sheets/detail/polycystic-ovary-syndrome
311,PCOS & Hormonal Health,Diagnosis & when to get checked,At what point should I go and get checked?,"If your periods are consistently outside twenty-one to thirty-five days, if you have fewer than eight a year, if they have stopped, or if you have unwanted hair, acne or trouble conceiving. Any of these is reason enough. You do not need several symptoms to justify going.",https://academic.oup.com/jcem/article/108/10/2447/7242360
312,PCOS & Hormonal Health,Diagnosis & when to get checked,Do I need to be married or have tried for a baby before being checked?,"No. PCOS affects your blood sugar, blood pressure, heart and womb regardless of whether you want children. Assessment is about your health. Anyone with the symptoms should be checked.",https://www.who.int/news-room/fact-sheets/detail/polycystic-ovary-syndrome
313,PCOS & Hormonal Health,Diagnosis & when to get checked,What if a doctor dismisses my symptoms?,"Knowledge gaps about PCOS among health workers are recognised as a real problem. You are entitled to ask for the specific tests, or to seek another opinion. Take your written record of symptoms and cycle dates with you.",https://academic.oup.com/jcem/article/108/10/2447/7242360
314,PCOS & Hormonal Health,Diagnosis & when to get checked,Should I be checked again later if the first assessment was unclear?,"Yes, especially if you were young at the time or the picture was uncertain. Reassessment at full maturity is specifically advised for those assessed as adolescents. Keep your records for that appointment.",https://academic.oup.com/jcem/article/108/10/2447/7242360
315,PCOS & Hormonal Health,PCOS and periods,Why does PCOS make my periods irregular?,"Higher than normal male-type hormone levels disturb the release of an egg each month. When an egg is not released regularly, the period does not come regularly either. This is the central problem in PCOS.",https://www.who.int/news-room/fact-sheets/detail/polycystic-ovary-syndrome
316,PCOS & Hormonal Health,PCOS and periods,What period patterns are seen in PCOS?,"Periods may be irregular, unpredictable, absent, heavy or painful. Different women have different patterns. Any of these is worth discussing with a doctor.",https://www.who.int/news-room/fact-sheets/detail/polycystic-ovary-syndrome
317,PCOS & Hormonal Health,PCOS and periods,How irregular is too irregular?,"Cycles shorter than twenty-one days or longer than thirty-five days, or fewer than eight periods in a year, are considered irregular in an adult woman. That is the point at which assessment is advised. Keep a written record of your dates.",https://academic.oup.com/jcem/article/108/10/2447/7242360
318,PCOS & Hormonal Health,PCOS and periods,My periods come every two or three months. Is that a problem?,Fewer than eight periods a year is considered irregular and is worth being assessed. It is one of the findings used to diagnose PCOS. Take your cycle record to a doctor.,https://academic.oup.com/jcem/article/108/10/2447/7242360
319,PCOS & Hormonal Health,PCOS and periods,My periods have stopped completely. What should I do?,"Absent periods are one of the recognised patterns in PCOS, but they can also have other causes including pregnancy and thyroid problems. See a doctor rather than waiting. Long gaps without periods need proper assessment.",https://www.who.int/news-room/fact-sheets/detail/polycystic-ovary-syndrome
320,PCOS & Hormonal Health,PCOS and periods,Is it dangerous to go for months without a period?,"Very infrequent periods are linked with thickening of the womb lining over time, and in some cases with cancer of the womb lining. This is why it should be discussed with a doctor rather than ignored. It is manageable when it is known about.",https://www.who.int/news-room/fact-sheets/detail/polycystic-ovary-syndrome
321,PCOS & Hormonal Health,PCOS and periods,Can PCOS cause heavy bleeding?,"Yes, heavy periods are among the patterns seen in PCOS. Heavy bleeding can also lead to low blood over time. Mention both the heaviness and any tiredness or dizziness to your doctor.",https://www.who.int/news-room/fact-sheets/detail/polycystic-ovary-syndrome
322,PCOS & Hormonal Health,PCOS and periods,Can heavy periods make me weak?,"Yes, heavy menstrual bleeding is a recognised cause of low blood, which causes tiredness, dizziness, headache and breathlessness. Iron tablets and treatment for the bleeding both help. Ask to have your blood checked.",https://www.who.int/news-room/fact-sheets/detail/anaemia
323,PCOS & Hormonal Health,PCOS and periods,How common is heavy bleeding among women generally?,It is common. In studies from South Asia and sub-Saharan Africa almost half of women reported heavy menstrual bleeding. Common does not mean it should be endured without help.,https://www.who.int/news-room/fact-sheets/detail/menstrual-health
324,PCOS & Hormonal Health,PCOS and periods,Can PCOS cause painful periods?,"Yes, painful periods are among the recognised patterns. Period pain is also very common in general, affecting more than two in three women who menstruate. Persistent severe pain should be assessed rather than simply tolerated.",https://www.who.int/news-room/fact-sheets/detail/menstrual-health
325,PCOS & Hormonal Health,PCOS and periods,Are irregular periods always caused by PCOS?,"No. Endometriosis, adenomyosis, fibroids, bleeding disorders, thyroid problems and early loss of ovary function can all disturb periods. PCOS is one cause among several. This is why other causes are excluded before diagnosing it.",https://www.who.int/news-room/fact-sheets/detail/menstrual-health
326,PCOS & Hormonal Health,PCOS and periods,Can stress or weight change make my periods irregular instead?,"Cycles can be disturbed by several things, which is why a doctor looks at the whole picture rather than one symptom. PCOS is diagnosed only after other causes are excluded. Bring your full history to the appointment.",https://www.who.int/news-room/fact-sheets/detail/polycystic-ovary-syndrome
327,PCOS & Hormonal Health,PCOS and periods,How can I tell if my irregular periods are PCOS or something else?,"You cannot tell from the pattern alone, because several conditions cause the same thing. Blood tests and assessment are needed to separate them. Go and be checked rather than guessing.",https://www.who.int/news-room/fact-sheets/detail/polycystic-ovary-syndrome
328,PCOS & Hormonal Health,PCOS and periods,Can my periods become regular again with treatment?,"There are treatments doctors use to bring more regular cycles in PCOS, including hormone tablets. Lifestyle changes can also help. Speak to a doctor about what suits your situation.",https://www.who.int/news-room/fact-sheets/detail/polycystic-ovary-syndrome
329,PCOS & Hormonal Health,PCOS and periods,How do hormone tablets help my cycle in PCOS?,Combined hormonal contraceptive tablets are among the treatments used to make cycles more regular in PCOS. Only a doctor should decide whether they suit you. Never take someone else's tablets.,https://www.who.int/news-room/fact-sheets/detail/polycystic-ovary-syndrome
330,PCOS & Hormonal Health,PCOS and periods,Will my periods return to normal if I lose weight?,Lifestyle changes are recommended for all women with PCOS and can improve symptoms. But results vary and lifestyle change alone does not help everyone. Combine it with medical follow-up rather than relying on it alone.,https://academic.oup.com/jcem/article/108/10/2447/7242360
331,PCOS & Hormonal Health,PCOS and periods,Should I track my periods if I have PCOS?,"Yes, keeping a record of your dates is very useful. It shows the pattern clearly and helps your doctor assess you. A simple note on paper or a phone is enough.",https://academic.oup.com/jcem/article/108/10/2447/7242360
332,PCOS & Hormonal Health,PCOS and periods,How do I track my cycle if I cannot read or write?,Ask a family member or a lady health worker to help you keep a simple mark for each period. Even marking a calendar works. What matters is being able to show the pattern.,https://academic.oup.com/jcem/article/108/10/2447/7242360
333,PCOS & Hormonal Health,PCOS and periods,Does having a period each month mean I am ovulating?,Not necessarily. In PCOS the release of an egg can be irregular even when some bleeding occurs. This is why fertility can be affected. A doctor can assess this properly.,https://www.who.int/news-room/fact-sheets/detail/polycystic-ovary-syndrome
334,PCOS & Hormonal Health,PCOS and periods,Can I get pregnant if my periods are irregular?,"Yes, pregnancy is possible even with irregular cycles, so do not assume you cannot conceive. If you are trying to conceive and cycles are irregular, see a doctor early. If you are not, discuss family planning.",https://www.who.int/news-room/fact-sheets/detail/polycystic-ovary-syndrome
335,PCOS & Hormonal Health,PCOS and periods,What is PMS and is it related to PCOS?,"Premenstrual syndrome is a recognised condition linked with menstruation, listed separately from PCOS. Both can affect wellbeing before and during periods. A doctor can help work out which applies to you.",https://www.who.int/news-room/fact-sheets/detail/menstrual-health
336,PCOS & Hormonal Health,PCOS and periods,Is period pain something I should just accept?,"No. More than two in three women who menstruate experience menstrual pain, and timely diagnosis and treatment of menstrual difficulties is part of good health care. Persistent or severe pain deserves assessment. It is not weakness to seek help.",https://www.who.int/news-room/fact-sheets/detail/menstrual-health
337,PCOS & Hormonal Health,PCOS and periods,Should I feel ashamed to talk about my periods with a doctor?,No. Freedom from stigma around menstruation is part of what good menstrual health means. Doctors ask about periods as a routine medical matter. Speaking openly gets you better care.,https://www.who.int/news-room/fact-sheets/detail/menstrual-health
338,PCOS & Hormonal Health,PCOS and periods,Can PCOS start affecting periods soon after they begin?,"Signs can appear in the years after periods start, though diagnosis at that age is approached carefully. Cycles are often irregular for a while after they first begin. A doctor can advise whether assessment is needed now or later.",https://academic.oup.com/jcem/article/108/10/2447/7242360
339,PCOS & Hormonal Health,PCOS and periods,Is spotting between periods part of PCOS?,Unpredictable bleeding is among the patterns described in PCOS. But bleeding between periods can have other causes too. Report it to a doctor rather than assuming it is the PCOS.,https://www.who.int/news-room/fact-sheets/detail/polycystic-ovary-syndrome
340,PCOS & Hormonal Health,PCOS and periods,Does PCOS affect how long my bleeding lasts?,"It can, as periods in PCOS may be heavy or unpredictable in length. Note in your record how many days you bleed as well as the dates. This helps the doctor see the pattern.",https://www.who.int/news-room/fact-sheets/detail/polycystic-ovary-syndrome
341,PCOS & Hormonal Health,PCOS and periods,Do I need to see someone if my periods suddenly change pattern?,"Yes, a clear change in your usual pattern is worth reporting. Timely diagnosis and treatment of menstrual problems is part of proper care. Do not wait for a year to see whether it settles.",https://www.who.int/news-room/fact-sheets/detail/menstrual-health
342,PCOS & Hormonal Health,PCOS and periods,How many women in the world have menstrual problems?,"Around two point one billion women and girls menstruate, and menstrual difficulties are very common among them. More than two in three have menstrual pain. You are not unusual for having problems.",https://www.who.int/news-room/fact-sheets/detail/menstrual-health
343,PCOS & Hormonal Health,PCOS and periods,Will my periods change as I get older with PCOS?,"PCOS symptoms can change over the course of life, and it is managed as a long term condition. Keep up regular checks rather than assuming it has resolved. Your doctor will adjust care over time.",https://www.who.int/news-room/fact-sheets/detail/polycystic-ovary-syndrome
344,PCOS & Hormonal Health,PCOS and periods,Does my daughter need checking if I have PCOS and her periods are irregular?,"Irregular cycles in the years after periods begin can be normal, and doctors are cautious about diagnosing at that age. But she should still be assessed and helped with her symptoms. Take her to a doctor and mention your own diagnosis.",https://academic.oup.com/jcem/article/108/10/2447/7242360
345,PCOS & Hormonal Health,PCOS and periods,Can hygiene practices affect my periods?,"Good menstrual hygiene protects against discomfort and infection but does not change the cycle itself. Access to clean materials, water and private facilities is part of menstrual health. Irregular cycles need medical assessment, not just hygiene changes.",https://www.who.int/news-room/fact-sheets/detail/menstrual-health
346,PCOS & Hormonal Health,PCOS and periods,Where should I go first about irregular periods?,"Start with your lady health worker or nearest health centre, who can refer you onward. Take a written record of your cycle dates. Do not delay because you think it is a small matter.",https://www.who.int/news-room/fact-sheets/detail/menstrual-health
347,PCOS & Hormonal Health,"PCOS, weight & insulin resistance",What is insulin resistance?,"It means the body does not respond properly to insulin, the hormone that controls blood sugar. It is common in PCOS and raises the risk of type two diabetes. It can be found with a blood test.",https://www.who.int/news-room/fact-sheets/detail/polycystic-ovary-syndrome
348,PCOS & Hormonal Health,"PCOS, weight & insulin resistance",Why is insulin resistance linked with PCOS?,Insulin resistance is one of the conditions that occurs more often in women with PCOS. It is part of why blood sugar testing is recommended at diagnosis. Knowing about it early allows it to be managed.,https://www.who.int/news-room/fact-sheets/detail/polycystic-ovary-syndrome
349,PCOS & Hormonal Health,"PCOS, weight & insulin resistance",Does PCOS cause weight gain?,"Weight gain, particularly around the middle, is one of the recognised signs of PCOS. Not every woman with PCOS gains weight. The relationship works in both directions and is not simply about eating.",https://www.who.int/news-room/fact-sheets/detail/polycystic-ovary-syndrome
350,PCOS & Hormonal Health,"PCOS, weight & insulin resistance",Can I have PCOS if I am thin?,"Yes. PCOS occurs in women of every size, and blood sugar testing is recommended regardless of age or weight. Being slim does not protect you from the linked risks. Ask to be assessed if you have the other signs.",https://academic.oup.com/jcem/article/108/10/2447/7242360
351,PCOS & Hormonal Health,"PCOS, weight & insulin resistance",Do thin women with PCOS still need blood sugar tests?,Yes. Testing at diagnosis is recommended for all adults and adolescents with PCOS regardless of weight. Weight is not a reliable guide to blood sugar. Ask for the test.,https://academic.oup.com/jcem/article/108/10/2447/7242360
352,PCOS & Hormonal Health,"PCOS, weight & insulin resistance",How is blood sugar tested in PCOS?,The most accurate method involves drinking a sugar solution and having blood checked afterwards. It is recommended at the time of diagnosis. Your doctor will tell you how to prepare.,https://academic.oup.com/jcem/article/108/10/2447/7242360
353,PCOS & Hormonal Health,"PCOS, weight & insulin resistance",How often should blood sugar be rechecked?,"Usually every one to three years, depending on your risk factors, and also when you are planning a pregnancy. Do not wait for symptoms. Regular testing is how problems are caught early.",https://academic.oup.com/jcem/article/108/10/2447/7242360
354,PCOS & Hormonal Health,"PCOS, weight & insulin resistance",Will I definitely get diabetes if I have PCOS?,No. PCOS raises the risk of type two diabetes but does not make it certain. Regular testing and lifestyle measures reduce the risk. Many women with PCOS never develop diabetes.,https://www.who.int/news-room/fact-sheets/detail/polycystic-ovary-syndrome
355,PCOS & Hormonal Health,"PCOS, weight & insulin resistance",Does PCOS affect blood sugar during pregnancy?,Women with PCOS have a higher chance of developing diabetes during pregnancy. Blood sugar should be checked when planning a pregnancy. Tell your antenatal health worker about your PCOS.,https://www.who.int/news-room/fact-sheets/detail/polycystic-ovary-syndrome
356,PCOS & Hormonal Health,"PCOS, weight & insulin resistance",Should I have my cholesterol checked?,"Yes, a cholesterol test is recommended for all women with PCOS at diagnosis. How often it is repeated depends on the result and your other heart risks. Ask your doctor to explain your numbers.",https://academic.oup.com/jcem/article/108/10/2447/7242360
357,PCOS & Hormonal Health,"PCOS, weight & insulin resistance",Why is heart health part of PCOS care?,"PCOS is linked with high blood pressure, high cholesterol and cardiovascular disease. Checking blood pressure yearly and cholesterol at diagnosis is part of standard care. These checks protect your long term health.",https://academic.oup.com/jcem/article/108/10/2447/7242360
358,PCOS & Hormonal Health,"PCOS, weight & insulin resistance",How often should my blood pressure be checked?,"Every year if you have PCOS, and additionally when planning a pregnancy or fertility treatment. It takes only a moment at any health centre. High blood pressure often has no symptoms.",https://academic.oup.com/jcem/article/108/10/2447/7242360
359,PCOS & Hormonal Health,"PCOS, weight & insulin resistance",Is losing weight the answer to PCOS?,"Lifestyle measures are recommended for all women with PCOS, but the aim is broader than weight alone. Preventing further weight gain and improving health markers matters as much as the number. Extreme dieting is not recommended.",https://academic.oup.com/jcem/article/108/10/2447/7242360
360,PCOS & Hormonal Health,"PCOS, weight & insulin resistance",How much weight do I need to lose?,"There is no single target that applies to everyone. If weight loss is appropriate, a doctor or dietitian can set something realistic for your individual needs. Preventing further gain is itself a worthwhile goal.",https://academic.oup.com/jcem/article/108/10/2447/7242360
361,PCOS & Hormonal Health,"PCOS, weight & insulin resistance",Is there one best diet for PCOS?,No single diet has been shown to be better than others for PCOS. Sustainable healthy eating suited to your own preferences is what is recommended. Very restrictive diets are specifically discouraged.,https://academic.oup.com/jcem/article/108/10/2447/7242360
362,PCOS & Hormonal Health,"PCOS, weight & insulin resistance",Should I follow a very strict diet to control PCOS?,"No. Overly restrictive eating is not recommended, and disordered eating is a real risk in PCOS at any weight. Aim for a healthy pattern you can sustain. Get advice rather than following extreme plans.",https://academic.oup.com/jcem/article/108/10/2447/7242360
363,PCOS & Hormonal Health,"PCOS, weight & insulin resistance",How much exercise is recommended for PCOS?,"General adult activity guidance applies: about one hundred and fifty to three hundred minutes of moderate activity per week, with muscle strengthening twice a week. No particular type of exercise is better than another for PCOS. Choose something you can keep doing.",https://academic.oup.com/jcem/article/108/10/2447/7242360
364,PCOS & Hormonal Health,"PCOS, weight & insulin resistance",What counts as moderate activity?,"Activity that raises your breathing and heart rate but still lets you talk, such as brisk walking or active housework. Spread it across the week. Any regular activity is better than none.",https://academic.oup.com/jcem/article/108/10/2447/7242360
365,PCOS & Hormonal Health,"PCOS, weight & insulin resistance",Does exercise help even if I do not lose weight?,"Yes. Exercise alone, or combined with diet changes, is recommended for the metabolic benefits in PCOS. Improvements in blood sugar and blood pressure can happen without a change on the scale. Keep going even if the weight is stable.",https://academic.oup.com/jcem/article/108/10/2447/7242360
366,PCOS & Hormonal Health,"PCOS, weight & insulin resistance",Is walking enough exercise for PCOS?,Regular brisk walking counts towards the recommended activity. No specific exercise type has been shown to be superior. Adding some muscle strengthening twice a week is also advised.,https://academic.oup.com/jcem/article/108/10/2447/7242360
367,PCOS & Hormonal Health,"PCOS, weight & insulin resistance",Is there medicine to help with the blood sugar side of PCOS?,Doctors do use medicines to improve the metabolic side of PCOS in suitable women. Whether one is right for you is a decision for your doctor after tests. Never take a medicine on someone else's advice.,https://academic.oup.com/jcem/article/108/10/2447/7242360
368,PCOS & Hormonal Health,"PCOS, weight & insulin resistance",Can I take a medicine I heard helps with PCOS weight?,"No, do not take any medicine without a doctor prescribing it for you after assessing you. Medicines used in PCOS have specific indications and are not suitable for everyone. Ask your doctor instead.",https://academic.oup.com/jcem/article/108/10/2447/7242360
369,PCOS & Hormonal Health,"PCOS, weight & insulin resistance",Does PCOS make it harder to lose weight?,"Many women with PCOS find weight harder to manage, and healthcare workers are advised to be aware of weight stigma when discussing this. Difficulty is not a sign of failure on your part. Ask for practical support rather than blaming yourself.",https://academic.oup.com/jcem/article/108/10/2447/7242360
370,PCOS & Hormonal Health,"PCOS, weight & insulin resistance",Should a lifestyle plan be decided for me or with me?,With you. Lifestyle plans are recommended to be developed in partnership with the woman herself. A plan you did not agree to rarely works. Say what is realistic in your circumstances.,https://academic.oup.com/jcem/article/108/10/2447/7242360
371,PCOS & Hormonal Health,"PCOS, weight & insulin resistance",Should I be worried about fat in the liver with PCOS?,"A liver condition related to fat in the liver is among the problems linked with PCOS. It usually causes no symptoms early on, so it is found through follow-up rather than by how you feel. Keep your regular appointments.",https://www.who.int/news-room/fact-sheets/detail/polycystic-ovary-syndrome
372,PCOS & Hormonal Health,"PCOS, weight & insulin resistance",Does PCOS cause sleep apnoea?,"Women with PCOS have a higher rate of a breathing problem during sleep, and this is independent of weight. Screening is recommended if you snore, wake unrefreshed, or feel sleepy in the day. Mention these symptoms to your doctor.",https://academic.oup.com/jcem/article/108/10/2447/7242360
373,PCOS & Hormonal Health,"PCOS, weight & insulin resistance",Why does sleep matter in PCOS?,"Poor sleep from a breathing problem affects daytime energy and overall health, and it is more common in PCOS. It can be assessed and treated. Do not dismiss constant tiredness as normal.",https://academic.oup.com/jcem/article/108/10/2447/7242360
374,PCOS & Hormonal Health,"PCOS, weight & insulin resistance",Can lifestyle change alone manage PCOS?,"Lifestyle change is recommended for all women with PCOS and helps, but many women also need medical treatment for specific symptoms. The two work together. Keep your regular check-ups either way.",https://academic.oup.com/jcem/article/108/10/2447/7242360
375,PCOS & Hormonal Health,"PCOS, weight & insulin resistance",Should I stop my check-ups if my weight improves?,No. Blood pressure is checked yearly and blood sugar every one to three years regardless of how you look or feel. The linked risks do not disappear with weight change. Keep attending.,https://academic.oup.com/jcem/article/108/10/2447/7242360
376,PCOS & Hormonal Health,"PCOS, weight & insulin resistance",Is it my fault if I have gained weight with PCOS?,"No. Weight change is a recognised feature of the condition itself, and health workers are specifically advised to avoid weight stigma. Blaming yourself does not help and is not accurate. Focus on the steps that are within your reach.",https://academic.oup.com/jcem/article/108/10/2447/7242360
377,PCOS & Hormonal Health,"PCOS, weight & insulin resistance",What if I cannot afford special food or a gym?,"You do not need either. Ordinary home food eaten in a balanced way and daily activity such as brisk walking or housework both count. The recommendations are about patterns, not expensive products.",https://academic.oup.com/jcem/article/108/10/2447/7242360
378,PCOS & Hormonal Health,"PCOS, weight & insulin resistance",What is the single most useful thing I can do for the metabolic side of PCOS?,"Get your blood sugar, blood pressure and cholesterol checked as recommended, and keep up regular physical activity. Those two together address most of the linked risks. Combine them with the follow-up your doctor advises.",https://academic.oup.com/jcem/article/108/10/2447/7242360
379,PCOS & Hormonal Health,Skin & hair changes,Why does PCOS cause extra hair growth?,"Higher than normal levels of male-type hormones cause hair to grow in a male pattern, on the face or body. It is a direct result of the hormonal change. It can be treated.",https://www.who.int/news-room/fact-sheets/detail/polycystic-ovary-syndrome
380,PCOS & Hormonal Health,Skin & hair changes,What is hirsutism?,"It is the medical word for unwanted hair growth in a male pattern, such as on the face, chest or stomach. It is one of the recognised signs of PCOS. Doctors assess it with a scoring method.",https://academic.oup.com/jcem/article/108/10/2447/7242360
381,PCOS & Hormonal Health,Skin & hair changes,Is extra hair growth a reliable sign of PCOS?,"Hirsutism on its own is a strong pointer, as it predicts both raised male-type hormones and PCOS. But diagnosis still needs the full assessment. Mention it clearly to your doctor.",https://academic.oup.com/jcem/article/108/10/2447/7242360
382,PCOS & Hormonal Health,Skin & hair changes,How do doctors decide if my hair growth is excessive?,"They use a scoring method that looks at hair in several areas of the body, adjusted for ethnic background. Normal hair patterns genuinely differ between communities. This adjustment prevents wrong conclusions.",https://academic.oup.com/jcem/article/108/10/2447/7242360
383,PCOS & Hormonal Health,Skin & hair changes,Everyone in my family has facial hair. Does that mean it is not PCOS?,"Family and community hair patterns vary a great deal, and doctors take this into account when assessing you. It matters most when it appears alongside irregular periods or other signs. A doctor can judge this properly.",https://academic.oup.com/jcem/article/108/10/2447/7242360
384,PCOS & Hormonal Health,Skin & hair changes,Can PCOS cause hair loss from my head?,"Yes, thinning of hair on the head in a female pattern is one of the recognised signs of PCOS. It comes from the same hormonal cause as the extra body hair. Treatments exist, so speak to a doctor.",https://www.who.int/news-room/fact-sheets/detail/polycystic-ovary-syndrome
385,PCOS & Hormonal Health,Skin & hair changes,Is hair loss from PCOS permanent?,"Treatment is available for the hormonal cause, and doctors use specific medicines for this. Results vary between women. Getting assessed early gives the best chance.",https://www.who.int/news-room/fact-sheets/detail/polycystic-ovary-syndrome
386,PCOS & Hormonal Health,Skin & hair changes,Why does PCOS cause acne?,"The higher male-type hormone levels increase oil production in the skin, which leads to acne and oily skin. It is one of the common signs of the condition. It is not caused by poor washing.",https://www.who.int/news-room/fact-sheets/detail/polycystic-ovary-syndrome
387,PCOS & Hormonal Health,Skin & hair changes,Is my acne caused by dirt or the food I eat?,"Acne in PCOS is driven by the hormonal change, not by uncleanliness. Washing harder will not fix it. If acne comes with irregular periods, mention both to a doctor.",https://www.who.int/news-room/fact-sheets/detail/polycystic-ovary-syndrome
388,PCOS & Hormonal Health,Skin & hair changes,What treatments are there for unwanted hair in PCOS?,Doctors use medicines that block the effect of male-type hormones to treat unwanted hair and acne. These need to be prescribed and monitored. Do not take anything without a doctor's assessment.,https://www.who.int/news-room/fact-sheets/detail/polycystic-ovary-syndrome
389,PCOS & Hormonal Health,Skin & hair changes,Can hormone tablets help with acne and hair growth?,Combined hormonal contraceptive tablets are used in PCOS both to regulate cycles and to help with the effects of raised male-type hormones. Whether they suit you is a medical decision. Discuss it with a doctor.,https://www.who.int/news-room/fact-sheets/detail/polycystic-ovary-syndrome
390,PCOS & Hormonal Health,Skin & hair changes,How long do treatments for hair and skin take to work?,Changes in hair and skin take time because hair grows slowly. Continue as your doctor directs rather than stopping early. Ask them what timeframe to expect.,https://www.who.int/news-room/fact-sheets/detail/polycystic-ovary-syndrome
391,PCOS & Hormonal Health,Skin & hair changes,Can I use creams or remedies from a shop for PCOS acne?,"Ask a doctor before using anything, because acne driven by hormones needs a different approach. Some products can irritate the skin further. A proper assessment is more useful than trying products.",https://www.who.int/news-room/fact-sheets/detail/polycystic-ovary-syndrome
392,PCOS & Hormonal Health,Skin & hair changes,Is removing hair at home safe?,Ordinary hair removal is a personal choice and does not make the condition worse. But it does not address the hormonal cause. Treating the cause is what reduces regrowth.,https://www.who.int/news-room/fact-sheets/detail/polycystic-ovary-syndrome
393,PCOS & Hormonal Health,Skin & hair changes,Will removing hair make it grow back thicker?,"Hair growth in PCOS is driven by the hormone levels, not by removing it. Addressing the hormonal cause is what changes the growth. Discuss treatment options with a doctor.",https://www.who.int/news-room/fact-sheets/detail/polycystic-ovary-syndrome
394,PCOS & Hormonal Health,Skin & hair changes,Does darkened skin in body folds relate to PCOS?,"Skin changes can accompany the metabolic problems linked with PCOS, such as insulin resistance. Show any such change to your doctor. It may prompt them to check your blood sugar.",https://www.who.int/news-room/fact-sheets/detail/polycystic-ovary-syndrome
395,PCOS & Hormonal Health,Skin & hair changes,"Should skin and hair problems be treated, or are they just cosmetic?","They are recognised medical features of PCOS and are treated as part of proper care. They also affect wellbeing and body image, which doctors are advised to ask about. Asking for treatment is entirely reasonable.",https://academic.oup.com/jcem/article/108/10/2447/7242360
396,PCOS & Hormonal Health,Skin & hair changes,How do skin and hair changes affect how women feel?,"Body image concerns are recognised in PCOS and doctors are advised to assess them. Feeling distressed about these changes is common and understandable. Say so at your appointment, because it is part of your care.",https://academic.oup.com/jcem/article/108/10/2447/7242360
397,PCOS & Hormonal Health,Skin & hair changes,I feel ashamed of my facial hair. Is that common?,"Yes, many women with PCOS feel this way, and body image distress is a recognised part of the condition. It is a medical symptom, not a personal failing. Treatment is available and it is worth asking for.",https://academic.oup.com/jcem/article/108/10/2447/7242360
398,PCOS & Hormonal Health,Skin & hair changes,Should I mention skin and hair changes even if I came about my periods?,"Yes, always mention them. Together they build the picture the doctor needs for a diagnosis. Skin and hair signs are among the key findings used.",https://www.who.int/news-room/fact-sheets/detail/polycystic-ovary-syndrome
399,PCOS & Hormonal Health,Skin & hair changes,Do skin and hair signs alone confirm PCOS?,"No, at least two of the three diagnostic findings are needed, and other causes must be excluded. Skin and hair changes count as one of them. A full assessment is still required.",https://www.who.int/news-room/fact-sheets/detail/polycystic-ovary-syndrome
400,PCOS & Hormonal Health,Skin & hair changes,Can blood tests show the cause of my hair growth?,"Yes, doctors measure total and free testosterone to look for raised male-type hormone levels. This helps confirm whether the hair growth is hormonal. Ask which tests are being done.",https://academic.oup.com/jcem/article/108/10/2447/7242360
401,PCOS & Hormonal Health,Skin & hair changes,Can acne and hair growth appear before the period problems?,The signs of PCOS can appear in different orders in different women. Any of them alone is worth mentioning. Do not wait for all the symptoms to appear before seeking help.,https://www.who.int/news-room/fact-sheets/detail/polycystic-ovary-syndrome
402,PCOS & Hormonal Health,Skin & hair changes,Are skin and hair changes worse in some women than others?,"Yes, the severity varies a great deal between women with PCOS. Some have marked changes and others almost none. Severity does not decide how important the other health checks are.",https://www.who.int/news-room/fact-sheets/detail/polycystic-ovary-syndrome
403,PCOS & Hormonal Health,Skin & hair changes,Will these changes go away after menopause?,PCOS symptoms can change over the course of life. It is managed as a long term condition rather than one that simply ends. Keep up your regular health checks regardless.,https://www.who.int/news-room/fact-sheets/detail/polycystic-ovary-syndrome
404,PCOS & Hormonal Health,Skin & hair changes,Does treating the hair and skin also treat the rest of PCOS?,"No. Treatments for hair and skin address those symptoms, but the blood sugar, blood pressure and cholesterol checks are still needed. PCOS care has several parts. Keep all of them going.",https://academic.oup.com/jcem/article/108/10/2447/7242360
405,PCOS & Hormonal Health,Skin & hair changes,Can lifestyle changes improve the skin and hair signs?,Lifestyle measures are recommended for all women with PCOS and support overall management. Medical treatment is usually also needed for hair and skin specifically. Use both together.,https://academic.oup.com/jcem/article/108/10/2447/7242360
406,PCOS & Hormonal Health,Skin & hair changes,Is laser or clinic hair removal necessary?,"It is one option some women choose, but it is not required and is not available everywhere. Treating the hormonal cause is the medical approach. Discuss what is realistic where you live.",https://www.who.int/news-room/fact-sheets/detail/polycystic-ovary-syndrome
407,PCOS & Hormonal Health,Skin & hair changes,Can I be treated for the hair and skin if I am not trying to conceive?,Yes. Treatment for these symptoms is offered regardless of whether you want children. Your comfort and wellbeing are valid reasons for care. Ask your doctor about the options.,https://www.who.int/news-room/fact-sheets/detail/polycystic-ovary-syndrome
408,PCOS & Hormonal Health,Skin & hair changes,Do I need to see a skin doctor or a general doctor?,"Start with a general doctor or health centre, who can assess you for PCOS as a whole. They can refer you onward if needed. The hormonal cause is what needs identifying first.",https://www.who.int/news-room/fact-sheets/detail/polycystic-ovary-syndrome
409,PCOS & Hormonal Health,Skin & hair changes,Is it worth going to a doctor just for acne?,"Yes, particularly if it comes with irregular periods or unwanted hair growth, because together they suggest PCOS. Acne alone is also treatable. Going is worthwhile either way.",https://www.who.int/news-room/fact-sheets/detail/polycystic-ovary-syndrome
410,PCOS & Hormonal Health,Skin & hair changes,What should I say to a doctor about my skin and hair?,"Describe where the hair grows, when it started, and whether your periods are irregular. Mention acne, oily skin and any hair thinning. Bringing your cycle record alongside makes the picture clear.",https://academic.oup.com/jcem/article/108/10/2447/7242360
411,PCOS & Hormonal Health,Thyroid & other hormonal imbalances,What is the thyroid?,"It is a gland in the neck that makes hormones controlling how the body uses energy. When it makes too little or too much, it affects many parts of the body. A blood test can check how it is working.",https://www.thyroid.org/new-ata-guidelines-for-thyroid-disease-in-preconception-pregnancy-and-postpartum/
412,PCOS & Hormonal Health,Thyroid & other hormonal imbalances,Can a thyroid problem affect my periods?,Thyroid problems are one of the conditions doctors consider when periods are disturbed. This is why other causes are excluded before PCOS is diagnosed. A blood test can check your thyroid.,https://www.who.int/news-room/fact-sheets/detail/polycystic-ovary-syndrome
413,PCOS & Hormonal Health,Thyroid & other hormonal imbalances,Can a thyroid problem make it harder to conceive?,"Thyroid disease is recognised as relevant to women with fertility difficulties, and specific guidance exists for assessing it before and during pregnancy. If you are struggling to conceive, ask about thyroid testing. It is a simple blood test.",https://www.thyroid.org/new-ata-guidelines-for-thyroid-disease-in-preconception-pregnancy-and-postpartum/
414,PCOS & Hormonal Health,Thyroid & other hormonal imbalances,Should my thyroid be checked if my periods are irregular?,"Because several hormonal conditions can disturb periods, doctors exclude other causes before diagnosing PCOS. Thyroid testing may be part of that. Ask your doctor which tests they are doing and why.",https://www.who.int/news-room/fact-sheets/detail/polycystic-ovary-syndrome
415,PCOS & Hormonal Health,Thyroid & other hormonal imbalances,What is an underactive thyroid?,"It means the thyroid is making too little hormone, which slows many body processes. It is one of the conditions covered by thyroid guidance for women before and during pregnancy. A doctor diagnoses it with a blood test.",https://www.thyroid.org/new-ata-guidelines-for-thyroid-disease-in-preconception-pregnancy-and-postpartum/
416,PCOS & Hormonal Health,Thyroid & other hormonal imbalances,What is an overactive thyroid?,"It means the thyroid is making too much hormone, which speeds many body processes. It is one of the recognised thyroid conditions affecting women in pregnancy and beyond. It needs medical assessment and treatment.",https://www.thyroid.org/new-ata-guidelines-for-thyroid-disease-in-preconception-pregnancy-and-postpartum/
417,PCOS & Hormonal Health,Thyroid & other hormonal imbalances,Should I have my thyroid checked in pregnancy?,"Thyroid function testing in pregnancy is covered by specific clinical guidance, and whether you need it depends on your situation. Ask your antenatal health worker. Do not arrange or interpret tests on your own.",https://www.thyroid.org/new-ata-guidelines-for-thyroid-disease-in-preconception-pregnancy-and-postpartum/
418,PCOS & Hormonal Health,Thyroid & other hormonal imbalances,Can thyroid problems appear after childbirth?,"Yes, thyroid problems occurring after childbirth are recognised and are specifically covered by clinical guidance. If you feel unusually tired, low, or unwell in the months after birth, mention it. A blood test can check for it.",https://www.thyroid.org/new-ata-guidelines-for-thyroid-disease-in-preconception-pregnancy-and-postpartum/
419,PCOS & Hormonal Health,Thyroid & other hormonal imbalances,Is iodine important for the thyroid?,"Iodine is needed for the thyroid to work, and guidance on iodine for women before, during and after pregnancy exists. Do not start supplements on your own. Ask a health worker what is advised where you live.",https://www.thyroid.org/new-ata-guidelines-for-thyroid-disease-in-preconception-pregnancy-and-postpartum/
420,PCOS & Hormonal Health,Thyroid & other hormonal imbalances,Can I breastfeed if I have a thyroid condition?,"Thyroid care during breastfeeding is specifically addressed in clinical guidance, so it is a manageable situation. Tell your doctor you are breastfeeding. Do not stop treatment or stop feeding without advice.",https://www.thyroid.org/new-ata-guidelines-for-thyroid-disease-in-preconception-pregnancy-and-postpartum/
421,PCOS & Hormonal Health,Thyroid & other hormonal imbalances,Can I have both PCOS and a thyroid problem?,"It is possible to have more than one hormonal condition. This is why doctors assess broadly rather than stopping at one diagnosis. Report all your symptoms, not only the ones you think are connected.",https://www.who.int/news-room/fact-sheets/detail/polycystic-ovary-syndrome
422,PCOS & Hormonal Health,Thyroid & other hormonal imbalances,How do I know if my symptoms are thyroid or PCOS?,"You cannot tell them apart from symptoms alone, because they overlap. Blood tests are what separate them. See a doctor rather than deciding for yourself.",https://www.who.int/news-room/fact-sheets/detail/polycystic-ovary-syndrome
423,PCOS & Hormonal Health,Thyroid & other hormonal imbalances,What other conditions can disturb periods besides PCOS?,"Endometriosis, adenomyosis, fibroids, bleeding disorders, premenstrual conditions, and early loss of ovary function are all recognised causes. Thyroid problems are also considered. This is why a proper assessment matters.",https://www.who.int/news-room/fact-sheets/detail/menstrual-health
424,PCOS & Hormonal Health,Thyroid & other hormonal imbalances,What is early loss of ovary function?,"It is a condition in which the ovaries stop working earlier than expected, and it is one of the recognised causes of menstrual problems. It needs medical assessment. Do not assume absent periods are always PCOS.",https://www.who.int/news-room/fact-sheets/detail/menstrual-health
425,PCOS & Hormonal Health,Thyroid & other hormonal imbalances,What are fibroids?,They are growths in the womb and are one of the recognised conditions associated with problematic menstruation. They can cause heavy or painful bleeding. A doctor can assess whether they are the cause.,https://www.who.int/news-room/fact-sheets/detail/menstrual-health
426,PCOS & Hormonal Health,Thyroid & other hormonal imbalances,What is endometriosis?,"It is a condition recognised as a cause of difficult and painful menstruation. It requires medical diagnosis. If your period pain is severe or worsening, ask to be assessed for it.",https://www.who.int/news-room/fact-sheets/detail/menstrual-health
427,PCOS & Hormonal Health,Thyroid & other hormonal imbalances,Can a bleeding disorder cause heavy periods?,"Yes, bleeding disorders are among the recognised causes of problematic menstrual bleeding. They are diagnosed with blood tests. Mention any easy bruising or bleeding elsewhere to your doctor.",https://www.who.int/news-room/fact-sheets/detail/menstrual-health
428,PCOS & Hormonal Health,Thyroid & other hormonal imbalances,Do I need to see a specialist for hormonal problems?,"Start at your nearest health centre or with a general doctor, who can do initial tests and refer you if needed. Care for these conditions is meant to start in general services. You do not need to find a specialist yourself first.",https://academic.oup.com/jcem/article/108/10/2447/7242360
429,PCOS & Hormonal Health,Thyroid & other hormonal imbalances,Can hormonal problems be treated?,"Yes, most hormonal conditions can be managed well once they are correctly identified. The difficulty is usually in getting diagnosed rather than in treatment. This is why testing matters.",https://www.who.int/news-room/fact-sheets/detail/polycystic-ovary-syndrome
430,PCOS & Hormonal Health,Thyroid & other hormonal imbalances,Should I take a hormone medicine someone recommended?,"No. Never take hormone medicines without a doctor prescribing them for you after tests. The same symptoms can come from opposite hormonal problems, so the wrong treatment can cause harm. Get tested first.",https://www.who.int/news-room/fact-sheets/detail/polycystic-ovary-syndrome
431,PCOS & Hormonal Health,Thyroid & other hormonal imbalances,How long do hormonal conditions last?,Many are long term conditions needing ongoing management rather than a one-off cure. Regular follow-up is part of the care. Keep your appointments even when you feel well.,https://www.who.int/news-room/fact-sheets/detail/polycystic-ovary-syndrome
432,PCOS & Hormonal Health,Thyroid & other hormonal imbalances,What should I tell the doctor about my hormonal symptoms?,"Describe your period pattern, any weight, hair, skin, energy or mood changes, and when each began. Bring a record of your cycle dates. The full picture is what lets them test correctly.",https://academic.oup.com/jcem/article/108/10/2447/7242360
433,PCOS & Hormonal Health,Lifestyle management,What lifestyle changes help with PCOS?,"Regular physical activity, either alone or together with healthy eating and practical habit changes, is recommended for all women with PCOS. It improves the metabolic side of the condition. It works best alongside medical follow-up.",https://academic.oup.com/jcem/article/108/10/2447/7242360
434,PCOS & Hormonal Health,Lifestyle management,Is lifestyle advice for every woman with PCOS or only some?,"It is recommended for all women with PCOS, whatever their weight. The benefits are about health, not appearance. Everyone with the diagnosis should be offered it.",https://academic.oup.com/jcem/article/108/10/2447/7242360
435,PCOS & Hormonal Health,Lifestyle management,Should the plan be made to suit me personally?,"Yes, lifestyle plans are meant to be developed in partnership with you, taking your preferences and goals into account. A plan that does not fit your life will not last. Say clearly what is and is not realistic for you.",https://academic.oup.com/jcem/article/108/10/2447/7242360
436,PCOS & Hormonal Health,Lifestyle management,Which diet is best for PCOS?,No one diet has been shown to be better than another. What is recommended is sustainable healthy eating that matches your own preferences and follows general healthy eating advice. Avoid very restrictive plans.,https://academic.oup.com/jcem/article/108/10/2447/7242360
437,PCOS & Hormonal Health,Lifestyle management,Should I cut out whole food groups?,"Restrictive and unbalanced eating is specifically discouraged in PCOS. Aim for a varied, sustainable pattern instead. If someone advises cutting out major foods, check with a doctor or dietitian first.",https://academic.oup.com/jcem/article/108/10/2447/7242360
438,PCOS & Hormonal Health,Lifestyle management,Do I need to buy special foods for PCOS?,"No. General healthy eating guidance applies, and ordinary home food eaten in a balanced way meets it. Expensive products are not required. Consistency matters more than special items.",https://academic.oup.com/jcem/article/108/10/2447/7242360
439,PCOS & Hormonal Health,Lifestyle management,How much activity should I aim for each week?,"About one hundred and fifty to three hundred minutes of moderate activity per week for adults, plus muscle strengthening twice a week. This follows general population guidance. Spread it across the week rather than doing it all at once.",https://academic.oup.com/jcem/article/108/10/2447/7242360
440,PCOS & Hormonal Health,Lifestyle management,Which type of exercise is best for PCOS?,No particular type or intensity has been shown to be better than others. Choose something you can do regularly and safely. Regularity matters more than the type.,https://academic.oup.com/jcem/article/108/10/2447/7242360
441,PCOS & Hormonal Health,Lifestyle management,Can housework and farm work count as my activity?,Activity that raises your breathing and heart rate counts towards the recommendation. Daily physical work can contribute. What matters is that it is regular and sustained.,https://academic.oup.com/jcem/article/108/10/2447/7242360
442,PCOS & Hormonal Health,Lifestyle management,Is exercise useful if my weight does not change?,"Yes. Exercise is recommended for its metabolic benefits in PCOS, which occur independently of weight change. Blood sugar and blood pressure can improve without the scale moving. Keep going.",https://academic.oup.com/jcem/article/108/10/2447/7242360
443,PCOS & Hormonal Health,Lifestyle management,Should the goal be losing weight or something else?,"The aims include preventing further weight gain and improving health markers, not only weight loss. If weight loss is appropriate, a realistic individual target can be set with a professional. There is no single number for everyone.",https://academic.oup.com/jcem/article/108/10/2447/7242360
444,PCOS & Hormonal Health,Lifestyle management,Is it normal to struggle with weight despite trying?,"Yes, many women with PCOS find this, and health workers are specifically advised to be aware of weight stigma. Struggling is not a personal failing. Ask for practical support rather than blaming yourself.",https://academic.oup.com/jcem/article/108/10/2447/7242360
445,PCOS & Hormonal Health,Lifestyle management,What is weight stigma and why does it matter here?,"It means being judged or treated poorly because of weight, and healthcare workers are advised to be conscious of it when discussing lifestyle in PCOS. It discourages women from seeking care. You are entitled to be treated respectfully.",https://academic.oup.com/jcem/article/108/10/2447/7242360
446,PCOS & Hormonal Health,Lifestyle management,Can PCOS affect my eating patterns?,"Disordered eating should be considered in PCOS regardless of a woman's weight, particularly in the context of weight management. If your relationship with food feels difficult or out of control, say so. It is a recognised part of the picture and help exists.",https://academic.oup.com/jcem/article/108/10/2447/7242360
447,PCOS & Hormonal Health,Lifestyle management,Should I be screened for low mood if I have PCOS?,"Yes, screening for depression is recommended for all adults and adolescents with PCOS, using tools suited to the local setting. Screening for anxiety is recommended in adults. If your doctor does not ask, raise it yourself.",https://academic.oup.com/jcem/article/108/10/2447/7242360
448,PCOS & Hormonal Health,Lifestyle management,What happens if the mood screening shows a problem?,"The doctor should assess you further, offer treatment, or refer you appropriately. Moderate or severe symptoms are not left unaddressed. Help is a normal part of PCOS care, not an extra.",https://academic.oup.com/jcem/article/108/10/2447/7242360
449,PCOS & Hormonal Health,Lifestyle management,Is anxiety and low mood common with PCOS?,"Yes, mental health effects including anxiety and depression are among the recognised features of PCOS. You are not imagining the connection. Tell your doctor, because it is treated as part of the condition.",https://www.who.int/news-room/fact-sheets/detail/polycystic-ovary-syndrome
450,PCOS & Hormonal Health,Lifestyle management,Does PCOS affect how I feel about my body?,"Body image disturbance is recognised in PCOS and doctors are advised to assess it. Changes in hair, skin and weight understandably affect how women feel. Talking about it is part of getting proper care.",https://academic.oup.com/jcem/article/108/10/2447/7242360
451,PCOS & Hormonal Health,Lifestyle management,How do I explain PCOS to my family?,"You can say it is a common hormonal condition affecting around one in ten women, which changes periods and hormone levels and needs regular check-ups. It is not caused by anything you did. Bringing a family member to an appointment can help them hear it from the doctor.",https://www.who.int/news-room/fact-sheets/detail/polycystic-ovary-syndrome
452,PCOS & Hormonal Health,Lifestyle management,How often do I need to see a doctor once diagnosed?,"Blood pressure yearly, blood sugar every one to three years, and cholesterol follow-up depending on your results and risks. Additional checks apply when planning a pregnancy. Your doctor will set your schedule.",https://academic.oup.com/jcem/article/108/10/2447/7242360
453,PCOS & Hormonal Health,Lifestyle management,Do I need follow-up if my symptoms are mild?,"Yes. The linked risks to blood sugar, blood pressure, heart and womb exist regardless of how troublesome your symptoms feel. Follow-up is about those risks. Keep attending.",https://www.who.int/news-room/fact-sheets/detail/polycystic-ovary-syndrome
454,PCOS & Hormonal Health,Lifestyle management,Can PCOS be cured?,"There is no cure, but symptoms can be managed effectively and the linked risks reduced. Many women live well with it. Ongoing care is what makes the difference.",https://www.who.int/news-room/fact-sheets/detail/polycystic-ovary-syndrome
455,PCOS & Hormonal Health,Lifestyle management,Will my PCOS get worse over time?,Symptoms can change over the course of life rather than simply worsening. Regular follow-up allows changes to be picked up and managed. Do not assume it will inevitably get worse.,https://www.who.int/news-room/fact-sheets/detail/polycystic-ovary-syndrome
456,PCOS & Hormonal Health,Lifestyle management,Should I stop treatment when symptoms improve?,Never stop a prescribed treatment without speaking to your doctor. Improvement often reflects the treatment working. Discuss any change with them first.,https://www.who.int/news-room/fact-sheets/detail/polycystic-ovary-syndrome
457,PCOS & Hormonal Health,Lifestyle management,What should I do if I am planning a pregnancy?,"Tell your doctor, because blood sugar and blood pressure should be checked when planning a pregnancy or fertility treatment. PCOS raises the chance of diabetes in pregnancy. Planning ahead makes the pregnancy safer.",https://academic.oup.com/jcem/article/108/10/2447/7242360
458,PCOS & Hormonal Health,Lifestyle management,Can I do anything to improve my chances of conceiving?,Lifestyle measures are recommended for all women with PCOS and support general health. Treatments to help ovulation exist and a doctor can discuss them. See someone early rather than trying alone for years.,https://www.who.int/news-room/fact-sheets/detail/polycystic-ovary-syndrome
459,PCOS & Hormonal Health,Lifestyle management,Where should PCOS care normally take place?,"Care is meant to be accessible in general primary care, with referral to specialists when needed. You should not have to find a specialist yourself first. Start at your nearest health centre.",https://academic.oup.com/jcem/article/108/10/2447/7242360
460,PCOS & Hormonal Health,Lifestyle management,What if my health worker does not know much about PCOS?,"Gaps in knowledge about PCOS among health workers are a recognised problem. You may ask for the specific checks, or seek another opinion. Taking a written record of your symptoms and cycle helps.",https://academic.oup.com/jcem/article/108/10/2447/7242360
461,PCOS & Hormonal Health,Lifestyle management,Should decisions about my treatment be made with me?,"Yes, shared decision making is emphasised throughout PCOS care, along with information that suits your language and situation. You are entitled to understand and agree with your treatment. Ask questions until it is clear.",https://academic.oup.com/jcem/article/108/10/2447/7242360
462,PCOS & Hormonal Health,Lifestyle management,Can I get information about PCOS in my own language?,Guidance emphasises that information resources should be tailored and culturally appropriate. Ask your health worker to explain in the language you are comfortable in. Understanding your condition is part of your care.,https://academic.oup.com/jcem/article/108/10/2447/7242360
463,PCOS & Hormonal Health,Lifestyle management,Is it worth managing PCOS if I feel well?,"Yes. The main reasons for care are the longer term risks to blood sugar, blood pressure, heart and womb, which often develop without symptoms. Feeling well does not mean these are being checked. Keep your appointments.",https://www.who.int/news-room/fact-sheets/detail/polycystic-ovary-syndrome
464,PCOS & Hormonal Health,Lifestyle management,What are the most important things to do after being diagnosed?,"Have your blood sugar, cholesterol and blood pressure checked, discuss your periods and any hair or skin symptoms, tell the doctor about your mood, and agree a realistic activity and eating plan. Then keep the follow-up schedule. Those steps cover most of what matters.",https://academic.oup.com/jcem/article/108/10/2447/7242360
465,PCOS & Hormonal Health,Lifestyle management,Can smoking or tobacco use make PCOS worse?,"PCOS is already linked with heart and blood vessel risks, so avoiding tobacco is important for that reason. Ask a health worker if you need help stopping. It is one of the clearest benefits available to you.",https://www.who.int/news-room/fact-sheets/detail/polycystic-ovary-syndrome
466,PCOS & Hormonal Health,Lifestyle management,Who can support me in living with PCOS?,"Your health worker, and where available a dietitian or counsellor, since PCOS care is meant to involve several kinds of support. Family understanding helps a great deal too. Ask what services exist in your area.",https://academic.oup.com/jcem/article/108/10/2447/7242360
467,PCOS & Hormonal Health,Myths about PCOS & hormones,Is it true that PCOS means I can never have children?,"No. PCOS is a leading cause of difficulty conceiving, but many women with PCOS do have children. Treatments to help the ovaries release eggs, and other fertility options, exist. See a doctor early rather than assuming.",https://www.who.int/news-room/fact-sheets/detail/polycystic-ovary-syndrome
468,PCOS & Hormonal Health,Myths about PCOS & hormones,Is PCOS caused by eating too much sugar?,"No. PCOS is a hormonal condition involving raised male-type hormone levels. Insulin problems are linked with it, but food choices are not the cause. Managing diet helps the metabolic side, but it did not create the condition.",https://www.who.int/news-room/fact-sheets/detail/polycystic-ovary-syndrome
469,PCOS & Hormonal Health,Myths about PCOS & hormones,Is PCOS a punishment or a result of something I did?,"No. It is a common hormonal condition affecting around one in ten women of childbearing age worldwide. Nothing you did brought it on. It deserves medical care, not shame.",https://www.who.int/news-room/fact-sheets/detail/polycystic-ovary-syndrome
470,PCOS & Hormonal Health,Myths about PCOS & hormones,Is PCOS rare?,"No, it is common, affecting an estimated ten to thirteen women in every hundred of childbearing age. It only seems rare because around seven in ten cases are never diagnosed. Many women around you may have it.",https://www.who.int/news-room/fact-sheets/detail/polycystic-ovary-syndrome
471,PCOS & Hormonal Health,Myths about PCOS & hormones,Do only overweight women get PCOS?,"No. PCOS occurs in women of all body sizes, which is why blood sugar testing is recommended regardless of weight. Being slim does not rule it out or remove the linked risks. Assessment is based on the signs, not the size.",https://academic.oup.com/jcem/article/108/10/2447/7242360
472,PCOS & Hormonal Health,Myths about PCOS & hormones,Will PCOS go away if I lose weight?,"Lifestyle change is recommended and helps the metabolic side, but PCOS has no cure and does not simply disappear. Many women need medical treatment as well. Keep up your check-ups whatever happens to your weight.",https://www.who.int/news-room/fact-sheets/detail/polycystic-ovary-syndrome
473,PCOS & Hormonal Health,Myths about PCOS & hormones,Does getting married or having a baby cure PCOS?,"No. PCOS is a long term condition that is managed rather than cured, and its symptoms can change across life. Pregnancy does not remove it. Continue your regular checks afterwards.",https://www.who.int/news-room/fact-sheets/detail/polycystic-ovary-syndrome
474,PCOS & Hormonal Health,Myths about PCOS & hormones,Is PCOS just an excuse for being lazy or overweight?,No. It is a recognised hormonal condition with measurable hormone changes and real linked risks including diabetes and heart disease. Health workers are advised to avoid weight stigma when discussing it. Dismissing it is not medically accurate.,https://academic.oup.com/jcem/article/108/10/2447/7242360
475,PCOS & Hormonal Health,Myths about PCOS & hormones,Is irregular bleeding just a normal part of being a woman?,No. Timely diagnosis and treatment of menstrual difficulties is part of what menstrual health means. Irregular cycles have causes that can be found and often treated. It should not simply be endured.,https://www.who.int/news-room/fact-sheets/detail/menstrual-health
476,PCOS & Hormonal Health,Myths about PCOS & hormones,Is period pain something all women must simply bear?,"No. More than two in three women who menstruate experience pain, but that does not make treatment unnecessary. Access to diagnosis and treatment for menstrual difficulties is part of proper health care. Ask for help.",https://www.who.int/news-room/fact-sheets/detail/menstrual-health
477,PCOS & Hormonal Health,Myths about PCOS & hormones,Is talking about periods shameful?,No. Freedom from menstruation-related stigma is one of the recognised parts of menstrual health. Doctors treat periods as an ordinary medical matter. Speaking openly gets you better care.,https://www.who.int/news-room/fact-sheets/detail/menstrual-health
478,PCOS & Hormonal Health,Myths about PCOS & hormones,Are ovarian cysts in PCOS dangerous growths?,"The small structures seen on a scan in PCOS are follicles, not disease cysts, despite the condition's name. This is why the finding is counted rather than treated as growths. Your doctor can explain your own scan.",https://academic.oup.com/jcem/article/108/10/2447/7242360
479,PCOS & Hormonal Health,Myths about PCOS & hormones,Does PCOS always need an operation?,"No. PCOS is managed with lifestyle measures and medicines, with fertility treatments where needed. Surgery is not the standard approach. Discuss the options with a doctor.",https://www.who.int/news-room/fact-sheets/detail/polycystic-ovary-syndrome
480,PCOS & Hormonal Health,Myths about PCOS & hormones,Can herbal remedies cure PCOS?,"There is no cure for PCOS, so no remedy can cure it. Some products may interact with treatments or be unsafe. Tell your doctor about anything you are taking and rely on assessed treatment.",https://www.who.int/news-room/fact-sheets/detail/polycystic-ovary-syndrome
481,PCOS & Hormonal Health,Myths about PCOS & hormones,Should I take a medicine that helped my friend's PCOS?,No. Treatments in PCOS are chosen after tests and depend on your particular findings and plans. The same symptoms can arise from different causes. Never take a prescribed medicine that was not prescribed for you.,https://academic.oup.com/jcem/article/108/10/2447/7242360
482,PCOS & Hormonal Health,Myths about PCOS & hormones,Does taking contraceptive pills for PCOS cause infertility later?,Combined hormonal contraceptive tablets are among the recognised treatments used in PCOS to regulate cycles. Whether they suit you is a medical decision. Discuss any concerns with your doctor rather than stopping treatment on hearsay.,https://www.who.int/news-room/fact-sheets/detail/polycystic-ovary-syndrome
483,PCOS & Hormonal Health,Myths about PCOS & hormones,"If my periods come, does that mean my PCOS is gone?","No. Bleeding can occur without an egg being released, and the linked risks to blood sugar, blood pressure and the womb remain. This is why follow-up continues regardless. Keep your check-ups.",https://www.who.int/news-room/fact-sheets/detail/polycystic-ovary-syndrome
484,PCOS & Hormonal Health,Myths about PCOS & hormones,Does everyone with irregular periods have PCOS?,"No. Endometriosis, adenomyosis, fibroids, bleeding disorders, premenstrual conditions and early loss of ovary function can all disturb periods. PCOS is one cause among several. Only assessment can tell which applies.",https://www.who.int/news-room/fact-sheets/detail/menstrual-health
485,PCOS & Hormonal Health,Myths about PCOS & hormones,Can I diagnose my own PCOS from symptoms online?,"No. Diagnosis needs at least two specific findings and exclusion of other causes, which requires tests. Self-diagnosis often misses another treatable condition. Go for a proper assessment.",https://www.who.int/news-room/fact-sheets/detail/polycystic-ovary-syndrome
486,PCOS & Hormonal Health,Myths about PCOS & hormones,Is PCOS only a problem for women who want children?,"No. It is linked with diabetes, high blood pressure, high cholesterol, heart disease, sleep problems, liver problems and changes in the womb lining. These affect every woman with the condition. Care is needed regardless of your family plans.",https://www.who.int/news-room/fact-sheets/detail/polycystic-ovary-syndrome
487,PCOS & Hormonal Health,Myths about PCOS & hormones,Does facial hair mean a woman is unfeminine?,"Unwanted hair growth in PCOS is caused by hormone levels, not by anything about a woman's character or worth. It is a medical symptom with treatments available. Body image distress from it is recognised and can be supported.",https://academic.oup.com/jcem/article/108/10/2447/7242360
488,PCOS & Hormonal Health,Myths about PCOS & hormones,Is acne caused by poor cleanliness?,No. Acne in PCOS results from raised male-type hormones increasing oil in the skin. Washing more will not resolve it. Treating the hormonal cause is the medical approach.,https://www.who.int/news-room/fact-sheets/detail/polycystic-ovary-syndrome
489,PCOS & Hormonal Health,Myths about PCOS & hormones,Is anaemia just weakness that women should expect?,"No. Anaemia is a measurable condition affecting around three in ten non-pregnant women and nearly four in ten pregnant women worldwide, and it is treatable. It causes real harm if ignored. Ask for a blood test.",https://www.who.int/news-room/fact-sheets/detail/anaemia
490,PCOS & Hormonal Health,Myths about PCOS & hormones,Do I need to be married before a doctor will check my hormones?,"Assessment for PCOS is based on your symptoms and health risks, not your marital status. The condition affects blood sugar, heart and womb health regardless. You are entitled to be assessed.",https://www.who.int/news-room/fact-sheets/detail/polycystic-ovary-syndrome
491,PCOS & Hormonal Health,Myths about PCOS & hormones,Is it too late to get diagnosed if I have had symptoms for years?,"No. Because around seven in ten women with PCOS are never diagnosed, many are diagnosed after years of symptoms. Diagnosis still allows the linked risks to be checked and managed. Go now rather than waiting longer.",https://www.who.int/news-room/fact-sheets/detail/polycystic-ovary-syndrome
492,PCOS & Hormonal Health,Myths about PCOS & hormones,Will a scan alone tell me if I have PCOS?,No. A scan finding is only one of three possible criteria and cannot diagnose PCOS alone. In adults it may not even be needed. Diagnosis needs the full assessment.,https://academic.oup.com/jcem/article/108/10/2447/7242360
493,PCOS & Hormonal Health,Myths about PCOS & hormones,Should my teenage daughter have a scan to check for PCOS?,"No, an ovary scan is not recommended for diagnosing PCOS in adolescents, because the ovaries commonly look that way at that age. Doctors assess teenagers differently and may reassess later. Take her to be seen, but expect a different approach.",https://academic.oup.com/jcem/article/108/10/2447/7242360
494,PCOS & Hormonal Health,Myths about PCOS & hormones,Is it normal for cycles to be irregular for years after they start?,"Cycles can take time to settle after periods begin, and this is why doctors are cautious about diagnosing PCOS in adolescents. That does not mean symptoms should be ignored. She should still be assessed and helped.",https://academic.oup.com/jcem/article/108/10/2447/7242360
495,PCOS & Hormonal Health,Myths about PCOS & hormones,Does stress alone cause PCOS?,"No. PCOS involves raised male-type hormone levels and is a distinct hormonal condition. Stress can affect cycles, which is one reason other causes are excluded before diagnosis. Only assessment can separate them.",https://www.who.int/news-room/fact-sheets/detail/polycystic-ovary-syndrome
496,PCOS & Hormonal Health,Myths about PCOS & hormones,Can PCOS be passed to my children?,"PCOS is a hormonal condition and the exact reasons it develops are not fully established. What is clear is that daughters with symptoms should be assessed, with the caution doctors apply at that age. Mention your own diagnosis when she is seen.",https://academic.oup.com/jcem/article/108/10/2447/7242360
497,PCOS & Hormonal Health,Myths about PCOS & hormones,Are anxiety and low mood in PCOS just in my head?,"No. Mental health effects including anxiety and depression are recognised features of PCOS, and screening for them is specifically recommended. They are part of the condition. Tell your doctor and ask for support.",https://www.who.int/news-room/fact-sheets/detail/polycystic-ovary-syndrome
498,PCOS & Hormonal Health,Myths about PCOS & hormones,Does having PCOS mean I will definitely get womb cancer?,"No. PCOS is linked with thickening of the womb lining and, less commonly, cancer of the womb lining, but this is a raised risk and not a certainty. Discussing very infrequent periods with a doctor is how the risk is managed. It is a reason to attend, not to panic.",https://www.who.int/news-room/fact-sheets/detail/polycystic-ovary-syndrome
499,PCOS & Hormonal Health,Myths about PCOS & hormones,Is it pointless going to a health centre because nothing can be done?,"No. Blood sugar, blood pressure and cholesterol checks, treatment for cycle, skin and hair symptoms, fertility help and mental health support are all part of PCOS care. Most of it is available in general services. Going is worthwhile.",https://academic.oup.com/jcem/article/108/10/2447/7242360
500,PCOS & Hormonal Health,Myths about PCOS & hormones,Is PCOS something I have to face alone?,"No. Around one in ten women of childbearing age have it, care is meant to be available through ordinary health services, and decisions are meant to be made together with you. Support exists. Ask your health worker what is available near you.",https://academic.oup.com/jcem/article/108/10/2447/7242360
