id,category,sub_category,question,answer,source
1,حمل ۽ ماءُ جي صحت,حمل جي تصديق ۽ شروعاتي حمل,"عام طور تي حمل جي پهرين نشاني ڇا هوندي آهي؟","گھڻين عورتن لاءِ پهرين نشاني ماهواري جو نه اچڻ هوندي آهي۔ ٿڪاوت محسوس ٿيڻ، طبيعت خراب لڳڻ يا ڇاتين ۾ سور به شروعات ۾ ٿي سگهي ٿو۔ پڪ ڪرڻ جو واحد طريقو حمل جو ٽيسٽ ڪرائڻ يا صحت ڪارڪن وٽ وڃڻ آهي۔",https://www.who.int/news/item/07-11-2016-new-guidelines-on-antenatal-care-for-a-positive-pregnancy-experience
2,حمل ۽ ماءُ جي صحت,حمل جي تصديق ۽ شروعاتي حمل,"منهنجي ماهواري دير سان اچي رهي آهي۔ ڇا آءٌ حامله ٿي سگهان ٿي؟","ماهواري جو دير سان اچڻ حمل جي نشاني ٿي سگهي ٿي، پر اهو ذهني دٻاءُ، بيماري، وزن ۾ تبديلي يا ٻين سببن ڪري به ٿي سگهي ٿو۔ جيڪڏهن حمل جو ڪو به امڪان آهي ته ٽيسٽ ڪرايو يا ليڊي هيلٿ ورڪر کان پڇو۔ چڪاس ڪرڻ ۾ گھڻي دير نه ڪريو۔",https://www.who.int/news/item/07-11-2016-new-guidelines-on-antenatal-care-for-a-positive-pregnancy-experience
3,حمل ۽ ماءُ جي صحت,حمل جي تصديق ۽ شروعاتي حمل,"آءٌ ڪيئن معلوم ڪري سگهان ٿي ته آءٌ حامله آهيان؟","پيشاب جو هڪ سادو ٽيسٽ اهو ٻڌائي سگهي ٿو، ۽ اهو گھڻن صحت مرڪزن تي موجود هوندو آهي۔ صحت ڪارڪن به اهو توهان لاءِ تصديق ڪري سگهي ٿو۔ جيڪڏهن ٽيسٽ جو نتيجو واضح نه هجي ته صحت مرڪز وڃو۔",https://www.who.int/news/item/07-11-2016-new-guidelines-on-antenatal-care-for-a-positive-pregnancy-experience
4,حمل ۽ ماءُ جي صحت,حمل جي تصديق ۽ شروعاتي حمل,"حمل عام طور تي ڪيتري عرصي تائين رهندو آهي؟","پورو حمل تقريباً چاليهه هفتا رهندو آهي، جنهن جو حساب پوئين ماهواري جي پهرين ڏينهن کان ڪيو ويندو آهي۔ ستٽيهن هفتن کان اڳ ڄمندڙ ٻارن کي وقت کان اڳ ڄاول (Preterm) چيو ويندو آهي، جن کي وڌيڪ سنڀال جي ضرورت هوندي آهي۔ توهان جو صحت ڪارڪن توهان کي ڄمڻ جي اندازي واري تاريخ ٻڌائي سگهي ٿو۔",https://www.who.int/news-room/fact-sheets/detail/preterm-birth
5,حمل ۽ ماءُ جي صحت,حمل جي تصديق ۽ شروعاتي حمل,"حمل جو پتو پوڻ بعد پهريون معائنو ڪڏهن ڪرائڻ گھرجي؟","جيترو جلدي ٿي سگهي، حمل جي پهرين ٻارهن هفتن اندر پهريون معائنو ڪرايو۔ شروعاتي معائنا مسئلن کي سنگين ٿيڻ کان اڳ ئي معلوم ڪرڻ ۾ مدد ڪن ٿا۔ طبيعت خراب محسوس ٿيڻ تائين انتظار نه ڪريو۔",https://www.who.int/news/item/07-11-2016-new-guidelines-on-antenatal-care-for-a-positive-pregnancy-experience
6,حمل ۽ ماءُ جي صحت,حمل جي تصديق ۽ شروعاتي حمل,"سڄي حمل دوران مون کي ڪيترا معائنا ڪرائڻ گھرجن؟","حمل دوران گھٽ ۾ گھٽ اٺ معائنا ڪرائڻ جي صلاح ڏني ويندي آهي۔ اهي سڄي حمل ۾ ورهايل هوندا آهن، جيڪي ٻارهن هفتن کان اڳ شروع ٿين ٿا۔ سڀ معائنا ڪرائڻ سان ٻار وڃائجي وڃڻ جو خطرو گھٽ ٿئي ٿو۔",https://www.who.int/news/item/07-11-2016-new-guidelines-on-antenatal-care-for-a-positive-pregnancy-experience
7,حمل ۽ ماءُ جي صحت,حمل جي تصديق ۽ شروعاتي حمل,"ڇا آءٌ ٿڃ پيارڻ دوران به حامله ٿي سگهان ٿي؟","ها، ٿڃ پيارڻ دوران به حامله ٿيڻ ممڪن آهي، توڙي جو توهان جي ماهواري اڃا واپس نه آئي هجي۔ ٿڃ پيارڻ ٻارن ۾ وقفو رکڻ ۾ مدد ڪري ٿو پر حمل کان بچاءَ جو پڪو طريقو ناهي۔ ٻارن ۾ وقفو رکڻ بابت صحت ڪارڪن کان پڇو۔",https://www.who.int/news-room/fact-sheets/detail/infant-and-young-child-feeding
8,حمل ۽ ماءُ جي صحت,حمل جي تصديق ۽ شروعاتي حمل,"مون کي صبح جو طبيعت خراب لڳي ٿي ۽ قَي اچي ٿي۔ ڇا اهو شروعاتي حمل ۾ عام آهي؟","شروعاتي حمل ۾ طبيعت خراب لڳڻ ۽ قَي اچڻ عام ڳالهه آهي ۽ عام طور تي حمل جيئن اڳتي وڌندو آهي تيئن اهو گھٽجي ويندو آهي۔ وڏا طعام کائڻ بدران ننڍا ننڍا طعام گھڻي ڀيري کائڻ جي ڪوشش ڪريو۔ جيڪڏهن توهان کان ڪو به طعام يا پاڻي هضم نه ٿئي ته صحت مرڪز وڃو۔",https://www.who.int/news/item/07-11-2016-new-guidelines-on-antenatal-care-for-a-positive-pregnancy-experience
9,حمل ۽ ماءُ جي صحت,حمل جي تصديق ۽ شروعاتي حمل,"ڇا شروعاتي حمل ۾ تمام گھڻي ٿڪاوت محسوس ٿيڻ عام آهي؟","ها، گھڻيون عورتون شروعاتي مهينن ۾ تمام گھڻي ٿڪاوت محسوس ڪن ٿيون۔ جڏهن موقعو ملي آرام ڪريو ۽ سٺي غذا کائو۔ پر جيڪڏهن ٿڪاوت سان گڏ چرخي اچڻ، ساهه کڄڻ يا منهن تمام گھڻو پيلو نظر اچي ته صحت ڪارڪن کي ٻڌايو، ڇاڪاڻ ته اهو خون جي کوٽ ٿي سگهي ٿو۔",https://www.who.int/news-room/fact-sheets/detail/anaemia
10,حمل ۽ ماءُ جي صحت,حمل جي تصديق ۽ شروعاتي حمل,"ڇا شروعاتي حمل ۾ ڇاتين ۾ تبديلي اچڻ عام آهي؟","ها، شروعاتي حمل ۾ ڇاتيون اڪثر ڀريل يا سور ڏيندڙ محسوس ٿينديون آهن۔ اهو هڪ عام تبديلي آهي جيڪا وقت سان گڏ پاڻمرادو ٺيڪ ٿي ويندي آهي۔ جيڪڏهن ڪا ڳنڍ، ڳاڙهاڻ يا سخت سور واري جاءِ محسوس ٿئي ته صحت ڪارڪن کي ڏيکاريو۔",https://www.who.int/news/item/07-11-2016-new-guidelines-on-antenatal-care-for-a-positive-pregnancy-experience
11,حمل ۽ ماءُ جي صحت,حمل جي تصديق ۽ شروعاتي حمل,"مون کي حامله ٿيڻ کانپوءِ بار بار پيشاب ڇو ٿئي ٿو؟","حمل ۾ بار بار پيشاب اچڻ عام ڳالهه آهي ۽ عام طور تي پريشان ٿيڻ جي ڳالهه ناهي۔ پر جيڪڏهن ان ۾ سور ٿئي، يا توهان کي بخار يا پُٺِ ۾ سور هجي ته صحت مرڪز وڃو، ڇاڪاڻ ته اهو انفيڪشن ٿي سگهي ٿو جنهن جي علاج جي ضرورت آهي۔",https://www.who.int/news/item/07-11-2016-new-guidelines-on-antenatal-care-for-a-positive-pregnancy-experience
12,حمل ۽ ماءُ جي صحت,حمل جي تصديق ۽ شروعاتي حمل,"حمل جو پتو پوڻ سان ئي ڇا مون کي ڪا دوا شروع ڪرڻ گھرجي؟","ها، صحت ڪارڪن حامله عورتن کي آئرن ۽ فوليڪ ايسڊ جون گوريون ڏيندا آهن۔ اهي ماءُ ۾ خون جي کوٽ ۽ ٻار جي مسئلن کان بچاءَ ۾ مدد ڪن ٿيون۔ صرف اهو ئي کائو جيڪو صحت ڪارڪن توهان کي ڏئي، ان ئي مقدار ۾ جيڪا هو ٻڌائين۔",https://www.who.int/news/item/07-11-2016-new-guidelines-on-antenatal-care-for-a-positive-pregnancy-experience
13,حمل ۽ ماءُ جي صحت,حمل جي تصديق ۽ شروعاتي حمل,"فوليڪ ايسڊ ڇا آهي ۽ اهو حمل ۾ ڇو ڏنو ويندو آهي؟","فوليڪ ايسڊ هڪ وٽامن آهي جيڪو حمل دوران آئرن سان گڏ ڏنو ويندو آهي۔ اهو ٻار جي صحيح واڌ ۾ مدد ڪري ٿو ۽ ماءُ ۾ خون جي کوٽ کان بچاءَ ۾ به مددگار آهي۔ توهان جو صحت ڪارڪن اهو توهان کي معائنن دوران ڏيندو۔",https://www.who.int/news/item/07-11-2016-new-guidelines-on-antenatal-care-for-a-positive-pregnancy-experience
14,حمل ۽ ماءُ جي صحت,حمل جي تصديق ۽ شروعاتي حمل,"مون کي شروعاتي حمل ۾ ٿورو رت اچي رهيو آهي۔ مون کي ڇا ڪرڻ گھرجي؟","حمل دوران ڪنهن به قسم جو رت اچڻ اهڙي نشاني آهي جنهن کي نظرانداز نه ڪجي۔ مهرباني ڪري هاڻي ئي ويجھي صحت مرڪز يا اسپتال وڃو، ۽ پاڻ سان ڪنهن کي به وٺي وڃو۔ اهو بند ٿئي ٿو يا نه اهو ڏسڻ لاءِ انتظار نه ڪريو۔",https://www.who.int/news-room/fact-sheets/detail/maternal-mortality
15,حمل ۽ ماءُ جي صحت,حمل جي تصديق ۽ شروعاتي حمل,"مون کي ڪيئن خبر پوندي ته آءٌ ڪيترا هفتا حامله آهيان؟","هفتن جو حساب پوئين ماهواري جي پهرين ڏينهن کان ڪيو ويندو آهي۔ جيڪڏهن توهان کي اها تاريخ يقين سان ياد نه هجي ته اسڪين ذريعي اهو معلوم ٿي سگهي ٿو۔ توهان جو صحت ڪارڪن پهرين معائني تي توهان سان گڏ اهو حساب ڪتاب ڪندو۔",https://www.who.int/news/item/07-11-2016-new-guidelines-on-antenatal-care-for-a-positive-pregnancy-experience
16,حمل ۽ ماءُ جي صحت,حمل جي تصديق ۽ شروعاتي حمل,"ڇا مون کي حمل دوران اسڪين ڪرائڻ جي ضرورت آهي؟","ها، چوويهه هفتن کان اڳ هڪ اسڪين ڪرائڻ جي صلاح ڏني ويندي آهي۔ اهو ٻڌائي ٿو ته توهان ڪيترا هفتا حامله آهيو، ڇا هڪ کان وڌيڪ ٻار آهن، ۽ ڇا ٻار جي واڌ سٺي ٿي رهي آهي۔ صحت ڪارڪن کان پڇو ته اهو ڪٿي ڪرائي سگهجي ٿو۔",https://www.who.int/news/item/07-11-2016-new-guidelines-on-antenatal-care-for-a-positive-pregnancy-experience
17,حمل ۽ ماءُ جي صحت,حمل جي تصديق ۽ شروعاتي حمل,"ڇا مون کي پهريان کان کائيندڙ دوائن بابت صحت ڪارڪن کي ٻڌائڻ گھرجي؟","ها، هميشه صحت ڪارڪن کي هر اها دوا ٻڌايو جيڪا توهان وٺي رهيا آهيو، خواه اها دڪان مان هجي يا حڪيم کان۔ ڪجهه دوائون حمل ۾ محفوظ ناهن هونديون۔ حمل دوران پاڻ مرادو ڪا به دوا شروع يا بند نه ڪريو۔",https://www.who.int/news/item/07-11-2016-new-guidelines-on-antenatal-care-for-a-positive-pregnancy-experience
18,حمل ۽ ماءُ جي صحت,حمل جي تصديق ۽ شروعاتي حمل,"ڇا هاڻي حامله ٿيڻ کانپوءِ مون کي تماڪ، نسوار يا پان کائڻ ڇڏڻ گھرجي؟","ها۔ صحت ڪارڪن عورتن کي حمل دوران تماڪ ۽ ٻين نقصانڪار شين کان پاسو ڪرڻ جي صلاح ڏين ٿا۔ اهو ڇڏڻ توهان جي ٻار کي بهتر وڌڻ ۾ مدد ڪري ٿو ۽ وقت کان اڳ ڄمڻ جو امڪان گھٽائي ٿو۔ جيڪڏهن ڇڏڻ ۾ مدد جي ضرورت هجي ته صحت ڪارڪن کان پڇو۔",https://www.who.int/news/item/07-11-2016-new-guidelines-on-antenatal-care-for-a-positive-pregnancy-experience
19,حمل ۽ ماءُ جي صحت,حمل جي تصديق ۽ شروعاتي حمل,"ڇا حامله هوندي گھر جو ڪم ۽ روزاني ڪم جاري رکڻ محفوظ آهي؟","عام روزاني سرگرمي عام طور تي محفوظ آهي ۽ حمل ۾ ان جي همت افزائي به ڪئي ويندي آهي۔ تمام وزندار شيون کڻڻ کان پاسو ڪريو ۽ ٿڪاوت محسوس ٿيڻ تي آرام ڪريو۔ جيڪڏهن ڪا سرگرمي سور يا رت اچڻ جو سبب بڻجي ته روڪجي وڃو ۽ صحت ڪارڪن کي ڏسو۔",https://www.who.int/news/item/07-11-2016-new-guidelines-on-antenatal-care-for-a-positive-pregnancy-experience
20,حمل ۽ ماءُ جي صحت,حمل جي تصديق ۽ شروعاتي حمل,"مون کي ٻار جي حرڪت محسوس ٿيڻ ڪڏهن شروع ٿيندي؟","گھڻيون عورتون حمل جي وچين مهينن ۾ حرڪت محسوس ڪرڻ شروع ڪن ٿيون۔ هڪ دفعو باقاعده حرڪت محسوس ٿيڻ لڳي ته ان تي روزانو ڌيان ڏيو۔ جيڪڏهن حرڪت گھڻو گھٽجي وڃي يا بند ٿي وڃي ته فوراً صحت مرڪز وڃو۔",https://www.who.int/news-room/fact-sheets/detail/maternal-mortality
21,حمل ۽ ماءُ جي صحت,حمل جي تصديق ۽ شروعاتي حمل,"صحت ڪارڪن هر معائني تي منهنجو بلڊ پريشر ڇو چيڪ ڪندو آهي؟","حمل ۾ بلند بلڊ پريشر ماءُ ۽ ٻار ٻنهي لاءِ خطرناڪ ٿي سگهي ٿو، ۽ اڪثر شروعات ۾ ان جي ڪا به نشاني نظر نه ايندي آهي۔ هر معائني تي ان کي چيڪ ڪرڻ سان اهو شروعات ۾ ئي پڪڙجي وڃي ٿو۔ اهو معائنن جي اهميت جو هڪ وڏو سبب آهي۔",https://www.who.int/news-room/fact-sheets/detail/pre-eclampsia
22,حمل ۽ ماءُ جي صحت,حمل جي تصديق ۽ شروعاتي حمل,"خون جي کوٽ ڇا آهي ۽ حمل ۾ اها ڇو اهم آهي؟","خون جي کوٽ جو مطلب آهي ته خون ۾ جسم جي چوڌاري آڪسيجن کڻي وڃڻ جي طاقت گھٽ آهي۔ حمل ۾ اها وقت کان اڳ ڄمڻ، ننڍي ٻار ۽ ماءُ لاءِ خطري جو امڪان وڌائي ٿي۔ آئرن جون گوريون ۽ آئرن سان ڀرپور غذا ان کان بچاءَ ۾ مدد ڪن ٿيون۔",https://www.who.int/news-room/fact-sheets/detail/anaemia
23,حمل ۽ ماءُ جي صحت,حمل جي تصديق ۽ شروعاتي حمل,"ڇا آءٌ حامله ٿي سگهان ٿي جيتوڻيڪ ٽيسٽ ۾ نه اچي؟","تمام جلدي ورتل ٽيسٽ ڪڏهن ڪڏهن نه ڏيکاري سگهي ٿو توڙي جو توهان اصل ۾ حامله هجو۔ جيڪڏهن توهان جي ماهواري اڃا به نه اچي ته ڪجهه ڏينهن پوءِ ٻيهر ٽيسٽ ڪريو يا صحت مرڪز وڃو۔ صحت ڪارڪن ان جي صحيح تصديق ڪري سگهي ٿو۔",https://www.who.int/news/item/07-11-2016-new-guidelines-on-antenatal-care-for-a-positive-pregnancy-experience
24,حمل ۽ ماءُ جي صحت,حمل جي تصديق ۽ شروعاتي حمل,"ڇا حمل جي پهرين خبر پوڻ تي پريشان يا اڻ يقيني محسوس ٿيڻ عام آهي؟","ها، گھڻيون عورتون خوشي ۽ پريشاني ٻنهي کي گڏ محسوس ڪن ٿيون، ۽ اهو عام آهي۔ ڪنهن اعتماد جوڳي ماڻهو سان ڳالهائڻ مددگار ثابت ٿئي ٿو۔ جيڪڏهن پريشاني تمام گھڻي هجي ۽ گھٽجي نه ٿي ته صحت ڪارڪن کي ٻڌايو، ڇاڪاڻ ته مدد موجود آهي۔",https://www.who.int/news/item/30-03-2022-who-urges-quality-care-for-women-and-newborns-in-critical-first-weeks-after-childbirth
25,حمل ۽ ماءُ جي صحت,حمل جي تصديق ۽ شروعاتي حمل,"ڇا صحت ڪارڪن کي خبر هجڻ ضروري آهي ته مون کي پوئين حمل ۾ ڪا تڪليف ٿي هئي؟","ها، هميشه کين ڪنهن به اڳوڻي نقصان، وقت کان اڳ ڄمڻ، گھڻو رت اچڻ يا ڏکي ڄڻڻ بابت ٻڌايو۔ اهو کين هن دفعي توهان لاءِ وڌيڪ محفوظ سنڀال جي رٿابندي ۾ مدد ڪري ٿو۔ توهان جيڪا به ڳالهه ٻڌائيندا سا توهان تي دوش لڳائڻ لاءِ استعمال نه ٿيندي۔",https://www.who.int/news/item/07-11-2016-new-guidelines-on-antenatal-care-for-a-positive-pregnancy-experience
26,حمل ۽ ماءُ جي صحت,ٽماهي وار حمل جي سنڀال,"حمل جا ٽي مرحلا ڪهڙا آهن؟","حمل کي تقريباً ٽن مهينن جي ٽن حصن ۾ ورهايو ويندو آهي۔ شروعاتي مهينا، وچيان مهينا، ۽ ڄمڻ کان اڳ وارا آخري مهينا۔ هر حصو مختلف تبديليون ۽ مختلف معائنا آڻيندو آهي۔",https://www.who.int/news/item/07-11-2016-new-guidelines-on-antenatal-care-for-a-positive-pregnancy-experience
27,حمل ۽ ماءُ جي صحت,ٽماهي وار حمل جي سنڀال,"حمل جي پهرين ٽن مهينن ۾ مون کي ڇا جي اميد رکڻ گھرجي؟","شروعاتي مهينن ۾ توهان کي طبيعت خراب لڳي سگهي ٿي، تمام گھڻي ٿڪاوت ٿي سگهي ٿي، ۽ بار بار پيشاب ايندو رهي ٿو۔ ٻار تمام ننڍڙو آهي پر تيزيءَ سان وڌي رهيو آهي۔ هن وقت ۾ پنهنجا معائنا ۽ آئرن ۽ فوليڪ ايسڊ جون گوريون شروع ڪريو۔",https://www.who.int/news/item/07-11-2016-new-guidelines-on-antenatal-care-for-a-positive-pregnancy-experience
28,حمل ۽ ماءُ جي صحت,ٽماهي وار حمل جي سنڀال,"حمل جي وچين مهينن ۾ مون کي ڇا جي اميد رکڻ گھرجي؟","گھڻيون عورتون وچين مهينن ۾ بهتر محسوس ڪن ٿيون ۽ طبيعت خراب لڳڻ گھٽجي وڃي ٿو۔ توهان جو پيٽ وڏو ٿئي ٿو ۽ توهان کي ٻار جي حرڪت محسوس ٿيڻ شروع ٿئي ٿي۔ اهو اهو ئي وقت آهي جڏهن عام طور تي اسڪين ڪرائجي ٿي۔",https://www.who.int/news/item/07-11-2016-new-guidelines-on-antenatal-care-for-a-positive-pregnancy-experience
29,حمل ۽ ماءُ جي صحت,ٽماهي وار حمل جي سنڀال,"حمل جي آخري مهينن ۾ مون کي ڇا جي اميد رکڻ گھرجي؟","آخري مهينن ۾ ٻار تيزيءَ سان وڌي ٿو ۽ توهان کي ڳرو، ساهه کڄندڙ يا پُٺِ ۾ سور محسوس ٿي سگهي ٿو۔ معائنا وڌيڪ بار بار ٿيڻ لڳن ٿا۔ اهو محفوظ ڄڻڻ لاءِ تياري ڪرڻ جو وقت آهي، صحت جي هڪ سهولت تي۔",https://www.who.int/news/item/07-11-2016-new-guidelines-on-antenatal-care-for-a-positive-pregnancy-experience
30,حمل ۽ ماءُ جي صحت,ٽماهي وار حمل جي سنڀال,"منهنجا معائنا ڪڏهن ٿيڻ گھرجن؟","پهريون معائنو ٻارهن هفتن کان اڳ ٿيڻ گھرجي، پوءِ تقريباً ويهن هفتن جي ڀرسان، ۽ پوءِ حمل جيئن اڳتي وڌي ٿو تيئن وڌيڪ بار بار، آخري معائنا توهان جي مقرر تاريخ جي ويجھو۔ ڪل ملائي گھٽ ۾ گھٽ اٺ ملاقاتون صلاح ڏنيون وينديون آهن۔ توهان جو صحت ڪارڪن توهان کي تاريخون ٻڌائيندو۔",https://www.who.int/news/item/07-11-2016-new-guidelines-on-antenatal-care-for-a-positive-pregnancy-experience
31,حمل ۽ ماءُ جي صحت,ٽماهي وار حمل جي سنڀال,"آخر ۾ معائنا وڌيڪ بار بار ڇو ٿي وڃن ٿا؟","بلند بلڊ پريشر ۽ ٻار جي سست واڌ جهڙا مسئلا حمل جي پوئين حصي ۾ ظاهر ٿيڻ جو وڌيڪ امڪان هوندو آهي۔ وڌيڪ بار بار چڪاس اهي شروعات ۾ ئي معلوم ڪري ٿي۔ اهو اهو به رٿابندي ۾ مدد ڪري ٿو ته توهان ڪٿي ۽ ڪيئن ڄڻينديون۔",https://www.who.int/news-room/fact-sheets/detail/pre-eclampsia
32,حمل ۽ ماءُ جي صحت,ٽماهي وار حمل جي سنڀال,"ڇا آخري مهينن ۾ منهنجي پيٽ جو ڪڏهن ڪڏهن سخت ٿي وڃڻ عام آهي؟","ڪڏهن ڪڏهن سخت ٿيڻ عام آهي، جيئن جسم ڄڻڻ لاءِ تيار ٿي رهيو هوندو آهي۔ اهو عام طور تي لنگهي ويندو آهي ۽ سور واري ناهي هوندو۔ پر جيڪڏهن اهو سختي باقاعده، سور واري ٿي وڃي، يا ان سان گڏ رت اچي يا پاڻي وهي ته صحت مرڪز وڃو۔",https://www.who.int/news/item/07-11-2016-new-guidelines-on-antenatal-care-for-a-positive-pregnancy-experience
33,حمل ۽ ماءُ جي صحت,ٽماهي وار حمل جي سنڀال,"حمل ۾ منهنجو وزن ڪيترو وڌڻ گھرجي؟","ٻار جي واڌ ڪري ڪجهه وزن وڌڻ عام ۽ متوقع آهي۔ هر عورت لاءِ ڪو هڪ صحيح انگ ناهي۔ توهان جو صحت ڪارڪن هر ملاقات تي چيڪ ڪندو ته ڇا توهان ۽ ٻار سٺي طرح وڌي رهيا آهيو۔",https://www.who.int/news/item/07-11-2016-new-guidelines-on-antenatal-care-for-a-positive-pregnancy-experience
34,حمل ۽ ماءُ جي صحت,ٽماهي وار حمل جي سنڀال,"ڇا حمل جي آخري مهينن ۾ ساهه کڻڻ ۾ تڪليف محسوس ٿيڻ عام ڳالهه آهي؟","حمل جي آخري مرحلي ۾ ٿورو ساهه کڄڻ عام آهي، ڇاڪاڻ ته وڌندڙ ٻار مٿي طرف دٻاءُ وجهي ٿو۔ اهو عام طور تي آرام ڪرڻ يا اُٿي ويهڻ سان گھٽ ٿي وڃي ٿو۔ پر اوچتو يا سخت ساهه کڄڻ خطري جي نشاني آهي، تنهنڪري فوراً صحت مرڪز وڃو۔",https://www.who.int/news-room/fact-sheets/detail/maternal-mortality
35,حمل ۽ ماءُ جي صحت,ٽماهي وار حمل جي سنڀال,"ڇا حمل جي آخري مرحلي ۾ پُٺِ ڀر سمهڻ محفوظ آهي؟","گھڻيون عورتون آخري مهينن ۾ پاسي ڀر سمهڻ کي وڌيڪ آرامده محسوس ڪن ٿيون۔ توهان جيئن به سمهڻ ۾ آسودو محسوس ڪريو، تڪيا رکي پاڻ کي سهارو ڏيو۔ جيڪڏهن توهان ساهه کڄندڙ يا چرخي جي حالت ۾ اٿو ته پنهنجي ايندڙ معائني تي اهو ٻڌايو۔",https://www.who.int/news/item/07-11-2016-new-guidelines-on-antenatal-care-for-a-positive-pregnancy-experience
36,حمل ۽ ماءُ جي صحت,ٽماهي وار حمل جي سنڀال,"مون کي ٻار جي حرڪت ڪيتري ڀيري محسوس ڪرڻ گھرجي؟","هڪ دفعو حرڪت شروع ٿئي ته توهان کي اها روزانو باقاعدگي سان محسوس ٿيڻ گھرجي۔ پنهنجي ٻار جي عام نموني کان واقف ٿيو۔ جيڪڏهن حرڪت گھڻو گھٽجي وڃي يا بند ٿي وڃي ته بنا دير ڪرڻ جي فوراً صحت مرڪز وڃو۔",https://www.who.int/news-room/fact-sheets/detail/maternal-mortality
37,حمل ۽ ماءُ جي صحت,ٽماهي وار حمل جي سنڀال,"جيڪڏهن ٻار غلط طرف ليٽيل هجي ته ان جو مطلب ڇا آهي؟","ٻار حمل دوران پنهنجي حالت مٽائيندا رهن ٿا ۽ گھڻا ڄمڻ کان اڳ پاڻ مرادو موٽي پوندا آهن۔ توهان جو صحت ڪارڪن پوئين ملاقاتن تي حالت چيڪ ڪندو۔ جيڪڏهن اهو آخر تائين نه موٽيو هجي ته هو توهان کي صلاح ڏيندو ته ڄمڻ لاءِ ڪهڙي جاءِ سڀ کان محفوظ آهي۔",https://www.who.int/news/item/07-11-2016-new-guidelines-on-antenatal-care-for-a-positive-pregnancy-experience
38,حمل ۽ ماءُ جي صحت,ٽماهي وار حمل جي سنڀال,"ڇا حمل جي آخري مرحلي ۾ پيرن ۾ سوڄ اچڻ عام آهي؟","ڏينهن جي آخر ۾ پيرن ۽ ڳِـٽن ۾ ٿوري سوڄ اچڻ عام آهي۔ پير مٿي ڪري آرام ڪريو۔ پر هٿن ۽ منهن جي سوڄ، خاص ڪري جيڪڏهن ان سان گڏ مٿي جو سور يا نظر ڌنڌلي هجي، اها خطري جي نشاني آهي جنهن لاءِ فوري سنڀال جي ضرورت آهي۔",https://www.who.int/news-room/fact-sheets/detail/pre-eclampsia
39,حمل ۽ ماءُ جي صحت,ٽماهي وار حمل جي سنڀال,"مون کي ڄڻڻ لاءِ تياري ڪڏهن شروع ڪرڻ گھرجي؟","آخري مهينن ۾ رٿابندي شروع ڪريو۔ فيصلو ڪريو ته توهان ڪٿي ڄڻينديون، ڪيئن اُتي پهچنديون، توهان سان گڏ ڪير ويندو، ۽ ڪجهه پيسا الڳ رکو۔ رٿابندي هجڻ سان وقت بچي ٿو جيڪڏهن اوچتو دردِ زه شروع ٿي وڃي۔",https://www.who.int/news-room/fact-sheets/detail/maternal-mortality
40,حمل ۽ ماءُ جي صحت,ٽماهي وار حمل جي سنڀال,"پيدائش جي رٿا ڇا آهي ۽ ڇا مون کي ان جي ضرورت آهي؟","پيدائش جي رٿا سادي طرح اڳواٽ اهو فيصلو ڪرڻ آهي ته توهان ڪٿي ڄڻينديون، اُتي ڪيئن سفر ڪنديون، ۽ ڪير توهان جي مدد ڪندو۔ ان جو مطلب آهي ته دردِ زه شروع ٿيڻ وقت گهٽ ابتري ٿئي۔ توهان جو صحت ڪارڪن توهان کي رٿا ٺاهڻ ۾ مدد ڪري سگهي ٿو۔",https://www.who.int/news-room/fact-sheets/detail/maternal-mortality
41,حمل ۽ ماءُ جي صحت,ٽماهي وار حمل جي سنڀال,"جيڪڏهن آءٌ پنهنجي مقرر تاريخ کان مٿي وڃان ته ڇا ٿيندو؟","ڪجهه ٻار مقرر تاريخ کان ٿورو پوءِ ايندا آهن۔ پنهنجا معائنا جاري رکو ته جيئن صحت ڪارڪن توهان ۽ ٻار تي نظر رکي سگهي۔ جيڪڏهن ڪجهه ڪرڻ جي ضرورت پوندي ته هو توهان کي صلاح ڏيندو۔",https://www.who.int/news/item/07-11-2016-new-guidelines-on-antenatal-care-for-a-positive-pregnancy-experience
42,حمل ۽ ماءُ جي صحت,ٽماهي وار حمل جي سنڀال,"وقت کان اڳ ڄمڻ جو مطلب ڇا آهي؟","وقت کان اڳ ڄمڻ جو مطلب آهي ته ٻار ستٽيهن هفتن پورا ٿيڻ کان اڳ ڄمي ٿو۔ اهڙا ٻار ننڍا هوندا آهن ۽ کين وڌيڪ سنڀال ۽ گرمائش جي ضرورت هوندي آهي۔ باقاعده معائنن لاءِ وڃڻ سان وقت کان اڳ ڄمڻ جو امڪان گھٽجي ٿو۔",https://www.who.int/news-room/fact-sheets/detail/preterm-birth
43,حمل ۽ ماءُ جي صحت,ٽماهي وار حمل جي سنڀال,"ٻار جي وقت کان اڳ اچڻ جو امڪان ڇا وڌائي ٿو؟","هڪ کان وڌيڪ ٻار هجڻ، انفيڪشن، بلند بلڊ پريشر ۽ ذیابيطس اهي سڀ امڪان وڌائي سگهن ٿا۔ اڪثر ڪري ڪو به سبب معلوم نه ٿيندو آهي۔ باقاعده معائنا انهن مسئلن کي وقت تي معلوم ۽ علاج ڪرڻ ۾ مدد ڪن ٿا۔",https://www.who.int/news-room/fact-sheets/detail/preterm-birth
44,حمل ۽ ماءُ جي صحت,ٽماهي وار حمل جي سنڀال,"ڇا حامله هوندي سفر ڪرڻ محفوظ آهي؟","صحتمند حمل ۾ ننڍو، عام سفر عام طور تي محفوظ آهي۔ مقرر تاريخ جي ويجھو ڊگھو، اڻ برابر سفر ڪرڻ کان پاسو ڪريو، ۽ جيڪڏهن توهان کي اڳ ۾ ڪا تڪليف ٿي هجي ته سنڀال کان پري سفر نه ڪريو۔ ڪنهن به ڊگھي سفر کان اڳ صحت ڪارڪن کان پڇو۔",https://www.who.int/news/item/07-11-2016-new-guidelines-on-antenatal-care-for-a-positive-pregnancy-experience
45,حمل ۽ ماءُ جي صحت,ٽماهي وار حمل جي سنڀال,"ڇا مون کي بلڪل ٺيڪ محسوس ٿيڻ تي به پنهنجا معائنا جاري رکڻ گھرجن؟","ها۔ بلند بلڊ پريشر جهڙا ڪجهه سنگين مسئلا شروعات ۾ ڪا به نشاني نه ڏيکاريندا آهن۔ معائنا انهن کي ان وقت معلوم ڪن ٿا جڏهن اهي اڃا آسانيءَ سان علاج جوڳا هوندا آهن۔ ٺيڪ محسوس ٿيڻ ان جو ثبوت ناهي ته سڀ ڪجهه ٺيڪ آهي۔",https://www.who.int/news-room/fact-sheets/detail/pre-eclampsia
46,حمل ۽ ماءُ جي صحت,ٽماهي وار حمل جي سنڀال,"ڇا حامله هوندي آءٌ پنهنجي وڏي ٻار کي کڻي سگهان ٿي؟","هلڪو کڻڻ عام طور تي ٺيڪ آهي، پر خاص ڪري آخري مهينن ۾ وزندار شيون کڻڻ کان پاسو ڪريو۔ ڀاري ڪم ۾ مدد لاءِ گھر جي ماڻهن کان پڇو۔ جيڪڏهن کڻڻ سان سور يا رت اچي ته روڪجي وڃو ۽ صحت ڪارڪن کي ڏسو۔",https://www.who.int/news/item/07-11-2016-new-guidelines-on-antenatal-care-for-a-positive-pregnancy-experience
47,حمل ۽ ماءُ جي صحت,ٽماهي وار حمل جي سنڀال,"ڇا حمل جي آخري مرحلي ۾ ننڊ ۾ تڪليف ٿيڻ عام آهي؟","ها، آخري مهينن ۾ ٻار جي وڏائي ۽ بار بار پيشاب ڪرڻ جي ضرورت سبب ننڊ اڪثر مشڪل ٿي پوندي آهي۔ جڏهن ٿي سگهي ڏينهن ۾ آرام ڪريو۔ جيڪڏهن اهو توهان کي گھڻو پريشان ڪري ته پنهنجي معائني تي ان جو ذڪر ڪريو۔",https://www.who.int/news/item/07-11-2016-new-guidelines-on-antenatal-care-for-a-positive-pregnancy-experience
48,حمل ۽ ماءُ جي صحت,ٽماهي وار حمل جي سنڀال,"ڇا جيڪڏهن مون کي جاڙا ٻار آهن ته مون کي ڪجهه مختلف ڪرڻ جي ضرورت آهي؟","ها، هڪ کان وڌيڪ ٻار هجڻ سبب وڌيڪ ويجھي نظر رکڻ جي ضرورت آهي، ڇاڪاڻ ته انهن ٻارن جي وقت کان اڳ اچڻ جو امڪان وڌيڪ هوندو آهي۔ توهان کي وڌيڪ معائنن جي ضرورت پوندي۔ اهڙي سهولت ۾ ڄڻڻ جي رٿابندي ڪريو جيڪا هڪ کان وڌيڪ ٻارن جي سنڀال ڪري سگهي۔",https://www.who.int/news-room/fact-sheets/detail/preterm-birth
49,حمل ۽ ماءُ جي صحت,ٽماهي وار حمل جي سنڀال,"صحت ڪارڪن هر ملاقات تي منهنجو پيٽ ڇو ماپي ٿو؟","ماپڻ اهو ٻڌائي ٿو ته ڇا ٻار اميد موجب رفتار سان وڌي رهيو آهي۔ جيڪڏهن واڌ سست يا تمام تيز لڳي ته هو ان جي ڇنڊڇاڻ ڪري سگهن ٿا۔ اهو هڪ سادو، بي سور چيڪ آهي۔",https://www.who.int/news/item/07-11-2016-new-guidelines-on-antenatal-care-for-a-positive-pregnancy-experience
50,حمل ۽ ماءُ جي صحت,ٽماهي وار حمل جي سنڀال,"مون کي ڀاري پوک يا فارم جو ڪم ڪڏهن بند ڪرڻ گھرجي؟","جيستائين توهان کي آرامده لڳي جاري رکو، ۽ آخري مهينن ۾ ڀاري کڻڻ ۽ ڊگھا ڪلاڪ ڪم ڪرڻ بند ڪريو۔ آرام ۽ پاڻي پيئڻ اهم آهن۔ جيڪڏهن ڪم سبب سور، رت اچڻ يا پيٽ ۾ سختي ٿئي ته ڪم بند ڪري صحت مرڪز وڃو۔",https://www.who.int/news/item/07-11-2016-new-guidelines-on-antenatal-care-for-a-positive-pregnancy-experience
51,حمل ۽ ماءُ جي صحت,حمل دوران معائنا ۽ ٽيسٽ,"حمل دوران معائنو ڇا آهي؟","اهو حمل دوران صحت ڪارڪن وٽ وڃڻ آهي ته چيڪ ڪجي ته توهان ۽ ٻار ٺيڪ آهيو۔ هو توهان جو بلڊ پريشر، توهان جو خون، ۽ ٻار جي واڌ چيڪ ڪن ٿا۔ اهو مسئلن کي شروعات ۾ ئي پڪڙڻ جو بنيادي طريقو آهي۔",https://www.who.int/news/item/07-11-2016-new-guidelines-on-antenatal-care-for-a-positive-pregnancy-experience
52,حمل ۽ ماءُ جي صحت,حمل دوران معائنا ۽ ٽيسٽ,"هڪ حامله عورت کي ڪيترن معائنن جي ضرورت آهي؟","سڄي حمل دوران گھٽ ۾ گھٽ اٺ معائنن جي صلاح ڏني ويندي آهي۔ اهو انهن چئن کان وڌيڪ آهي جيڪي اڳ ۾ صلاح ڏنا ويندا هئا، ڇاڪاڻ ته وڌيڪ معائنن مان مطلب آهي گھٽ ٻار وڃائجن ٿا۔ پهريون ٻارهن هفتن کان اڳ شروع ڪريو۔",https://www.who.int/news/item/07-11-2016-new-guidelines-on-antenatal-care-for-a-positive-pregnancy-experience
53,حمل ۽ ماءُ جي صحت,حمل دوران معائنا ۽ ٽيسٽ,"پهريون معائنو ڪڏهن ٿيڻ گھرجي؟","حمل جي پهرين ٻارهن هفتن اندر، جيترو جلدي توهان کان ٿي سگهي۔ شروعاتي ملاقاتون آئرن جون گوريون شروع ڪرڻ ۽ مسئلن کي وقت تي معلوم ڪرڻ جو موقعو ڏين ٿيون۔ نشانين ظاهر ٿيڻ جو انتظار نه ڪريو۔",https://www.who.int/news/item/07-11-2016-new-guidelines-on-antenatal-care-for-a-positive-pregnancy-experience
54,حمل ۽ ماءُ جي صحت,حمل دوران معائنا ۽ ٽيسٽ,"ڇا وڌيڪ معائنن لاءِ وڃڻ سچ ۾ فرق آڻي ٿو؟","ها۔ چئن جي بجاءِ اٺ يا وڌيڪ ملاقاتون هجڻ سان ڄمڻ جي وقت جي ڀرسان مرندڙ ٻارن جو تعداد گھٽجي ٿو۔ هر ملاقات مسئلي کي شروعات ۾ ئي معلوم ڪرڻ جو موقعو آهي۔ سفر ڪرڻ جي قابل آهي۔",https://www.who.int/news/item/07-11-2016-new-guidelines-on-antenatal-care-for-a-positive-pregnancy-experience
55,حمل ۽ ماءُ جي صحت,حمل دوران معائنا ۽ ٽيسٽ,"حمل جي معائني تي ڇا ٿيندو آهي؟","صحت ڪارڪن توهان جو بلڊ پريشر، وزن ۽ پيٽ جي ماپ چيڪ ڪري ٿو، ٻار جي دل ٻڌي ٿو، ۽ پڇي ٿو ته توهان ڪيئن محسوس ڪري رهيا آهيو۔ هو خون يا پيشاب جو نمونو به وٺي سگهن ٿا۔ اهي توهان کي آئرن ۽ فوليڪ ايسڊ جون گوريون به ڏين ٿا۔",https://www.who.int/news/item/07-11-2016-new-guidelines-on-antenatal-care-for-a-positive-pregnancy-experience
56,حمل ۽ ماءُ جي صحت,حمل دوران معائنا ۽ ٽيسٽ,"منهنجو بلڊ پريشر هر دفعي ڇو چيڪ ٿيندو آهي؟","ڇاڪاڻ ته حمل ۾ بلند بلڊ پريشر خطرناڪ ٿي سگهي ٿو ۽ اڪثر شروعات ۾ ڪا به نشاني نه ڏيکاريندو آهي۔ ان کي شروعات ۾ پڪڙڻ سان توهان يا ٻار کي نقصان پهچڻ کان اڳ ئي علاج ٿي سگهي ٿو۔ ان کي چيڪ ڪرڻ ۾ صرف هڪ لمحو لڳندو آهي۔",https://www.who.int/news-room/fact-sheets/detail/pre-eclampsia
57,حمل ۽ ماءُ جي صحت,حمل دوران معائنا ۽ ٽيسٽ,"حمل ۾ منهنجي پيشاب جو ٽيسٽ ڇو ڪيو ويندو آهي؟","پيشاب انفيڪشن جي نشانين ۽ پروٽين لاءِ چيڪ ڪيو ويندو آهي، جيڪو بلڊ پريشر جي مسئلي جي شروعاتي نشاني ٿي سگهي ٿي۔ ٻئي شروعات ۾ ئي پڪڙجڻ تي آسانيءَ سان علاج ٿي سگهن ٿيون۔ اهو هڪ سادو ٽيسٽ آهي۔",https://www.who.int/news-room/fact-sheets/detail/pre-eclampsia
58,حمل ۽ ماءُ جي صحت,حمل دوران معائنا ۽ ٽيسٽ,"حمل ۾ منهنجو خون ڇو ٽيسٽ ڪيو ويندو آهي؟","خون جا ٽيسٽ ٻڌائين ٿا ته ڇا توهان کي خون جي کوٽ آهي، جيڪا حمل ۾ عام آهي ۽ جنهن جو علاج ٿي سگهي ٿو۔ اهي انفيڪشن به چيڪ ڪن ٿا جيڪي ٻار تي اثر انداز ٿي سگهن ٿا۔ صحت ڪارڪن کان پڇو ته توهان جي نتيجن جي وضاحت ڪري۔",https://www.who.int/news-room/fact-sheets/detail/anaemia
59,حمل ۽ ماءُ جي صحت,حمل دوران معائنا ۽ ٽيسٽ,"مون کي حمل دوران اسڪين ڪڏهن ڪرائڻ گھرجي؟","چوويهه هفتن کان اڳ هڪ اسڪين ڪرائڻ جي صلاح ڏني ويندي آهي۔ اهو تصديق ڪري ٿو ته توهان ڪيترا هفتا حامله آهيو، ڏيکاري ٿو ته ڇا هڪ کان وڌيڪ ٻار آهن، ۽ ٻار جي واڌ چيڪ ڪري ٿو۔ پڇو ته ويجھي ۾ ويجھي جاءِ ڪٿي موجود آهي۔",https://www.who.int/news/item/07-11-2016-new-guidelines-on-antenatal-care-for-a-positive-pregnancy-experience
60,حمل ۽ ماءُ جي صحت,حمل دوران معائنا ۽ ٽيسٽ,"ڇا اسڪين ٻار لاءِ محفوظ آهي؟","ها، حمل جو اسڪين حمل دوران سنڀال جو هڪ معمولي ۽ محفوظ حصو آهي۔ ان ۾ آواز جو استعمال ٿئي ٿو، نه ڪا سُئي ۽ نه ڪا دوا۔ اهو صحت ڪارڪن کي ٻار بابت اهم معلومات ڏئي ٿو۔",https://www.who.int/news/item/07-11-2016-new-guidelines-on-antenatal-care-for-a-positive-pregnancy-experience
61,حمل ۽ ماءُ جي صحت,حمل دوران معائنا ۽ ٽيسٽ,"جيڪڏهن آءٌ شروعات ۾ نه وڃي سگهيس ته ڇا آءٌ چوويهه هفتن کان پوءِ اسڪين ڪرائي سگهان ٿي؟","ها، پوءِ وارو اسڪين به فائديمند آهي، پر شروعاتي اسڪين تاريخن بابت بهتر معلومات ڏئي ٿي۔ جيترو جلدي توهان کان ٿي سگهي وڃو۔ ان کي نه ڇڏيو ڇاڪاڻ ته بهترين وقت لنگهي ويو آهي۔",https://www.who.int/news/item/07-11-2016-new-guidelines-on-antenatal-care-for-a-positive-pregnancy-experience
62,حمل ۽ ماءُ جي صحت,حمل دوران معائنا ۽ ٽيسٽ,"ڇا مون کي معائنن لاءِ وڃڻ گھرجي جيڪڏهن اهو منهنجو پهريون ٻار ناهي؟","ها۔ هر حمل مختلف آهي، ۽ مسئلا ظاهر ٿي سگهن ٿا توڙي جو پوئين حمل آسان هئا۔ ساڳيا اٺ معائنا صلاح ڏنا ويندا آهن۔ صحت ڪارڪن کي پنهنجن پوئين حملن بابت به ٻڌايو۔",https://www.who.int/news/item/07-11-2016-new-guidelines-on-antenatal-care-for-a-positive-pregnancy-experience
63,حمل ۽ ماءُ جي صحت,حمل دوران معائنا ۽ ٽيسٽ,"مون کي پنهنجي معائني تي پاڻ سان ڇا کڻي وڃڻ گھرجي؟","اڳوڻين ملاقاتن جو ڪارڊ يا رڪارڊ کڻي وڃو، جيڪا به دوا وٺندا آهيو ان جي لسٽ، ۽ جي ٿي سگهي ته پاڻ سان ڪنهن کي به وٺي وڃو۔ جيڪي به پڇڻو هجي اهو لکي وڃو۔ پنهنجو ڪارڊ محفوظ رکو ڇاڪاڻ ته ان ۾ توهان جي تاريخ آهي۔",https://www.who.int/news/item/07-11-2016-new-guidelines-on-antenatal-care-for-a-positive-pregnancy-experience
64,حمل ۽ ماءُ جي صحت,حمل دوران معائنا ۽ ٽيسٽ,"مون کي پنهنجي معائني تي صحت ڪارڪن کي ڇا ٻڌائڻ گھرجي؟","کين ڪنهن به رت اچڻ، سور، بخار، مٿي جي سور، سوڄ، يا ٻار جي حرڪت ۾ تبديلي بابت ٻڌايو۔ پوئين حمل جي تڪليفن ۽ ڪنهن به دوا بابت به ٻڌايو۔ ڪا به ڳالهه ٻڌائڻ جوڳي کان ننڍي ناهي۔",https://www.who.int/news-room/fact-sheets/detail/maternal-mortality
65,حمل ۽ ماءُ جي صحت,حمل دوران معائنا ۽ ٽيسٽ,"ڇا آءٌ پنهنجي معائني تي سوال پڇي سگهان ٿي؟","ها، توهان کي پڇڻ جو پورو حق آهي۔ جيڪا به ڳالهه توهان کي سمجهه ۾ نه اچي ان بابت پڇو، جنهن ۾ توهان جي ٽيسٽن جا نتيجا ۽ ڄمڻ لاءِ ڪٿي وڃجي اهو به شامل آهي۔ هڪ سٺو صحت ڪارڪن توهان جي سمجهه ۾ ايندڙ لفظن ۾ وضاحت ڪندو۔",https://www.who.int/news/item/07-11-2016-new-guidelines-on-antenatal-care-for-a-positive-pregnancy-experience
66,حمل ۽ ماءُ جي صحت,حمل دوران معائنا ۽ ٽيسٽ,"جيڪڏهن صحت مرڪز منهنجي ڳوٺ کان پري هجي ته ڇا ٿيندو؟","سفر جي اڳواٽ رٿابندي ڪريو ۽ ڪنهن سان گڏ وڃو۔ پڇو ته ڇا توهان جي علائقي ۾ ڪا ليڊي هيلٿ ورڪر ايندي آهي، ڇاڪاڻ ته ڪجهه چيڪ گھر جي ويجھو ٿي سگهن ٿا۔ سڀ ملاقاتون ڇڏي ڏيڻ ۾ سچو خطرو آهي، تنهنڪري جڏهن ٿي سگهي وڃو۔",https://www.who.int/news-room/fact-sheets/detail/maternal-mortality
67,حمل ۽ ماءُ جي صحت,حمل دوران معائنا ۽ ٽيسٽ,"ڇا هڪ ليڊي هيلٿ ورڪر ڊاڪٽر جي بجاءِ منهنجا معائنا ڪري سگهي ٿي؟","هڪ تربيت يافته ليڊي هيلٿ ورڪر معائني جا گھڻا حصا ڪري سگهي ٿي ۽ ڄاڻي ٿي ته توهان کي ڪڏهن صحت مرڪز موڪلجي۔ کيس پنهنجو پهريون رابطو بڻايو۔ هو توهان کي انهن ملاقاتن ڏانهن به رهنمائي ڪري سگهي ٿي جيڪي توهان کي صحت جي هڪ سهولت تي ڪرڻيون آهن۔",https://www.who.int/news-room/fact-sheets/detail/maternal-mortality
68,حمل ۽ ماءُ جي صحت,حمل دوران معائنا ۽ ٽيسٽ,"صحت ڪارڪن جيڪو ڪارڊ مون کي ڏئي ٿو اهو ڇا لاءِ آهي؟","اهو توهان جي حمل جو رڪارڊ آهي، جيڪو توهان جون ملاقاتون، ٽيسٽ ۽ نتيجا ڏيکاري ٿو۔ ان کي هر ملاقات تي ۽ پنهنجي ڄڻڻ تي به کڻي وڃو۔ اهو ڄاڻائي ٿو ته جيڪو به توهان جي سنڀال ڪري ٿو کيس توهان جي تاريخ خبر پوي۔",https://www.who.int/news/item/07-11-2016-new-guidelines-on-antenatal-care-for-a-positive-pregnancy-experience
69,حمل ۽ ماءُ جي صحت,حمل دوران معائنا ۽ ٽيسٽ,"جيڪڏهن مون کان هڪ معائنو ڇُٽي وڃي ته مون کي ڇا ڪرڻ گھرجي؟","ايندڙ مقرر تاريخ جو انتظار ڪرڻ بدران جيترو جلدي توهان کان ٿي سگهي وڃو۔ کين ٻڌايو ته ڪهڙي ملاقات ڇُٽي وئي هئي۔ دير سان وڃڻ هميشه بلڪل نه وڃڻ کان بهتر آهي۔",https://www.who.int/news/item/07-11-2016-new-guidelines-on-antenatal-care-for-a-positive-pregnancy-experience
70,حمل ۽ ماءُ جي صحت,حمل دوران معائنا ۽ ٽيسٽ,"ڇا مون کي منهنجي ملاقاتن تي غذا ۽ سرگرمي بابت صلاح ڏني ويندي؟","ها، صحت ڪارڪن حامله عورتن کي صحتمند غذا، سرگرم رهڻ، ۽ تماڪ ۽ ٻين نقصانڪار شين کان پاسو ڪرڻ بابت صلاح ڏين ٿا۔ هو طبيعت خراب لڳڻ ۽ پُٺِ جي سور جهڙن عام مسئلن ۾ به مدد ڪن ٿا۔ جيڪڏهن هو ان جو ذڪر نه ڪن ته پاڻ پڇو۔",https://www.who.int/news/item/07-11-2016-new-guidelines-on-antenatal-care-for-a-positive-pregnancy-experience
71,حمل ۽ ماءُ جي صحت,حمل دوران معائنا ۽ ٽيسٽ,"ڇا هو مون کان تماڪ يا ٻين شين بابت پڇندا؟","ها، اهو ملاقاتن تي پڇيو ويندو آهي ته جيئن توهان کي ڇڏڻ ۾ مدد ڏئي سگهجي۔ اهو توهان جي مدد لاءِ پڇيو ويندو آهي، شرمسار ڪرڻ لاءِ نه۔ سچ ٻڌائڻ سان توهان ۽ ٻار کي بهترين سنڀال ملي ٿي۔",https://www.who.int/news/item/07-11-2016-new-guidelines-on-antenatal-care-for-a-positive-pregnancy-experience
72,حمل ۽ ماءُ جي صحت,حمل دوران معائنا ۽ ٽيسٽ,"ڇا ڪو مون کان اهو به پڇندو ته آءٌ ذهني طور تي ڪيئن محسوس ڪري رهي آهيان، نه صرف جسماني طور تي؟","ها، توهان جو مزاج ۽ پريشانيون سنڀال جو هڪ عام حصو آهن۔ صحت ڪارڪن کي ٻڌايو جيڪڏهن توهان کي ڪمزور، تمام گھڻي پريشاني يا سنڀالڻ ۾ ناڪامي محسوس ٿئي۔ مدد موجود آهي ۽ اهو لڪائڻ جوڳي شيءِ ناهي۔",https://www.who.int/news/item/30-03-2022-who-urges-quality-care-for-women-and-newborns-in-critical-first-weeks-after-childbirth
73,حمل ۽ ماءُ جي صحت,حمل دوران معائنا ۽ ٽيسٽ,"جيڪڏهن منهنجو خون جو ٽيسٽ خون جي کوٽ ڏيکاري ته ان جو ڇا مطلب آهي؟","ان جو مطلب آهي ته توهان جو خون جيترو گھرجي اوترو آڪسيجن نٿو کڻي سگهي، جيڪو حمل ۾ عام آهي۔ ان جو علاج آئرن جي گوريون ۽ آئرن سان ڀرپور غذا سان ٿئي ٿو۔ صحت ڪارڪن جي صلاح تي هلو ۽ ٻيهر چيڪ لاءِ واپس وڃو۔",https://www.who.int/news-room/fact-sheets/detail/anaemia
74,حمل ۽ ماءُ جي صحت,حمل دوران معائنا ۽ ٽيسٽ,"منهنجي پيشاب ۾ پروٽين هجڻ جو ڇا مطلب آهي؟","اهو حمل ۾ بلڊ پريشر جي مسئلي جي هڪ شروعاتي نشاني ٿي سگهي ٿي جنهن تي نظر رکڻ ضروري آهي۔ ان جو هميشه اهو مطلب ناهي ته ڪا سنگين ڳالهه آهي، پر ان جي پيروي ڪرڻ ضروري آهي۔ صحت ڪارڪن جيڪي به چيڪ گھرن ٿا انهن لاءِ واپس وڃو۔",https://www.who.int/news-room/fact-sheets/detail/pre-eclampsia
75,حمل ۽ ماءُ جي صحت,حمل دوران معائنا ۽ ٽيسٽ,"ڇا حمل دوران سنڀال صرف انهن عورتن لاءِ آهي جيڪي طبيعت خراب محسوس ڪن ٿيون؟","نه، اها هر حامله عورت لاءِ آهي، توڙي جو هو بلڪل ٺيڪ محسوس ڪري رهي هجي۔ گھڻا خطرناڪ مسئلا ڪا به شروعاتي نشاني نه ڏيکاريندا آهن۔ اهو ئي سبب آهي جو معمول جي چڪاس اهم آهي۔",https://www.who.int/news-room/fact-sheets/detail/pre-eclampsia
76,حمل ۽ ماءُ جي صحت,حمل دوران معائنا ۽ ٽيسٽ,"ڇا منهنجو مڙس يا ساس کي مون سان معائنن تي اچڻ گھرجي؟","ڪنهن اعتماد جوڳي کي پاڻ سان وٺي وڃڻ سان توهان کي جيڪي به ٻڌايو ويو اهو ياد رکڻ ۽ سنڀال حاصل ڪرڻ ۾ مدد ملي ٿي۔ اهو خاندان کي ڄڻڻ جي رٿا سمجهڻ ۾ به مدد ڪري ٿو۔ توهان چاهيو ته صحت ڪارڪن سان اڪيلي ڳالهائڻ لاءِ به چئي سگهو ٿيون۔",https://www.who.int/news/item/07-11-2016-new-guidelines-on-antenatal-care-for-a-positive-pregnancy-experience
77,حمل ۽ ماءُ جي صحت,حمل دوران معائنا ۽ ٽيسٽ,"جيڪڏهن آءٌ معائنن جو خرچ نه کڻي سگهان ته ڇا ٿيندو؟","سرڪاري صحت مرڪز يا پنهنجي ليڊي هيلٿ ورڪر کان پڇو، ڇاڪاڻ ته گھڻيون حمل دوران سنڀال جون خدمتون مفت يا گھٽ خرچ واريون هونديون آهن۔ خرچ جي ڪري پڇڻ کان اڳ ئي سنڀال کي نه ڇڏيو۔ مرڪز تي ڪو نه ڪو توهان کي ٻڌائي سگهي ٿو ته ڇا موجود آهي۔",https://www.who.int/news-room/fact-sheets/detail/maternal-mortality
78,حمل ۽ ماءُ جي صحت,حمل دوران معائنا ۽ ٽيسٽ,"جيڪڏهن خاندان جو ڪو وڏو چوي ته سڀ ڪجهه ٺيڪ لڳي رهيو آهي ته به ڇا مون کي معائنن جي ضرورت آهي؟","ها۔ تجربو قيمتي آهي، پر بلڊ پريشر، خون جي کوٽ ۽ ٻار جي واڌ کي ڏسي اندازو نٿو لڳائي سگهجي۔ صرف هڪ معائنو انهن کي ماپي سگهي ٿو۔ ملاقاتن لاءِ به وڃو۔",https://www.who.int/news-room/fact-sheets/detail/pre-eclampsia
79,حمل ۽ ماءُ جي صحت,حمل دوران معائنا ۽ ٽيسٽ,"ڇا هو مون کي ٻڌائيندا ته ٻار پُٽ آهي يا ڌيءَ؟","اسڪين ٻار جي صحت، واڌ ۽ تاريخن جي چيڪ لاءِ ٿيندو آهي، جنس ٻڌائڻ لاءِ نه۔ رواج جاءِ کان جاءِ مختلف هوندا آهن۔ جيڪا اهم شيءِ اسڪين توهان کي ڏئي ٿو اها ٻار جي صحت بابت معلومات آهي۔",https://www.who.int/news/item/07-11-2016-new-guidelines-on-antenatal-care-for-a-positive-pregnancy-experience
80,حمل ۽ ماءُ جي صحت,حمل دوران معائنا ۽ ٽيسٽ,"مون کي ڪيئن خبر پوندي ته مون کي ڪٿي ڄڻڻ گھرجي؟","توهان جو صحت ڪارڪن توهان جي صحت ۽ توهان جي معائنن ۾ معلوم ٿيل ڪنهن به مسئلي جي بنياد تي صلاح ڏيندو۔ گھڻن حالتن ۾ هڪ ماهر ڄڻائيندڙ سان صحت جي سهولت تي ڄڻڻ سڀ کان محفوظ آهي۔ جاءِ ۽ اچ وڃ اڳواٽ طئي ڪريو۔",https://www.who.int/news-room/fact-sheets/detail/maternal-mortality
81,حمل ۽ ماءُ جي صحت,حمل جون تڪليفون ۽ نشانيون,"حمل دوران مون کي طبيعت خراب لڳي ۽ قَي ڇو ٿئي ٿي؟","طبيعت خراب لڳڻ شروعاتي حمل ۾ هڪ عام تبديلي آهي ۽ عام طور تي پهرين ڪجهه مهينن کانپوءِ بهتر ٿي وڃي ٿي۔ ننڍا طعام گھڻي ڀيري کائڻ سان مدد ملي سگهي ٿي۔ جيڪڏهن توهان کان بلڪل به طعام يا پاڻي هضم نه ٿئي ته صحت مرڪز وڃو۔",https://www.who.int/news/item/07-11-2016-new-guidelines-on-antenatal-care-for-a-positive-pregnancy-experience
82,حمل ۽ ماءُ جي صحت,حمل جون تڪليفون ۽ نشانيون,"صبح جي بيماري بابت آءٌ ڇا ڪري سگهان ٿي؟","وڏن طعامن بدران ننڍا، سادا طعام گھڻي ڀيري کائڻ جي ڪوشش ڪريو، ۽ صبح جو آهستي اٿو۔ ڏينهن ڀر پاڻي پيئو۔ جيڪڏهن قَي سخت يا مسلسل هجي ته گھر ۾ نسخا آزمائڻ بدران صحت ڪارڪن کي ڏسو۔",https://www.who.int/news/item/07-11-2016-new-guidelines-on-antenatal-care-for-a-positive-pregnancy-experience
83,حمل ۽ ماءُ جي صحت,حمل جون تڪليفون ۽ نشانيون,"ڇا حمل ۾ سيني ۾ سور اٿڻ (Heartburn) عام آهي؟","ها، سيني ۾ سڙڻ حمل جي هڪ عام شڪايت آهي۔ ننڍا طعام کائڻ ۽ کائڻ بعد سِڌو نه ليٽڻ مدد ڪري سگهي ٿو۔ جيڪڏهن اهو توهان کي پريشان ڪري ته پنهنجي صحت ڪارڪن کي ٻڌايو، ۽ پاڻ مرادو ڪا به دوا نه وٺو۔",https://www.who.int/news/item/07-11-2016-new-guidelines-on-antenatal-care-for-a-positive-pregnancy-experience
84,حمل ۽ ماءُ جي صحت,حمل جون تڪليفون ۽ نشانيون,"مون کي حمل ۾ قبض آهي۔ مون کي ڇا ڪرڻ گھرجي؟","قبض حمل جي هڪ عام شڪايت آهي۔ وڌيڪ پاڻي پيئڻ ۽ ڀاڄيون، ميوا ۽ اَٻاڻي اَنَّ کائڻ مدد ڪري ٿو۔ پاڻ مرادو ڪا به دوا وٺڻ بدران پنهنجي معائني تي ان جو ذڪر ڪريو۔",https://www.who.int/news/item/07-11-2016-new-guidelines-on-antenatal-care-for-a-positive-pregnancy-experience
85,حمل ۽ ماءُ جي صحت,حمل جون تڪليفون ۽ نشانيون,"مون کي رات جو پيرن ۾ چٻرا (Cramps) ڇو پوندا آهن؟","پيرن جا چٻرا حمل دوران هڪ عام شڪايت آهن۔ پير کي هلڪي طرح ڊگهو ڪرڻ ۽ ڏينهن ۾ هلڻ ڦرڻ مدد ڪري سگهي ٿو۔ جيڪڏهن اهي بار بار ٿين ته پنهنجي معائني تي ان جو ذڪر ڪريو۔",https://www.who.int/news/item/07-11-2016-new-guidelines-on-antenatal-care-for-a-positive-pregnancy-experience
86,حمل ۽ ماءُ جي صحت,حمل جون تڪليفون ۽ نشانيون,"مون کي حمل ۾ پُٺِ جو سور آهي۔ ڇا اهو عام آهي؟","هيٺين پُٺِ جو سور حمل جي هڪ عام شڪايت آهي، خاص ڪري جيئن ٻار وڌي ٿو۔ سهاري سان ويهڻ، ڀاري شيون نه کڻڻ ۽ هلڪي حرڪت مدد ڪري سگهي ٿي۔ صحت ڪارڪن توهان جي معائنن تي ان بابت صلاح ڏئي سگهن ٿا۔",https://www.who.int/news/item/07-11-2016-new-guidelines-on-antenatal-care-for-a-positive-pregnancy-experience
87,حمل ۽ ماءُ جي صحت,حمل جون تڪليفون ۽ نشانيون,"مون کي هيٺان، ڪتلي جي هڏي وٽ سور آهي۔ ڇا اهو عام آهي؟","ڪتلي جي هڏي وٽ سور حمل جي هڪ سڃاتل تڪليف آهي جيئن جسم ڄڻڻ لاءِ تيار ٿئي ٿو۔ ڀاري کڻڻ کان پاسو ڪريو ۽ جڏهن اهو تمام گھڻو هجي ته آرام ڪريو۔ پر پيٽ ۾ سخت سور مختلف ڳالهه آهي ۽ ان لاءِ فوري سنڀال جي ضرورت آهي۔",https://www.who.int/news/item/07-11-2016-new-guidelines-on-antenatal-care-for-a-positive-pregnancy-experience
88,حمل ۽ ماءُ جي صحت,حمل جون تڪليفون ۽ نشانيون,"حمل ۾ منهنجي پيرن تي سُوڄيل رڳون ڇا آهن؟","پيرن ۾ سُوڄيل رڳون حمل جي هڪ عام تبديلي آهي۔ پير مٿي ڪري آرام ڪرڻ ۽ گھڻو وقت بيٺي نه رهڻ مدد ڪري سگهي ٿو۔ جيڪڏهن اهي سور ڪن ته پنهنجي معائني تي انهن جو ذڪر ڪريو۔",https://www.who.int/news/item/07-11-2016-new-guidelines-on-antenatal-care-for-a-positive-pregnancy-experience
89,حمل ۽ ماءُ جي صحت,حمل جون تڪليفون ۽ نشانيون,"ڇا حمل ۾ چرخي اچڻ عام آهي؟","جلدي اُٿڻ تي هلڪي چرخي اچڻ گھڻين حامله عورتن سان ٿيندو آهي۔ آهستي اٿو ۽ باقاعدگي سان کائو پيئو۔ پر جيڪڏهن توهان بيهوش ٿيو، يا ساهه کڄڻ ۽ منهن جي بيحد پيلاڻ سان گڏ چرخي محسوس ٿئي ته صحت ڪارڪن کي ڏسو، ڇاڪاڻ ته اهو خون جي کوٽ ٿي سگهي ٿو۔",https://www.who.int/news-room/fact-sheets/detail/anaemia
90,حمل ۽ ماءُ جي صحت,حمل جون تڪليفون ۽ نشانيون,"حمل ۾ آءٌ هر وقت ايتري ٿڪل ڇو رهان ٿي؟","ٿڪاوت عام آهي ڇاڪاڻ ته توهان جو جسم وڌيڪ محنت ڪري رهيو آهي۔ جڏهن ٿي سگهي آرام ڪريو ۽ سٺي غذا کائو۔ جيڪڏهن ٿڪاوت سخت هجي ۽ ان سان گڏ چرخي، مٿي جو سور يا ٿڌا هٿ پير هجن ته خون جي کوٽ لاءِ چيڪ ڪرائڻ لاءِ چئو۔",https://www.who.int/news-room/fact-sheets/detail/anaemia
91,حمل ۽ ماءُ جي صحت,حمل جون تڪليفون ۽ نشانيون,"ڇا حمل ۾ ٿورو وڌيڪ رطوبت (Discharge) اچڻ عام آهي؟","صاف يا اڇي رطوبت ۾ ٿورو اضافو حمل ۾ عام آهي۔ پر جيڪا رطوبت بدبودار هجي، خارش ڪري، يا بخار سان گڏ هجي اها عام ناهي۔ ان لاءِ صحت مرڪز وڃو، ڇاڪاڻ ته ان کي علاج جي ضرورت پئجي سگهي ٿي۔",https://www.who.int/news-room/fact-sheets/detail/maternal-mortality
92,حمل ۽ ماءُ جي صحت,حمل جون تڪليفون ۽ نشانيون,"ڇا حمل ۾ پيٽ ۾ هلڪي بيچيني محسوس ٿيڻ عام آهي؟","ٻچيدان جي وڌڻ سبب هلڪي ڇِڪَ يا ڇڪاءُ جو احساس عام آهي۔ اهي اچن ٿا ۽ وڃن ٿا ۽ سخت ناهن هوندا۔ پر پيٽ ۾ سخت سور خطري جي نشاني آهي ۽ صحت مرڪز تي فوري سنڀال جي ضرورت آهي۔",https://www.who.int/news-room/fact-sheets/detail/maternal-mortality
93,حمل ۽ ماءُ جي صحت,حمل جون تڪليفون ۽ نشانيون,"ڇا حمل ۾ هلڪو مٿي جو سور عام آهي؟","ڪڏهن ڪڏهن هلڪو مٿي جو سور ٿي سگهي ٿو۔ پر سخت مٿي جو سور، خاص ڪري نظر ڌنڌلي ٿيڻ يا اکين اڳيان دنبا نظر اچڻ سان گڏ، بلڊ پريشر جي مسئلي جي هڪ خطري واري نشاني آهي۔ جيڪڏهن اهو توهان کي ٿئي ته هاڻي ئي صحت مرڪز وڃو۔",https://www.who.int/news-room/fact-sheets/detail/pre-eclampsia
94,حمل ۽ ماءُ جي صحت,حمل جون تڪليفون ۽ نشانيون,"منهنجا هٿ ۽ منهن سُڄي ويا آهن۔ ڇا اهو صرف عام حمل واري سوڄ آهي؟","هٿن ۽ منهن جي سوڄ ڳِـٽن جي هلڪي سوڄ جهڙي ناهي ۽ اها بلڊ پريشر جي هڪ سنگين مسئلي جي نشاني ٿي سگهي ٿي۔ مهرباني ڪري هاڻي ئي صحت مرڪز يا اسپتال وڃو۔ پاڻ سان ڪنهن کي به وٺي وڃو۔",https://www.who.int/news-room/fact-sheets/detail/pre-eclampsia
95,حمل ۽ ماءُ جي صحت,حمل جون تڪليفون ۽ نشانيون,"ڇا حمل ۾ گرمي محسوس ٿيڻ يا وڌيڪ پگهر اچڻ عام آهي؟","معمول کان وڌيڪ گرم محسوس ٿيڻ حمل جي هڪ عام تبديلي آهي۔ پاڻي پيئو ۽ ڇانو ۾ آرام ڪريو۔ پر بخار گرمي محسوس ٿيڻ کان مختلف آهي، ۽ حمل ۾ بخار جي چيڪ صحت مرڪز تي ٿيڻ گھرجي۔",https://www.who.int/news-room/fact-sheets/detail/maternal-mortality
96,حمل ۽ ماءُ جي صحت,حمل جون تڪليفون ۽ نشانيون,"حمل ۾ منهنجيون ڇاتيون ڇو سور ڪن ٿيون؟","ڇاتين جي نرمي ۽ ڀرپور ٿيڻ حمل جون عام تبديليون آهن جيئن جسم ٻار کي کير پيارڻ لاءِ تيار ٿئي ٿو۔ ٺيڪ ماپ جو سهارو ڏيندڙ ڪپڙو يا لباس مدد ڪري ٿو۔ ڪا به ڳنڍ، ڳاڙهاڻ يا سخت سور واري جاءِ صحت ڪارڪن کي ڏيکاريو۔",https://www.who.int/news-room/fact-sheets/detail/infant-and-young-child-feeding
97,حمل ۽ ماءُ جي صحت,حمل جون تڪليفون ۽ نشانيون,"ڇا حمل دوران مزاج ۾ تبديلي اچڻ عام آهي؟","ها، حمل ۾ مزاج جو مٿي هيٺ ٿيڻ عام آهي۔ ڪنهن اعتماد جوڳي سان ڳالهايو۔ جيڪڏهن اداسي يا سخت پريشاني رهجي وڃي ۽ روزمرهه جي زندگي سنڀالڻ کان روڪي ته صحت ڪارڪن کي ٻڌايو، ڇاڪاڻ ته مدد موجود آهي۔",https://www.who.int/news/item/30-03-2022-who-urges-quality-care-for-women-and-newborns-in-critical-first-weeks-after-childbirth
98,حمل ۽ ماءُ جي صحت,حمل جون تڪليفون ۽ نشانيون,"ڇا آءٌ حمل ۾ پنهنجي سور لاءِ درد ختم ڪندڙ دوا وٺي سگهان ٿي؟","حمل ۾ صحت ڪارڪن کان پڇڻ کان سواءِ ڪا به دوا نه وٺو، جنهن ۾ دڪان جون گوريون به شامل آهن۔ ڪجهه ٻار لاءِ محفوظ ناهن۔ کين ٻڌايو ته ڇا سور ٿي رهيو آهي ۽ هو توهان کي صلاح ڏيندا۔",https://www.who.int/news/item/07-11-2016-new-guidelines-on-antenatal-care-for-a-positive-pregnancy-experience
99,حمل ۽ ماءُ جي صحت,حمل جون تڪليفون ۽ نشانيون,"ڇا حمل ۾ گھريلو نسخا محفوظ آهن؟","ڪجهه نسخا بي ضرر آهن پر ٻيا ٻار لاءِ خطرناڪ ٿي سگهن ٿا، ۽ اهو ڄاڻڻ ڏکيو آهي ته ڪهڙا۔ ڪو به نسخو يا جڙي ٻوٽي واري دوا استعمال ڪرڻ کان اڳ صحت ڪارڪن کان پڇو۔ حمل ۾ ماهواري آڻڻ لاءِ ڪا به شيءِ ڪڏهن به استعمال نه ڪريو۔",https://www.who.int/news/item/07-11-2016-new-guidelines-on-antenatal-care-for-a-positive-pregnancy-experience
100,حمل ۽ ماءُ جي صحت,حمل جون تڪليفون ۽ نشانيون,"ڇا حمل ۾ پيشاب ڪندي سڙڻ عام آهي؟","نه، پيشاب ڪندي سڙڻ انفيڪشن ٿي سگهي ٿو ۽ ان جي چيڪ ٿيڻ گھرجي۔ حمل ۾ انفيڪشن جيڪڏهن ڇڏي ڏجن ته سنگين ٿي سگهن ٿا۔ اهو پاڻمرادو ختم ٿيڻ جو انتظار ڪرڻ بدران صحت مرڪز وڃو۔",https://www.who.int/news-room/fact-sheets/detail/maternal-mortality
101,حمل ۽ ماءُ جي صحت,حمل جون تڪليفون ۽ نشانيون,"ڇا حمل جي آخري مرحلي ۾ مٿي چڙهڻ وقت ساهه کڄڻ عام آهي؟","زور لڳائڻ سان هلڪو ساهه کڄڻ عام آهي جيئن ٻار وڌي ٿو ۽ مٿي طرف دٻاءُ وجهي ٿو۔ آرام ڪريو ۽ رفتار ڍري ڪريو۔ پر اوچتو يا سخت ساهه کڄڻ، آرام ڪرڻ دوران به، خطري جي نشاني آهي جنهن لاءِ فوري سنڀال جي ضرورت آهي۔",https://www.who.int/news-room/fact-sheets/detail/maternal-mortality
102,حمل ۽ ماءُ جي صحت,حمل جون تڪليفون ۽ نشانيون,"حمل ۾ رات جو مون کي پيشاب لاءِ بار بار ڇو اٿڻو پوي ٿو؟","وڌندڙ ٻار مثاني تي دٻاءُ وجهي ٿو، تنهنڪري بار بار پيشاب اچڻ عام آهي۔ ڏينهن جي شروعات ۾ پاڻي پيئو، ڪل مقدار گھٽائڻ بدران۔ ڪنهن به سڙڻ، بخار يا پُٺِ جي سور جي رپورٽ ڪريو، ڇاڪاڻ ته اهو انفيڪشن ٿي سگهي ٿو۔",https://www.who.int/news/item/07-11-2016-new-guidelines-on-antenatal-care-for-a-positive-pregnancy-experience
103,حمل ۽ ماءُ جي صحت,حمل جون تڪليفون ۽ نشانيون,"ڇا حمل ۾ چمڙي ۾ خارش ۽ ٽوٽنيون (Stretch Marks) عام آهن؟","چمڙي جي ڇڪجڻ سبب هلڪي خارش عام آهي ۽ ٽوٽنيون هڪ عام تبديلي آهن۔ چمڙي کي نم رکڻ ان کي آسان ڪري سگهي ٿو۔ سڄي جسم ۾ سخت خارش صحت ڪارڪن کي ٻڌائجي۔",https://www.who.int/news/item/07-11-2016-new-guidelines-on-antenatal-care-for-a-positive-pregnancy-experience
104,حمل ۽ ماءُ جي صحت,حمل جون تڪليفون ۽ نشانيون,"دند صاف ڪرڻ وقت منهنجن ڏندن جي مسورن مان رت اچي ٿو۔ ڇا اها حمل واري تبديلي آهي؟","حمل ۾ مسوڙا وڌيڪ نرم ٿي سگهن ٿا۔ آهستي ڏند صاف ڪندا رهو ۽ وات ڌوئيندا رهو، خاص ڪري جيڪڏهن قَي اچي رهي هجي۔ جيڪڏهن رت گھڻو اچي ته پنهنجي معائني تي ان جو ذڪر ڪريو۔",https://www.who.int/news/item/07-11-2016-new-guidelines-on-antenatal-care-for-a-positive-pregnancy-experience
105,حمل ۽ ماءُ جي صحت,حمل جون تڪليفون ۽ نشانيون,"ڇا ڏينهن جي آخر ۾ منهنجن پيرن جو سُڄڻ عام آهي؟","آخري حمل ۾ پيرن ۽ ڳِـٽن جي هلڪي سوڄ جيڪا آرام سان گھٽجي وڃي عام آهي۔ ويهڻ وقت پير مٿي ڪريو۔ پر هٿن ۽ منهن جي سوڄ، يا اوچتي سوڄ کي فوري چيڪ جي ضرورت آهي۔",https://www.who.int/news-room/fact-sheets/detail/pre-eclampsia
106,حمل ۽ ماءُ جي صحت,حمل جون تڪليفون ۽ نشانيون,"ڇا مون کي پنهنجي معائني تي ننڍا مسئلا ٻڌائجن، يا فقط وڏا؟","سڀ ڪجهه ٻڌايو، توڙي جو اهي ننڍيون شيون ئي هجن۔ ڪجهه سنگين مسئلا ننڍيون شڪايتون بڻجي شروع ٿين ٿا، ۽ صحت ڪارڪن ئي فيصلو ڪرڻ جي صحيح شخص آهي۔ توهان جيڪا به ڳالهه چوندا اها وقت ضايع ڪرڻ نه سمجهي ويندي۔",https://www.who.int/news/item/07-11-2016-new-guidelines-on-antenatal-care-for-a-positive-pregnancy-experience
107,حمل ۽ ماءُ جي صحت,حمل جون تڪليفون ۽ نشانيون,"آءٌ عام تڪليف ۽ خطري جي نشاني ۾ فرق ڪيئن سمجهان؟","عام تڪليفون هلڪيون آهن، اچن ٿيون ۽ وڃن ٿيون، ۽ آرام سان گھٽجي وڃن ٿيون۔ خطري جون نشانيون آهن رت اچڻ، سخت مٿي جو سور، نظر ڌنڌلي ٿيڻ، پيٽ ۾ سخت سور، هٿن ۽ منهن جي سوڄ، بخار، ساهه کڄڻ، دورا، يا ٻار جي حرڪت گھٽجڻ۔ ڪا به خطري جي نشاني هجي ته ان جو مطلب هاڻي وڃو۔",https://www.who.int/news-room/fact-sheets/detail/maternal-mortality
108,حمل ۽ ماءُ جي صحت,حمل جون تڪليفون ۽ نشانيون,"ڇا سرگرم رهڻ حمل جي سورن ۾ مدد ڪري سگهي ٿو؟","صحت ڪارڪن حامله عورتن کي جسماني طور تي سرگرم رهڻ جي صلاح ڏين ٿا، جيئن اهو انهن کي مناسب لڳي۔ هلڪي باقاعده حرڪت ڪيترن ئي عام شڪايتن ۾ مدد ڪري سگهي ٿي۔ صحت ڪارڪن کان پڇو ته توهان لاءِ ڇا صحيح آهي۔",https://www.who.int/news/item/07-11-2016-new-guidelines-on-antenatal-care-for-a-positive-pregnancy-experience
109,حمل ۽ ماءُ جي صحت,حمل جون تڪليفون ۽ نشانيون,"مون کي بلڪل به ڪا تڪليف ناهي۔ ڇا ڪا خراب ڳالهه آهي؟","نه، گھڻين عورتن جو حمل آسان هوندو آهي، ٿوريون شڪايتون هونديون اٿن، ۽ اهو سٺي نشاني آهي۔ ان جي باوجود پنهنجا معائنا جاري رکو۔ ٺيڪ محسوس ٿيڻ بلڊ پريشر ۽ خون جي چيڪ جو متبادل ناهي۔",https://www.who.int/news-room/fact-sheets/detail/pre-eclampsia
110,حمل ۽ ماءُ جي صحت,حمل جون تڪليفون ۽ نشانيون,"حمل جي آخري مرحلي ۾ ٻيهر طبيعت خراب لڳڻ شروع ٿي وئي آهي۔ ڇا مون کي پريشان ٿيڻ گھرجي؟","شروعاتي مهينن کانپوءِ شروع ٿيندڙ متلي ۽ قَي صحت ڪارڪن کي ٻڌائجي، ڇاڪاڻ ته اهو بلڊ پريشر جي مسئلي سان گڏ ٿي سگهي ٿو۔ ان جو گھر ۾ علاج نه ڪريو۔ چيڪ ٿيڻ لاءِ وڃو، خاص ڪري جيڪڏهن توهان کي مٿي جو سور يا مٿين پيٽ ۾ سور به هجي۔",https://www.who.int/news-room/fact-sheets/detail/pre-eclampsia
111,حمل ۽ ماءُ جي صحت,حمل دوران غذا (آئرن، فوليڪ ايسڊ ۽ خوراڪ),"حمل دوران مون کي ڇا کائڻ گھرجي؟","اَنَّ، دالون، ڀاڄيون، ميوا، کير ۽ جيڪڏهن کائيندا آهيو ته گوشت، مڇي يا آنا شامل ڪري متوازن غذا کائو۔ صحت ڪارڪن هر حمل جي معائني ۾ سٺي غذا جي صلاح ڏين ٿا۔ ننڍا طعام گھڻي ڀيري کائڻ وڏن طعامن کان آسان آهي۔",https://www.who.int/news/item/07-11-2016-new-guidelines-on-antenatal-care-for-a-positive-pregnancy-experience
112,حمل ۽ ماءُ جي صحت,حمل دوران غذا (آئرن، فوليڪ ايسڊ ۽ خوراڪ),"ڇا مون کي حمل ۾ ٻن ماڻهن جيتري غذا کائڻ گھرجي؟","توهان کي ڪجهه وڌيڪ غذائيت جي ضرورت آهي، پر ٻيڻي غذا جي نه۔ سڀ کان اهم شيءِ آهي جيڪو توهان کائو ٿا ان جو معيار ۽ تنوع، مقدار نه۔ توهان جو صحت ڪارڪن چيڪ ڪندو ته ڇا توهان ۽ ٻار سٺي طرح وڌي رهيا آهيو۔",https://www.who.int/news/item/07-11-2016-new-guidelines-on-antenatal-care-for-a-positive-pregnancy-experience
113,حمل ۽ ماءُ جي صحت,حمل دوران غذا (آئرن، فوليڪ ايسڊ ۽ خوراڪ),"حمل ۾ آئرن ۽ فوليڪ ايسڊ جون گوريون ڇو ڏنيون وينديون آهن؟","اهي روزانو ڏنيون وينديون آهن ته جيئن ماءُ ۾ خون جي کوٽ روڪجي، ۽ ڄمڻ کانپوءِ انفيڪشن، گھٽ وزن ۽ وقت کان اڳ ڄمڻ جو امڪان گھٽجي۔ اهي حمل دوران سنڀال جو هڪ معمولي حصو آهن۔ انهن کي صحت ڪارڪن جي ٻڌايل موجب کائو۔",https://www.who.int/news/item/07-11-2016-new-guidelines-on-antenatal-care-for-a-positive-pregnancy-experience
114,حمل ۽ ماءُ جي صحت,حمل دوران غذا (آئرن، فوليڪ ايسڊ ۽ خوراڪ),"مون کي پنهنجيون آئرن ۽ فوليڪ ايسڊ جون گوريون ڪيتري عرصي تائين کائڻ گھرجن؟","انهن کي اوترو وقت کائو جيترو صحت ڪارڪن توهان کي ٻڌائي، عام طور تي سڄي حمل دوران۔ بهتر محسوس ٿيڻ تي بند نه ڪريو۔ جيڪڏهن يقين نه هجي ته پنهنجي معائني تي پڇو۔",https://www.who.int/news/item/07-11-2016-new-guidelines-on-antenatal-care-for-a-positive-pregnancy-experience
115,حمل ۽ ماءُ جي صحت,حمل دوران غذا (آئرن، فوليڪ ايسڊ ۽ خوراڪ),"آئرن جون گوريون منهنجي پيٽ کي خراب ڪن ٿيون۔ ڇا مون کي انهن کي بند ڪري ڏيڻ گھرجي؟","پاڻ مرادو بند نه ڪريو۔ پنهنجي صحت ڪارڪن کي ٻڌايو، ڇاڪاڻ ته انهن کي کائڻ آسان بڻائڻ جا طريقا موجود آهن۔ بند ڪرڻ سان توهان ۽ ٻار لاءِ خون جي کوٽ ۽ ان جي خطرن جو امڪان وڌي ويندو۔",https://www.who.int/news/item/07-11-2016-new-guidelines-on-antenatal-care-for-a-positive-pregnancy-experience
116,حمل ۽ ماءُ جي صحت,حمل دوران غذا (آئرن، فوليڪ ايسڊ ۽ خوراڪ),"ڪهڙيون شيون خون ٺاهڻ ۾ مدد ڪن ٿيون؟","سنهو گوشت، مڇي، دالون ۽ لوبيا، ڪاري سائي پن واريون ڀاڄيون، ۽ آئرن سان ڀرپور شيون سڀ مدد ڪن ٿيون۔ انهن سان گڏ ڪا وٽامن سي واري شيءِ کائڻ، جيئن ليمون، جسم کي وڌيڪ آئرن جذب ڪرڻ ۾ مدد ڪري ٿي۔ انهن کي ڪڏهن ڪڏهن نه پر باقاعدگي سان شامل ڪريو۔",https://www.who.int/news-room/fact-sheets/detail/anaemia
117,حمل ۽ ماءُ جي صحت,حمل دوران غذا (آئرن، فوليڪ ايسڊ ۽ خوراڪ),"ڇا چانهه پيئڻ منهنجي آئرن تي اثر انداز ٿئي ٿو؟","کاڌي سان گڏ ورتل چانهه، ڪافي ۽ ڪوڪو توهان جي جسم ۾ آئرن جذب ٿيڻ گھٽائين ٿا۔ انهن مشروبن ۽ توهان جي آئرن سان ڀرپور طعام يا گوريون وٺڻ جي وچ ۾ ٿورو وقفو رکو۔ اها هڪ سادي تبديلي آهي جيڪا سچو فرق آڻيندي آهي۔",https://www.who.int/news-room/fact-sheets/detail/anaemia
118,حمل ۽ ماءُ جي صحت,حمل دوران غذا (آئرن، فوليڪ ايسڊ ۽ خوراڪ),"خون جي کوٽ ڇا آهي ۽ حمل ۾ اها ڪيتري عام آهي؟","خون جي کوٽ جو مطلب آهي ته خون جسم جي چوڌاري لوڙهي آڪسيجن کڻي نٿو سگهي۔ اها سڄي دنيا ۾ حامله عورتن جي وڏي تعداد کي متاثر ڪري ٿي، لڳ ڀڳ هر ڏهن مان چار۔ اها عام آهي پر ان کي قبول ڪرڻ جوڳي ڳالهه ناهي، ڇاڪاڻ ته ان جو علاج ٿي سگهي ٿو۔",https://www.who.int/news-room/fact-sheets/detail/anaemia
119,حمل ۽ ماءُ جي صحت,حمل دوران غذا (آئرن، فوليڪ ايسڊ ۽ خوراڪ),"خون جي کوٽ جون نشانيون ڪهڙيون آهن؟","ٿڪاوت، چرخي يا هلڪا پڻ محسوس ٿيڻ، ٿڌا هٿ پير، مٿي جو سور، ۽ ساهه کڄڻ۔ سخت حالتن ۾ اکين جي پپوٽن جي اندر ۽ چپن جو رنگ تمام پيلو نظر اچي ٿو۔ جيڪڏهن اهي توهان کي محسوس ٿين ته ٽيسٽ ڪرائڻ لاءِ چئو۔",https://www.who.int/news-room/fact-sheets/detail/anaemia
120,حمل ۽ ماءُ جي صحت,حمل دوران غذا (آئرن، فوليڪ ايسڊ ۽ خوراڪ),"خون جي کوٽ منهنجي حمل کي ڇا نقصان ڏئي سگهي ٿي؟","اها ٻار جي وقت کان اڳ اچڻ، ننڍو ڄمڻ، ۽ ڄڻڻ وقت ماءُ لاءِ خطري جو امڪان وڌائي ٿي۔ اهو ئي سبب آهي جو ان جي چيڪ ۽ علاج ٿيندو آهي۔ آئرن جون گوريون کائڻ سڀ کان مفيد شين مان هڪ آهي جيڪو توهان ڪري سگهو ٿيون۔",https://www.who.int/news-room/fact-sheets/detail/anaemia
121,حمل ۽ ماءُ جي صحت,حمل دوران غذا (آئرن، فوليڪ ايسڊ ۽ خوراڪ),"ڇا خون جي کوٽ غذا کان سواءِ ٻئي ڪنهن سبب ٿي سگهي ٿي؟","ها۔ ملیریا ۽ ڪِيڙا جهڙا انفيڪشن، گھڻو رت وڃائجڻ، ۽ خاندان ۾ هلندڙ خون جون حالتون سڀ ان جو سبب بڻجي سگهن ٿيون۔ اهو ئي سبب آهي جو صحت ڪارڪن اندازو لڳائڻ بدران ٽيسٽ ڪن ٿا۔ علاج سبب تي منحصر آهي۔",https://www.who.int/news-room/fact-sheets/detail/anaemia
122,حمل ۽ ماءُ جي صحت,حمل دوران غذا (آئرن، فوليڪ ايسڊ ۽ خوراڪ),"مون کي حمل ۾ ڪيترو پاڻي پيئڻ گھرجي؟","ڏينهن ڀر باقاعدگي سان پاڻي پيئو، ۽ گرم موسم يا ٻاهر ڪم ڪندي وڌيڪ۔ پاڻي قبض ۾ به مدد ڪري ٿو، جيڪا حمل جي هڪ عام شڪايت آهي۔ صاف، محفوظ پيئڻ جوڳو پاڻي استعمال ڪريو۔",https://www.who.int/news/item/07-11-2016-new-guidelines-on-antenatal-care-for-a-positive-pregnancy-experience
123,حمل ۽ ماءُ جي صحت,حمل دوران غذا (آئرن، فوليڪ ايسڊ ۽ خوراڪ),"ڇا حمل ۾ روزو رکڻ محفوظ آهي؟","حامله هوندي روزي رکڻ کان اڳ صحت ڪارڪن سان ڳالهايو، ڇاڪاڻ ته توهان جون ضرورتون وڌيڪ آهن ۽ توهان جي حالت اهم آهي۔ هو توهان جي صحت ۽ حمل جي حالت جي بنياد تي صلاح ڏئي سگهن ٿا۔ جيڪڏهن توهان کي خون جي کوٽ يا ڪا به تڪليف هجي ته اڪيلي فيصلو نه ڪريو۔",https://www.who.int/news/item/07-11-2016-new-guidelines-on-antenatal-care-for-a-positive-pregnancy-experience
124,حمل ۽ ماءُ جي صحت,حمل دوران غذا (آئرن، فوليڪ ايسڊ ۽ خوراڪ),"ڇا مون کي حمل ۾ ڪنهن به قسم جي غذا کان پاسو ڪرڻ گھرجي؟","تماڪ، شراب ۽ ٻين نقصانڪار شين کان مڪمل طور تي پاسو ڪريو۔ اهڙي طعام کان محتاط رهو جيڪو صاف نه هجي يا صحيح طرح پڪل نه هجي۔ جنهن به شيءِ بابت پڪ نه هجي ان بابت صحت ڪارڪن کان پڇو۔",https://www.who.int/news/item/07-11-2016-new-guidelines-on-antenatal-care-for-a-positive-pregnancy-experience
125,حمل ۽ ماءُ جي صحت,حمل دوران غذا (آئرن، فوليڪ ايسڊ ۽ خوراڪ),"ڇا آءٌ حامله هوندي پنهنجي ڳوٺاڻي عام غذا کائي سگهان ٿي؟","ها، عام گھر جو طعام سٺو آهي، جيستائين اهو متنوع ۽ صاف هجي۔ جتي ٿي سگهي دالون، سائي پن واريون ڀاڄيون ۽ ميوا شامل ڪريو۔ سٺي غذا لاءِ توهان کي خاص يا مهانگي غذا جي ضرورت ناهي۔",https://www.who.int/news/item/07-11-2016-new-guidelines-on-antenatal-care-for-a-positive-pregnancy-experience
126,حمل ۽ ماءُ جي صحت,حمل دوران غذا (آئرن، فوليڪ ايسڊ ۽ خوراڪ),"ڇا حمل ۾ ڀاڄيون ۽ ميوا اهم آهن؟","ها، اهي وٽامن ڏين ٿا جيڪي توهان جي جسم کي آئرن استعمال ڪرڻ ۾ مدد ڪن ٿا ۽ توهان کي صحتمند رکن ٿا۔ ڪاري سائي پن واريون ڀاڄيون پاڻ ۾ به آئرن شامل ڪن ٿيون۔ گھڻين طعامن ۾ ڪجهه شامل ڪرڻ جي ڪوشش ڪريو۔",https://www.who.int/news-room/fact-sheets/detail/anaemia
127,حمل ۽ ماءُ جي صحت,حمل دوران غذا (آئرن، فوليڪ ايسڊ ۽ خوراڪ),"آءٌ گوشت نٿي کائان۔ ڇا مون کي پوءِ به لوڙهيندڙ آئرن ملي سگهي ٿو؟","ها۔ دالون، لوبيا، ڪاري سائي پن واريون ڀاڄيون ۽ آئرن سان ڀرپور شيون سڀ آئرن ڏين ٿيون۔ انهن کي وٽامن سي واري ڪا شيءِ سان کائو ته جيئن وڌيڪ جذب ٿئي۔ توهان جون آئرن ۽ فوليڪ ايسڊ جون گوريون به مدد ڪن ٿيون۔",https://www.who.int/news-room/fact-sheets/detail/anaemia
128,حمل ۽ ماءُ جي صحت,حمل دوران غذا (آئرن، فوليڪ ايسڊ ۽ خوراڪ),"ڇا مون کي آئرن ۽ فوليڪ ايسڊ کان سواءِ ٻين وٽامنن جي ضرورت آهي؟","پاڻ مرادو ڪو به وڌيڪ کاڌو شروع نه ڪريو۔ آئرن ۽ فوليڪ ايسڊ اهي آهن جيڪي حمل ۾ معمول موجب ڏنا ويندا آهن۔ جيڪڏهن توهان کي لڳي ته توهان کي ڪجهه وڌيڪ جي ضرورت آهي ته پاڻ خريد ڪرڻ بدران صحت ڪارڪن کان پڇو۔",https://www.who.int/news/item/07-11-2016-new-guidelines-on-antenatal-care-for-a-positive-pregnancy-experience
129,حمل ۽ ماءُ جي صحت,حمل دوران غذا (آئرن، فوليڪ ايسڊ ۽ خوراڪ),"ڇا سٺي غذا کائڻ منهنجي ٻار کي ننڍي ڄمڻ کان روڪي سگهي ٿو؟","سٺي غذا، آئرن ۽ فوليڪ ايسڊ، ۽ باقاعده معائنا گڏجي ننڍي يا وقت کان اڳ ٻار جو خطرو گھٽائين ٿا۔ ڪا به شيءِ خطري کي مڪمل طور تي ختم نٿي ڪري سگهي۔ پنهنجن سڀني معائنن ۾ وڃڻ ايترو ئي اهم آهي جيترو ڇا کائو ٿا۔",https://www.who.int/news/item/07-11-2016-new-guidelines-on-antenatal-care-for-a-positive-pregnancy-experience
130,حمل ۽ ماءُ جي صحت,حمل دوران غذا (آئرن، فوليڪ ايسڊ ۽ خوراڪ),"ڇا حمل ۾ وزن وڌڻ خراب ڳالهه آهي؟","ٻار جي وڌڻ سبب ڪجهه وزن وڌڻ عام ۽ ضروري آهي۔ اهو روڪڻ جوڳي شيءِ ناهي۔ توهان جو صحت ڪارڪن توهان کي ٻڌائيندو جيڪڏهن توهان جي واڌ انهن جي اميد کان ٻاهر آهي۔",https://www.who.int/news/item/07-11-2016-new-guidelines-on-antenatal-care-for-a-positive-pregnancy-experience
131,حمل ۽ ماءُ جي صحت,حمل دوران غذا (آئرن، فوليڪ ايسڊ ۽ خوراڪ),"مون کي ڀُڪَ ناهي لڳندي۔ مون کي ڇا ڪرڻ گھرجي؟","وڏا طعام سنڀالڻ جي ڪوشش ڪرڻ بدران ننڍا طعام گھڻي ڀيري کائو۔ اهي طعام چونڊيو جيڪي توهان لاءِ کائڻ آسان هجن۔ جيڪڏهن توهان سڄو ڏينهن ڪجهه به نه کائي يا پي سگهو ته صحت مرڪز وڃو۔",https://www.who.int/news/item/07-11-2016-new-guidelines-on-antenatal-care-for-a-positive-pregnancy-experience
132,حمل ۽ ماءُ جي صحت,حمل دوران غذا (آئرن، فوليڪ ايسڊ ۽ خوراڪ),"ڇا منهنجي غذا جو اثر پوءِ ايندڙ منهنجي کير تي ٿئي ٿو؟","حمل ۾ سٺي غذا کائڻ توهان کي ڄمڻ ۽ پوءِ ٻار کي کير پيارڻ لاءِ طاقت ٺاهڻ ۾ مدد ڪري ٿو۔ ٿڃ پيارڻ ئي هر ماءُ لاءِ ٻار ڄمڻ جي پهرين ڪلاڪ کان صلاح ڏنل آهي۔ ڄمڻ کانپوءِ به سٺي غذا کائيندا رهو۔",https://www.who.int/news-room/fact-sheets/detail/infant-and-young-child-feeding
133,حمل ۽ ماءُ جي صحت,حمل دوران غذا (آئرن، فوليڪ ايسڊ ۽ خوراڪ),"ڇا جيڪڏهن مون کي جاڙا ٻار آهن ته مون کي مختلف غذا کائڻ گھرجي؟","هڪ کان وڌيڪ ٻار توهان جي جسم تي وڌيڪ زور وجهن ٿا ۽ کين وڌيڪ ويجھي پيروي جي ضرورت آهي۔ سٺي غذا کائو ۽ ٻڌايل موجب گوريون کائو۔ پنهنجي غذا ۽ معائنن جي شيڊول بابت صحت ڪارڪن سان ڳالهايو۔",https://www.who.int/news-room/fact-sheets/detail/preterm-birth
134,حمل ۽ ماءُ جي صحت,حمل دوران غذا (آئرن، فوليڪ ايسڊ ۽ خوراڪ),"ڇا آءٌ آئرن جون گوريون خالي پيٽ تي کائي سگهان ٿي؟","توهان جو صحت ڪارڪن جيڪو به ٻڌائي ان تي عمل ڪريو ته اهي ڪيئن کائجن۔ جيڪڏهن اهي توهان کي خراب لڳن ته پاڻ مرادو بدلائڻ يا بند ڪرڻ بدران واپس وڃي پڇو۔ انهن کي برداشت ڪرڻ ۾ آسان بڻائڻ جا طريقا موجود آهن۔",https://www.who.int/news/item/07-11-2016-new-guidelines-on-antenatal-care-for-a-positive-pregnancy-experience
135,حمل ۽ ماءُ جي صحت,حمل دوران غذا (آئرن، فوليڪ ايسڊ ۽ خوراڪ),"ڇا ٻار ڄمڻ کانپوءِ به منهنجي آئرن جي ضرورت جاري رهي ٿي؟","ڄمڻ وقت رت وڃائجڻ توهان جي خون کي وڌيڪ گھٽائي سگهي ٿو، تنهنڪري غذائيت پوءِ به اهم رهي ٿي۔ آئرن سان ڀرپور طعام کائيندا رهو ۽ پوسٽ نيٽل ملاقاتن ۾ ڏنل صلاح تي عمل ڪريو۔ جيڪڏهن توهان تمام گھڻي ٿڪل يا چرخي وارو محسوس ڪريو ته صحت ڪارڪن کي ٻڌايو۔",https://www.who.int/news-room/fact-sheets/detail/anaemia
136,حمل ۽ ماءُ جي صحت,حمل دوران غذا (آئرن، فوليڪ ايسڊ ۽ خوراڪ),"ڇا حمل ۾ کير اهم آهي؟","کير ۽ کير جون شيون حمل جي متوازن غذا جو هڪ مفيد حصو آهن۔ اهي واحد شيءِ ناهن جيڪا اهم آهي۔ اَنَّ، دالن، ڀاڄين، ميون ۽ کير ۾ تنوع رکڻ جو مقصد رکو۔",https://www.who.int/news/item/07-11-2016-new-guidelines-on-antenatal-care-for-a-positive-pregnancy-experience
137,حمل ۽ ماءُ جي صحت,حمل دوران غذا (آئرن، فوليڪ ايسڊ ۽ خوراڪ),"ڇا ڪجهه خاص طعام کائڻ سان اهو طئي ٿيندو ته منهنجو پُٽ ٿيندو يا ڌيءَ؟","نه۔ طعام ٻار جو جنس طئي نٿو ڪري۔ پنهنجي صحت ۽ ٻار جي واڌ لاءِ سٺي غذا کائو، اها ئي اها شيءِ آهي جنهن تي غذا واقعي اثر انداز ٿئي ٿي۔",https://www.who.int/news/item/07-11-2016-new-guidelines-on-antenatal-care-for-a-positive-pregnancy-experience
138,حمل ۽ ماءُ جي صحت,حمل دوران غذا (آئرن، فوليڪ ايسڊ ۽ خوراڪ),"ڇا مون کي گھٽ کائڻ گھرجي ته جيئن ٻار ننڍو رهي ۽ ڄمڻ آسان ٿئي؟","نه، اهو محفوظ ناهي۔ تمام گھٽ کائڻ سان ٻار جي واڌ خراب ٿي سگهي ٿي ۽ توهان ڄمڻ لاءِ ڪمزور ٿي وينديون۔ خراب غذائيت مان ننڍو ٻار پنهنجا ئي خطرا آڻي ٿو۔ سٺي غذا کائو ۽ صحت ڪارڪن جي رهنمائي وٺو۔",https://www.who.int/news/item/07-11-2016-new-guidelines-on-antenatal-care-for-a-positive-pregnancy-experience
139,حمل ۽ ماءُ جي صحت,حمل دوران غذا (آئرن، فوليڪ ايسڊ ۽ خوراڪ),"ڇا مون کي پنهنجيون گوريون کائڻ جي ضرورت آهي جيتوڻيڪ آءٌ بلڪل صحتمند محسوس ڪريان ٿي؟","ها۔ خون جي کوٽ اڪثر توهان جي محسوس ٿيڻ کان اڳ ئي پيدا ٿي وڃي ٿي۔ گوريون مسئلن کي روڪڻ لاءِ ڏنيون وينديون آهن، صرف انهن جو علاج ڪرڻ لاءِ نه۔ ٻڌايل موجب انهن کي کائيندا رهو۔",https://www.who.int/news-room/fact-sheets/detail/anaemia
140,حمل ۽ ماءُ جي صحت,حمل دوران غذا (آئرن، فوليڪ ايسڊ ۽ خوراڪ),"مون کي آئرن ۽ فوليڪ ايسڊ جون گوريون ڪٿان ملي سگهن ٿيون؟","اهي صحت مرڪزن تي معمول جي حمل دوران سنڀال جي حصي طور ڏنيون وينديون آهن، ۽ ليڊي هيلٿ ورڪر به فراهم ڪري سگهي ٿي۔ پنهنجي ايندڙ معائني تي پڇو۔ پاڻ مرادو دڪان مان گوريون خريد ڪري نه کائو۔",https://www.who.int/news/item/07-11-2016-new-guidelines-on-antenatal-care-for-a-positive-pregnancy-experience
141,حمل ۽ ماءُ جي صحت,"ليبر، ويم ۽ ڄڻڻ جي جاءِ","ڄڻڻ لاءِ سڀ کان محفوظ جاءِ ڪهڙي آهي؟","سڀ کان محفوظ جاءِ صحت جي هڪ سهولت آهي جتي ماهر ڄڻائيندڙ موجود هجي، جيئن تربيت يافته دائي، نرس يا ڊاڪٽر۔ جيڪڏهن ڪا ڳالهه غلط ٿئي ته هو تڪڙو عمل ڪري سگهن ٿا۔ ان جي اڳواٽ پنهنجي صحت ڪارڪن سان رٿابندي ڪريو۔",https://www.who.int/news-room/fact-sheets/detail/maternal-mortality
142,حمل ۽ ماءُ جي صحت,"ليبر، ويم ۽ ڄڻڻ جي جاءِ","اهو ڇو اهم آهي ته منهنجي ڄڻڻ ۾ ڪير مدد ڪري؟","ڄڻڻ جي وقت جي ڀرسان گھڻيون موتيون انهن مسئلن سبب ٿينديون آهن جن کي ماهر ڄڻائيندڙ سنڀالي يا اڳتي موڪلي سگهي ٿو۔ جن ملڪن ۾ لڳ ڀڳ سڀ ڄڻڻ ۾ تربيت يافته ماڻهو موجود هوندا آهن، اُتي گھٽ عورتون مرنديون آهن۔ اهو انهن سڀ کان وڏن فرقن مان هڪ آهي جيڪو توهان آڻي سگهو ٿيون۔",https://www.who.int/news-room/fact-sheets/detail/maternal-mortality
143,حمل ۽ ماءُ جي صحت,"ليبر، ويم ۽ ڄڻڻ جي جاءِ","ماهر ڄڻائيندڙ (Skilled Birth Attendant) ڇا آهي؟","هڪ تربيت يافته دائي، نرس يا ڊاڪٽر جيڪو محفوظ طريقي سان ڄڻڻ ڪرائڻ ۽ خطرو سڃاڻڻ ڄاڻي ٿو۔ هو علاج شروع ڪري سگهن ٿا ۽ ضرورت پوڻ تي مريض کي منتقل ڪرائي سگهن ٿا۔ هڪ روايتي مددگار، جنهن کي اها تربيت نه هجي، اهو ساڳيو ڪم نٿو ڪري سگهي۔",https://www.who.int/news-room/fact-sheets/detail/maternal-mortality
144,حمل ۽ ماءُ جي صحت,"ليبر، ويم ۽ ڄڻڻ جي جاءِ","مون کي ڪيئن خبر پوندي ته دردِ زه شروع ٿي ويو آهي؟","باقاعده سختي وارا سور جيڪي وڌيڪ سخت ۽ ويجھو ويجھو ٿيندا وڃن، ۽ ڪڏهن ڪڏهن پاڻي وهڻ يا رطوبت اچڻ۔ جڏهن سور باقاعده ٿي وڃن ته پنهنجي رٿيل سهولت ڏانهن وڃو۔ جيڪڏهن رت اچي يا پاڻي ٽٽي وڃي ته جلدي وڃو۔",https://www.who.int/news-room/fact-sheets/detail/maternal-mortality
145,حمل ۽ ماءُ جي صحت,"ليبر، ويم ۽ ڄڻڻ جي جاءِ","جيڪڏهن منهنجو پاڻي ٽٽي وڃي ته مون کي ڇا ڪرڻ گھرجي؟","صحت جي سهولت ڏانهن وڃو، توڙي جو سور اڃا شروع نه ٿيا هجن۔ وقت ۽ پاڻي جو رنگ نوٽ ڪريو۔ گھر ۾ انتظار نه ڪريو، ڇاڪاڻ ته انفيڪشن جو خطرو آهي۔",https://www.who.int/news-room/fact-sheets/detail/maternal-mortality
146,حمل ۽ ماءُ جي صحت,"ليبر، ويم ۽ ڄڻڻ جي جاءِ","مون کي ڄڻڻ لاءِ پاڻ سان ڇا کڻي وڃڻ گھرجي؟","پنهنجو حمل واري معائني جو ڪارڊ، پاڻ ۽ ٻار لاءِ صاف ڪپڙا، ۽ اچ وڃ لاءِ پيسا کڻي وڃو۔ ڪنهن کي پاڻ سان گڏ وٺي وڃو۔ آخري مهيني ۾ ٿيلهو تيار رکو۔",https://www.who.int/news-room/fact-sheets/detail/maternal-mortality
147,حمل ۽ ماءُ جي صحت,"ليبر، ويم ۽ ڄڻڻ جي جاءِ","آءٌ ڄڻڻ لاءِ اچ وڃ جي رٿابندي ڪيئن ڪريان؟","اڳواٽ فيصلو ڪريو ته توهان ڪيئن سفر ڪنديون، توهان کي ڪير وٺي ويندو، ۽ رات جو توهان ڇا ڪنديون۔ پيسا الڳ رکو۔ سنڀال تائين پهچڻ ۾ دير عورتن کي نقصان پهچڻ جي بنيادي سببن مان هڪ آهي۔",https://www.who.int/news-room/fact-sheets/detail/maternal-mortality
148,حمل ۽ ماءُ جي صحت,"ليبر، ويم ۽ ڄڻڻ جي جاءِ","جيڪڏهن رات جو دردِ زه شروع ٿئي يا رستا ڏکيا هجن ته ڇا ٿيندو؟","اهو ئي سبب آهي جو رٿا اڳواٽ ٺاهي ويندي آهي۔ اڳواٽ طئي ڪريو ته ڪنهن به وقت اچ وڃ جو بندوبست ڪير ڪندو ۽ پنهنجي خاندان کي رٿا ٻڌايو۔ جيڪڏهن توهان صحت جي سهولت تائين نه پهچي سگهو ته فوري طور ماهر مددگار لاءِ چئو ڏياريو۔",https://www.who.int/news-room/fact-sheets/detail/maternal-mortality
149,حمل ۽ ماءُ جي صحت,"ليبر، ويم ۽ ڄڻڻ جي جاءِ","دردِ زه عام طور تي ڪيتري دير رهندو آهي؟","اهو عورت کان عورت ۽ پهرين ۽ پوئين ٻارن جي وچ ۾ گھڻو مختلف ٿئي ٿو۔ ڪا هڪ عام مدت ناهي۔ صحت جي سهولت تي هجڻ جو مطلب آهي ته ڪو توهان جي پيش رفت تي نظر رکي رهيو آهي ۽ جيڪڏهن اهو سٺي طرح نه هلي ته عمل ڪري سگهي ٿو۔",https://www.who.int/news-room/fact-sheets/detail/maternal-mortality
150,حمل ۽ ماءُ جي صحت,"ليبر، ويم ۽ ڄڻڻ جي جاءِ","ڇا دردِ زه دوران ڪو منهنجي ڀرسان ٿي سگهي ٿو؟","دردِ زه دوران توهان جي اعتماد جوڳي ماڻهو کي پاڻ سان رکڻ جي همت افزائي ڪئي ويندي آهي۔ صحت جي سهولت کان پڇو ته هو ڇا اجازت ڏين ٿا۔ ڪنهن پُرسڪون ماڻهو کي چونڊيو جيڪو توهان جي سهارو ڏئي سگهي۔",https://www.who.int/news-room/fact-sheets/detail/maternal-mortality
151,حمل ۽ ماءُ جي صحت,"ليبر، ويم ۽ ڄڻڻ جي جاءِ","ڄمڻ کانپوءِ گھڻو رت وهڻ ڇا آهي؟","ڄمڻ کانپوءِ سخت رت وهڻ ماءُ لاءِ موت جي بنيادي سببن مان هڪ آهي۔ اهو تڪڙو ٿي سگهي ٿو ۽ ان کي فوري علاج جي ضرورت آهي۔ اهو هڪ اهم سبب آهي جو اُتي ڄڻجي جتي ماهر مدد موجود هجي۔",https://www.who.int/news-room/fact-sheets/detail/maternal-mortality
152,حمل ۽ ماءُ جي صحت,"ليبر، ويم ۽ ڄڻڻ جي جاءِ","ڄڻڻ جي چوڌاري وڏا خطرا ڪهڙا آهن؟","ڄمڻ کانپوءِ سخت رت وهڻ، ڄمڻ کانپوءِ انفيڪشن، بلڊ پريشر جا مسئلا، ڄڻڻ جون پيچيدگيون، ۽ غير محفوظ اسقاطِ حمل۔ گڏجي اهي ماءُ جي موتين جو تقريباً ٽيون چوٿون حصو بڻجن ٿا۔ ڄڻڻ وقت ماهر سنڀال انهن مان گھڻن کي منهن ڏئي سگهي ٿي۔",https://www.who.int/news-room/fact-sheets/detail/maternal-mortality
153,حمل ۽ ماءُ جي صحت,"ليبر، ويم ۽ ڄڻڻ جي جاءِ","سيزيرين (Caesarean) ڇا آهي ۽ اهو ڪڏهن ضروري ٿئي ٿو؟","اهو ٻار کي ڄمائڻ لاءِ هڪ آپريشن آهي جڏهن عام ڄمڻ ماءُ يا ٻار لاءِ غير محفوظ ٿئي۔ اهو طبي سبب لاءِ ڪيو ويندو آهي، جيڪو ڊاڪٽر طئي ڪري ٿو۔ اهو انهن سهولتن تي موجود آهي جيڪي آپريشن لاءِ سازوسامان رکن ٿيون۔",https://www.who.int/news-room/fact-sheets/detail/maternal-mortality
154,حمل ۽ ماءُ جي صحت,"ليبر، ويم ۽ ڄڻڻ جي جاءِ","مون کي ڪيئن خبر پوندي ته ڄڻڻ لاءِ مون کي آپريشن جي ضرورت پوندي؟","اڪثر ڪري اهو اڳواٽ ڄاڻايل نٿو هوندو ۽ دردِ زه دوران فيصلو ٿيندو آهي۔ ڪڏهن ڪڏهن معائنا ان جي رٿابندي جو ڪو سبب ڏيکارين ٿا۔ سازوسامان واري سهولت تي ڄڻڻ جو مطلب آهي ته اهو موقعو موجود آهي جيڪڏهن ان جي ضرورت پوي۔",https://www.who.int/news-room/fact-sheets/detail/maternal-mortality
155,حمل ۽ ماءُ جي صحت,"ليبر، ويم ۽ ڄڻڻ جي جاءِ","ڇا هڪ تجربيڪار وڏي عورت سان گڏ گھر ۾ ڄڻڻ محفوظ آهي؟","بنا تربيت واري ماڻهو سان ڄڻڻ ۾ سچو خطرو آهي، ڇاڪاڻ ته سخت رت وهڻ يا ٻين پيچيدگين کي ماهر علاج ۽ سامان جي ضرورت آهي۔ ماهر مددگار سان صحت جي سهولت وڌيڪ محفوظ آهي۔ جيڪڏهن گھر ۾ ڄڻڻ ٿي وڃي ته چوويهه ڪلاڪن اندر صحت ڪارڪن کي توهان ۽ ٻار کي ڏسڻ گھرجي۔",https://www.who.int/news/item/30-03-2022-who-urges-quality-care-for-women-and-newborns-in-critical-first-weeks-after-childbirth
156,حمل ۽ ماءُ جي صحت,"ليبر، ويم ۽ ڄڻڻ جي جاءِ","ٻار ڄمڻ فوراً پوءِ ڇا ٿيڻ گھرجي؟","ٻار توهان سان گڏ رکجي، اُڀ ڪري گرم رکجي، ۽ پهرين ڪلاڪ اندر ٿڃ پيارڻ شروع ٿيڻ گھرجي۔ ناڙ (Cord) کي تمام جلدي نه ڪٽجي۔ اهي سادا قدم ٻار جي حفاظت ڪن ٿا۔",https://www.who.int/news-room/fact-sheets/detail/infant-and-young-child-feeding
157,حمل ۽ ماءُ جي صحت,"ليبر، ويم ۽ ڄڻڻ جي جاءِ","ناڙ کي فوراً ڇو نه ڪٽجي؟","ناڙ کي جهلڻ کان اڳ گھٽ ۾ گھٽ هڪ منٽ انتظار ڪرڻ سان ٻار کي آئرن جو ذخيرو ٺاهڻ ۾ مدد ملي ٿي ۽ خون جي کوٽ جو خطرو گھٽجي ٿو۔ اهو سچي فائدي وارو هڪ سادو قدم آهي۔ ماهر مددگار اهو ڪرڻ ڄاڻن ٿا۔",https://www.who.int/news-room/fact-sheets/detail/anaemia
158,حمل ۽ ماءُ جي صحت,"ليبر، ويم ۽ ڄڻڻ جي جاءِ","ڄمڻ کانپوءِ مون کي ڪيتري جلدي ٻار کي کير پيارڻ گھرجي؟","ٻار ڄمڻ جي هڪ ڪلاڪ اندر۔ پهريون کير قيمتي آهي ۽ ٻار جي حفاظت ڪري ٿو۔ جيڪڏهن ڏکيو هجي ته عملي کان لاڳو ڪرڻ ۾ مدد لاءِ چئو۔",https://www.who.int/news-room/fact-sheets/detail/infant-and-young-child-feeding
159,حمل ۽ ماءُ جي صحت,"ليبر، ويم ۽ ڄڻڻ جي جاءِ","ٻار ڄمڻ کانپوءِ مون کي سهولت تي ڪيتري دير رهڻ گھرجي؟","ڄمڻ کانپوءِ گھٽ ۾ گھٽ چوويهه ڪلاڪ رهو، توهان ۽ ٻار ٻنهي لاءِ۔ گھڻا سنگين مسئلا انهن پهرين ڪلاڪن ۾ ظاهر ٿين ٿا۔ ٺيڪ محسوس ٿيڻ تي به جلدي نه وڃو۔",https://www.who.int/news/item/30-03-2022-who-urges-quality-care-for-women-and-newborns-in-critical-first-weeks-after-childbirth
160,حمل ۽ ماءُ جي صحت,"ليبر، ويم ۽ ڄڻڻ جي جاءِ","جيڪڏهن آءٌ اوچتو گھر ۾ ڄڻي وجهان ته ڇا ٿيندو؟","ڄمڻ جي چوويهه ڪلاڪن اندر صحت ڪارڪن کان پاڻ ۽ ٻار کي ڏيکاريو۔ ٻار کي گرم، سُڪل ۽ کير پيتل رکو۔ گھڻي رت وهڻ، بخار يا دورن تي نظر رکو ۽ اهي ظاهر ٿين ته فوراً مدد لاءِ وڃو۔",https://www.who.int/news/item/30-03-2022-who-urges-quality-care-for-women-and-newborns-in-critical-first-weeks-after-childbirth
161,حمل ۽ ماءُ جي صحت,"ليبر، ويم ۽ ڄڻڻ جي جاءِ","جيڪڏهن ٻار وقت کان اڳ اچي وڃي ته ڇا ٿيندو؟","وقت کان اڳ ڄاول ٻار ننڍا هوندا آهن ۽ کين گرمائش، کير پيارڻ ۾ مدد ۽ ڪڏهن ڪڏهن ساهه کڻڻ ۾ مدد جي ضرورت هوندي آهي۔ ٻار کي ماءُ سان اُڀ سان اُڀ رکڻ ۽ جلد ٿڃ پيارڻ اهم آهن۔ جيڪڏهن توهان کي خبر آهي ته ٻار جلدي اچي سگهي ٿو ته صحت جي سهولت تي ڄڻو۔",https://www.who.int/news-room/fact-sheets/detail/preterm-birth
162,حمل ۽ ماءُ جي صحت,"ليبر، ويم ۽ ڄڻڻ جي جاءِ","ڪينگرو موم ڪيئر (Kangaroo Mother Care) ڇا آهي؟","ان جو مطلب آهي ننڍي يا وقت کان اڳ ڄاول ٻار کي ماءُ جي سيني سان اُڀ سان اُڀ جهلي رکڻ۔ اهو ٻار کي گرم رکي ٿو ۽ کير پيارڻ ۽ واڌ ۾ مدد ڪري ٿو۔ وقت کان اڳ ڄاول ٻارن لاءِ ڄمڻ کانپوءِ فوراً شروع ڪرڻ جي صلاح ڏني ويندي آهي۔",https://www.who.int/news-room/fact-sheets/detail/preterm-birth
163,حمل ۽ ماءُ جي صحت,"ليبر، ويم ۽ ڄڻڻ جي جاءِ","ڇا وقت کان اڳ ٻارن جا گھڻا مسئلا روڪي سگهجن ٿا؟","وقت کان اڳ ڄمڻ سان لاڳاپيل موتين جو ٽيون چوٿون حصو اهڙي سنڀال سان روڪي سگهجي ٿو جيڪا اڳ ۾ ئي موجود آهي ۽ مهانگي ناهي۔ گرمائش، جلدي ٿڃ پيارڻ ۽ ماهر مدد سڀ کان اهم آهن۔ اهو ئي سبب آهي جو ڄڻڻ جي جاءِ ايتري اهم آهي۔",https://www.who.int/news-room/fact-sheets/detail/preterm-birth
164,حمل ۽ ماءُ جي صحت,"ليبر، ويم ۽ ڄڻڻ جي جاءِ","ڇا مون کي دردِ زه شروع ٿيڻ کان اڳ سهولت تي وڃڻ گھرجي؟","جيڪڏهن توهان جي صحت ڪارڪن معائنن ۾ ملي ڪنهن مسئلي سبب اها صلاح ڏني آهي ته ها۔ نه ته جڏهن دردِ زه شروع ٿئي يا ڪا به خطري جي نشاني ظاهر ٿئي تڏهن وڃو۔ باقاعده سور، رت اچڻ يا پاڻي وهڻ شروع ٿئي ته ڪڏهن به دير نه ڪريو۔",https://www.who.int/news-room/fact-sheets/detail/maternal-mortality
165,حمل ۽ ماءُ جي صحت,"ليبر، ويم ۽ ڄڻڻ جي جاءِ","جيڪڏهن اڳ ۾ منهنجي ڏکي ڄڻڻ ٿي هجي ته ڇا ٿيندو؟","هن حمل ۾ شروعات ۾ ئي پنهنجي صحت ڪارڪن کي ٻڌايو ته جيئن هو رٿابندي ڪري سگهي۔ اڳوڻي ڏکي ڄڻڻ جو مطلب اهو ٿي سگهي ٿو ته توهان کي هڪ بهتر سازوسامان واري سهولت تي ڄڻڻ گھرجي۔ اهو نه سمجهو ته هي دفعو به ساڳيو هوندو يا مختلف هوندو۔",https://www.who.int/news/item/07-11-2016-new-guidelines-on-antenatal-care-for-a-positive-pregnancy-experience
166,حمل ۽ ماءُ جي صحت,"ليبر، ويم ۽ ڄڻڻ جي جاءِ","ڇا ڄڻڻ کان ڊڄڻ عام آهي؟","ها، گھڻيون عورتون خوفزده محسوس ڪن ٿيون، ۽ اهو چوڻ مددگار آهي۔ پنهنجي صحت ڪارڪن سان ڳالهايو ته ڇا ٿيڻ وارو آهي، ۽ ڪنهن اعتماد جوڳي کي پاڻ سان وٺي وڃو۔ رٿا ڄاڻڻ عام طور تي خوف کي گھٽائي ٿو۔",https://www.who.int/news/item/30-03-2022-who-urges-quality-care-for-women-and-newborns-in-critical-first-weeks-after-childbirth
167,حمل ۽ ماءُ جي صحت,"ليبر، ويم ۽ ڄڻڻ جي جاءِ","ڇا آءٌ سيزيرين کانپوءِ به وڌيڪ ٻار ڄڻي سگهنديس؟","گھڻيون عورتون سيزيرين کانپوءِ به وڌيڪ ٻار ڄڻينديون آهن، پر ايندڙ ڄڻڻ جي رٿا ڊاڪٽر سان گڏجي ٺاهجي۔ هر صحت ڪارڪن کي پنهنجي اڳوڻي آپريشن بابت ٻڌايو۔ ايندڙ دفعو سازوسامان واري سهولت تي ڄڻو۔",https://www.who.int/news-room/fact-sheets/detail/maternal-mortality
168,حمل ۽ ماءُ جي صحت,"ليبر، ويم ۽ ڄڻڻ جي جاءِ","ڄمڻ کانپوءِ ٻار کي ڪيتري جلدي چيڪ ٿيڻ گھرجي؟","توهان جي سهولت ڇڏڻ کان اڳ ٻار کي چيڪ ٿيڻ گھرجي ۽ پوءِ ايندڙ ڏينهن ۽ هفتن ۾ ٻيهر۔ نئين ڄاول ٻارن جي اکين ۽ ٻڌڻ جي مسئلن لاءِ به اسڪريننگ ڪئي ويندي آهي ۽ ڄمڻ وقت ويڪسين ڏني ويندي آهي۔ فالو اپ ملاقاتون رکو۔",https://www.who.int/news/item/30-03-2022-who-urges-quality-care-for-women-and-newborns-in-critical-first-weeks-after-childbirth
169,حمل ۽ ماءُ جي صحت,"ليبر، ويم ۽ ڄڻڻ جي جاءِ","منهنجي لاءِ پهريون پوسٽ نيٽل معائنا ڪهڙا آهن؟","توهان کي پهرين ڏينهن اندر چيڪ ڪيو وڃڻ گھرجي، پوءِ ٻن کان ٽن ڏينهن تي، هڪ کان ٻن هفتن تي، ۽ ڇهن هفتن تي۔ اهي ملاقاتون رت وهڻ، انفيڪشن ۽ ٻيا مسئلا پڪڙين ٿيون۔ انهن سڀني ۾ حاضر ٿيو۔",https://www.who.int/news/item/30-03-2022-who-urges-quality-care-for-women-and-newborns-in-critical-first-weeks-after-childbirth
170,حمل ۽ ماءُ جي صحت,"ليبر، ويم ۽ ڄڻڻ جي جاءِ","ڇا گھڻين عورتن ۽ ٻارن کي ڄمڻ کانپوءِ سنڀال ملي ٿي؟","نه، ڏهن مان ٽن کان وڌيڪ عورتون ۽ ٻار پهرين ڏينهن ۾ پوسٽ نيٽل سنڀال حاصل نٿا ڪن۔ پر اهو ئي وقت آهي جڏهن گھڻا موت ٿين ٿا۔ پڪ ڪريو ته توهان ۽ توهان جو ٻار انهن مان هجن جيڪي اها سنڀال حاصل ڪن ٿا۔",https://www.who.int/news/item/30-03-2022-who-urges-quality-care-for-women-and-newborns-in-critical-first-weeks-after-childbirth
171,حمل ۽ ماءُ جي صحت,جسماني ٻار ڄڻڻ کان پوءِ صحتيابي,"ڄمڻ کانپوءِ مون کي فوراً اسپتال نه ڇڏڻ گھرجي، ڇو؟","توهان ۽ ٻار ٻنهي لاءِ گھٽ ۾ گھٽ چوويهه ڪلاڪ رهڻ جي صلاح ڏني ويندي آهي، ڇاڪاڻ ته گھڻا سنگين مسئلا انهن پهرين ڪلاڪن ۾ ظاهر ٿين ٿا۔ جلدي وڃڻ جو مطلب آهي ته ڪا شيءِ غلط ٿئي ته مدد پري هوندي۔ جيستائين توهان کي وڃڻ جي اجازت نه ملي انتظار ڪريو۔",https://www.who.int/news/item/30-03-2022-who-urges-quality-care-for-women-and-newborns-in-critical-first-weeks-after-childbirth
172,حمل ۽ ماءُ جي صحت,جسماني ٻار ڄڻڻ کان پوءِ صحتيابي,"ٻار ڄمڻ کانپوءِ مون کي ڪيترا معائنا ڪرائڻ جي ضرورت آهي؟","ڄمڻ جي چوڌاري واري سنڀال کان علاوه، پهرين ڇهن هفتن ۾ گھٽ ۾ گھٽ ٽي وڌيڪ معائنا۔ اهي عام طور تي ٻن کان ٽن ڏينهن، هڪ کان ٻن هفتن، ۽ ڇهن هفتن تي هوندا آهن۔ ٺيڪ محسوس ٿيڻ تي به سڀني ۾ حاضر ٿيو۔",https://www.who.int/news/item/30-03-2022-who-urges-quality-care-for-women-and-newborns-in-critical-first-weeks-after-childbirth
173,حمل ۽ ماءُ جي صحت,جسماني ٻار ڄڻڻ کان پوءِ صحتيابي,"جيڪڏهن مون گھر ۾ ٻار ڄڻيو هجي ته پهريون معائنو ڪڏهن ٿيڻ گھرجي؟","ڄمڻ جي چوويهه ڪلاڪن اندر۔ صحت ڪارڪن لاءِ پيغام موڪليو يا صحت مرڪز وڃو۔ ڪنهن مسئلي جي ظاهر ٿيڻ جو انتظار نه ڪريو۔",https://www.who.int/news/item/30-03-2022-who-urges-quality-care-for-women-and-newborns-in-critical-first-weeks-after-childbirth
174,حمل ۽ ماءُ جي صحت,جسماني ٻار ڄڻڻ کان پوءِ صحتيابي,"ڄمڻ کانپوءِ جو وقت ايترو اهم ڇو آهي؟","گھڻيون ماءُ ۽ ٻار جون موتيون ڄمڻ کانپوءِ پهرين ڏينهن ۾ ٿين ٿيون۔ ان جي باوجود ڏهن مان ٽن کان وڌيڪ عورتن ۽ ٻارن کي هن عرصي ۾ ڪا به سنڀال نٿي ملي۔ اهو ئي اهو وقت آهي جڏهن چيڪ ڪرڻ سڀ کان وڌيڪ اهم آهي۔",https://www.who.int/news/item/30-03-2022-who-urges-quality-care-for-women-and-newborns-in-critical-first-weeks-after-childbirth
175,حمل ۽ ماءُ جي صحت,جسماني ٻار ڄڻڻ کان پوءِ صحتيابي,"ڄمڻ کانپوءِ ڪيترو رت وهڻ عام آهي؟","ڄمڻ کانپوءِ ڪجهه رت اچڻ متوقع آهي ۽ اهو ايندڙ ڏينهن ۽ هفتن ۾ گھٽجي ويندو آهي۔ ڄمڻ کانپوءِ تمام گھڻو رت وهڻ خطري جي نشاني آهي، صحتياب ٿيڻ جو عام حصو نه آهي۔ جيڪڏهن ڪپڙا تڪڙا ڀرجي رهيا آهن يا توهان بيهوش ٿيڻ وارو محسوس ڪريو ته هاڻي اسپتال وڃو۔",https://www.who.int/news-room/fact-sheets/detail/maternal-mortality
176,حمل ۽ ماءُ جي صحت,جسماني ٻار ڄڻڻ کان پوءِ صحتيابي,"ڄمڻ کانپوءِ منهنجي لاءِ خطري جون نشانيون ڪهڙيون آهن؟","سخت رت وهڻ، بخار، بدبودار رطوبت، سخت مٿي جو سور، نظر ڌنڌلي ٿيڻ، دورا، ساهه کڄڻ، يا سخت سور۔ انهن مان ڪا به هجي ته ان جو مطلب آهي فوراً صحت مرڪز يا اسپتال وڃو، ڪنهن جي ساٿ سان۔ صبح تائين انتظار نه ڪريو۔",https://www.who.int/news-room/fact-sheets/detail/maternal-mortality
177,حمل ۽ ماءُ جي صحت,جسماني ٻار ڄڻڻ کان پوءِ صحتيابي,"ڇا ٻار ڄمڻ کانپوءِ بخار هجڻ سنگين آهي؟","ها۔ ڄمڻ کانپوءِ انفيڪشن ماءُ جي موت جي بنيادي سببن مان هڪ آهي۔ ڄمڻ کانپوءِ بخار کي فوري طبي سنڀال جي ضرورت آهي، گھر ۾ علاج جي نه۔ بنا دير ڪرڻ جي صحت مرڪز وڃو۔",https://www.who.int/news-room/fact-sheets/detail/maternal-mortality
178,حمل ۽ ماءُ جي صحت,جسماني ٻار ڄڻڻ کان پوءِ صحتيابي,"ڄمڻ کانپوءِ بدبودار رطوبت جو ڇا مطلب آهي؟","اها ڄمڻ کانپوءِ انفيڪشن جي نشاني ٿي سگهي ٿي، جيڪا خطرناڪ آهي ۽ ان کي علاج جي ضرورت آهي۔ انتظار ڪرڻ بدران هاڻي ئي صحت مرڪز وڃو۔ پاڻ سان ڪنهن کي وٺي وڃو۔",https://www.who.int/news-room/fact-sheets/detail/maternal-mortality
179,حمل ۽ ماءُ جي صحت,جسماني ٻار ڄڻڻ کان پوءِ صحتيابي,"ڇا ٻار ڄمڻ کانپوءِ به بلڊ پريشر جا مسئلا ٿي سگهن ٿا؟","ها، بلڊ پريشر جا مسئلا ڄمڻ کانپوءِ به ظاهر ٿي سگهن ٿا يا جاري رهي سگهن ٿا۔ ڄمڻ کانپوءِ سخت مٿي جو سور، نظر ڌنڌلي ٿيڻ يا مٿين پيٽ ۾ سور کي فوري سنڀال جي ضرورت آهي۔ پنهنجيون پوسٽ نيٽل چيڪون ضرور ڪرايو ته جيئن بلڊ پريشر ماپجي۔",https://www.who.int/news-room/fact-sheets/detail/pre-eclampsia
180,حمل ۽ ماءُ جي صحت,جسماني ٻار ڄڻڻ کان پوءِ صحتيابي,"ٻار ڄمڻ کانپوءِ صحتياب ٿيڻ ۾ ڪيترو وقت لڳي ٿو؟","پهريان ڇهه هفتا اهم صحتياب ٿيڻ وارو عرصو آهن، اهو ئي سبب آهي جو معائنا اهو عرصو گھمن ٿا۔ صحتياب ٿيڻ آهستي آهي ۽ عورت کان عورت مختلف آهي۔ آرام ڪريو، سٺي غذا کائو، ۽ پنهنجن معائنن ۾ وڃو۔",https://www.who.int/news/item/30-03-2022-who-urges-quality-care-for-women-and-newborns-in-critical-first-weeks-after-childbirth
181,حمل ۽ ماءُ جي صحت,جسماني ٻار ڄڻڻ کان پوءِ صحتيابي,"ٻار ڄمڻ کانپوءِ مون کي ڪيترو آرام جي ضرورت آهي؟","شروعاتي هفتن ۾ جيترو توهان جي حالت اجازت ڏئي اوترو آرام ڪريو، ۽ خاندان کان ڀاري ڪم سنڀالڻ لاءِ چئو۔ توهان جي جسم گھڻو ڪجهه سهيو آهي۔ گھر ۾ مدد وٺڻ ڪا ڪمزوري ناهي۔",https://www.who.int/news/item/30-03-2022-who-urges-quality-care-for-women-and-newborns-in-critical-first-weeks-after-childbirth
182,حمل ۽ ماءُ جي صحت,جسماني ٻار ڄڻڻ کان پوءِ صحتيابي,"آءٌ ٻيهر هلڻ ڦرڻ ۽ سرگرم ٿيڻ ڪڏهن شروع ڪري سگهان ٿي؟","جيئن توهان صحتياب ٿيو ٿيون، هلڪي حرڪت جي همت افزائي ڪئي ويندي آهي، ۽ صحت ڪارڪن ڄمڻ کانپوءِ جسماني سرگرمي بابت رهنمائي ڏين ٿا۔ فوراً ڀاري ڪم ڏانهن موٽڻ بدران آهستي آهستي واڌارو ڪريو۔ پنهنجي پوسٽ نيٽل معائني تي پڇو ته توهان لاءِ ڇا صحيح آهي۔",https://www.who.int/news/item/30-03-2022-who-urges-quality-care-for-women-and-newborns-in-critical-first-weeks-after-childbirth
183,حمل ۽ ماءُ جي صحت,جسماني ٻار ڄڻڻ کان پوءِ صحتيابي,"آءٌ ڀاري گھريلو يا فارم جي ڪم ڏانهن ڪڏهن موٽي سگهان ٿي؟","آهستي موٽو ۽ شروعاتي هفتن ۾ ڀاري کڻڻ کان پاسو ڪريو۔ جيڪڏهن ڪم سبب رت اچي يا سور ٿئي ته روڪجي وڃو ۽ چيڪ ڪرايو۔ سخت جسماني ڪم ڏانهن موٽڻ کان اڳ پنهنجي صحت ڪارڪن کان پڇو۔",https://www.who.int/news/item/30-03-2022-who-urges-quality-care-for-women-and-newborns-in-critical-first-weeks-after-childbirth
184,حمل ۽ ماءُ جي صحت,جسماني ٻار ڄڻڻ کان پوءِ صحتيابي,"ٻار ڄمڻ کانپوءِ مون کي ڇا کائڻ گھرجي؟","متنوع غذا کائيندا رهو، ۽ آئرن سان ڀرپور طعام جاري رکو، ڇاڪاڻ ته ڄمڻ وقت رت وڃائجي ٿو۔ گھڻو پاڻي پيئو، خاص ڪري ٿڃ پيارڻ دوران۔ پنهنجن پوسٽ نيٽل ملاقاتن تي ڏنل ڪنهن به صلاح تي عمل ڪريو۔",https://www.who.int/news-room/fact-sheets/detail/anaemia
185,حمل ۽ ماءُ جي صحت,جسماني ٻار ڄڻڻ کان پوءِ صحتيابي,"ڄمڻ کانپوءِ آءٌ ايتري ٿڪل ۽ ڪمزور ڇو محسوس ڪريان ٿي؟","ڄمڻ کانپوءِ ۽ نئون ڄاول ٻار کي کير پيارڻ دوران ڪجهه ٿڪاوت متوقع آهي۔ پر چرخي، ساهه کڄڻ يا پيلي چمڙي سان گڏ سخت ٿڪاوت خون جي کوٽ جو مطلب ٿي سگهي ٿي۔ پنهنجي پوسٽ نيٽل ملاقات تي چيڪ ٿيڻ لاءِ چئو۔",https://www.who.int/news-room/fact-sheets/detail/anaemia
186,حمل ۽ ماءُ جي صحت,جسماني ٻار ڄڻڻ کان پوءِ صحتيابي,"ڇا ٻار ڄمڻ کانپوءِ به مون کي آئرن جي ضرورت آهي؟","ڄمڻ وقت رت وڃائجڻ توهان کي گھٽ ڇڏي سگهي ٿو، تنهنڪري آئرن سان ڀرپور طعام اهم رهي ٿو۔ پنهنجن پوسٽ نيٽل معائنن ۾ ڏنل صلاح تي عمل ڪريو۔ جيڪڏهن توهان کي سخت ڪمزوري يا چرخي محسوس ٿئي ته صحت ڪارڪن کي ٻڌايو۔",https://www.who.int/news-room/fact-sheets/detail/anaemia
187,حمل ۽ ماءُ جي صحت,جسماني ٻار ڄڻڻ کان پوءِ صحتيابي,"ٻار ڄمڻ کانپوءِ آءٌ پاڻ کي ڪيئن صاف رکان؟","پاڻ کي صاف پاڻي ۽ صاف ڪپڙن سان صاف رکو، ۽ انهن کي بار بار مٽايو۔ ٻار کي کير پيارڻ يا سنڀالڻ کان اڳ هٿ ڌوئو۔ ڪا به بدبو، بخار يا وڌندڙ سور فوراً ٻڌايو۔",https://www.who.int/news-room/fact-sheets/detail/maternal-mortality
188,حمل ۽ ماءُ جي صحت,جسماني ٻار ڄڻڻ کان پوءِ صحتيابي,"ٻار ڄمڻ کانپوءِ منهنجي ماهواري ڪڏهن واپس ايندي؟","اهو گھڻو مختلف ٿئي ٿو، ۽ ٿڃ پيارڻ اڪثر ان کي دير ڪري ٿو۔ ان جو واپس اچڻ ڪنهن مقرر شيڊول تي نٿو هلي۔ ياد رکو ته توهان جي ماهواري واپس اچڻ کان اڳ به توهان ٻيهر حامله ٿي سگهو ٿيون۔",https://www.who.int/news-room/fact-sheets/detail/infant-and-young-child-feeding
189,حمل ۽ ماءُ جي صحت,جسماني ٻار ڄڻڻ کان پوءِ صحتيابي,"ڇا آءٌ پنهنجي ماهواري واپس اچڻ کان اڳ ٻيهر حامله ٿي سگهان ٿي؟","ها۔ ٿڃ پيارڻ دوران به، پهرين ماهواري واپس اچڻ کان اڳ حمل ٿي سگهي ٿو۔ جيڪڏهن توهان پنهنجن ٻارن ۾ وقفو رکڻ چاهيو ٿيون ته پنهنجي پوسٽ نيٽل ملاقات تي خانداني منصوبابندي بابت پڇو۔ اهو پوسٽ نيٽل سنڀال جي حصي طور پيش ڪيو ويندو آهي۔",https://www.who.int/news/item/30-03-2022-who-urges-quality-care-for-women-and-newborns-in-critical-first-weeks-after-childbirth
190,حمل ۽ ماءُ جي صحت,جسماني ٻار ڄڻڻ کان پوءِ صحتيابي,"ڄمڻ کانپوءِ خانداني منصوبابندي بابت آءٌ ڪڏهن ڳالهايان؟","خانداني منصوبابندي تائين رسائي پوسٽ نيٽل سنڀال جو حصو آهي، تنهنڪري پهرين ڇهن هفتن ۾ پنهنجن معائنن ۾ ان جو ذڪر ڪري سگهو ٿيون۔ ان تي پنهنجي صحت ڪارڪن ۽ پنهنجي مڙس سان ڳالهايو۔ ٻارن ۾ وقفو رکڻ توهان ۽ ٻارن ٻنهي جي صحت لاءِ بهتر آهي۔",https://www.who.int/news/item/30-03-2022-who-urges-quality-care-for-women-and-newborns-in-critical-first-weeks-after-childbirth
191,حمل ۽ ماءُ جي صحت,جسماني ٻار ڄڻڻ کان پوءِ صحتيابي,"منهنجي صحت لاءِ ٻارن ۾ وقفو رکڻ ڇو اهم آهي؟","حملن جي وچ ۾ جسم کي صحتياب ٿيڻ لاءِ وقت ڏيڻ توهان ۽ ايندڙ ٻار ٻنهي لاءِ بهتر آهي۔ ٿڃ پيارڻ پاڻ ۾ به ڄمڻ جي وچ ۾ وقفو وڌائڻ ۾ مدد ڪري ٿو۔ صحت ڪارڪن کان توهان لاءِ موجود اختيارن بابت پڇو۔",https://www.who.int/news-room/fact-sheets/detail/infant-and-young-child-feeding
192,حمل ۽ ماءُ جي صحت,جسماني ٻار ڄڻڻ کان پوءِ صحتيابي,"ٻار ڄمڻ کانپوءِ اداس يا روئڻاڪ محسوس ٿيڻ عام آهي؟","گھڻيون عورتون ڄمڻ کانپوءِ اداس، روئڻاڪ يا پريشان محسوس ڪن ٿيون، ۽ اهو عام آهي۔ ان لاءِ اسڪريننگ پوسٽ نيٽل سنڀال جو حصو آهي۔ جيڪڏهن اهو تمام گھڻو هجي، رهجي وڃي، يا توهان کي پنهنجي يا ٻار جي سنڀال ڪرڻ کان روڪي ته صحت ڪارڪن کي ٻڌايو، ڇاڪاڻ ته علاج ۽ مدد موجود آهي۔",https://www.who.int/news/item/30-03-2022-who-urges-quality-care-for-women-and-newborns-in-critical-first-weeks-after-childbirth
193,حمل ۽ ماءُ جي صحت,جسماني ٻار ڄڻڻ کان پوءِ صحتيابي,"جيڪڏهن ٻار ڄمڻ کانپوءِ آءٌ تمام گھڻي اداس محسوس ڪريان ته آءٌ ڪنهن سان ڳالهائي سگهان ٿي؟","پنهنجي پوسٽ نيٽل معائني تي پنهنجي صحت ڪارڪن، يا پنهنجي ليڊي هيلٿ ورڪر کي ٻڌايو۔ هو توهان جو جائزو وٺي سگهن ٿا ۽ مدد لاءِ اڳتي موڪلي سگهن ٿا۔ توهان کي اهو اڪيلي سنڀالڻ جي ضرورت ناهي ۽ اهو توهان جي ڪا خرابي ناهي۔",https://www.who.int/news/item/30-03-2022-who-urges-quality-care-for-women-and-newborns-in-critical-first-weeks-after-childbirth
194,حمل ۽ ماءُ جي صحت,جسماني ٻار ڄڻڻ کان پوءِ صحتيابي,"جيڪڏهن منهنجو سيزيرين ٿيو هجي ته ڇا صحتياب ٿيڻ مختلف آهي؟","آپريشن کانپوءِ صحتياب ٿيڻ ۾ وڌيڪ وقت لڳي ٿو ۽ زخم کي صاف رکڻ ۽ ان تي نظر رکڻ ضروري آهي۔ زخم مان ڪا به ڳاڙهاڻ، سوڄ، رطوبت يا بخار فوراً ٻڌايو۔ اسپتال طرفان ڏنل خاص هدايتن تي عمل ڪريو۔",https://www.who.int/news/item/30-03-2022-who-urges-quality-care-for-women-and-newborns-in-critical-first-weeks-after-childbirth
195,حمل ۽ ماءُ جي صحت,جسماني ٻار ڄڻڻ کان پوءِ صحتيابي,"ڇا ٻار ڄمڻ کانپوءِ پيٽ ۾ سور عام آهي؟","شروعاتي ڏينهن ۾ ٻچيدان جي پنهنجي ماپ ڏانهن موٽڻ سبب ڪجهه سختي متوقع آهي۔ سخت سور عام ناهي، ۽ بخار يا بدبودار رطوبت سان گڏ سور به عام ناهي۔ جيڪڏهن سور سخت هجي يا وڌي رهيو هجي ته صحت مرڪز وڃو۔",https://www.who.int/news-room/fact-sheets/detail/maternal-mortality
196,حمل ۽ ماءُ جي صحت,جسماني ٻار ڄڻڻ کان پوءِ صحتيابي,"گھر واپس اچڻ کانپوءِ ٻار کي ڪڏهن چيڪ ٿيڻ گھرجي؟","ٻار جو چيڪ اپ توهان جي ساڳين پوسٽ نيٽل ملاقاتن تي ٿئي ٿو، ٻن کان ٽن ڏينهن، هڪ کان ٻن هفتن ۽ ڇهن هفتن تي۔ نئين ڄاول ٻارن جي اکين ۽ ٻڌڻ جي مسئلن لاءِ به اسڪريننگ ڪئي ويندي آهي ۽ ڄمڻ وقت ويڪسين ڏني ويندي آهي۔ اهي سڀ ملاقاتون رکو۔",https://www.who.int/news/item/30-03-2022-who-urges-quality-care-for-women-and-newborns-in-critical-first-weeks-after-childbirth
197,حمل ۽ ماءُ جي صحت,جسماني ٻار ڄڻڻ کان پوءِ صحتيابي,"ڇا مون کي سهولت تي ٻار کي پاڻ سان رکڻ گھرجي؟","ها، ڄمڻ کانپوءِ ماءُ ۽ ٻار کي گڏ رکجي۔ اهو گرمائش، لڳاءُ ۽ ٿڃ پيارڻ ۾ مدد ڪري ٿو۔ جيڪڏهن ڪا شيءِ ان کي ڏکيو بڻائي رهي هجي ته عملي کان پڇو۔",https://www.who.int/news-room/fact-sheets/detail/preterm-birth
198,حمل ۽ ماءُ جي صحت,جسماني ٻار ڄڻڻ کان پوءِ صحتيابي,"ڇا ڄمڻ کانپوءِ صحت ڪارڪن مون کي گھر تي ڏسڻ اچي سگهي ٿو؟","جتي رٿابندي ٿي سگهي اُتي ڄمڻ کانپوءِ گھر جي دوري صلاح ڏني ويندي آهي۔ پنهنجي ليڊي هيلٿ ورڪر کان پڇو ته ڇا اهو توهان جي علائقي ۾ موجود آهي۔ جيڪڏهن نه ته پنهنجن چيڪن لاءِ صحت مرڪز وڃو۔",https://www.who.int/news/item/30-03-2022-who-urges-quality-care-for-women-and-newborns-in-critical-first-weeks-after-childbirth
199,حمل ۽ ماءُ جي صحت,جسماني ٻار ڄڻڻ کان پوءِ صحتيابي,"ٻار ڄمڻ کانپوءِ آءٌ بلڪل ٺيڪ محسوس ڪريان ٿي۔ ڇا مون کي پوءِ به معائنن جي ضرورت آهي؟","ها۔ انفيڪشن ۽ رت وهڻ جهڙا سنگين مسئلا انهن عورتن ۾ به اوچتو شروع ٿي سگهن ٿا جيڪي ٺيڪ محسوس ڪري رهيون هيون۔ معائنا انهن کي شروعات ۾ ئي معلوم ڪرڻ لاءِ آهن۔ انهن سڀني ۾ حاضر ٿيو۔",https://www.who.int/news/item/30-03-2022-who-urges-quality-care-for-women-and-newborns-in-critical-first-weeks-after-childbirth
200,حمل ۽ ماءُ جي صحت,جسماني ٻار ڄڻڻ کان پوءِ صحتيابي,"ڇهن هفتن جي چيڪ ڪهڙي لاءِ آهي؟","اها معمول جي پوسٽ نيٽل چيڪن مان آخري آهي ۽ توهان جي صحتياب ٿيڻ، توهان جي مزاج، کير پيارڻ، ۽ خانداني منصوبابندي کي ڏسي ٿي۔ اها ٻار جي واڌ ۽ صحت به چيڪ ڪري ٿي۔ وقت گذري وڃڻ ڪري ان کي نه ڇڏيو۔",https://www.who.int/news/item/30-03-2022-who-urges-quality-care-for-women-and-newborns-in-critical-first-weeks-after-childbirth
201,حمل ۽ ماءُ جي صحت,ٿڃ پيارڻ ۽ نئين ڄاول ٻار جون بنيادي ڳالهيون,"ڄمڻ کانپوءِ مون کي ٿڃ پيارڻ ڪڏهن شروع ڪرڻ گھرجي؟","ٻار ڄمڻ جي هڪ ڪلاڪ اندر۔ جلدي کير پيارڻ ٻار جي حفاظت ڪري ٿو ۽ توهان جو کير اچڻ ۾ مدد ڪري ٿو۔ جيڪڏهن اهو ڏکيو هجي ته شروع ڪرڻ ۾ مدد لاءِ عملي کان چئو۔",https://www.who.int/news-room/fact-sheets/detail/infant-and-young-child-feeding
202,حمل ۽ ماءُ جي صحت,ٿڃ پيارڻ ۽ نئين ڄاول ٻار جون بنيادي ڳالهيون,"ڇا مون کي پهرين مهينن ۾ ٻار کي ماءُ جي کير کان علاوه ڪا ٻي شيءِ ڏيڻ گھرجي؟","نه۔ پهرين ڇهن مهينن لاءِ ٻار کي صرف ماءُ جو کير ملڻ گھرجي، ٻي ڪا به شيءِ نه، پاڻي به نه۔ ماءُ جو کير ان وقت ۾ ٻار جي هر ضرورت پوري ڪري ٿو۔ ٻيون شيون شامل ڪرڻ سان بيماري جو خطرو وڌي ٿو۔",https://www.who.int/news-room/fact-sheets/detail/infant-and-young-child-feeding
203,حمل ۽ ماءُ جي صحت,ٿڃ پيارڻ ۽ نئين ڄاول ٻار جون بنيادي ڳالهيون,"ڇا آءٌ گرم موسم ۾ پنهنجي نئين ڄاول ٻار کي پاڻي ڏئي سگهان ٿي؟","نه، ڇهن مهينن کان ننڍي ٻار کي پاڻي جي ضرورت ناهي، توڙي جو گرم موسم ۾ به نه۔ ماءُ جو کير ٻار کي درڪار سموري رطوبت ڏئي ٿو۔ پاڻي ڏيڻ سان ٻار بيمار ٿي سگهي ٿو۔",https://www.who.int/news-room/fact-sheets/detail/infant-and-young-child-feeding
204,حمل ۽ ماءُ جي صحت,ٿڃ پيارڻ ۽ نئين ڄاول ٻار جون بنيادي ڳالهيون,"مون کي پنهنجي ٻار کي ڪيتري عرصي تائين ٿڃ پيارڻ گھرجي؟","ٻن سالن جي عمر تائين يا ان کان به وڌيڪ، ڇهن مهينن کانپوءِ ٻي غذا سان گڏ ٿڃ پيارو۔ پهرين ڇهن مهينن ۾ صرف ماءُ جو کير۔ ٿڃ پيارڻ جاري رکڻ سان ٻار جي حفاظت جاري رهي ٿي۔",https://www.who.int/news-room/fact-sheets/detail/infant-and-young-child-feeding
205,حمل ۽ ماءُ جي صحت,ٿڃ پيارڻ ۽ نئين ڄاول ٻار جون بنيادي ڳالهيون,"مون کي پنهنجي ٻار کي ٻي غذا ڏيڻ ڪڏهن شروع ڪرڻ گھرجي؟","تقريباً ڇهن مهينن جي عمر ۾، جڏهن اڪيلو ماءُ جو کير ٻار جي توانائي ۽ غذائيت جي ضرورتن کي پورو ڪرڻ لاءِ ڪافي نه رهي۔ ٿڃ پيارڻ به جاري رکو۔ نرم، صاف ۽ متنوع غذا سان شروع ڪريو۔",https://www.who.int/news-room/fact-sheets/detail/infant-and-young-child-feeding
206,حمل ۽ ماءُ جي صحت,ٿڃ پيارڻ ۽ نئين ڄاول ٻار جون بنيادي ڳالهيون,"ڇهن مهينن جي ٻار کي ڏينهن ۾ ڪيترا ڀيرا کائڻ گھرجي؟","ڇهن کان اٺن مهينن جي وچ ۾، ٿڃ پيارڻ سان گڏ ڏينهن ۾ تقريباً ٻه کان ٽي ڀيرا۔ نون کان ٽيويهن مهينن تائين، ڏينهن ۾ تقريباً ٽي کان چار ڀيرا ۽ ضرورت پوڻ تي هڪ يا ٻه ناشتا۔ ٿڃ پيارڻ سڄو وقت جاري رکو۔",https://www.who.int/news-room/fact-sheets/detail/infant-and-young-child-feeding
207,حمل ۽ ماءُ جي صحت,ٿڃ پيارڻ ۽ نئين ڄاول ٻار جون بنيادي ڳالهيون,"ٿڃ پيارڻ منهنجي ٻار جي ڪيئن مدد ڪري ٿو؟","جلدي ۽ صرف ماءُ جو کير پيارڻ انفيڪشنز، جن ۾ دستن ۽ نموني شامل آهن، کان حفاظت ڪري ٿو، جيڪي ٻارن جي موت جا وڏا سبب آهن۔ اهو ٻار وٽ موجود مضبوط ترين حفاظت مان هڪ آهي۔ ان جي ڪا به قيمت ناهي۔",https://www.who.int/news-room/fact-sheets/detail/infant-and-young-child-feeding
208,حمل ۽ ماءُ جي صحت,ٿڃ پيارڻ ۽ نئين ڄاول ٻار جون بنيادي ڳالهيون,"ڇا ٿڃ پيارڻ ٻار سان گڏ مون کي به فائدو ڏئي ٿو؟","ها۔ ٿڃ پيارڻ ماءُ ۾ بيضه دان ۽ ڇاتيءَ جي سرطان جو خطرو گھٽائي ٿو، ٻارن ۾ وقفو رکڻ ۾ مدد ڪري ٿو، ۽ گھٽ مجموعي موت جي شرح سان لاڳاپيل آهي۔ ان جو فائدو ٻنهي طرفن کان ٿئي ٿو۔ ان تي قائم رهڻ جي قابل آهي۔",https://www.who.int/news-room/fact-sheets/detail/infant-and-young-child-feeding
209,حمل ۽ ماءُ جي صحت,ٿڃ پيارڻ ۽ نئين ڄاول ٻار جون بنيادي ڳالهيون,"ڇا ٿڃ پيارڻ سچ ۾ ٻارن جي موتين کي روڪي سگهي ٿو؟","ٿڃ پيارڻ جا بهتر طريقا هر سال پنج سال کان ننڍي عمر جي ٻارن جي لڳ ڀڳ چار لک موتين کي روڪي سگهن ٿا۔ اهو سڀ کان اثرائتن سادن ڪمن مان هڪ آهي جيڪو موجود آهي۔ پهرين ڪلاڪ اندر شروع ڪرڻ اهم آهي۔",https://www.who.int/news-room/fact-sheets/detail/infant-and-young-child-feeding
210,حمل ۽ ماءُ جي صحت,ٿڃ پيارڻ ۽ نئين ڄاول ٻار جون بنيادي ڳالهيون,"ڇا گھڻن ٻارن کي ڇهن مهينن تائين صرف ماءُ جو کير ملي ٿو؟","نه، سڄي دنيا ۾ ڇهن مهينن کان ننڍي عمر جا لڳ ڀڳ اڌ ٻار ئي صرف ماءُ جو کير حاصل ڪن ٿا۔ گھڻن کي ٻيون شيون تمام جلدي ڏنيون وينديون آهن۔ اهو صحيح طريقي سان ڪرڻ توهان جي ٻار کي هڪ فائدو ڏئي ٿو۔",https://www.who.int/news-room/fact-sheets/detail/infant-and-young-child-feeding
211,حمل ۽ ماءُ جي صحت,ٿڃ پيارڻ ۽ نئين ڄاول ٻار جون بنيادي ڳالهيون,"مون کي لڳي ٿو ته منهنجو کير گھٽ آهي۔ مون کي ڇا ڪرڻ گھرجي؟","گھڻيون مائرون ان بابت پريشان ٿينديون آهن، ۽ وڌيڪ ڀيرا کير پيارڻ عام طور تي مقدار وڌائي ٿو۔ ٻي ڪا شيءِ ڏيڻ کان اڳ صحت ڪارڪن کان لڳاءُ ۽ حالت جي سيٽنگ ۾ مدد وٺو۔ لڳاءُ ۽ حالت جي سيٽنگ ۾ مدد پوسٽ نيٽل سنڀال جو حصو آهي۔",https://www.who.int/news/item/30-03-2022-who-urges-quality-care-for-women-and-newborns-in-critical-first-weeks-after-childbirth
212,حمل ۽ ماءُ جي صحت,ٿڃ پيارڻ ۽ نئين ڄاول ٻار جون بنيادي ڳالهيون,"جيڪڏهن ٿڃ پيارڻ سور واري يا ڏکيو هجي ته مون کي ڪير مدد ڪري سگهي ٿو؟","صحت ڪارڪن يا ليڊي هيلٿ ورڪر کان پڇو، ڇاڪاڻ ته لڳاءُ ۽ حالت جي سيٽنگ بابت صلاح معمول جي پوسٽ نيٽل سنڀال جو حصو آهي۔ گھڻيون ڏکيائون ننڍڙين تبديلين سان ٺيڪ ٿي سگهن ٿيون۔ هار مڃڻ بدران شروعات ۾ ئي پڇو۔",https://www.who.int/news/item/30-03-2022-who-urges-quality-care-for-women-and-newborns-in-critical-first-weeks-after-childbirth
213,حمل ۽ ماءُ جي صحت,ٿڃ پيارڻ ۽ نئين ڄاول ٻار جون بنيادي ڳالهيون,"ڇا پهريون ٿلهو پيلو کير ٻار لاءِ سٺو آهي؟","ها، پهريون کير ٻار کي ڏجي ۽ اُڇلائجي نه۔ ٿڃ پيارڻ ڄمڻ جي پهرين ڪلاڪ اندر شروع ٿيڻ گھرجي۔ اهو نئين ڄاول ٻار لاءِ قيمتي حفاظت آهي۔",https://www.who.int/news-room/fact-sheets/detail/infant-and-young-child-feeding
214,حمل ۽ ماءُ جي صحت,ٿڃ پيارڻ ۽ نئين ڄاول ٻار جون بنيادي ڳالهيون,"ڇا مون کي ٻار کي مقرر وقت تي کير پيارڻ گھرجي؟","شروعاتي مهينن ۾ جڏهن به ٻار چاهي، ڏينهن رات، تڏهن کير پيارو۔ بار بار کير پيارڻ توهان جي کير جو مقدار وڌائڻ ۾ مدد ڪري ٿو۔ ڪنهن مقرر شيڊول جي ضرورت ناهي۔",https://www.who.int/news-room/fact-sheets/detail/infant-and-young-child-feeding
215,حمل ۽ ماءُ جي صحت,ٿڃ پيارڻ ۽ نئين ڄاول ٻار جون بنيادي ڳالهيون,"ڇا آءٌ ٿڃ پيارائي سگهان ٿي جيڪڏهن منهنجو ٻار وقت کان اڳ ڄميو هو؟","ها، ۽ وقت کان اڳ ڄاول ٻارن لاءِ خاص طور تي جلدي ٿڃ پيارڻ صلاح ڏنل آهي، ٻار کي اُڀ سان اُڀ رکڻ سان گڏ۔ عملي کان مدد لاءِ چئو، ڇاڪاڻ ته ننڍن ٻارن کي کير پيارڻ ۾ مدد جي ضرورت پئجي سگهي ٿي۔ ان کي ڇڏي نه ڏيو۔",https://www.who.int/news-room/fact-sheets/detail/preterm-birth
216,حمل ۽ ماءُ جي صحت,ٿڃ پيارڻ ۽ نئين ڄاول ٻار جون بنيادي ڳالهيون,"آءٌ نئين ڄاول ٻار کي ڪيئن گرم رکان؟","ٻار کي سُڪل، ڍڪيل ۽ ويجھي رکو، بهتر آهي ته اُڀ سان اُڀ توهان جي سيني تي۔ اهو خاص ڪري ننڍن يا وقت کان اڳ ڄاول ٻارن لاءِ اهم آهي۔ ٿنڊ نئين ڄاول ٻارن لاءِ سچو خطرو آهي۔",https://www.who.int/news-room/fact-sheets/detail/preterm-birth
217,حمل ۽ ماءُ جي صحت,ٿڃ پيارڻ ۽ نئين ڄاول ٻار جون بنيادي ڳالهيون,"اُڀ سان اُڀ سنڀال (Skin to Skin) ڇا آهي ۽ اها ڇو مدد ڪري ٿي؟","ان جو مطلب آهي ٻار کي سڌو توهان جي اُگهاڙي سيني تي جهلي رکڻ۔ اها ٻار کي گرم رکي ٿي، ساهه کي ٿرڪائي ٿي، ۽ کير پيارڻ ۾ مدد ڪري ٿي۔ وقت کان اڳ ڄاول ٻارن لاءِ اها ڄمڻ کان ئي صلاح ڏنل آهي۔",https://www.who.int/news-room/fact-sheets/detail/preterm-birth
218,حمل ۽ ماءُ جي صحت,ٿڃ پيارڻ ۽ نئين ڄاول ٻار جون بنيادي ڳالهيون,"ڇا منهنجي ٻار کي ڄمڻ وقت ويڪسين لڳڻ گھرجي؟","ها، نئين ڄاول ٻارن کي پوسٽ نيٽل سنڀال جي حصي طور ڄمڻ وقت ويڪسين ملڻ گھرجي۔ ٻارن جي اکين ۽ ٻڌڻ جي مسئلن لاءِ به اسڪريننگ ڪئي ويندي آهي۔ ويڪسينيشن جو رڪارڊ محفوظ رکو۔",https://www.who.int/news/item/30-03-2022-who-urges-quality-care-for-women-and-newborns-in-critical-first-weeks-after-childbirth
219,حمل ۽ ماءُ جي صحت,ٿڃ پيارڻ ۽ نئين ڄاول ٻار جون بنيادي ڳالهيون,"ڇا ڄمڻ کانپوءِ منهنجي ٻار جي ٻڌڻ ۽ نظر جو چيڪ ٿيندو؟","ها، سڀني نئين ڄاول ٻارن لاءِ اکين ۽ ٻڌڻ جي مسئلن جي اسڪريننگ صلاح ڏنل آهي۔ انهن کي شروعات ۾ ئي معلوم ڪرڻ سچو فرق آڻي ٿو۔ سهولت تي پڇو ته ڇا اهو ٿي چڪو آهي۔",https://www.who.int/news/item/30-03-2022-who-urges-quality-care-for-women-and-newborns-in-critical-first-weeks-after-childbirth
220,حمل ۽ ماءُ جي صحت,ٿڃ پيارڻ ۽ نئين ڄاول ٻار جون بنيادي ڳالهيون,"منهنجي نئين ڄاول ٻار کي صحت ڪارڪن کان ڪڏهن چيڪ ٿيڻ گھرجي؟","توهان جي ساڳين پوسٽ نيٽل ملاقاتن تي، چوويهه ڪلاڪن اندر ۽ پوءِ ٻن کان ٽن ڏينهن، هڪ کان ٻن هفتن، ۽ ڇهن هفتن تي۔ جيڪڏهن ڄمڻ گھر ۾ ٿي هجي ته ٻار کي چوويهه ڪلاڪن اندر ڏيکاريو۔ هر ملاقات ۾ حاضر ٿيو۔",https://www.who.int/news/item/30-03-2022-who-urges-quality-care-for-women-and-newborns-in-critical-first-weeks-after-childbirth
221,حمل ۽ ماءُ جي صحت,ٿڃ پيارڻ ۽ نئين ڄاول ٻار جون بنيادي ڳالهيون,"مون کي پنهنجي نئين ڄاول ٻار ۾ ڪهڙين خطري جي نشانين تي نظر رکڻ گھرجي؟","جيڪا به نشاني توهان کي پريشان ڪري ان کي فوري ڌيان جي ضرورت آهي، خاص ڪري ساهه کڻڻ ۾ ڏکيائي، کير پيئڻ ۾ ڏکيائي، بخار، يا ٻار جو ٿڌو يا غير معمولي طور تي ماٺ ٿي وڃڻ۔ انهن کي سڃاڻڻ سکڻ پوسٽ نيٽل سنڀال جو حصو آهي۔ انهن مان ڪا به ظاهر ٿئي ته فوراً صحت مرڪز وڃو۔",https://www.who.int/news/item/30-03-2022-who-urges-quality-care-for-women-and-newborns-in-critical-first-weeks-after-childbirth
222,حمل ۽ ماءُ جي صحت,ٿڃ پيارڻ ۽ نئين ڄاول ٻار جون بنيادي ڳالهيون,"منهنجو ٻار کير نٿو پيئي۔ ڇا اهو سنگين آهي؟","کير نه پيئندڙ ٻار کي فوري طور تي صحت ڪارڪن کان ڏسڻو آهي۔ اهو بهتر ٿئي ٿو يا نه ان جو انتظار نه ڪريو۔ ٻار کي هاڻي صحت مرڪز وٺي وڃو۔",https://www.who.int/news/item/30-03-2022-who-urges-quality-care-for-women-and-newborns-in-critical-first-weeks-after-childbirth
223,حمل ۽ ماءُ جي صحت,ٿڃ پيارڻ ۽ نئين ڄاول ٻار جون بنيادي ڳالهيون,"ڇا ٻار کي مون سان گڏ سمهڻ گھرجي يا الڳ؟","ماءُ ۽ ٻار کي ڄمڻ کانپوءِ گڏ رکجي۔ اهو گرمائش، کير پيارڻ ۽ ٻار تي نظر رکڻ ۾ مدد ڪري ٿو۔ اهي محفوظ طريقا اختيار ڪريو جيڪي توهان جو صحت ڪارڪن صلاح ڏئي۔",https://www.who.int/news-room/fact-sheets/detail/preterm-birth
224,حمل ۽ ماءُ جي صحت,ٿڃ پيارڻ ۽ نئين ڄاول ٻار جون بنيادي ڳالهيون,"ڇا آءٌ ٿڃ پيارائي سگهان ٿي جيڪڏهن آءٌ بيمار آهيان؟","پاڻ مرادو بند ڪرڻ بدران صحت ڪارڪن کان پڇو، ڇاڪاڻ ته گھڻين عام بيمارين ۾ ٿڃ پيارڻ جاري رهي ٿو۔ اوچتو بند ڪرڻ توهان ٻنهي کي نقصان پهچائي سگهي ٿو۔ پنهنجي حالت لاءِ خاص صلاح وٺو۔",https://www.who.int/news-room/fact-sheets/detail/infant-and-young-child-feeding
225,حمل ۽ ماءُ جي صحت,ٿڃ پيارڻ ۽ نئين ڄاول ٻار جون بنيادي ڳالهيون,"ڇا ٿڃ پيارڻ مون کي حامله ٿيڻ کان روڪي ٿو؟","ٿڃ پيارڻ ٻارن جي وچ ۾ وقت وڌائڻ ۾ مدد ڪري ٿو، پر اهو حمل کان بچاءَ جو پڪو طريقو ناهي۔ توهان جي ماهواري واپس اچڻ کان اڳ به توهان حامله ٿي سگهو ٿيون۔ پنهنجن پوسٽ نيٽل ملاقاتن تي خانداني منصوبابندي بابت پڇو۔",https://www.who.int/news-room/fact-sheets/detail/infant-and-young-child-feeding
226,حمل ۽ ماءُ جي صحت,ٿڃ پيارڻ ۽ نئين ڄاول ٻار جون بنيادي ڳالهيون,"ڇا مون کي ڇهن مهينن تي ٻي غذا شروع ڪرڻ وقت ٿڃ پيارڻ بند ڪرڻ گھرجي؟","نه، ٻي غذا سان گڏ ٻن سالن يا ان کان وڌيڪ عمر تائين ٿڃ پيارڻ جاري رکو۔ غذا ماءُ جي کير ۾ اضافو ڪري ٿي، ان جي جاءِ نٿي وٺي۔ ٻئي گڏجي اهو آهن جيڪي ٻار کي درڪار آهن۔",https://www.who.int/news-room/fact-sheets/detail/infant-and-young-child-feeding
227,حمل ۽ ماءُ جي صحت,ٿڃ پيارڻ ۽ نئين ڄاول ٻار جون بنيادي ڳالهيون,"ڇهن مهينن تي مون کي پنهنجي ٻار کي ڪهڙي قسم جي غذا شروع ڪرڻ گھرجي؟","نرم، صاف، متنوع گھريلو غذا، ڇهن کان اٺن مهينن ۾ ڏينهن ۾ ٻه کان ٽي ڀيرا ڏجي۔ نون مهينن کان ٽي کان چار ڀيرا وڌايو، ضرورت پوڻ تي ناشتن سان۔ ٿڃ پيارڻ به جاري رکو۔",https://www.who.int/news-room/fact-sheets/detail/infant-and-young-child-feeding
228,حمل ۽ ماءُ جي صحت,ٿڃ پيارڻ ۽ نئين ڄاول ٻار جون بنيادي ڳالهيون,"ڇا اهو فائديمند آهي جيڪڏهن آءٌ صرف ڪجهه مهينا ئي ٿڃ پيارائي سگهان؟","ڪجهه ٿڃ پيارائڻ ڪجهه به نه ڪرڻ کان بهتر آهي، ۽ شروعاتي مهينا سڀ کان وڌيڪ حفاظت رکن ٿا۔ جيڪڏهن ٿي سگهي ته ڇهن مهينن جو صرف ماءُ جو کير حاصل ڪرڻ جو مقصد رکو۔ بند ڪرڻ کان اڳ مدد لاءِ چئو، ڇاڪاڻ ته گھڻا مسئلا حل ٿي سگهن ٿا۔",https://www.who.int/news-room/fact-sheets/detail/infant-and-young-child-feeding
229,حمل ۽ ماءُ جي صحت,ٿڃ پيارڻ ۽ نئين ڄاول ٻار جون بنيادي ڳالهيون,"ماڻهو ڇو چون ٿا ته ٿڃ پيارڻ هڪ سٺي سيڙپڪاري آهي؟","صحت جي حفاظت سان گڏ، ٿڃ پيارڻ جي حمايت ان جي خرچ کان تمام گھڻو موٽ ڏئي ٿي، هر روپئي جي سيڙپڪاري تي تقريباً اونهيءَ (59) روپين جي قيمت جو اندازو آهي۔ پر بنيادي سبب اهو آهي ته اهو ٻارن کي جيئرو ۽ ڪشادو رکي ٿو۔ اهو خاندان لاءِ مفت آهي۔",https://www.who.int/news-room/fact-sheets/detail/infant-and-young-child-feeding
230,حمل ۽ ماءُ جي صحت,ٿڃ پيارڻ ۽ نئين ڄاول ٻار جون بنيادي ڳالهيون,"منهنجو خاندان چوي ٿو ته نئين ڄاول ٻار کي ماکي يا پاڻي ڏجي۔ ڇا اهو صحيح آهي؟","پهرين ڇهن مهينن لاءِ ٻار کي صرف ماءُ جو کير ملڻ گھرجي، ٻي ڪا به شيءِ نه، پاڻي به نه۔ شروعات ۾ ٻيون شيون ڏيڻ سان بيماري جو خطرو وڌي ٿو۔ نرميءَ سان سمجهايو ته اهو ٻار لاءِ سڀ کان محفوظ صلاح آهي۔",https://www.who.int/news-room/fact-sheets/detail/infant-and-young-child-feeding
231,حمل ۽ ماءُ جي صحت,حمل ۽ زچگي کانپوءِ خطري جون نشانيون,"حمل ۾ اهي ڪهڙيون خطري جون نشانيون آهن جن جو مطلب آهي ته مون کي فوراً مدد وٺڻ گھرجي؟","رت اچڻ، سخت مٿي جو سور، نظر ڌنڌلي ٿيڻ، پيٽ ۾ سخت سور، هٿن ۽ منهن جي سوڄ، بخار، ساهه کڄڻ، دورا، ٻار جي حرڪت گھٽجڻ، يا بدبودار رطوبت۔ انهن مان ڪا به هجي ته ان جو مطلب آهي هاڻي صحت مرڪز يا اسپتال وڃو۔ پاڻ سان ڪنهن کي وٺي وڃو۔",https://www.who.int/news-room/fact-sheets/detail/maternal-mortality
232,حمل ۽ ماءُ جي صحت,حمل ۽ زچگي کانپوءِ خطري جون نشانيون,"مون کي حمل ۾ رت وهي رهيو آهي۔ مون کي ڇا ڪرڻ گھرجي؟","حمل ۾ رت اچڻ اهڙي شيءِ ناهي جنهن جو انتظار ڪجي۔ هاڻي ويجھي صحت مرڪز يا اسپتال وڃو، ۽ پاڻ سان ڪنهن کي وٺي وڃو۔ اهو بند ٿئي ٿو يا نه اهو ڏسڻ لاءِ انتظار نه ڪريو۔",https://www.who.int/news-room/fact-sheets/detail/maternal-mortality
233,حمل ۽ ماءُ جي صحت,حمل ۽ زچگي کانپوءِ خطري جون نشانيون,"مون کي سخت مٿي جو سور آهي ۽ منهنجي نظر ڌنڌلي آهي۔ ڇا اهو سنگين آهي؟","ها، نظر ڌنڌلي ٿيڻ يا اکين اڳيان دنبا نظر اچڻ سان گڏ سخت مٿي جو سور حمل ۾ بلڊ پريشر جي هڪ خطرناڪ مسئلي جي نشاني ٿي سگهي ٿي۔ هاڻي صحت مرڪز يا اسپتال وڃو۔ پنهنجي ايندڙ معائني تائين انتظار نه ڪريو۔",https://www.who.int/news-room/fact-sheets/detail/pre-eclampsia
234,حمل ۽ ماءُ جي صحت,حمل ۽ زچگي کانپوءِ خطري جون نشانيون,"منهنجا هٿ ۽ منهن سُڄي ويا آهن۔ ڇا مون کي پريشان ٿيڻ گھرجي؟","هٿن ۽ منهن جي سوڄ حمل ۾ بلڊ پريشر جي هڪ سنگين مسئلي جي نشاني ٿي سگهي ٿي۔ مهرباني ڪري هاڻي صحت مرڪز يا اسپتال وڃو، ڪنهن جي ساٿ سان۔ اها ڳِـٽن جي هلڪي سوڄ جهڙي ناهي۔",https://www.who.int/news-room/fact-sheets/detail/pre-eclampsia
235,حمل ۽ ماءُ جي صحت,حمل ۽ زچگي کانپوءِ خطري جون نشانيون,"منهنجي مٿئين پيٽ ۾ سخت سور آهي۔ ان جو ڇا مطلب آهي؟","حمل ۾ مٿئين پيٽ جو سور بلڊ پريشر جي مسئلي جي هڪ چتاءُ ڏيندڙ نشاني ٿي سگهي ٿو ۽ ان کي فوري ڇنڊڇاڻ جي ضرورت آهي۔ هاڻي صحت مرڪز يا اسپتال وڃو۔ پاڻ سان ڪنهن کي وٺي وڃو۔",https://www.who.int/news-room/fact-sheets/detail/pre-eclampsia
236,حمل ۽ ماءُ جي صحت,حمل ۽ زچگي کانپوءِ خطري جون نشانيون,"مون کي حامله هوندي بخار آهي۔ ڇا مون کي گھر ۾ ان جو علاج ڪرڻ گھرجي؟","نه۔ حمل ۾ بخار هڪ خطري جي نشاني آهي ۽ ان کي صحت مرڪز تي ڏسڻ جي ضرورت آهي۔ گھر ۾ ان جو علاج نه ڪريو يا پاڻ مرادو دوا نه وٺو۔ هاڻي وڃو۔",https://www.who.int/news-room/fact-sheets/detail/maternal-mortality
237,حمل ۽ ماءُ جي صحت,حمل ۽ زچگي کانپوءِ خطري جون نشانيون,"ٻار جي حرڪت بند ٿي وئي آهي يا گھڻو گھٽجي وئي آهي۔ مون کي ڇا ڪرڻ گھرجي؟","حرڪت جو گھٽجڻ يا بند ٿيڻ هڪ خطري جي نشاني آهي جنهن کي فوري ڌيان جي ضرورت آهي۔ حرڪت واپس اچي ٿي يا نه اهو ڏسڻ جو انتظار ڪرڻ کان سواءِ هاڻي صحت مرڪز يا اسپتال وڃو۔ پاڻ سان ڪنهن کي وٺي وڃو۔",https://www.who.int/news-room/fact-sheets/detail/maternal-mortality
238,حمل ۽ ماءُ جي صحت,حمل ۽ زچگي کانپوءِ خطري جون نشانيون,"مون کي ساهه کڻڻ ۾ ڏکيائي ٿي رهي آهي۔ ڇا حمل ۾ اهو ايمرجنسي آهي؟","حمل ۾ ساهه کڄڻ هڪ خطري جي نشاني آهي۔ فوراً صحت مرڪز يا اسپتال وڃو۔ جيڪڏهن ٿي سگهي ته اڪيلي انتظار نه ڪريو يا اڪيلا سفر نه ڪريو۔",https://www.who.int/news-room/fact-sheets/detail/maternal-mortality
239,حمل ۽ ماءُ جي صحت,حمل ۽ زچگي کانپوءِ خطري جون نشانيون,"حامله هوندي مون کي دورو پيو يا آءٌ بيهوش ٿي وئيس۔ منهنجي خاندان کي ڇا ڪرڻ گھرجي؟","حمل ۾ دورا يا بيهوش ٿيڻ هڪ ايمرجنسي آهي ۽ جان جو خطرو ٿي سگهي ٿو۔ عورت کي فوراً اسپتال وٺي وڃو۔ رستي ۾ ڪا به گھريلو علاج نه ڪريو۔",https://www.who.int/news-room/fact-sheets/detail/pre-eclampsia
240,حمل ۽ ماءُ جي صحت,حمل ۽ زچگي کانپوءِ خطري جون نشانيون,"ايڪلمپسيا (Eclampsia) ڇا آهي؟","اهو حمل جي بلڊ پريشر مسئلي جو سخت روپ آهي، جنهن ۾ دورا پون ٿا، ۽ اهو جان جي خطري وارو آهي۔ ان کي ايمرجنسي اسپتال جي علاج جي ضرورت آهي۔ حمل ۾ ڪنهن به دوري کي ايمرجنسي سمجهي علاج ڪجي۔",https://www.who.int/news-room/fact-sheets/detail/pre-eclampsia
241,حمل ۽ ماءُ جي صحت,حمل ۽ زچگي کانپوءِ خطري جون نشانيون,"پري-ايڪلمپسيا (Pre-eclampsia) ڇا آهي؟","اهو بلڊ پريشر جو مسئلو آهي جيڪو ويهن هفتن کانپوءِ پيدا ٿئي ٿو ۽ ماءُ ۽ ٻار ٻنهي لاءِ خطرناڪ ٿي سگهي ٿو۔ اهو ڄڻندڙ هر سؤ عورتن مان ٽي کان اَٺَ عورتن کي متاثر ڪري ٿو۔ ڪجهه عورتن کي بلڪل به نشاني نه هوندي آهي، اهو ئي سبب آهي جو معائنا اهم آهن۔",https://www.who.int/news-room/fact-sheets/detail/pre-eclampsia
242,حمل ۽ ماءُ جي صحت,حمل ۽ زچگي کانپوءِ خطري جون نشانيون,"ڇا مون کي ڪجهه به محسوس ڪرڻ کان سواءِ پري-ايڪلمپسيا ٿي سگهي ٿو؟","ها، ڪجهه عورتن کي بلڪل به نشاني نه هوندي آهي، اهو ئي سبب آهي جو هر ملاقات تي بلڊ پريشر ۽ پيشاب چيڪ ڪيو ويندو آهي۔ ٺيڪ محسوس ٿيڻ ڪري پاڻ کي محفوظ نه سمجهو۔ پنهنجا معائنا جاري رکو۔",https://www.who.int/news-room/fact-sheets/detail/pre-eclampsia
243,حمل ۽ ماءُ جي صحت,حمل ۽ زچگي کانپوءِ خطري جون نشانيون,"پري-ايڪلمپسيا ٿيڻ جو امڪان ڪنهن کي وڌيڪ آهي؟","اهو پهرين حملن ۾، جاڙا يا وڌيڪ ٻار کڻندڙ عورتن ۾، ۽ انهن ۾ جن کي موٽاپو، اڳ ۾ موجود بلند بلڊ پريشر، ذیابيطس، گردن جي بيماري، يا خاندان ۾ ان جي تاريخ هجي، وڌيڪ امڪان رکي ٿو۔ جيڪڏهن انهن مان ڪا به توهان تي لاڳو ٿئي ته شروعات ۾ ئي پنهنجي صحت ڪارڪن کي ٻڌايو۔ توهان کي وڌيڪ ويجھي نظر رکڻ جي ضرورت پئجي سگهي ٿي۔",https://www.who.int/news-room/fact-sheets/detail/pre-eclampsia
244,حمل ۽ ماءُ جي صحت,حمل ۽ زچگي کانپوءِ خطري جون نشانيون,"ڇا پري-ايڪلمپسيا کان بچاءُ ٿي سگهي ٿو؟","باقاعده حمل دوران سنڀال جنهن ۾ بلڊ پريشر ۽ پيشاب جون چڪاسون شامل هجن، سڀ کان اهم بچاءُ آهي، ڇاڪاڻ ته اهي ان کي شروعات ۾ ئي پڪڙين ٿيون۔ وڌيڪ خطري واري عورتن لاءِ ڊاڪٽر بچاءَ وارو علاج صلاح ڏئي سگهن ٿا۔ پنهنجي صحت ڪارڪن سان پنهنجي خطري بابت ڳالهايو۔",https://www.who.int/news-room/fact-sheets/detail/pre-eclampsia
245,حمل ۽ ماءُ جي صحت,حمل ۽ زچگي کانپوءِ خطري جون نشانيون,"حمل ۾ بلڊ پريشر جا مسئلا ڪيترا خطرناڪ آهن؟","بلڊ پريشر جون بيماريون هر سؤ ماءُ جي موتين مان لڳ ڀڳ سورهن جو سبب بڻجن ٿيون، جيڪي حمل ۾ موت جي بنيادي سببن مان آهن۔ اهو ئي سبب آهي جو هر ملاقات تي بلڊ پريشر چيڪ ڪيو ويندو آهي۔ جيڪڏهن توهان کي سخت مٿي جو سور، نظر ڌنڌلي ٿيڻ، مٿئين پيٽ جو سور يا هٿن ۽ منهن جي سوڄ هجي ته هاڻي صحت مرڪز يا اسپتال وڃو۔",https://www.who.int/news-room/fact-sheets/detail/pre-eclampsia
246,حمل ۽ ماءُ جي صحت,حمل ۽ زچگي کانپوءِ خطري جون نشانيون,"ڄمڻ کانپوءِ مون کي گھڻو رت وهي رهيو آهي۔ مون کي ڇا ڪرڻ گھرجي؟","ڄمڻ کانپوءِ سخت رت وهڻ ماءُ جي موت جو هڪ بنيادي سبب آهي ۽ اها ايمرجنسي آهي۔ فوراً اسپتال وٺي وڃو۔ اهو گھٽ ٿئي ٿو يا نه اهو ڏسڻ لاءِ انتظار نه ڪريو۔",https://www.who.int/news-room/fact-sheets/detail/maternal-mortality
247,حمل ۽ ماءُ جي صحت,حمل ۽ زچگي کانپوءِ خطري جون نشانيون,"ٻار ڄمڻ کانپوءِ مون کي بخار ۽ بدبودار رطوبت آهي۔ ڇا اهو سنگين آهي؟","ها، اهو ڄمڻ کانپوءِ انفيڪشن ٿي سگهي ٿو، جيڪو ماءُ جي موت جي بنيادي سببن مان هڪ آهي۔ هاڻي صحت مرڪز يا اسپتال وڃو۔ گھر ۾ ان جو علاج نه ڪريو۔",https://www.who.int/news-room/fact-sheets/detail/maternal-mortality
248,حمل ۽ ماءُ جي صحت,حمل ۽ زچگي کانپوءِ خطري جون نشانيون,"ڇا ڄمڻ کانپوءِ هفتن ۾ به خطرناڪ مسئلا ٿي سگهن ٿا؟","ها۔ گھڻيون ماءُ ۽ ٻار جون موتيون ڄمڻ کانپوءِ پهرين ڏينهن ۾ ٿين ٿيون۔ سخت رت وهڻ، بخار، سخت مٿي جو سور، نظر ڌنڌلي ٿيڻ، دورا ۽ ساهه کڄڻ سڀني کي ڄمڻ کانپوءِ به فوري سنڀال جي ضرورت آهي۔ پنهنجيون سڀ پوسٽ نيٽل چيڪون ضرور ڪرايو۔",https://www.who.int/news/item/30-03-2022-who-urges-quality-care-for-women-and-newborns-in-critical-first-weeks-after-childbirth
249,حمل ۽ ماءُ جي صحت,حمل ۽ زچگي کانپوءِ خطري جون نشانيون,"جيڪڏهن مون کي خطري جي نشاني نظر اچي ته مون کي ڪيتري جلدي عمل ڪرڻ جي ضرورت آهي؟","فوراً۔ دنيا ۾ ڪٿي نه ڪٿي هر تقريباً ٻن منٽن ۾ هڪ ماءُ جي موت ٿئي ٿي، ۽ سنڀال تائين پهچڻ ۾ دير هڪ وڏو سبب آهي۔ صبح ٿيڻ، اچ وڃ سولي ٿيڻ، يا اجازت ملڻ جو انتظار نه ڪريو۔ هاڻي وڃو ۽ پاڻ سان ڪنهن کي وٺي وڃو۔",https://www.who.int/news-room/fact-sheets/detail/maternal-mortality
250,حمل ۽ ماءُ جي صحت,حمل ۽ زچگي کانپوءِ خطري جون نشانيون,"منهنجي نئين ڄاول ٻار ۾ مون کي ڪهڙين خطري جي نشانين تي نظر رکڻ گھرجي؟","ساهه کڻڻ ۾ ڏکيائي، کير پيئڻ ۾ ڏکيائي يا کير پيئڻ کان انڪار، بخار، يا ٻار جو ٿڌو، ڍرو يا غير معمولي طور تي ماٺ ٿي وڃڻ۔ انهن کي سڃاڻڻ پوسٽ نيٽل سنڀال جو حصو آهي۔ انهن مان ڪا به ظاهر ٿئي ته فوراً ٻار کي صحت مرڪز وٺي وڃو۔",https://www.who.int/news/item/30-03-2022-who-urges-quality-care-for-women-and-newborns-in-critical-first-weeks-after-childbirth
251,پي سي او ايس ۽ هارموني صحت,پي سي او ايس ڇا آهي ۽ عام نشانيون,"پي سي او ايس (PCOS) ڇا آهي؟","پي سي او ايس هڪ عام هارموني حالت آهي جنهن ۾ جسم عام کان وڌيڪ مردانه قسم جا هارمون ٺاهي ٿو۔ اهو ماهواري جي بي قاعدگي، بيضي جي خارج ٿيڻ ۾ مسئلن، ۽ ڪڏهن ڪڏهن اضافي وارن يا مهاسن جو سبب بڻجي ٿو۔ ان کي صحيح سنڀال سان قابو ۾ رکي سگهجي ٿو۔",https://www.who.int/news-room/fact-sheets/detail/polycystic-ovary-syndrome
252,پي سي او ايس ۽ هارموني صحت,پي سي او ايس ڇا آهي ۽ عام نشانيون,"پي سي او ايس ڪيتري عام آهي؟","اها ٻار ڄڻڻ جي عمر جي هر سؤ عورتن مان لڳ ڀڳ ڏهن کان تيرهن عورتن کي متاثر ڪري ٿي۔ تنهنڪري اها عام آهي، ۽ توهان اُن ۾ اڪيلا ناهيو۔ گھڻيون عورتون ان جي خبر کان سواءِ ان سان جيئن ٿيون رهن ٿيون۔",https://www.who.int/news-room/fact-sheets/detail/polycystic-ovary-syndrome
253,پي سي او ايس ۽ هارموني صحت,پي سي او ايس ڇا آهي ۽ عام نشانيون,"ڇا پي سي او ايس واريون گھڻيون عورتون ڄاڻن ٿيون ته انهن کي اها آهي؟","نه۔ پي سي او ايس واري هر ڏهن مان تقريباً ست عورتون ڪڏهن به تشخيص نه ٿيون ٿين۔ گھڻيون سالن تائين اهو سوچينديون رهنديون آهن ته سندن نشانيون عام آهن۔ جيڪڏهن توهان کي انهن نشانين آهن ته ڊاڪٽر کان پڇڻ جي قابل آهي۔",https://www.who.int/news-room/fact-sheets/detail/polycystic-ovary-syndrome
254,پي سي او ايس ۽ هارموني صحت,پي سي او ايس ڇا آهي ۽ عام نشانيون,"پي سي او ايس جون بنيادي نشانيون ڪهڙيون آهن؟","بي قاعده، غائب، گھڻو يا سور واري ماهواري، حامله ٿيڻ ۾ ڏکيائي، منهن يا جسم تي اضافي وار، مٿي جي وارن جو پَتلو ٿيڻ، مهاسا يا تيلي چمڙي، ۽ وچ حصي جي چوڌاري وزن وڌڻ۔ هر عورت وٽ اهي سڀ ناهن هونديون۔ ٻه يا وڌيڪ نشانيون هجڻ چيڪ ٿيڻ جو سبب آهي۔",https://www.who.int/news-room/fact-sheets/detail/polycystic-ovary-syndrome
255,پي سي او ايس ۽ هارموني صحت,پي سي او ايس ڇا آهي ۽ عام نشانيون,"ڇا پي سي او ايس جو مطلب آهي ته منهنجي بيضه دان ۾ رسولين (Cysts) آهن؟","نالي ۾ رسولين جو ذڪر آهي، پر اسڪين ۾ نظر ايندڙ شيءِ ننڍڙن فولیکلز جو وڏو تعداد آهي، بيماري وارا رسولا نه۔ گھڻين پي سي او ايس واريون عورتن کي تشخيص لاءِ اسڪين جي ضرورت به نٿي پوي۔ نالو گمراهه ڪندڙ ٿي سگهي ٿو۔",https://academic.oup.com/jcem/article/108/10/2447/7242360
256,پي سي او ايس ۽ هارموني صحت,پي سي او ايس ڇا آهي ۽ عام نشانيون,"پي سي او ايس جو سبب ڇا آهي؟","اها هڪ هارموني حالت آهي جنهن ۾ عام کان وڌيڪ مردانه قسم جا هارمون بيضه دان ۽ ماهواري جي چڪر کي بگاڙين ٿا۔ اها ڇو ٿئي ٿي ان جو صحيح سبب مڪمل طور تي معلوم ناهي۔ اها توهان جي ڪنهن به غلط ڪم سبب نه ٿي آهي۔",https://www.who.int/news-room/fact-sheets/detail/polycystic-ovary-syndrome
257,پي سي او ايس ۽ هارموني صحت,پي سي او ايس ڇا آهي ۽ عام نشانيون,"ڇا پي سي او ايس منهنجي غلطي آهي؟","نه۔ پي سي او ايس هڪ هارموني حالت آهي، توهان جي چونڊن يا توهان جي ڪردار جو نتيجو ناهي۔ ڪو به ان کي پاڻ تي نٿو آڻي۔ توهان جيڪو ڪري سگهو ٿيون سو اهو آهي ته ان جي تشخيص ۽ سنڀال ڪرايو۔",https://www.who.int/news-room/fact-sheets/detail/polycystic-ovary-syndrome
258,پي سي او ايس ۽ هارموني صحت,پي سي او ايس ڇا آهي ۽ عام نشانيون,"پي سي او ايس عام طور تي ڪهڙي عمر ۾ شروع ٿئي ٿي؟","نشانيون اڪثر ماهواري شروع ٿيڻ کانپوءِ وارن سالن ۾ ۽ ٻار ڄڻڻ جي سالن دوران ظاهر ٿين ٿيون۔ نوجوانيءَ جي عمر ۾ تشخيص ڏکيو آهي ۽ ڊاڪٽر ان بابت محتاط رهن ٿا۔ جيڪڏهن هڪ ننڍي عمر جي ڇوڪري کي نشانيون هجن ته پوءِ به کيس جانچجي۔",https://academic.oup.com/jcem/article/108/10/2447/7242360
259,پي سي او ايس ۽ هارموني صحت,پي سي او ايس ڇا آهي ۽ عام نشانيون,"پي سي او ايس ڇو ڪيترين عورتن جي حامله نه ٿي سگهڻ جو سبب آهي؟","پي سي او ايس باقاعدگي سان بيضو خارج نه ٿيڻ جو سڀ کان عام سبب آهي، تنهنڪري اها حامله ٿيڻ ۾ ڏکيائي جو هڪ اهم سبب آهي۔ پر پي سي او ايس واريون گھڻيون عورتون حامله ٿين ٿيون۔ بيضو خارج ٿيڻ ۾ مدد ڏيندڙ علاج موجود آهن۔",https://www.who.int/news-room/fact-sheets/detail/polycystic-ovary-syndrome
260,پي سي او ايس ۽ هارموني صحت,پي سي او ايس ڇا آهي ۽ عام نشانيون,"جيڪڏهن مون کي پي سي او ايس آهي ته ڇا آءٌ اڃا به ٻار ڄڻي سگهان ٿي؟","پي سي او ايس واريون گھڻيون عورتون ٻار ڄڻن ٿيون۔ بيضه دان کي بيضو خارج ڪرڻ ۾ مدد ڏيندڙ علاج موجود آهن، ۽ ٻيا زرخيزي جا اختيار به موجود آهن۔ سالن جو انتظار ڪرڻ بدران شروعات ۾ ئي ڊاڪٽر سان ڳالهايو۔",https://www.who.int/news-room/fact-sheets/detail/polycystic-ovary-syndrome
261,پي سي او ايس ۽ هارموني صحت,پي سي او ايس ڇا آهي ۽ عام نشانيون,"ڇا پي سي او ايس منهنجي پوري جسم تي اثر انداز ٿئي ٿي يا صرف ماهواري تي؟","اها ماهواري کان وڌيڪ تي اثر انداز ٿئي ٿي۔ اها انسولين جي مسئلن، وزن، بلڊ پريشر، ڪولیسٽرول، ننڊ ۽ مزاج سان لاڳاپيل آهي۔ اهو ئي سبب آهي جو ڊاڪٽر صرف چڪر ئي نه پر ڪيتريون ئي شيون چيڪ ڪن ٿا۔",https://www.who.int/news-room/fact-sheets/detail/polycystic-ovary-syndrome
262,پي سي او ايس ۽ هارموني صحت,پي سي او ايس ڇا آهي ۽ عام نشانيون,"پي سي او ايس ڪهڙن صحت جي مسئلن سان لاڳاپيل آهي؟","انسولين مزاحمت ۽ ٽائپ ٻه ذیابيطس، بلند بلڊ پريشر، بلند ڪولیسٽرول، دل جي بيماري، موٽاپو، ننڊ جا مسئلا، جگر جا مسئلا، ۽ ٻچيدان جي پرت ۾ تبديليون۔ پريشاني ۽ اداسي به وڌيڪ عام آهن۔ باقاعده چيڪون انهن کي شروعات ۾ پڪڙڻ ۾ مدد ڪن ٿيون۔",https://www.who.int/news-room/fact-sheets/detail/polycystic-ovary-syndrome
263,پي سي او ايس ۽ هارموني صحت,پي سي او ايس ڇا آهي ۽ عام نشانيون,"ڇا پي سي او ايس منهنجي ذیابيطس جو خطرو وڌائي ٿي؟","ها، پي سي او ايس انسولين مزاحمت ۽ ٽائپ ٻه ذیابيطس جي وڌيڪ خطري سان لاڳاپيل آهي۔ اهو ئي سبب آهي جو ڊاڪٽر تشخيص وقت خون ۾ شگر جو ٽيسٽ ڪن ٿا ۽ سالن دوران ان کي ورجائين ٿا۔ ان کي شروعات ۾ لهڻ جو مطلب آهي ته ان کي قابو ۾ رکي سگهجي ٿو۔",https://www.who.int/news-room/fact-sheets/detail/polycystic-ovary-syndrome
264,پي سي او ايس ۽ هارموني صحت,پي سي او ايس ڇا آهي ۽ عام نشانيون,"ڇا پي سي او ايس ٻچيدان تي اثر انداز ٿئي ٿي؟","پي سي او ايس ٻچيدان جي پرت جي ٿلهي ٿيڻ ۽، گھٽ ئي ڪڏهن، ٻچيدان جي پرت جي سرطان جي وڌيڪ امڪان سان لاڳاپيل آهي۔ اهو ئي هڪ سبب آهي جو تمام گھٽ ماهواري ٿيڻ کي ڊاڪٽر سان ڳالهائجي۔ اهو گھٻرائجڻ جو سبب ناهي، پر اهو ڏيکاريو وڃڻ جو سبب آهي۔",https://www.who.int/news-room/fact-sheets/detail/polycystic-ovary-syndrome
265,پي سي او ايس ۽ هارموني صحت,پي سي او ايس ڇا آهي ۽ عام نشانيون,"ڇا پي سي او ايس منهنجي مزاج تي اثر انداز ٿي سگهي ٿي؟","ها، پي سي او ايس واري عورتن ۾ پريشاني ۽ اداسي وڌيڪ عام آهن۔ ڊاڪٽرن کي پي سي او ايس جي سنڀال جي حصي طور مزاج بابت پڇڻ جي صلاح ڏني وڃي ٿي۔ جيڪڏهن توهان اداس يا پريشان محسوس ڪريو ته چئو، ڇاڪاڻ ته اهو حالت جو حصو آهي ۽ مدد موجود آهي۔",https://www.who.int/news-room/fact-sheets/detail/polycystic-ovary-syndrome
266,پي سي او ايس ۽ هارموني صحت,پي سي او ايس ڇا آهي ۽ عام نشانيون,"ڇا پي سي او ايس ڦھلندڙ (Contagious) آهي؟","نه، پي سي او ايس ڪو انفيڪشن ناهي ۽ اهو هڪ ماڻهو کان ٻئي ڏانهن نٿو منتقل ٿئي۔ اها هڪ هارموني حالت آهي۔ ان بابت ڪا به شيءِ شرمناڪ نه سمجهڻ گھرجي۔",https://www.who.int/news-room/fact-sheets/detail/polycystic-ovary-syndrome
267,پي سي او ايس ۽ هارموني صحت,پي سي او ايس ڇا آهي ۽ عام نشانيون,"ڇا پي سي او ايس پاڻ مرادو ختم ٿي وڃي ٿي؟","ان جو ڪو علاج ناهي، پر نشانين کي سٺي طرح قابو ۾ رکي سگهجي ٿو ۽ اهي زندگيءَ دوران تبديل ٿي سگهن ٿيون۔ ان کي سنڀالڻ ڊگھي مهل جي خطرن کي گھٽائي ٿو۔ سنڀال جاري رهي ٿي، اهو ڪو هڪ ئي علاج ناهي۔",https://www.who.int/news-room/fact-sheets/detail/polycystic-ovary-syndrome
268,پي سي او ايس ۽ هارموني صحت,پي سي او ايس ڇا آهي ۽ عام نشانيون,"ڇا پي سي او ايس هڪ سنگين حالت آهي؟","اها هڪ ڊگھي مهل جي حالت آهي جنهن تي ڌيان جي ضرورت آهي، خاص ڪري دل، خون جي شگر ۽ ٻچيدان لاءِ لاڳاپيل خطرن سبب۔ باقاعده چيڪن ۽ سنڀال سان گھڻيون عورتون سٺي طرح رهن ٿيون۔ ان کي نظرانداز ڪرڻ ئي ان کي وڌيڪ سنگين بڻائي ٿو۔",https://www.who.int/news-room/fact-sheets/detail/polycystic-ovary-syndrome
269,پي سي او ايس ۽ هارموني صحت,پي سي او ايس ڇا آهي ۽ عام نشانيون,"ڇا پي سي او ايس واريون سڀ عورتون وزن وڌائين ٿيون؟","نه۔ وچ حصي جي چوڌاري وزن وڌڻ عام آهي پر هر ڪنهن سان نٿو ٿئي، ۽ پي سي او ايس هر ماپ جي عورتن ۾ ٿئي ٿي۔ سنهڙي هجڻ ان کي رد نٿو ڪري۔ ٻيون نشانيون به اهم آهن۔",https://www.who.int/news-room/fact-sheets/detail/polycystic-ovary-syndrome
270,پي سي او ايس ۽ هارموني صحت,پي سي او ايس ڇا آهي ۽ عام نشانيون,"ڇا پي سي او ايس واري سڀني عورتن کي اضافي وار اُڀرن ٿا؟","نه۔ منهن يا جسم تي اضافي وار ممڪن نشانين مان هڪ آهي، لازمي شرط نه۔ ڪجهه عورتن کي بي قاعده ماهواري هوندي آهي ۽ وارن ۾ بلڪل به تبديلي نه هوندي آهي۔ تشخيص ڪيترين ئي نشانين جي ميلاپ تي ٿيندي آهي۔",https://www.who.int/news-room/fact-sheets/detail/polycystic-ovary-syndrome
271,پي سي او ايس ۽ هارموني صحت,پي سي او ايس ڇا آهي ۽ عام نشانيون,"ڇا پي سي او ايس مٿي جي وارن جي کِرڻ جو سبب ٿي سگهي ٿي؟","ها، مادي نموني ۾ مٿي جي وارن جو پَتلو ٿيڻ پي سي او ايس جي سڃاتل نشانين مان هڪ آهي۔ اهو بلند مردانه قسم جي هارمون سطح مان اچي ٿو۔ ڊاڪٽر سان ڳالهايو، ڇاڪاڻ ته ان لاءِ علاج موجود آهن۔",https://www.who.int/news-room/fact-sheets/detail/polycystic-ovary-syndrome
272,پي سي او ايس ۽ هارموني صحت,پي سي او ايس ڇا آهي ۽ عام نشانيون,"ڇا پي سي او ايس مهاسن جو سبب ٿي سگهي ٿي؟","ها، مهاسا ۽ تيلي چمڙي بلند مردانه قسم جي هارمون سطح سبب پي سي او ايس جون عام نشانيون آهن۔ جيڪڏهن مهاسا بي قاعده ماهواري سان گڏ ظاهر ٿين ته ٻنهي جو ڊاڪٽر کي ذڪر ڪريو۔ اهي جڙيل ٿي سگهن ٿيون۔",https://www.who.int/news-room/fact-sheets/detail/polycystic-ovary-syndrome
273,پي سي او ايس ۽ هارموني صحت,پي سي او ايس ڇا آهي ۽ عام نشانيون,"ڇا پي سي او ايس گھڻي يا سور واري ماهواري جو سبب ٿي سگهي ٿي؟","ها، پي سي او ايس ۾ ماهواري بي قاعده، غير اندازي جوڳي، غائب، گھڻي يا سور واري ٿي سگهي ٿي۔ نموني عورت کان عورت مختلف ٿئي ٿو۔ انهن مان ڪو به نمونو ڊاڪٽر سان ڳالهائڻ جوڳي آهي۔",https://www.who.int/news-room/fact-sheets/detail/polycystic-ovary-syndrome
274,پي سي او ايس ۽ هارموني صحت,پي سي او ايس ڇا آهي ۽ عام نشانيون,"ڇا پي سي او ايس حمل دوران مسئلا پيدا ڪري سگهي ٿي؟","پي سي او ايس واري عورتن کي حمل دوران ذیابيطس ٿيڻ جو امڪان وڌيڪ آهي۔ اهو ئي سبب آهي جو حمل جي رٿابندي ڪندي خون جي شگر چيڪ ڪئي ويندي آهي۔ پنهنجي حمل واري صحت ڪارڪن کي ٻڌايو ته توهان کي پي سي او ايس آهي۔",https://www.who.int/news-room/fact-sheets/detail/polycystic-ovary-syndrome
275,پي سي او ايس ۽ هارموني صحت,پي سي او ايس ڇا آهي ۽ عام نشانيون,"ڇا پي سي او ايس ننڊ جا مسئلا پيدا ڪري ٿي؟","پي سي او ايس ننڊ دوران ساهه جي هڪ مسئلي سان لاڳاپيل آهي جيڪا خُر، اَڻتَنور ننڊ ۽ ڏينهن جي ٿڪاوت جو سبب بڻجي ٿي۔ ڊاڪٽرن کي ان بابت پڇڻ جي صلاح ڏني وڃي ٿي۔ پنهنجي ملاقات تي خُر يا مسلسل ٿڪاوت جو ذڪر ڪريو۔",https://academic.oup.com/jcem/article/108/10/2447/7242360
276,پي سي او ايس ۽ هارموني صحت,پي سي او ايس ڇا آهي ۽ عام نشانيون,"ڇا پي سي او ايس جگر تي اثر انداز ٿئي ٿي؟","پي سي او ايس جگر ۾ چربي سان لاڳاپيل هڪ مسئلي جي شڪل سان لاڳاپيل آهي۔ اها انهن لاڳاپيل حالتن مان هڪ آهي جن تي ڊاڪٽر نظر رکن ٿا۔ باقاعده معائنن ذريعي ئي اهو معلوم ٿئي ٿو۔",https://www.who.int/news-room/fact-sheets/detail/polycystic-ovary-syndrome
277,پي سي او ايس ۽ هارموني صحت,پي سي او ايس ڇا آهي ۽ عام نشانيون,"ڇا پي سي او ايس بلند بلڊ پريشر جو سبب ٿي سگهي ٿي؟","ها، بلند بلڊ پريشر ۽ بلند ڪولیسٽرول انهن حالتن مان آهن جيڪي پي سي او ايس سان لاڳاپيل آهن۔ جيڪڏهن توهان کي پي سي او ايس آهي ته هر سال بلڊ پريشر چيڪ ٿيڻ گھرجي۔ اهو هڪ سادو، تڪڙو چيڪ آهي۔",https://academic.oup.com/jcem/article/108/10/2447/7242360
278,پي سي او ايس ۽ هارموني صحت,پي سي او ايس ڇا آهي ۽ عام نشانيون,"ڇا پي سي او ايس بي قاعده ماهواري جي برابر آهي؟","نه۔ بي قاعده ماهواري جا ڪيترائي سبب ٿي سگهن ٿا، جن ۾ ذهني دٻاءُ، وزن ۾ تبديلي، ٿائرائيڊ جا مسئلا ۽ ٻيا شامل آهن۔ پي سي او ايس اهڙن ڪيترن سببن مان هڪ آهي۔ صرف هڪ مناسب جانچ ئي ٻڌائي سگهي ٿي ته اهو ڪهڙو آهي۔",https://www.who.int/news-room/fact-sheets/detail/menstrual-health
279,پي سي او ايس ۽ هارموني صحت,پي سي او ايس ڇا آهي ۽ عام نشانيون,"ڇا پي سي او ايس بلڪل به ماهواري نه اچڻ سان به ٿي سگهي ٿي؟","ها، غائب ماهواري پي سي او ايس جي سڃاتل نمونن مان هڪ آهي۔ ڊگھي عرصي تائين ماهواري نه اچڻ کي هميشه ڊاڪٽر سان ڳالهائجي۔ ان کي سادگي سان قبول نه ڪجي۔",https://www.who.int/news-room/fact-sheets/detail/polycystic-ovary-syndrome
280,پي سي او ايس ۽ هارموني صحت,پي سي او ايس ڇا آهي ۽ عام نشانيون,"ڇا پي سي او ايس ڪجهه ملڪن ۾ ٻين کان وڌيڪ عام آهي؟","اها سڄي دنيا جي عورتن کي متاثر ڪري ٿي، ٻار ڄڻڻ جي عمر جي هر سؤ عورتن مان لڳ ڀڳ ڏهن کان تيرهن کي۔ جيڪا شيءِ مختلف آهي اها اها آهي ته ڪيترا ڪيس تشخيص ٿين ٿا۔ گھڻين هنڌن تي گھڻا ڪيس سڃاتل نه رهجي ويندا آهن۔",https://www.who.int/news-room/fact-sheets/detail/polycystic-ovary-syndrome
281,پي سي او ايس ۽ هارموني صحت,پي سي او ايس ڇا آهي ۽ عام نشانيون,"جيڪڏهن منهنجي ماهواري باقاعده آهي ته به ڇا مون کي پي سي او ايس ٿي سگهي ٿي؟","اهو ممڪن آهي، ڇاڪاڻ ته تشخيص لاءِ ٽن مان ٻن نتيجن جي ضرورت آهي ۽ انهن مان هڪ غائب ٿي سگهي ٿي۔ ڪجهه عورتن کي باقاعده چڪر هوندي به بلند مردانه قسم جا هارمون هوندا آهن۔ هڪ ڊاڪٽر ان جو صحيح جائزو وٺي سگهي ٿو۔",https://www.who.int/news-room/fact-sheets/detail/polycystic-ovary-syndrome
282,پي سي او ايس ۽ هارموني صحت,پي سي او ايس ڇا آهي ۽ عام نشانيون,"ڇا مون کي ڊاڪٽر کي ڏسڻ گھرجي جيڪڏهن مون کي لڳي ته مون کي پي سي او ايس آهي؟","ها۔ ڇاڪاڻ ته گھڻا ڪيس تشخيص کان محروم رهجي ويندا آهن، ۽ خون جي شگر، دل ۽ ٻچيدان سان لاڳاپيل خطرن سبب، جانچ ڪرائڻ جي قابل آهي۔ پنهنجي ماهواري جي تاريخن ۽ پنهنجي نشانين جو نوٽ کڻي وڃو۔ شروعاتي تشخيص مدد ڪري ٿي۔",https://www.who.int/news-room/fact-sheets/detail/polycystic-ovary-syndrome
283,پي سي او ايس ۽ هارموني صحت,تشخيص مرض ۽ ڪڏهن معائنو ڪرائجي,"پي سي او ايس جي تشخيص ڪيئن ٿيندي آهي؟","ڊاڪٽر ٽن مان گھٽ ۾ گھٽ ٻه شيون ڳوليندا آهن: بلند مردانه قسم جي هارمون جون نشانيون يا خوني ثبوت، بي قاعده يا غائب ماهواري، ۽ بيضه دان جي اسڪين تي ڪيترائي ننڍا فولیکلز۔ ٻين سببن کي پهرين رد ڪرڻ ضروري آهي۔ ان جي تشخيص هڪ نشاني تي ناهي ٿيندي۔",https://www.who.int/news-room/fact-sheets/detail/polycystic-ovary-syndrome
284,پي سي او ايس ۽ هارموني صحت,تشخيص مرض ۽ ڪڏهن معائنو ڪرائجي,"ڇا مون کي پي سي او ايس ٻڌائڻ لاءِ ٽنهي نتيجن جي ضرورت آهي؟","نه، ٻين سببن کي رد ڪرڻ کانپوءِ ٽن مان ٻه ڪافي آهن۔ اهو ئي سبب آهي جو ڪجهه عورتن جي تشخيص اسڪين کان سواءِ ٿيندي آهي۔ ميلاپ ڪنهن به هڪ ٽيسٽ کان وڌيڪ اهم آهي۔",https://www.who.int/news-room/fact-sheets/detail/polycystic-ovary-syndrome
285,پي سي او ايس ۽ هارموني صحت,تشخيص مرض ۽ ڪڏهن معائنو ڪرائجي,"ماهواري کي بي قاعده ڪڏهن سمجهيو ويندو آهي؟","نوجوانيءَ جي سالن کان مٿي واري عورت ۾، ايڪويهه ڏينهن کان گھٽ يا پنجٽيهه ڏينهن کان وڌيڪ چڪر، يا سال ۾ اَٺَ کان گھٽ ماهواري، بي قاعده سمجهيا ويندا آهن۔ اهو نمونو پي سي او ايس لاءِ جانچ ٿيڻ جو سبب آهي۔ پنهنجي تاريخن جو رڪارڊ رکو۔",https://academic.oup.com/jcem/article/108/10/2447/7242360
286,پي سي او ايس ۽ هارموني صحت,تشخيص مرض ۽ ڪڏهن معائنو ڪرائجي,"مقابلي لاءِ عام چڪر جي ڊگھائي ڪيتري آهي؟","هڪ عام ماهواري چڪر ايڪويهه کان پنجٽيهه ڏينهن جي وچ ۾ هلندو آهي۔ ان دائري کان ٻاهر، يا سال ۾ اَٺَ کان گھٽ ماهواري، چيڪ ٿيڻ جوڳي آهي۔ هر ڪنهن ۾ ٿورو فرق هوندو آهي، تنهنڪري پنهنجي معمول واري نموني تي نظر رکو۔",https://www.who.int/news-room/fact-sheets/detail/menstrual-health
287,پي سي او ايس ۽ هارموني صحت,تشخيص مرض ۽ ڪڏهن معائنو ڪرائجي,"پي سي او ايس چيڪ ڪرڻ لاءِ ڪهڙا خوني ٽيسٽ استعمال ٿين ٿا؟","ڊاڪٽر بلند مردانه قسم جا هارمون ڳولڻ لاءِ مڪمل ۽ آزاد ٽيسٽوسٽيرون ماپين ٿا۔ جتي موجود هجي اُتي وڌيڪ صحيح تجربيگاهه طريقن کي ترجيح ڏني ويندي آهي۔ توهان جو ڊاڪٽر توهان کي ٻڌائيندو ته هو ڪهڙا ٽيسٽ استعمال ڪري رهيا آهن۔",https://academic.oup.com/jcem/article/108/10/2447/7242360
288,پي سي او ايس ۽ هارموني صحت,تشخيص مرض ۽ ڪڏهن معائنو ڪرائجي,"ڇا پي سي او ايس جي تشخيص لاءِ مون کي هميشه الٽراسائونڊ اسڪين جي ضرورت آهي؟","نه۔ اسڪين ٽن ممڪن نتيجن مان هڪ آهي پر هميشه ضروري ناهي، خاص ڪري جيڪڏهن توهان کي اڳ ۾ ئي بي قاعده ماهواري ۽ بلند هارمونن جو ثبوت هجي۔ بالغن ۾ اسڪين جي بدران هڪ خاص خوني ٽيسٽ استعمال ٿي سگهي ٿو۔ توهان جو ڊاڪٽر فيصلو ڪري ٿو ته ڇا ضروري آهي۔",https://academic.oup.com/jcem/article/108/10/2447/7242360
289,پي سي او ايس ۽ هارموني صحت,تشخيص مرض ۽ ڪڏهن معائنو ڪرائجي,"اسڪين ڇا ڳولي ٿو؟","اهو بيضه دان ۾ ننڍن فولیکلز جو تعداد ڳڻي ٿو۔ بالغن ۾، گھٽ ۾ گھٽ هڪ بيضه دان ۾ ويهه يا وڌيڪ استعمال ٿيندڙ سطح آهي۔ توهان جو ڊاڪٽر ان جي تشريح توهان جي ٻين نتيجن سان گڏ ڪري ٿو۔",https://academic.oup.com/jcem/article/108/10/2447/7242360
290,پي سي او ايس ۽ هارموني صحت,تشخيص مرض ۽ ڪڏهن معائنو ڪرائجي,"ڇا نوجوان ڇوڪري کي پي سي او ايس چيڪ ڪرڻ لاءِ اسڪين ڪرائڻ گھرجي؟","نه، نوجوانن ۾ پي سي او ايس جي تشخيص لاءِ بيضه دان جو اسڪين صلاح ڏنل ناهي۔ ان عمر ۾ بيضه دان عام طور تي اهڙي طرح ئي نظر ايندا آهن، تنهنڪري اهو غلط تشخيص جو سبب بڻجندو۔ ڊاڪٽر نوجوانن جو جائزو مختلف طريقي سان وٺندا آهن۔",https://academic.oup.com/jcem/article/108/10/2447/7242360
291,پي سي او ايس ۽ هارموني صحت,تشخيص مرض ۽ ڪڏهن معائنو ڪرائجي,"نوجوانن ۾ پي سي او ايس جي تشخيص وڌيڪ ڏکي ڇو آهي؟","ڇاڪاڻ ته بي قاعده چڪر ۽ چمڙي ۽ وارن ۾ تبديليون ان عمر ۾ هڪ عام حصو ٿي سگهن ٿيون۔ تمام جلدي تشخيص ڪرڻ سان اهڙي ڇوڪري تي ليبل لڳائڻ جو خطرو آهي جنهن کي اها نه هجي۔ ڊاڪٽر اڪثر بعد ۾ ٻيهر جائزو وٺندا آهن جڏهن هو مڪمل طور تي بالغ ٿي وڃي۔",https://academic.oup.com/jcem/article/108/10/2447/7242360
292,پي سي او ايس ۽ هارموني صحت,تشخيص مرض ۽ ڪڏهن معائنو ڪرائجي,"جيڪڏهن هڪ نوجوان ڇوڪري ۾ ڊاڪٽر يقين نه رکي ته ڇا ٿيندو؟","ڊاڪٽر سڌو سنئون تشخيص ڪرڻ بدران وقت سان گڏ کيس نظر ۾ رکي سگهي ٿو، ۽ جڏهن هوءَ مڪمل طور تي بالغ ٿي وڃي، تقريباً کيس ماهواري شروع ٿيڻ کان اَٺَ سال پوءِ، ٻيهر جائزو وٺي سگهي ٿو۔ ان دوران به کيس پنهنجن نشانين ۾ مدد ملڻ گھرجي۔ اهو محتاط طريقو آهي، سنڀال ۾ دير ناهي۔",https://academic.oup.com/jcem/article/108/10/2447/7242360
293,پي سي او ايس ۽ هارموني صحت,تشخيص مرض ۽ ڪڏهن معائنو ڪرائجي,"AMH خوني ٽيسٽ ڇا آهي؟","اهو هڪ خوني ٽيسٽ آهي جيڪو بالغ عورتن ۾ بيضه دان کي ڏسڻ لاءِ اسڪين جي بدران استعمال ٿي سگهي ٿو۔ ان کي اڪيلو پي سي او ايس تشخيص ڪرڻ لاءِ استعمال نه ڪجي۔ اهو نوجوانن لاءِ صلاح ڏنل ناهي۔",https://academic.oup.com/jcem/article/108/10/2447/7242360
294,پي سي او ايس ۽ هارموني صحت,تشخيص مرض ۽ ڪڏهن معائنو ڪرائجي,"ڇا مون کي اسڪين ۽ AMH ٽيسٽ ٻئي ڪرائڻ گھرجن؟","نه۔ ڪو به هڪ استعمال ٿي سگهي ٿو، پر ٻئي ڪرڻ کان منع ڪئي وڃي ٿي ڇاڪاڻ ته اهو وڌيڪ تشخيص ڏانهن وٺي وڃي ٿو۔ هڪ ئي ڪافي آهي۔ توهان جو ڊاڪٽر چونڊيندو ته ڪهڙو مناسب آهي۔",https://academic.oup.com/jcem/article/108/10/2447/7242360
295,پي سي او ايس ۽ هارموني صحت,تشخيص مرض ۽ ڪڏهن معائنو ڪرائجي,"ڇا هارمون جون گوريون کائڻ ٽيسٽن تي اثر انداز ٿين ٿيون؟","ها، هارموني مانع حمل استعمال AMH نتيجو گھٽ ڪري ٿو ۽ هارمون جي ٽيسٽن تي اثر انداز ٿي سگهي ٿو۔ ٽيسٽن کان اڳ توهان جيڪا به شيءِ کائي رهيا آهيو ان بابت پنهنجي ڊاڪٽر کي ٻڌايو۔ اهي ٽيسٽن جو مناسب وقت طئي ڪندا۔",https://academic.oup.com/jcem/article/108/10/2447/7242360
296,پي سي او ايس ۽ هارموني صحت,تشخيص مرض ۽ ڪڏهن معائنو ڪرائجي,"هرسوٽزم (Hirsutism) ڇا آهي ۽ ان جو جائزو ڪيئن ورتو ويندو آهي؟","ان جو مطلب آهي مردانه نموني ۾ ناپسنديده وارن جو اُڀرڻ، ۽ اهو پي سي او ايس جي مضبوط نشاني آهي۔ ڊاڪٽر ان جو جائزو هڪ اسڪورنگ طريقي سان وٺن ٿا، جيڪو نسلي پس منظر مطابق ترتيب ڏنل هوندو آهي۔ عام وارن جا نمونا برادرين وچ ۾ حقيقتاً مختلف هوندا آهن، تنهنڪري اها ترتيب اهم آهي۔",https://academic.oup.com/jcem/article/108/10/2447/7242360
297,پي سي او ايس ۽ هارموني صحت,تشخيص مرض ۽ ڪڏهن معائنو ڪرائجي,"ڇا منهن تي ڪجهه وار هجڻ جو مطلب آهي ته مون کي پي سي او ايس آهي؟","اڪيلو نه۔ وارن جا نمونا خاندانن ۽ برادرين ۾ گھڻو مختلف هوندا آهن، ۽ ڊاڪٽر توهان جو جائزو وٺندي اهو خيال ۾ رکن ٿا۔ اهو ان وقت اهم بڻجي ٿو جڏهن اهو بي قاعده ماهواري يا ٻين نشانين سان گڏ ظاهر ٿئي۔ اندازو لڳائڻ بدران ڊاڪٽر کان پڇو۔",https://academic.oup.com/jcem/article/108/10/2447/7242360
298,پي سي او ايس ۽ هارموني صحت,تشخيص مرض ۽ ڪڏهن معائنو ڪرائجي,"پي سي او ايس جي تشخيص کان اڳ ڪهڙيون ٻيون حالتون رد ڪرڻيون آهن؟","پي سي او ايس جي تشخيص فقط انهن ئي نشانين جي ٻين سببن کي رد ڪرڻ کانپوءِ ٿيندي آهي۔ ٿائرائيڊ ۽ ٻيون هارموني حالتون به ملندڙ جلندڙ نظر اچي سگهن ٿيون۔ اهو ئي سبب آهي جو هڪ مناسب جانچ ضروري آهي، پاڻ تشخيص ڪرڻ نه۔",https://www.who.int/news-room/fact-sheets/detail/polycystic-ovary-syndrome
299,پي سي او ايس ۽ هارموني صحت,تشخيص مرض ۽ ڪڏهن معائنو ڪرائجي,"تشخيص واري وقت مون کي ڪهڙا ٽيسٽ ڪرائڻ گھرجن؟","توهان جي عمر يا وزن کان سواءِ خون ۾ شگر جو ٽيسٽ، ڪولیسٽرول جو ٽيسٽ، ۽ بلڊ پريشر جو چيڪ۔ مزاج بابت به پڇجڻ گھرجي۔ اهي پي سي او ايس سان لاڳاپيل حالتن کي ڳوليندا آهن۔",https://academic.oup.com/jcem/article/108/10/2447/7242360
300,پي سي او ايس ۽ هارموني صحت,تشخيص مرض ۽ ڪڏهن معائنو ڪرائجي,"پي سي او ايس ۾ ڪهڙو خون ۾ شگر جو ٽيسٽ استعمال ٿئي ٿو؟","سڀ کان صحيح ٽيسٽ اهو آهي جنهن ۾ شگر وارو مشروب ڏنو ويندو آهي ۽ پوءِ خون چيڪ ڪيو ويندو آهي۔ اهو پي سي او ايس واري سڀني عورتن لاءِ تشخيص وقت صلاح ڏنل آهي۔ توهان جو ڊاڪٽر توهان کي ٻڌائيندو ته ان لاءِ ڪيئن تياري ڪجي۔",https://academic.oup.com/jcem/article/108/10/2447/7242360
301,پي سي او ايس ۽ هارموني صحت,تشخيص مرض ۽ ڪڏهن معائنو ڪرائجي,"منهنجي خون جي شگر کي وري ڪيتري ڀيري چيڪ ٿيڻ گھرجي؟","عام طور تي هر هڪ کان ٽن سالن ۾، توهان جي ٻين خطري جي عنصرن تي منحصر آهي۔ ان کي حمل جي رٿابندي وقت به چيڪ ٿيڻ گھرجي۔ ذیابيطس جي نشانين ظاهر ٿيڻ جو انتظار نه ڪريو۔",https://academic.oup.com/jcem/article/108/10/2447/7242360
302,پي سي او ايس ۽ هارموني صحت,تشخيص مرض ۽ ڪڏهن معائنو ڪرائجي,"جيڪڏهن مون کي پي سي او ايس آهي ته منهنجو بلڊ پريشر ڪيتري ڀيري چيڪ ٿيڻ گھرجي؟","هر سال۔ ان کي حمل يا زرخيزي جي علاج جي رٿابندي وقت به چيڪ ٿيڻ گھرجي، ڇاڪاڻ ته حمل ۾ بلڊ پريشر جي مسئلن جو امڪان وڌيڪ آهي۔ اهو ڪنهن به صحت مرڪز تي هڪ تڪڙو چيڪ آهي۔",https://academic.oup.com/jcem/article/108/10/2447/7242360
303,پي سي او ايس ۽ هارموني صحت,تشخيص مرض ۽ ڪڏهن معائنو ڪرائجي,"ڇا مون کي پي سي او ايس هجڻ تي ڪولیسٽرول جو چيڪ ڪرائڻ جي ضرورت آهي؟","ها، تشخيص جي وقت سڀني عورتن لاءِ ڪولیسٽرول جو ٽيسٽ صلاح ڏنل آهي۔ ان کي ڪيترو ورجايو ويندو اهو نتيجي ۽ توهان جي ٻين خطرن تي منحصر آهي۔ پنهنجي ڊاڪٽر کان پڇو ته توهان جي نتيجي جو مطلب ڇا آهي۔",https://academic.oup.com/jcem/article/108/10/2447/7242360
304,پي سي او ايس ۽ هارموني صحت,تشخيص مرض ۽ ڪڏهن معائنو ڪرائجي,"ڇا ڊاڪٽر مون کان منهنجي مزاج بابت پڇندو؟","کين پڇڻ گھرجي۔ اداسي جي اسڪريننگ سڀني عورتن ۽ نوجوانن لاءِ صلاح ڏنل آهي جن کي پي سي او ايس آهي، ۽ بالغن ۾ پريشاني جي اسڪريننگ به۔ جيڪڏهن هو نه پڇن ته پوءِ به ٻڌايو۔ اها حالت جو هڪ حقيقي حصو آهي۔",https://academic.oup.com/jcem/article/108/10/2447/7242360
305,پي سي او ايس ۽ هارموني صحت,تشخيص مرض ۽ ڪڏهن معائنو ڪرائجي,"ڇا اهي منهنجي ننڊ بابت پڇندا؟","جيڪڏهن توهان کي خُر، اَڻتَنور ننڊ يا ڏينهن جي ننڊ آڻڻ جهڙيون نشانيون آهن ته کين توهان جو ننڊ دوران ساهه جي مسئلي لاءِ جائزو وٺڻ گھرجي۔ اهو پي سي او ايس ۾ وزن کان سواءِ به وڌيڪ عام آهي۔ جيڪڏهن ڪجهه نه پڇيو وڃي ته اهي نشانيون پاڻ ٻڌايو۔",https://academic.oup.com/jcem/article/108/10/2447/7242360
306,پي سي او ايس ۽ هارموني صحت,تشخيص مرض ۽ ڪڏهن معائنو ڪرائجي,"ڇا مون کان پنهنجي جسم يا کاڌي بابت پنهنجي احساسن بابت پڇجڻ گھرجي؟","ها، ڊاڪٽرن کي پي سي او ايس واري عورتن ۾ جسم جي شبيه بابت پريشانيون ۽ کاڌي جي بي قاعده عادتون ذهن ۾ رکڻ جي صلاح ڏني وڃي ٿي، انهن جي وزن کان سواءِ۔ اهي ان حالت سان جيئڻ جو سڃاتل حصو آهن۔ انهن بابت کلي عام ڳالهائڻ توهان کي صحيح مدد وٺڻ ۾ مدد ڪري ٿو۔",https://academic.oup.com/jcem/article/108/10/2447/7242360
307,پي سي او ايس ۽ هارموني صحت,تشخيص مرض ۽ ڪڏهن معائنو ڪرائجي,"مون کي ملاقات لاءِ پاڻ سان ڇا کڻي وڃڻ گھرجي؟","گذريل سال جي پنهنجي ماهواري جي تاريخن جو رڪارڊ، پنهنجي نشانين جي لسٽ، ۽ ڪا به دوا يا ٻي شيءِ جيڪا توهان کائيندا آهيو۔ اهو جانچ کي گھڻو آسان بڻائي ٿو۔ پنهنجا سوال به لکي وڃو۔",https://academic.oup.com/jcem/article/108/10/2447/7242360
308,پي سي او ايس ۽ هارموني صحت,تشخيص مرض ۽ ڪڏهن معائنو ڪرائجي,"پي سي او ايس جي تشخيص ٿيڻ ۾ ڪيترو وقت لڳي ٿو؟","اهو مختلف ٿئي ٿو، ۽ افسوس سان گھڻيون عورتون ڊگھي عرصي تائين تشخيص کان محروم رهنديون آهن، لڳ ڀڳ ڏهن مان ست ڪڏهن به تشخيص نٿيون ٿين۔ پنهنجن نشانين بابت واضح هجڻ مدد ڪري ٿو۔ جيڪڏهن توهان مطمئن نه هجو ته وڌيڪ جانچ لاءِ پڇڻ معقول آهي۔",https://www.who.int/news-room/fact-sheets/detail/polycystic-ovary-syndrome
309,پي سي او ايس ۽ هارموني صحت,تشخيص مرض ۽ ڪڏهن معائنو ڪرائجي,"ڇا هڪ ليڊي هيلٿ ورڪر پي سي او ايس جي تشخيص ڪري سگهي ٿي؟","هوءَ نشانيون سڃاڻي توهان کي اڳتي موڪلي سگهي ٿي، پر تشخيص لاءِ صحت مرڪز يا اسپتال تي خوني ٽيسٽ ۽ جانچ جي ضرورت آهي۔ جيڪڏهن هوءَ توهان جي ويجھو آهي ته شروعات هن کان ڪريو۔ هوءَ توهان کي صحيح جاءِ ڏانهن رهنمائي ڪري سگهي ٿي۔",https://www.who.int/news-room/fact-sheets/detail/polycystic-ovary-syndrome
310,پي سي او ايس ۽ هارموني صحت,تشخيص مرض ۽ ڪڏهن معائنو ڪرائجي,"ڇا پي سي او ايس صرف نشانين مان تشخيص ٿي سگهي ٿي؟","نه۔ نشانيون ان ڏانهن اشارو ڪن ٿيون، پر خوني ٽيسٽ ۽ ٻين سببن کي رد ڪرڻ جي ضرورت آهي۔ انٽرنيٽ يا دوستن کان پاڻ تشخيص ڪرڻ ڀروسي جوڳو ناهي۔ مناسب جانچ لاءِ وڃو۔",https://www.who.int/news-room/fact-sheets/detail/polycystic-ovary-syndrome
311,پي سي او ايس ۽ هارموني صحت,تشخيص مرض ۽ ڪڏهن معائنو ڪرائجي,"مون کي ڪهڙي موقعي تي وڃي چيڪ ڪرائڻ گھرجي؟","جيڪڏهن توهان جي ماهواري مسلسل ايڪويهه کان پنجٽيهه ڏينهن جي دائري کان ٻاهر آهي، جيڪڏهن سال ۾ اَٺَ کان گھٽ اَچن ٿيون، جيڪڏهن اهي بند ٿي ويون آهن، يا جيڪڏهن توهان کي ناپسنديده وار، مهاسا يا حامله ٿيڻ ۾ ڏکيائي آهي۔ انهن مان ڪا به ڪافي سبب آهي۔ وڃڻ جو جواز ڏيڻ لاءِ توهان کي ڪيتريون ئي نشانيون هجڻ جي ضرورت ناهي۔",https://academic.oup.com/jcem/article/108/10/2447/7242360
312,پي سي او ايس ۽ هارموني صحت,تشخيص مرض ۽ ڪڏهن معائنو ڪرائجي,"ڇا چيڪ ٿيڻ کان اڳ منهنجي شادي ٿيل هجڻ يا ٻار لاءِ ڪوشش ڪيل هجڻ ضروري آهي؟","نه۔ پي سي او ايس توهان جي خون جي شگر، بلڊ پريشر، دل ۽ ٻچيدان تي اثر انداز ٿئي ٿي، خواه توهان ٻار چاهيو يا نه۔ جانچ توهان جي صحت بابت آهي۔ نشانيون رکندڙ ڪنهن کي به چيڪ ٿيڻ گھرجي۔",https://www.who.int/news-room/fact-sheets/detail/polycystic-ovary-syndrome
313,پي سي او ايس ۽ هارموني صحت,تشخيص مرض ۽ ڪڏهن معائنو ڪرائجي,"جيڪڏهن ڊاڪٽر منهنجن نشانين کي رد ڪري ڏئي ته ڇا ٿيندو؟","صحت ڪارڪن وٽ پي سي او ايس بابت ڄاڻ ۾ خال هجڻ هڪ سڃاتل مسئلو آهي۔ توهان کي حق آهي ته مخصوص ٽيسٽن لاءِ پڇو، يا ٻي راءِ ڳوليو۔ پنهنجن نشانين ۽ ماهواري جي تاريخن جو لکيل رڪارڊ پاڻ سان کڻي وڃو۔",https://academic.oup.com/jcem/article/108/10/2447/7242360
314,پي سي او ايس ۽ هارموني صحت,تشخيص مرض ۽ ڪڏهن معائنو ڪرائجي,"ڇا مون کي بعد ۾ ٻيهر چيڪ ٿيڻ گھرجي جيڪڏهن پهرين جانچ واضح نه هئي؟","ها، خاص ڪري جيڪڏهن ان وقت توهان ننڍيون هيون يا تصوير غير يقيني هئي۔ جن جو جائزو نوجوانيءَ ۾ ورتو ويو انهن لاءِ مڪمل بالغ ٿيڻ تي ٻيهر جائزو خاص طور تي صلاح ڏنل آهي۔ ان ملاقات لاءِ پنهنجا رڪارڊ سانڍي رکو۔",https://academic.oup.com/jcem/article/108/10/2447/7242360
315,پي سي او ايس ۽ هارموني صحت,پي سي او ايس ۽ ماهواري,"پي سي او ايس منهنجي ماهواري کي بي قاعده ڇو بڻائي ٿي؟","عام کان بلند مردانه قسم جا هارمون هر مهيني بيضي جي خارج ٿيڻ کي بگاڙين ٿا۔ جڏهن بيضو باقاعدگي سان خارج نٿو ٿئي ته ماهواري به باقاعدگي سان نٿي اچي۔ اهو ئي پي سي او ايس جو مرڪزي مسئلو آهي۔",https://www.who.int/news-room/fact-sheets/detail/polycystic-ovary-syndrome
316,پي سي او ايس ۽ هارموني صحت,پي سي او ايس ۽ ماهواري,"پي سي او ايس ۾ ماهواري جا ڪهڙا نمونا ڏٺا وڃن ٿا؟","ماهواري بي قاعده، غير اندازي جوڳي، غائب، گھڻي يا سور واري ٿي سگهي ٿي۔ مختلف عورتن جا مختلف نمونا هوندا آهن۔ انهن مان ڪو به نمونو ڊاڪٽر سان ڳالهائڻ جوڳي آهي۔",https://www.who.int/news-room/fact-sheets/detail/polycystic-ovary-syndrome
317,پي سي او ايس ۽ هارموني صحت,پي سي او ايس ۽ ماهواري,"ڪيتري بي قاعدگي وڌيڪ آهي؟","بالغ عورت ۾ ايڪويهه ڏينهن کان گھٽ يا پنجٽيهه ڏينهن کان وڌيڪ چڪر، يا سال ۾ اَٺَ کان گھٽ ماهواري بي قاعده سمجهيا ويندا آهن۔ اهو اهو نقطو آهي جتي جانچ ڪرائڻ جي صلاح ڏني ويندي آهي۔ پنهنجي تاريخن جو لکيل رڪارڊ رکو۔",https://academic.oup.com/jcem/article/108/10/2447/7242360
318,پي سي او ايس ۽ هارموني صحت,پي سي او ايس ۽ ماهواري,"منهنجي ماهواري هر ٻن يا ٽن مهينن ۾ ايندي آهي۔ ڇا اهو مسئلو آهي؟","سال ۾ اَٺَ کان گھٽ ماهواري بي قاعده سمجهي وڃي ٿي ۽ ان جي جانچ ڪرائڻ جي قابل آهي۔ اها انهن نتيجن مان هڪ آهي جيڪا پي سي او ايس جي تشخيص ۾ استعمال ٿيندي آهي۔ پنهنجو چڪر جو رڪارڊ ڊاڪٽر وٽ کڻي وڃو۔",https://academic.oup.com/jcem/article/108/10/2447/7242360
319,پي سي او ايس ۽ هارموني صحت,پي سي او ايس ۽ ماهواري,"منهنجي ماهواري مڪمل طور تي بند ٿي وئي آهي۔ مون کي ڇا ڪرڻ گھرجي؟","غائب ماهواري پي سي او ايس جي سڃاتل نمونن مان هڪ آهي، پر انهن جا ٻيا سبب به ٿي سگهن ٿا، جن ۾ حمل ۽ ٿائرائيڊ جا مسئلا شامل آهن۔ انتظار ڪرڻ بدران ڊاڪٽر کي ڏسو۔ ماهواري نه اچڻ جي ڊگهين مدتن کي مناسب جانچ جي ضرورت آهي۔",https://www.who.int/news-room/fact-sheets/detail/polycystic-ovary-syndrome
320,پي سي او ايس ۽ هارموني صحت,پي سي او ايس ۽ ماهواري,"ڇا مهينن تائين ماهواري نه اچڻ خطرناڪ آهي؟","تمام گھٽ ماهواري وقت سان گڏ ٻچيدان جي پرت جي ٿلهي ٿيڻ سان لاڳاپيل آهي، ۽ ڪجهه ڪيسن ۾ ٻچيدان جي پرت جي سرطان سان به۔ اهو ئي سبب آهي جو ان کي نظرانداز ڪرڻ بدران ڊاڪٽر سان ڳالهائجي۔ جڏهن ان بابت خبر هجي ته اهو قابو ۾ رکڻ جوڳو آهي۔",https://www.who.int/news-room/fact-sheets/detail/polycystic-ovary-syndrome
321,پي سي او ايس ۽ هارموني صحت,پي سي او ايس ۽ ماهواري,"ڇا پي سي او ايس گھڻو رت وهڻ جو سبب ٿي سگهي ٿي؟","ها، گھڻي ماهواري پي سي او ايس ۾ ڏٺل نمونن مان آهي۔ گھڻو رت اچڻ وقت سان گڏ خون جي کوٽ به آڻي سگهي ٿو۔ گھڻائي ۽ ڪا به ٿڪاوت يا چرخي، ٻئي پنهنجي ڊاڪٽر کي ٻڌايو۔",https://www.who.int/news-room/fact-sheets/detail/polycystic-ovary-syndrome
322,پي سي او ايس ۽ هارموني صحت,پي سي او ايس ۽ ماهواري,"ڇا گھڻي ماهواري مون کي ڪمزور بڻائي سگهي ٿي؟","ها، گھڻي ماهواري خون جي کوٽ جو هڪ سڃاتل سبب آهي، جيڪا ٿڪاوت، چرخي، مٿي جو سور ۽ ساهه کڄڻ جو سبب بڻجي ٿي۔ آئرن جون گوريون ۽ رت اچڻ جو علاج ٻئي مدد ڪن ٿا۔ پنهنجو خون چيڪ ڪرائڻ لاءِ چئو۔",https://www.who.int/news-room/fact-sheets/detail/anaemia
323,پي سي او ايس ۽ هارموني صحت,پي سي او ايس ۽ ماهواري,"عام طور تي عورتن ۾ گھڻو رت اچڻ ڪيتري عام آهي؟","اها عام آهي۔ ڏکڻ ايشيا ۽ ذيلي صحارا آفريڪا جي مطالعن ۾ لڳ ڀڳ اَڌَ عورتن گھڻي ماهواري جي رپورٽ ڪئي۔ عام هجڻ جو مطلب اهو ناهي ته ان کي مدد کان سواءِ سهي وڃجي۔",https://www.who.int/news-room/fact-sheets/detail/menstrual-health
324,پي سي او ايس ۽ هارموني صحت,پي سي او ايس ۽ ماهواري,"ڇا پي سي او ايس سور واري ماهواري جو سبب ٿي سگهي ٿي؟","ها، سور واري ماهواري سڃاتل نمونن مان هڪ آهي۔ ماهواري جو سور عام طور تي به تمام عام آهي، ۽ ماهواري ايندڙ هر ٽن مان ٻن کان وڌيڪ عورتن کي متاثر ڪري ٿو۔ مسلسل سخت سور کي محض برداشت ڪرڻ بدران جانچ ٿيڻ گھرجي۔",https://www.who.int/news-room/fact-sheets/detail/menstrual-health
325,پي سي او ايس ۽ هارموني صحت,پي سي او ايس ۽ ماهواري,"ڇا بي قاعده ماهواري هميشه پي سي او ايس سبب ٿيندي آهي؟","نه۔ اينڊوميٽرائيوسس، ايڊينوميائوسس، فائبرائيڊز، رت وهڻ جون بيماريون، ٿائرائيڊ جا مسئلا، ۽ بيضه دان جي جلدي ڪم بند ٿيڻ سڀ ماهواري کي بگاڙي سگهن ٿا۔ پي سي او ايس ڪيترن سببن مان هڪ آهي۔ اهو ئي سبب آهي جو ان جي تشخيص کان اڳ ٻيا سبب رد ڪيا ويندا آهن۔",https://www.who.int/news-room/fact-sheets/detail/menstrual-health
326,پي سي او ايس ۽ هارموني صحت,پي سي او ايس ۽ ماهواري,"ڇا ذهني دٻاءُ يا وزن ۾ تبديلي منهنجي ماهواري کي بدران بي قاعده بڻائي سگهي ٿو؟","چڪر ڪيترين شين کان بگڙجي سگهن ٿا، اهو ئي سبب آهي جو ڊاڪٽر هڪ نشاني بدران پوري تصوير کي ڏسي ٿو۔ پي سي او ايس جي تشخيص فقط ٻين سببن کي رد ڪرڻ کانپوءِ ٿيندي آهي۔ پنهنجي ملاقات تي پنهنجي مڪمل تاريخ کڻي وڃو۔",https://www.who.int/news-room/fact-sheets/detail/polycystic-ovary-syndrome
327,پي سي او ايس ۽ هارموني صحت,پي سي او ايس ۽ ماهواري,"مون کي ڪيئن خبر پوندي ته منهنجي بي قاعده ماهواري پي سي او ايس آهي يا ٻي ڪا شيءِ؟","توهان اڪيلي نموني مان ٻڌائي نٿا سگهو، ڇاڪاڻ ته ڪيتريون حالتون ساڳي شيءِ جو سبب بڻجن ٿيون۔ انهن کي جدا ڪرڻ لاءِ خوني ٽيسٽ ۽ جانچ جي ضرورت آهي۔ اندازو لڳائڻ بدران وڃي چيڪ ڪرايو۔",https://www.who.int/news-room/fact-sheets/detail/polycystic-ovary-syndrome
328,پي سي او ايس ۽ هارموني صحت,پي سي او ايس ۽ ماهواري,"ڇا علاج سان منهنجي ماهواري ٻيهر باقاعده ٿي سگهي ٿي؟","ڊاڪٽر پي سي او ايس ۾ وڌيڪ باقاعده چڪر آڻڻ لاءِ علاج استعمال ڪن ٿا، جن ۾ هارمون جون گوريون شامل آهن۔ زندگيءَ جي طريقن ۾ تبديلي به مدد ڪري سگهي ٿي۔ توهان جي حالت لاءِ ڇا مناسب آهي ان بابت ڊاڪٽر سان ڳالهايو۔",https://www.who.int/news-room/fact-sheets/detail/polycystic-ovary-syndrome
329,پي سي او ايس ۽ هارموني صحت,پي سي او ايس ۽ ماهواري,"هارمون جون گوريون پي سي او ايس ۾ منهنجي چڪر جي ڪيئن مدد ڪن ٿيون؟","گڏيل هارموني مانع حمل گوريون انهن علاجن مان آهن جيڪي پي سي او ايس ۾ چڪر کي وڌيڪ باقاعده بڻائڻ لاءِ استعمال ٿين ٿيون۔ صرف ڊاڪٽر ئي فيصلو ڪري ته اهي توهان لاءِ مناسب آهن يا نه۔ ڪڏهن به ڪنهن ٻئي جون گوريون نه کائو۔",https://www.who.int/news-room/fact-sheets/detail/polycystic-ovary-syndrome
330,پي سي او ايس ۽ هارموني صحت,پي سي او ايس ۽ ماهواري,"ڇا جيڪڏهن آءٌ وزن گھٽايان ته منهنجي ماهواري عام ٿي ويندي؟","زندگيءَ جي طريقن ۾ تبديليون پي سي او ايس واري سڀني عورتن لاءِ صلاح ڏنل آهن ۽ نشانين کي بهتر ڪري سگهن ٿيون۔ پر نتيجا مختلف ٿين ٿا ۽ اڪيلي زندگيءَ جي تبديلي هر ڪنهن جي مدد نٿي ڪري۔ ان کي اڪيلي ڀروسي ڪرڻ بدران طبي پيروي سان گڏ ڪريو۔",https://academic.oup.com/jcem/article/108/10/2447/7242360
331,پي سي او ايس ۽ هارموني صحت,پي سي او ايس ۽ ماهواري,"ڇا جيڪڏهن مون کي پي سي او ايس آهي ته مون کي پنهنجي ماهواري جو رڪارڊ رکڻ گھرجي؟","ها، پنهنجي تاريخن جو رڪارڊ رکڻ تمام لاڀائتو آهي۔ اهو نمونو واضح طور تي ڏيکاري ٿو ۽ توهان جي ڊاڪٽر کي توهان جو جائزو وٺڻ ۾ مدد ڪري ٿو۔ ڪاغذ يا فون تي هڪ سادو نوٽ ڪافي آهي۔",https://academic.oup.com/jcem/article/108/10/2447/7242360
332,پي سي او ايس ۽ هارموني صحت,پي سي او ايس ۽ ماهواري,"جيڪڏهن آءٌ پڙهي يا لکي نه سگهان ته آءٌ پنهنجو چڪر ڪيئن رکان؟","خاندان جي ڪنهن فرد يا ليڊي هيلٿ ورڪر کان مدد وٺو ته هر ماهواري لاءِ هڪ سادو نشان رکو۔ ڪئلينڊر تي نشان ڏيڻ به ڪم ڪري ٿو۔ اهم اها آهي ته نمونو ڏيکاري سگهجي۔",https://academic.oup.com/jcem/article/108/10/2447/7242360
333,پي سي او ايس ۽ هارموني صحت,پي سي او ايس ۽ ماهواري,"ڇا هر مهيني ماهواري اچڻ جو مطلب آهي ته منهنجو بيضو خارج ٿي رهيو آهي؟","لازمي نه۔ پي سي او ايس ۾ بيضي جي خارج ٿيڻ بي قاعده ٿي سگهي ٿي توڙي جو ڪجهه رت اچي رهيو هجي۔ اهو ئي سبب آهي جو زرخيزي متاثر ٿي سگهي ٿي۔ هڪ ڊاڪٽر ان جو صحيح جائزو وٺي سگهي ٿو۔",https://www.who.int/news-room/fact-sheets/detail/polycystic-ovary-syndrome
334,پي سي او ايس ۽ هارموني صحت,پي سي او ايس ۽ ماهواري,"جيڪڏهن منهنجي ماهواري بي قاعده هجي ته ڇا آءٌ حامله ٿي سگهان ٿي؟","ها، بي قاعده چڪر سان به حمل ممڪن آهي، تنهنڪري اهو نه سمجهو ته توهان حامله نٿيون ٿي سگهو۔ جيڪڏهن توهان حامله ٿيڻ جي ڪوشش ڪري رهيا آهيو ۽ چڪر بي قاعده آهن ته شروعات ۾ ئي ڊاڪٽر کي ڏسو۔ جيڪڏهن نه، ته خانداني منصوبابندي بابت ڳالهايو۔",https://www.who.int/news-room/fact-sheets/detail/polycystic-ovary-syndrome
335,پي سي او ايس ۽ هارموني صحت,پي سي او ايس ۽ ماهواري,"PMS ڇا آهي ۽ ڇا اهو پي سي او ايس سان لاڳاپيل آهي؟","پيش-ماهواري سنڊروم ماهواري سان لاڳاپيل هڪ سڃاتل حالت آهي، جيڪا پي سي او ايس کان الڳ درجه بندي ٿيل آهي۔ ٻئي ماهواري کان اڳ ۽ دوران خوشحالي تي اثر انداز ٿي سگهن ٿيون۔ هڪ ڊاڪٽر اهو معلوم ڪرڻ ۾ مدد ڪري سگهي ٿو ته توهان تي ڪهڙي لاڳو ٿئي ٿي۔",https://www.who.int/news-room/fact-sheets/detail/menstrual-health
336,پي سي او ايس ۽ هارموني صحت,پي سي او ايس ۽ ماهواري,"ڇا ماهواري جو سور صرف هڪ عورت هجڻ جو عام حصو آهي جيڪو مون کي سهي وڃجي؟","نه۔ ماهواري ايندڙ هر ٽن مان ٻن کان وڌيڪ عورتون سور محسوس ڪن ٿيون، پر ان جو مطلب اهو ناهي ته علاج ضروري ناهي۔ ماهواري جي تڪليفن جي تشخيص ۽ علاج تائين رسائي سٺي صحت جي سنڀال جو حصو آهي۔ مدد لاءِ چئو۔",https://www.who.int/news-room/fact-sheets/detail/menstrual-health
337,پي سي او ايس ۽ هارموني صحت,پي سي او ايس ۽ ماهواري,"ڇا ماهواري بابت ڳالهائڻ شرمناڪ آهي؟","نه۔ ماهواري سان لاڳاپيل ڪلنڪ کان آزادي ماهواري جي صحت جي سڃاتل حصن مان هڪ آهي۔ ڊاڪٽر ماهواري کي هڪ عام طبي معاملي طور وٺن ٿا۔ کلي ڳالهائڻ توهان کي بهتر سنڀال ڏياري ٿو۔",https://www.who.int/news-room/fact-sheets/detail/menstrual-health
338,پي سي او ايس ۽ هارموني صحت,پي سي او ايس ۽ ماهواري,"ڇا پي سي او ايس ماهواري شروع ٿيڻ جي جلد پوءِ ماهواري کي اثر انداز ڪري سگهي ٿي؟","نشانيون ماهواري شروع ٿيڻ کان پوءِ وارن سالن ۾ ظاهر ٿي سگهن ٿيون، توڙي جو ان عمر ۾ تشخيص محتاط طريقي سان ڪئي ويندي آهي۔ چڪر اڪثر ڪري شروع ٿيڻ کان پوءِ ڪجهه وقت لاءِ بي قاعده هوندا آهن۔ هڪ ڊاڪٽر صلاح ڏئي سگهي ٿو ته ڇا هاڻي يا بعد ۾ جانچ جي ضرورت آهي۔",https://academic.oup.com/jcem/article/108/10/2447/7242360
339,پي سي او ايس ۽ هارموني صحت,پي سي او ايس ۽ ماهواري,"ڇا ماهواري جي وچ ۾ ٿورو رت اچڻ پي سي او ايس جو حصو آهي؟","غير اندازي جوڳو رت اچڻ پي سي او ايس ۾ بيان ڪيل نمونن مان هڪ آهي۔ پر ماهواري جي وچ ۾ رت اچڻ جا ٻيا سبب به ٿي سگهن ٿا۔ اهو اندازو لڳائڻ بدران ته اهو پي سي او ايس آهي، ڊاڪٽر کي رپورٽ ڪريو۔",https://www.who.int/news-room/fact-sheets/detail/polycystic-ovary-syndrome
340,پي سي او ايس ۽ هارموني صحت,پي سي او ايس ۽ ماهواري,"ڇا پي سي او ايس منهنجي رت اچڻ جي مدت تي اثر انداز ٿئي ٿي؟","ٿي سگهي ٿو، ڇاڪاڻ ته پي سي او ايس ۾ ماهواري گھڻي يا مدت ۾ غير اندازي جوڳي ٿي سگهي ٿي۔ پنهنجي رڪارڊ ۾ تاريخن سان گڏ اهو به نوٽ ڪريو ته توهان ڪيترا ڏينهن رت اچي ٿو۔ اهو ڊاڪٽر کي نمونو ڏسڻ ۾ مدد ڪري ٿو۔",https://www.who.int/news-room/fact-sheets/detail/polycystic-ovary-syndrome
341,پي سي او ايس ۽ هارموني صحت,پي سي او ايس ۽ ماهواري,"ڇا مون کي ڪنهن کي ڏسڻ جي ضرورت آهي جيڪڏهن منهنجي ماهواري اوچتو نمونو بدلائي؟","ها، توهان جي عام نموني ۾ هڪ واضح تبديلي رپورٽ ڪرڻ جوڳي آهي۔ ماهواري جي مسئلن جي بروقت تشخيص ۽ علاج صحيح سنڀال جو حصو آهي۔ اهو گھٽجي ٿو يا نه اهو ڏسڻ لاءِ هڪ سال جو انتظار نه ڪريو۔",https://www.who.int/news-room/fact-sheets/detail/menstrual-health
342,پي سي او ايس ۽ هارموني صحت,پي سي او ايس ۽ ماهواري,"دنيا ۾ ڪيتريون عورتون ماهواري جا مسئلا رکن ٿيون؟","لڳ ڀڳ ٻه اَربَ ۽ ڏهه ڪروڙ عورتون ۽ ڇوڪريون ماهواري ٿينديون آهن، ۽ انهن ۾ ماهواري جون تڪليفون تمام عام آهن۔ ٽن مان ٻن کان وڌيڪ کي ماهواري جو سور آهي۔ توهان مسئلا هجڻ ۾ اڻ عام ناهيو.",https://www.who.int/news-room/fact-sheets/detail/menstrual-health
343,پي سي او ايس ۽ هارموني صحت,پي سي او ايس ۽ ماهواري,"ڇا پي سي او ايس سان گڏ عمر وڌڻ سان منهنجي ماهواري بدلبي؟","پي سي او ايس جون نشانيون زندگيءَ دوران بدلجي سگهن ٿيون، ۽ ان کي هڪ ڊگھي مهل جي حالت طور سنڀاليو ويندو آهي۔ اهو مڪمل طور تي حل ٿي ويو آهي اهو سمجهڻ بدران باقاعده چيڪون جاري رکو۔ توهان جو ڊاڪٽر وقت سان گڏ سنڀال کي ترتيب ڏيندو۔",https://www.who.int/news-room/fact-sheets/detail/polycystic-ovary-syndrome
344,پي سي او ايس ۽ هارموني صحت,پي سي او ايس ۽ ماهواري,"جيڪڏهن مون کي پي سي او ايس آهي ۽ منهنجي ڌيءَ جي ماهواري بي قاعده آهي ته ڇا کيس چيڪ ٿيڻ جي ضرورت آهي؟","ماهواري شروع ٿيڻ کان پوءِ وارن سالن ۾ بي قاعده چڪر عام ٿي سگهن ٿا، ۽ ڊاڪٽر ان عمر ۾ تشخيص ۾ محتاط رهن ٿا۔ پر کيس اڃا به جانچ ۽ پنهنجن نشانين ۾ مدد ملڻ گھرجي۔ کيس ڊاڪٽر وٽ وٺي وڃو ۽ پنهنجي تشخيص جو ذڪر ڪريو۔",https://academic.oup.com/jcem/article/108/10/2447/7242360
345,پي سي او ايس ۽ هارموني صحت,پي سي او ايس ۽ ماهواري,"ڇا صفائي جا طريقا منهنجي ماهواري تي اثر انداز ٿي سگهن ٿا؟","سٺي ماهواري جي صفائي بيچيني ۽ انفيڪشن کان بچائي ٿي پر چڪر پاڻ کي نٿي بدلائي۔ صاف سامان، پاڻي ۽ نجي سهولتن تائين رسائي ماهواري جي صحت جو حصو آهي۔ بي قاعده چڪرن کي طبي جانچ جي ضرورت آهي، صرف صفائي جي تبديلين جي نه۔",https://www.who.int/news-room/fact-sheets/detail/menstrual-health
346,پي سي او ايس ۽ هارموني صحت,پي سي او ايس ۽ ماهواري,"بي قاعده ماهواري بابت مون کي پهريان ڪٿي وڃڻ گھرجي؟","پنهنجي ليڊي هيلٿ ورڪر يا ويجھي صحت مرڪز کان شروع ڪريو، جيڪا توهان کي اڳتي موڪلي سگهي ٿي۔ پنهنجي چڪر جي تاريخن جو لکيل رڪارڊ کڻي وڃو۔ اهو ننڍڙي ڳالهه سمجهي دير نه ڪريو۔",https://www.who.int/news-room/fact-sheets/detail/menstrual-health
347,پي سي او ايس ۽ هارموني صحت,"پي سي او ايس، وزن ۽ انسولين مزاحمت","انسولين مزاحمت ڇا آهي؟","ان جو مطلب آهي ته جسم انسولين تي، جيڪو خون جي شگر کي قابو ۾ رکندڙ هارمون آهي، صحيح جواب نٿو ڏئي۔ اها پي سي او ايس ۾ عام آهي ۽ ٽائپ ٻه ذیابيطس جو خطرو وڌائي ٿي۔ اها هڪ خوني ٽيسٽ سان معلوم ٿي سگهي ٿي۔",https://www.who.int/news-room/fact-sheets/detail/polycystic-ovary-syndrome
348,پي سي او ايس ۽ هارموني صحت,"پي سي او ايس، وزن ۽ انسولين مزاحمت","انسولين مزاحمت پي سي او ايس سان ڇو لاڳاپيل آهي؟","انسولين مزاحمت انهن حالتن مان هڪ آهي جيڪا پي سي او ايس واري عورتن ۾ وڌيڪ ٿيندي آهي۔ اهو ئي سبب آهي جو تشخيص وقت خون ۾ شگر جو ٽيسٽ صلاح ڏنل آهي۔ ان بابت شروعات ۾ ڄاڻڻ ان کي قابو ۾ رکڻ ۾ مدد ڏئي ٿو۔",https://www.who.int/news-room/fact-sheets/detail/polycystic-ovary-syndrome
349,پي سي او ايس ۽ هارموني صحت,"پي سي او ايس، وزن ۽ انسولين مزاحمت","ڇا پي سي او ايس وزن وڌائي ٿي؟","وزن وڌڻ، خاص ڪري وچ حصي جي چوڌاري، پي سي او ايس جي سڃاتل نشانين مان هڪ آهي۔ پي سي او ايس واري هر عورت جو وزن نه وڌندو آهي۔ اهو تعلق ٻنهي طرف ڪم ڪري ٿو ۽ صرف کائڻ بابت ناهي۔",https://www.who.int/news-room/fact-sheets/detail/polycystic-ovary-syndrome
350,پي سي او ايس ۽ هارموني صحت,"پي سي او ايس، وزن ۽ انسولين مزاحمت","ڇا مون کي سنهڙي هجڻ باوجود پي سي او ايس ٿي سگهي ٿي؟","ها۔ پي سي او ايس هر ماپ جي عورتن ۾ ٿئي ٿي، ۽ عمر يا وزن کان سواءِ خون ۾ شگر جو ٽيسٽ صلاح ڏنل آهي۔ سنهڙي هجڻ توهان کي لاڳاپيل خطرن کان بچاءُ نٿو ڏي۔ جيڪڏهن توهان کي ٻيون نشانيون آهن ته جانچ لاءِ چئو۔",https://academic.oup.com/jcem/article/108/10/2447/7242360
351,پي سي او ايس ۽ هارموني صحت,"پي سي او ايس، وزن ۽ انسولين مزاحمت","ڇا سنهڙيون عورتون جن کي پي سي او ايس آهي انهن کي پوءِ به خون ۾ شگر جي ٽيسٽ جي ضرورت آهي؟","ها۔ تشخيص جي وقت جانچ سڀني بالغن ۽ نوجوانن لاءِ صلاح ڏنل آهي جن کي پي سي او ايس آهي، وزن کان سواءِ۔ وزن خون جي شگر جو ڀروسي جوڳو رهنما ناهي۔ ٽيسٽ لاءِ پڇو۔",https://academic.oup.com/jcem/article/108/10/2447/7242360
352,پي سي او ايس ۽ هارموني صحت,"پي سي او ايس، وزن ۽ انسولين مزاحمت","پي سي او ايس ۾ خون ۾ شگر جو جائزو ڪيئن ورتو ويندو آهي؟","سڀ کان صحيح طريقو شگر جو محلول پيئڻ ۽ پوءِ خون چيڪ ڪرڻ آهي۔ تشخيص جي وقت اهو صلاح ڏنل آهي۔ توهان جو ڊاڪٽر توهان کي ان لاءِ تياري ڪرڻ جو طريقو ٻڌائيندو۔",https://academic.oup.com/jcem/article/108/10/2447/7242360
353,پي سي او ايس ۽ هارموني صحت,"پي سي او ايس، وزن ۽ انسولين مزاحمت","خون ۾ شگر ٻيهر ڪيتري ڀيري چيڪ ٿيڻ گھرجي؟","عام طور تي هر هڪ کان ٽن سالن ۾، توهان جي خطري جي عنصرن تي منحصر، ۽ حمل جي رٿابندي وقت به۔ نشانين جو انتظار نه ڪريو۔ باقاعده جانچ اهو طريقو آهي جنهن سان مسئلا شروعات ۾ ئي پڪڙجن ٿا۔",https://academic.oup.com/jcem/article/108/10/2447/7242360
354,پي سي او ايس ۽ هارموني صحت,"پي سي او ايس، وزن ۽ انسولين مزاحمت","ڇا جيڪڏهن مون کي پي سي او ايس آهي ته آءٌ ضرور ذیابيطس ۾ مبتلا ٿي وينديس؟","نه۔ پي سي او ايس ٽائپ ٻه ذیابيطس جو خطرو وڌائي ٿي پر ان کي پڪو نٿي بڻائي۔ باقاعده جانچ ۽ زندگيءَ جا اپاءَ خطرو گھٽائين ٿا۔ پي سي او ايس واري گھڻيون عورتون ڪڏهن به ذیابيطس ۾ مبتلا نٿيون ٿين۔",https://www.who.int/news-room/fact-sheets/detail/polycystic-ovary-syndrome
355,پي سي او ايس ۽ هارموني صحت,"پي سي او ايس، وزن ۽ انسولين مزاحمت","ڇا پي سي او ايس حمل دوران منهنجي خون جي شگر تي اثر انداز ٿئي ٿي؟","پي سي او ايس واري عورتن کي حمل دوران ذیابيطس ٿيڻ جو امڪان وڌيڪ آهي۔ حمل جي رٿابندي وقت خون جي شگر چيڪ ٿيڻ گھرجي۔ پنهنجي حمل واري صحت ڪارڪن کي پنهنجي پي سي او ايس بابت ٻڌايو۔",https://www.who.int/news-room/fact-sheets/detail/polycystic-ovary-syndrome
356,پي سي او ايس ۽ هارموني صحت,"پي سي او ايس، وزن ۽ انسولين مزاحمت","ڇا مون کي پنهنجو ڪولیسٽرول چيڪ ڪرائڻ گھرجي؟","ها، تشخيص جي وقت پي سي او ايس واري سڀني عورتن لاءِ ڪولیسٽرول جو ٽيسٽ صلاح ڏنل آهي۔ ان کي ڪيترو ورجايو ويندو اهو نتيجي ۽ توهان جي دل جي ٻين خطرن تي منحصر آهي۔ پنهنجي ڊاڪٽر کان پنهنجا انگ سمجهائڻ لاءِ چئو۔",https://academic.oup.com/jcem/article/108/10/2447/7242360
357,پي سي او ايس ۽ هارموني صحت,"پي سي او ايس، وزن ۽ انسولين مزاحمت","دل جي صحت پي سي او ايس جي سنڀال جو حصو ڇو آهي؟","پي سي او ايس بلند بلڊ پريشر، بلند ڪولیسٽرول ۽ دل جي بيماري سان لاڳاپيل آهي۔ هر سال بلڊ پريشر ۽ تشخيص جي وقت ڪولیسٽرول چيڪ ڪرڻ معياري سنڀال جو حصو آهي۔ اهي چيڪون توهان جي ڊگھي مهل جي صحت جي حفاظت ڪن ٿيون۔",https://academic.oup.com/jcem/article/108/10/2447/7242360
358,پي سي او ايس ۽ هارموني صحت,"پي سي او ايس، وزن ۽ انسولين مزاحمت","منهنجو بلڊ پريشر ڪيتري ڀيري چيڪ ٿيڻ گھرجي؟","جيڪڏهن توهان کي پي سي او ايس آهي ته هر سال، ۽ حمل يا زرخيزي جي علاج جي رٿابندي وقت به وڌيڪ۔ اهو ڪنهن به صحت مرڪز تي فقط هڪ لمحو وٺي ٿو۔ بلند بلڊ پريشر ۾ اڪثر ڪا به نشاني نٿي هوندي۔",https://academic.oup.com/jcem/article/108/10/2447/7242360
359,پي سي او ايس ۽ هارموني صحت,"پي سي او ايس، وزن ۽ انسولين مزاحمت","ڇا وزن گھٽائڻ پي سي او ايس جو جواب آهي؟","زندگيءَ جا اپاءَ پي سي او ايس واري سڀني عورتن لاءِ صلاح ڏنل آهن، پر مقصد صرف وزن کان وڌيڪ وسيع آهي۔ وڌيڪ وزن وڌڻ کان بچاءُ ۽ صحت جي نشانين ۾ بهتري اوترو ئي اهم آهي جيترو انگ۔ سخت خوراڪي بندشون صلاح ڏنل ناهن۔",https://academic.oup.com/jcem/article/108/10/2447/7242360
360,پي سي او ايس ۽ هارموني صحت,"پي سي او ايس، وزن ۽ انسولين مزاحمت","مون کي ڪيترو وزن گھٽائڻ جي ضرورت آهي؟","هر ڪنهن لاءِ لاڳو ٿيندڙ ڪو هڪ مقرر هدف ناهي۔ جيڪڏهن وزن گھٽائڻ مناسب هجي ته ڊاڪٽر يا غذائيت جو ماهر توهان جي ذاتي ضرورتن مطابق ڪو حقيقي هدف مقرر ڪري سگهي ٿو۔ وڌيڪ وزن کان بچاءُ پاڻ ۾ هڪ قيمتي مقصد آهي۔",https://academic.oup.com/jcem/article/108/10/2447/7242360
361,پي سي او ايس ۽ هارموني صحت,"پي سي او ايس، وزن ۽ انسولين مزاحمت","ڇا پي سي او ايس لاءِ ڪا هڪ بهترين غذا آهي؟","ڪنهن به هڪ غذا کي ٻين کان بهتر ثابت نه ڪيو ويو آهي۔ جيڪا صلاح ڏني ويندي آهي اها هڪ برقرار رکجهڻ لاءِ آسان صحتمند خوراڪ آهي جيڪا توهان جي پنهنجي پسند مطابق هجي۔ تمام سخت غذائي رٿائون خاص طور تي روڪيون وينديون آهن۔",https://academic.oup.com/jcem/article/108/10/2447/7242360
362,پي سي او ايس ۽ هارموني صحت,"پي سي او ايس، وزن ۽ انسولين مزاحمت","ڇا مون کي پي سي او ايس کي قابو ۾ رکڻ لاءِ سخت غذا تي هلڻ گھرجي؟","نه۔ تمام گھڻي بندش وارو کائڻ صلاح ڏنل ناهي، ۽ کاڌي جي بي قاعده عادتون پي سي او ايس ۾ ڪنهن به وزن تي هڪ حقيقي خطرو آهن۔ هڪ صحتمند نمونو رکڻ جو مقصد رکو جيڪو توهان جاري رکي سگهو۔ سخت رٿائن تي هلڻ کان اڳ صلاح وٺو۔",https://academic.oup.com/jcem/article/108/10/2447/7242360
363,پي سي او ايس ۽ هارموني صحت,"پي سي او ايس، وزن ۽ انسولين مزاحمت","پي سي او ايس لاءِ ڪيتري ورزش صلاح ڏنل آهي؟","عام بالغن جي رهنمائي لاڳو ٿئي ٿي: ڪل ملائي هفتي ۾ تقريباً هڪ سو پنجاهه کان ٽي سئو منٽ معتدل سرگرمي، هفتي ۾ ٻه ڀيرا عضلا مضبوط ڪندڙ ورزش سان۔ پي سي او ايس لاءِ ڪا به مخصوص قسم جي ورزش ٻئي کان بهتر ناهي۔ اهو چونڊيو جيڪو توهان جاري رکي سگهو۔",https://academic.oup.com/jcem/article/108/10/2447/7242360
364,پي سي او ايس ۽ هارموني صحت,"پي سي او ايس، وزن ۽ انسولين مزاحمت","معتدل سرگرمي ۾ ڇا شامل ٿئي ٿو؟","اها سرگرمي جيڪا توهان جي ساهه ۽ دل جي رفتار وڌائي ٿي پر پوءِ به توهان کي ڳالهائڻ جي اجازت ڏئي ٿي، جيئن تيز هلڻ يا سرگرم گھريلو ڪم۔ ان کي سڄي هفتي ۾ ورهايو۔ ڪا به باقاعده سرگرمي ڪجهه به نه ڪرڻ کان بهتر آهي۔",https://academic.oup.com/jcem/article/108/10/2447/7242360
365,پي سي او ايس ۽ هارموني صحت,"پي سي او ايس، وزن ۽ انسولين مزاحمت","ڇا ورزش مدد ڪري ٿي توڙي جو منهنجو وزن نه گھٽجي؟","ها۔ اڪيلي ورزش، يا خوراڪي تبديلين سان گڏ، پي سي او ايس ۾ ميٽابولڪ فائدن لاءِ صلاح ڏني ويندي آهي۔ خون جي شگر ۽ بلڊ پريشر ۾ بهتري وزن جي ماپ بدلجڻ کان سواءِ ٿي سگهي ٿي۔ وزن مستحڪم رهي ته به جاري رکو۔",https://academic.oup.com/jcem/article/108/10/2447/7242360
366,پي سي او ايس ۽ هارموني صحت,"پي سي او ايس، وزن ۽ انسولين مزاحمت","ڇا پي سي او ايس لاءِ هلڻ ڪافي ورزش آهي؟","باقاعده تيز هلڻ صلاح ڏنل سرگرمي ۾ شمار ٿئي ٿو۔ ڪنهن به مخصوص قسم جي ورزش کي ٻين کان بهتر ثابت نه ڪيو ويو آهي۔ هفتي ۾ ٻه ڀيرا ڪجهه عضلا مضبوط ڪندڙ ورزش شامل ڪرڻ به صلاح ڏنل آهي۔",https://academic.oup.com/jcem/article/108/10/2447/7242360
367,پي سي او ايس ۽ هارموني صحت,"پي سي او ايس، وزن ۽ انسولين مزاحمت","ڇا پي سي او ايس جي خون جي شگر واري پاسي ۾ مدد لاءِ ڪا دوا آهي؟","ڊاڪٽر مناسب عورتن ۾ پي سي او ايس جي ميٽابولڪ پاسي کي بهتر ڪرڻ لاءِ دوائون استعمال ڪن ٿا۔ ڇا اها توهان لاءِ صحيح آهي اهو ٽيسٽن کانپوءِ توهان جي ڊاڪٽر جو فيصلو آهي۔ ڪڏهن به ڪنهن ٻئي جي صلاح تي دوا نه کائو۔",https://academic.oup.com/jcem/article/108/10/2447/7242360
368,پي سي او ايس ۽ هارموني صحت,"پي سي او ايس، وزن ۽ انسولين مزاحمت","ڇا آءٌ اها دوا وٺي سگهان ٿي جيڪا مون ٻڌي آهي ته پي سي او ايس وارو وزن گھٽائڻ ۾ مدد ڪري ٿي؟","نه، توهان جو جائزو وٺڻ کانپوءِ ڊاڪٽر جي لکيل تجويز کان سواءِ ڪا به دوا نه کائو۔ پي سي او ايس ۾ استعمال ٿيندڙ دوائن جا خاص اشارا آهن ۽ اهي هر ڪنهن لاءِ مناسب ناهن۔ ان جي بدران پنهنجي ڊاڪٽر کان پڇو۔",https://academic.oup.com/jcem/article/108/10/2447/7242360
369,پي سي او ايس ۽ هارموني صحت,"پي سي او ايس، وزن ۽ انسولين مزاحمت","ڇا پي سي او ايس وزن گھٽائڻ کي وڌيڪ ڏکيو بڻائي ٿي؟","پي سي او ايس واري گھڻيون عورتون اهو محسوس ڪن ٿيون، ۽ صحت ڪارڪن کي ان بابت ڳالهائيندي وزن جي بدنامي کان واقف رهڻ جي صلاح ڏني وڃي ٿي۔ مشڪل هجڻ توهان جي ناڪامي جي نشاني ناهي۔ پاڻ کي الزام ڏيڻ بدران عملي مدد لاءِ چئو۔",https://academic.oup.com/jcem/article/108/10/2447/7242360
370,پي سي او ايس ۽ هارموني صحت,"پي سي او ايس، وزن ۽ انسولين مزاحمت","ڇا زندگيءَ جي رٿا مون لاءِ ٺاهجي يا مون سان گڏ؟","توهان سان گڏ۔ زندگيءَ جون رٿائون توهان سان گڏ ٺاهڻ جي صلاح ڏني وڃي ٿي، توهان جي پسندن ۽ مقصدن کي ذهن ۾ رکندي۔ اهڙي رٿا جنهن تي توهان راضي نه هجو گھٽ ئي ڪامياب رهندي آهي۔ چٽي طرح ٻڌايو ته توهان جي حالتن ۾ ڇا حقيقي آهي ۽ ڇا ناهي۔",https://academic.oup.com/jcem/article/108/10/2447/7242360
371,پي سي او ايس ۽ هارموني صحت,"پي سي او ايس، وزن ۽ انسولين مزاحمت","ڇا مون کي پي سي او ايس سان گڏ جگر ۾ چربي بابت پريشان ٿيڻ گھرجي؟","جگر ۾ چربي سان لاڳاپيل جگر جو مسئلو پي سي او ايس سان لاڳاپيل مسئلن مان هڪ آهي۔ اهو عام طور تي شروعات ۾ ڪا به نشاني نٿو ڏئي، تنهنڪري اهو ڪيئن محسوس ٿئي ٿو ان جي بدران فالو اپ ذريعي معلوم ٿيندو آهي۔ پنهنجيون باقاعده ملاقاتون رکو۔",https://www.who.int/news-room/fact-sheets/detail/polycystic-ovary-syndrome
372,پي سي او ايس ۽ هارموني صحت,"پي سي او ايس، وزن ۽ انسولين مزاحمت","ڇا پي سي او ايس ننڊ اپنيا (Sleep Apnoea) جو سبب بڻجي ٿي؟","پي سي او ايس واري عورتن ۾ ننڊ دوران ساهه جي مسئلي جي شرح وڌيڪ آهي، ۽ اهو وزن کان سواءِ ٿئي ٿو۔ جيڪڏهن توهان خُر ڏيو، ننڊ مان اَڻتَنور اُٿو، يا ڏينهن ۾ ننڊ اچي ته اسڪريننگ صلاح ڏني ويندي آهي۔ اهي نشانيون پنهنجي ڊاڪٽر کي ٻڌايو۔",https://academic.oup.com/jcem/article/108/10/2447/7242360
373,پي سي او ايس ۽ هارموني صحت,"پي سي او ايس، وزن ۽ انسولين مزاحمت","پي سي او ايس ۾ ننڊ ڇو اهم آهي؟","ننڊ دوران ساهه جي مسئلي کان خراب ننڊ ڏينهن جي طاقت ۽ مجموعي صحت تي اثر انداز ٿئي ٿي، ۽ اها پي سي او ايس ۾ وڌيڪ عام آهي۔ ان جو جائزو ۽ علاج ٿي سگهي ٿو۔ مسلسل ٿڪاوت کي عام سمجهي نه رد ڪريو۔",https://academic.oup.com/jcem/article/108/10/2447/7242360
374,پي سي او ايس ۽ هارموني صحت,"پي سي او ايس، وزن ۽ انسولين مزاحمت","ڇا اڪيلي زندگيءَ جي تبديلي پي سي او ايس کي قابو ۾ رکي سگهي ٿي؟","زندگيءَ جي تبديلي پي سي او ايس واري سڀني عورتن لاءِ صلاح ڏنل آهي ۽ مدد ڪري ٿي، پر گھڻيون عورتن کي مخصوص نشانين لاءِ طبي علاج جي به ضرورت پوندي آهي۔ ٻئي گڏجي ڪم ڪن ٿيون۔ ٻنهي حالتن ۾ پنهنجيون باقاعده ملاقاتون رکو۔",https://academic.oup.com/jcem/article/108/10/2447/7242360
375,پي سي او ايس ۽ هارموني صحت,"پي سي او ايس، وزن ۽ انسولين مزاحمت","ڇا جيڪڏهن منهنجو وزن بهتر ٿئي ته مون کي پنهنجيون ملاقاتون بند ڪري ڏيڻ گھرجن؟","نه۔ بلڊ پريشر هر سال ۽ خون جي شگر هر هڪ کان ٽن سالن ۾ چيڪ ٿيندي آهي، توهان ڪيئن نظر ايندا آهيو يا محسوس ڪريو ٿا ان کان سواءِ۔ لاڳاپيل خطرا وزن جي تبديلي سان ختم نٿا ٿين۔ حاضري ڏيندا رهو۔",https://academic.oup.com/jcem/article/108/10/2447/7242360
376,پي سي او ايس ۽ هارموني صحت,"پي سي او ايس، وزن ۽ انسولين مزاحمت","ڇا اهو منهنجو ڏوهه آهي جيڪڏهن پي سي او ايس سان مون وزن وڌايو آهي؟","نه۔ وزن ۾ تبديلي حالت جي پنهنجي هڪ سڃاتل خاصيت آهي، ۽ صحت ڪارڪن کي واضح طور تي وزن جي بدنامي کان بچڻ جي صلاح ڏني وڃي ٿي۔ پاڻ کي الزام ڏيڻ مدد نٿو ڪري ۽ اهو صحيح به ناهي۔ انهن قدمن تي ڌيان ڏيو جيڪي توهان جي وس ۾ آهن۔",https://academic.oup.com/jcem/article/108/10/2447/7242360
377,پي سي او ايس ۽ هارموني صحت,"پي سي او ايس، وزن ۽ انسولين مزاحمت","جيڪڏهن مون کي خاص غذا يا جم جو خرچ نه کڻڻو هجي ته ڇا ٿيندو؟","توهان کي ٻنهي مان ڪنهن جي به ضرورت ناهي۔ متوازن طريقي سان کاڌل عام گھريلو طعام ۽ روزاني سرگرمي جهڙوڪ تيز هلڻ يا گھريلو ڪم ٻئي شمار ٿين ٿا۔ صلاحون رٿن بابت آهن، مهانگين شين بابت نه۔",https://academic.oup.com/jcem/article/108/10/2447/7242360
378,پي سي او ايس ۽ هارموني صحت,"پي سي او ايس، وزن ۽ انسولين مزاحمت","پي سي او ايس جي ميٽابولڪ پاسي لاءِ آءٌ سڀ کان لاڀائتي شيءِ ڇا ڪري سگهان ٿي؟","صلاح ڏنل موجب پنهنجي خون جي شگر، بلڊ پريشر ۽ ڪولیسٽرول چيڪ ڪرايو، ۽ باقاعده جسماني سرگرمي جاري رکو۔ اهي ٻئي گڏجي گھڻن لاڳاپيل خطرن کي منهن ڏين ٿيون۔ انهن کي پنهنجي ڊاڪٽر جي صلاح ڏنل فالو اپ سان گڏ ملايو۔",https://academic.oup.com/jcem/article/108/10/2447/7242360
379,پي سي او ايس ۽ هارموني صحت,چمڙي ۽ وارن ۾ تبديليون,"پي سي او ايس اضافي وارن جو سبب ڇو بڻجي ٿي؟","عام کان بلند مردانه قسم جي هارمون سطحون وارن کي مردانه نموني ۾ اُڀرڻ جو سبب بڻجن ٿيون، منهن يا جسم تي۔ اهو هارموني تبديلي جو سڌو نتيجو آهي۔ ان جو علاج ٿي سگهي ٿو۔",https://www.who.int/news-room/fact-sheets/detail/polycystic-ovary-syndrome
380,پي سي او ايس ۽ هارموني صحت,چمڙي ۽ وارن ۾ تبديليون,"هرسوٽزم (Hirsutism) ڇا آهي؟","اهو ناپسنديده وارن جي مردانه نموني ۾ اُڀرڻ لاءِ طبي لفظ آهي، جيئن منهن، سيني يا پيٽ تي۔ اها پي سي او ايس جي سڃاتل نشانين مان هڪ آهي۔ ڊاڪٽر ان جو جائزو هڪ اسڪورنگ طريقي سان وٺن ٿا۔",https://academic.oup.com/jcem/article/108/10/2447/7242360
381,پي سي او ايس ۽ هارموني صحت,چمڙي ۽ وارن ۾ تبديليون,"ڇا اضافي وارن جو اُڀرڻ پي سي او ايس جي ڀروسي جوڳي نشاني آهي؟","هرسوٽزم اڪيلو هڪ مضبوط اشارو آهي، ڇاڪاڻ ته اهو بلند مردانه قسم جا هارمون ۽ پي سي او ايس ٻنهي جو اندازو ڏئي ٿو۔ پر تشخيص کي اڃا به مڪمل جانچ جي ضرورت آهي۔ ان کي پنهنجي ڊاڪٽر کي واضح طور تي ٻڌايو۔",https://academic.oup.com/jcem/article/108/10/2447/7242360
382,پي سي او ايس ۽ هارموني صحت,چمڙي ۽ وارن ۾ تبديليون,"ڊاڪٽر ڪيئن فيصلو ڪن ٿا ته منهنجن وارن جو اُڀرڻ ضرورت کان وڌيڪ آهي؟","اهي هڪ اسڪورنگ طريقو استعمال ڪن ٿا جيڪو جسم جي ڪيترن حصن ۾ وارن کي ڏسي ٿو، نسلي پس منظر مطابق ترتيب ڏنل۔ عام وارن جا نمونا برادرين وچ ۾ حقيقتاً مختلف هوندا آهن۔ اها ترتيب غلط نتيجن کي روڪي ٿي۔",https://academic.oup.com/jcem/article/108/10/2447/7242360
383,پي سي او ايس ۽ هارموني صحت,چمڙي ۽ وارن ۾ تبديليون,"منهنجي سڄي خاندان کي منهن جا وار آهن۔ ڇا ان جو مطلب اهو آهي ته اهو پي سي او ايس ناهي؟","خاندان ۽ برادري جا وارن جا نمونا تمام گھڻو مختلف ٿين ٿا، ۽ ڊاڪٽر توهان جو جائزو وٺندي اهو خيال ۾ رکن ٿا۔ اهو ان وقت اهم بڻجي ٿو جڏهن اهو بي قاعده ماهواري يا ٻين نشانين سان گڏ ظاهر ٿئي۔ هڪ ڊاڪٽر ان جو صحيح جائزو وٺي سگهي ٿو۔",https://academic.oup.com/jcem/article/108/10/2447/7242360
384,پي سي او ايس ۽ هارموني صحت,چمڙي ۽ وارن ۾ تبديليون,"ڇا پي سي او ايس منهنجي مٿي جي وارن جي کِرڻ جو سبب ٿي سگهي ٿي؟","ها، مادي نموني ۾ مٿي جي وارن جو پَتلو ٿيڻ پي سي او ايس جي سڃاتل نشانين مان هڪ آهي۔ اهو جسم تي اضافي وارن جهڙي ساڳي هارموني سبب مان اچي ٿو۔ علاج موجود آهن، تنهنڪري ڊاڪٽر سان ڳالهايو۔",https://www.who.int/news-room/fact-sheets/detail/polycystic-ovary-syndrome
385,پي سي او ايس ۽ هارموني صحت,چمڙي ۽ وارن ۾ تبديليون,"ڇا پي سي او ايس کان وارن جو کِرڻ هميشه رهي ٿو؟","هارموني سبب لاءِ علاج موجود آهي، ۽ ڊاڪٽر ان لاءِ مخصوص دوائون استعمال ڪن ٿا۔ نتيجا عورت کان عورت مختلف ٿين ٿا۔ شروعات ۾ ئي جانچ ٿيڻ بهترين موقعو ڏئي ٿي۔",https://www.who.int/news-room/fact-sheets/detail/polycystic-ovary-syndrome
386,پي سي او ايس ۽ هارموني صحت,چمڙي ۽ وارن ۾ تبديليون,"پي سي او ايس مهاسن جو سبب ڇو بڻجي ٿي؟","بلند مردانه قسم جي هارمون سطحون چمڙي ۾ تيل جي پيداوار وڌائين ٿيون، جيڪا مهاسن ۽ تيلي چمڙي ڏانهن وٺي وڃي ٿي۔ اها حالت جي عام نشانين مان هڪ آهي۔ اها خراب صفائي سبب نٿي ٿئي۔",https://www.who.int/news-room/fact-sheets/detail/polycystic-ovary-syndrome
387,پي سي او ايس ۽ هارموني صحت,چمڙي ۽ وارن ۾ تبديليون,"ڇا منهنجا مهاسا گندگي يا کائيندڙ کاڌي سبب آهن؟","پي سي او ايس ۾ مهاسا هارموني تبديلي سبب ٿين ٿا، صفائي جي گھٽتائي سبب نه۔ سخت ڌوئڻ ان کي ٺيڪ نه ڪندو۔ جيڪڏهن مهاسا بي قاعده ماهواري سان گڏ ظاهر ٿين ته ٻنهي جو ڊاڪٽر کي ذڪر ڪريو۔",https://www.who.int/news-room/fact-sheets/detail/polycystic-ovary-syndrome
388,پي سي او ايس ۽ هارموني صحت,چمڙي ۽ وارن ۾ تبديليون,"پي سي او ايس ۾ ناپسنديده وارن لاءِ ڪهڙا علاج موجود آهن؟","ڊاڪٽر اهڙيون دوائون استعمال ڪن ٿا جيڪي مردانه قسم جي هارمونن جي اثر کي روڪين ٿيون ته جيئن ناپسنديده وار ۽ مهاسن جو علاج ٿي سگهي۔ اهي لکيل هجڻ ۽ نظر هيٺ رهڻ گھرجن۔ ڊاڪٽر جي جانچ کان سواءِ ڪجهه به نه کائو۔",https://www.who.int/news-room/fact-sheets/detail/polycystic-ovary-syndrome
389,پي سي او ايس ۽ هارموني صحت,چمڙي ۽ وارن ۾ تبديليون,"ڇا هارمون جون گوريون مهاسن ۽ وارن جي اُڀرڻ ۾ مدد ڪري سگهن ٿيون؟","گڏيل هارموني مانع حمل گوريون پي سي او ايس ۾ چڪر کي منظم ڪرڻ ۽ بلند مردانه قسم جي هارمونن جي اثرن ۾ مدد ڪرڻ ٻنهي لاءِ استعمال ٿين ٿيون۔ ڇا اهي توهان لاءِ مناسب آهن اهو هڪ طبي فيصلو آهي۔ ان تي پنهنجي ڊاڪٽر سان ڳالهايو۔",https://www.who.int/news-room/fact-sheets/detail/polycystic-ovary-syndrome
390,پي سي او ايس ۽ هارموني صحت,چمڙي ۽ وارن ۾ تبديليون,"وارن ۽ چمڙي لاءِ علاج ڪيتري دير ۾ اثر ڏيکارين ٿا؟","وارن ۽ چمڙي ۾ تبديلي وقت وٺي ٿي ڇاڪاڻ ته وار آهستي وڌن ٿا۔ جلدي بند ڪرڻ بدران پنهنجي ڊاڪٽر جي هدايت موجب جاري رکو۔ کين پڇو ته ڪهڙي وقت جي اميد رکجي۔",https://www.who.int/news-room/fact-sheets/detail/polycystic-ovary-syndrome
391,پي سي او ايس ۽ هارموني صحت,چمڙي ۽ وارن ۾ تبديليون,"ڇا آءٌ پي سي او ايس جي مهاسن لاءِ دڪان جون ڪريمون يا نسخا استعمال ڪري سگهان ٿي؟","ڪا به شيءِ استعمال ڪرڻ کان اڳ ڊاڪٽر کان پڇو، ڇاڪاڻ ته هارمونن سبب ٿيندڙ مهاسن کي مختلف طريقي جي ضرورت آهي۔ ڪجهه شيون چمڙي کي وڌيڪ خراب ڪري سگهن ٿيون۔ هڪ مناسب جانچ نسخا آزمائڻ کان وڌيڪ لاڀائتو آهي۔",https://www.who.int/news-room/fact-sheets/detail/polycystic-ovary-syndrome
392,پي سي او ايس ۽ هارموني صحت,چمڙي ۽ وارن ۾ تبديليون,"ڇا گھر ۾ وار ڪڍڻ محفوظ آهي؟","عام وار ڪڍڻ هڪ ذاتي انتخاب آهي ۽ حالت کي وڌيڪ خراب نٿو بڻائي۔ پر اهو هارموني سبب کي نٿو منهن ڏئي۔ سبب جو علاج ئي آهي جيڪو ٻيهر اُڀرڻ کي گھٽائي ٿو۔",https://www.who.int/news-room/fact-sheets/detail/polycystic-ovary-syndrome
393,پي سي او ايس ۽ هارموني صحت,چمڙي ۽ وارن ۾ تبديليون,"ڇا وار ڪڍڻ سان اهي وڌيڪ ٿلها ٿي ويندا؟","پي سي او ايس ۾ وارن جو اُڀرڻ هارمون سطحن سبب هلي ٿو، وارن کي ڪڍڻ سبب نه۔ هارموني سبب کي منهن ڏيڻ ئي اُڀرڻ کي بدلائي ٿو۔ علاج جي اختيارن بابت ڊاڪٽر سان ڳالهايو۔",https://www.who.int/news-room/fact-sheets/detail/polycystic-ovary-syndrome
394,پي سي او ايس ۽ هارموني صحت,چمڙي ۽ وارن ۾ تبديليون,"ڇا جسم جي مُڙَن ۾ چمڙي جو ڪارو ٿيڻ پي سي او ايس سان لاڳاپيل آهي؟","چمڙي ۾ تبديليون پي سي او ايس سان لاڳاپيل ميٽابولڪ مسئلن، جهڙوڪ انسولين مزاحمت، سان گڏ ٿي سگهن ٿيون۔ اهڙي ڪنهن به تبديلي کي پنهنجي ڊاڪٽر کي ڏيکاريو۔ اهو کين توهان جي خون جي شگر چيڪ ڪرڻ لاءِ چئي سگهي ٿو۔",https://www.who.int/news-room/fact-sheets/detail/polycystic-ovary-syndrome
395,پي سي او ايس ۽ هارموني صحت,چمڙي ۽ وارن ۾ تبديليون,"ڇا چمڙي ۽ وارن جا مسئلا علاج ٿيڻ گھرجن، يا اهي فقط ظاهري صورت جا آهن؟","اهي پي سي او ايس جون سڃاتل طبي خاصيتون آهن ۽ سٺي سنڀال جي حصي طور انهن جو علاج ٿيندو آهي۔ اهي خوشحالي ۽ جسم جي شبيه تي به اثر انداز ٿين ٿا، جن بابت ڊاڪٽرن کي پڇڻ جي صلاح ڏني وڃي ٿي۔ علاج لاءِ پڇڻ بلڪل معقول آهي۔",https://academic.oup.com/jcem/article/108/10/2447/7242360
396,پي سي او ايس ۽ هارموني صحت,چمڙي ۽ وارن ۾ تبديليون,"چمڙي ۽ وارن جون تبديليون عورتن جي محسوس ٿيڻ کي ڪيئن اثر انداز ڪن ٿيون؟","پي سي او ايس ۾ جسم جي شبيه بابت پريشانيون سڃاتل آهن ۽ ڊاڪٽرن کي انهن جو جائزو وٺڻ جي صلاح ڏني وڃي ٿي۔ انهن تبديلين بابت پريشان محسوس ٿيڻ عام ۽ سمجهه ۾ اچڻ جوڳو آهي۔ پنهنجي ملاقات تي ان بابت چئو، ڇاڪاڻ ته اهو توهان جي سنڀال جو حصو آهي۔",https://academic.oup.com/jcem/article/108/10/2447/7242360
397,پي سي او ايس ۽ هارموني صحت,چمڙي ۽ وارن ۾ تبديليون,"مون کي پنهنجي منهن جي وارن تي شرم محسوس ٿئي ٿو۔ ڇا اهو عام آهي؟","ها، پي سي او ايس واري گھڻيون عورتون اهڙي طرح محسوس ڪن ٿيون، ۽ جسم جي شبيه جي پريشاني حالت جو هڪ سڃاتل حصو آهي۔ اهو هڪ طبي نشاني آهي، توهان جي ذاتي ناڪامي ناهي۔ علاج موجود آهي ۽ ان لاءِ پڇڻ جي قابل آهي۔",https://academic.oup.com/jcem/article/108/10/2447/7242360
398,پي سي او ايس ۽ هارموني صحت,چمڙي ۽ وارن ۾ تبديليون,"ڇا مون کي چمڙي ۽ وارن جي تبديلين جو ذڪر ڪرڻ گھرجي جيتوڻيڪ آءٌ پنهنجي ماهواري بابت آيس؟","ها، هميشه انهن جو ذڪر ڪريو۔ گڏجي اهي اها تصوير ٺاهين ٿيون جيڪا ڊاڪٽر کي تشخيص لاءِ گھرجي۔ چمڙي ۽ وارن جون نشانيون استعمال ٿيندڙ اهم نتيجن مان آهن۔",https://www.who.int/news-room/fact-sheets/detail/polycystic-ovary-syndrome
399,پي سي او ايس ۽ هارموني صحت,چمڙي ۽ وارن ۾ تبديليون,"ڇا اڪيلو چمڙي ۽ وارن جون نشانيون پي سي او ايس جي تصديق ڪن ٿيون؟","نه، گھٽ ۾ گھٽ ٽن مان ٻن تشخيصي نتيجن جي ضرورت آهي، ۽ ٻيا سبب رد ڪرڻا آهن۔ چمڙي ۽ وارن جون تبديليون انهن مان هڪ شمار ٿين ٿيون۔ اڃا به هڪ مڪمل جانچ گھربل آهي۔",https://www.who.int/news-room/fact-sheets/detail/polycystic-ovary-syndrome
400,پي سي او ايس ۽ هارموني صحت,چمڙي ۽ وارن ۾ تبديليون,"ڇا خوني ٽيسٽ منهنجي وارن جي اُڀرڻ جو سبب ڏيکاري سگهن ٿا؟","ها، ڊاڪٽر بلند مردانه قسم جا هارمون ڳولڻ لاءِ مڪمل ۽ آزاد ٽيسٽوسٽيرون ماپين ٿا۔ اهو تصديق ڪرڻ ۾ مدد ڪري ٿو ته ڇا وارن جو اُڀرڻ هارموني آهي۔ پڇو ته ڪهڙا ٽيسٽ ڪيا پيا وڃن۔",https://academic.oup.com/jcem/article/108/10/2447/7242360
401,پي سي او ايس ۽ هارموني صحت,چمڙي ۽ وارن ۾ تبديليون,"ڇا مهاسا ۽ وارن جو اُڀرڻ چڪر جي مسئلن کان اڳ ظاهر ٿي سگهن ٿا؟","پي سي او ايس جون نشانيون مختلف عورتن ۾ مختلف ترتيبن ۾ ظاهر ٿي سگهن ٿيون۔ انهن مان ڪا به اڪيلي ذڪر ڪرڻ جوڳي آهي۔ سڀ نشانيون ظاهر ٿيڻ جي انتظار ۾ مدد نه ڳوليو۔",https://www.who.int/news-room/fact-sheets/detail/polycystic-ovary-syndrome
402,پي سي او ايس ۽ هارموني صحت,چمڙي ۽ وارن ۾ تبديليون,"ڇا چمڙي ۽ وارن جون تبديليون ڪجهه عورتن ۾ ٻين کان وڌيڪ سخت آهن؟","ها، پي سي او ايس واري عورتن ۾ سختي گھڻو مختلف ٿئي ٿي۔ ڪن کي واضح تبديليون آهن ته ڪن کي لڳ ڀڳ ڪا به نه۔ سختي اهو فيصلو نٿي ڪري ته ٻيون صحت جون چڪاسون ڪيتريون اهم آهن۔",https://www.who.int/news-room/fact-sheets/detail/polycystic-ovary-syndrome
403,پي سي او ايس ۽ هارموني صحت,چمڙي ۽ وارن ۾ تبديليون,"ڇا اهي تبديليون مينوپاز کانپوءِ ختم ٿي وينديون؟","پي سي او ايس جون نشانيون زندگيءَ دوران بدلجي سگهن ٿيون۔ ان کي ختم ٿيندڙ حالت جي بدران هڪ ڊگھي مهل جي حالت طور سنڀاليو ويندو آهي۔ ان جي باوجود پنهنجيون باقاعده صحت جون چڪاسون جاري رکو۔",https://www.who.int/news-room/fact-sheets/detail/polycystic-ovary-syndrome
404,پي سي او ايس ۽ هارموني صحت,چمڙي ۽ وارن ۾ تبديليون,"ڇا وارن ۽ چمڙي جو علاج ڪرڻ باقي پي سي او ايس کي به علاج ڪري ٿو؟","نه۔ وارن ۽ چمڙي لاءِ علاج انهن نشانين کي منهن ڏين ٿا، پر خون جي شگر، بلڊ پريشر ۽ ڪولیسٽرول جون چڪاسون اڃا به ضروري آهن۔ پي سي او ايس جي سنڀال ۾ ڪيترائي حصا آهن۔ اهي سڀ جاري رکو۔",https://academic.oup.com/jcem/article/108/10/2447/7242360
405,پي سي او ايس ۽ هارموني صحت,چمڙي ۽ وارن ۾ تبديليون,"ڇا زندگيءَ جي تبديليون چمڙي ۽ وارن جي نشانين کي بهتر ڪري سگهن ٿيون؟","زندگيءَ جا اپاءَ پي سي او ايس واري سڀني عورتن لاءِ صلاح ڏنل آهن ۽ مجموعي سنڀال ۾ مدد ڪن ٿا۔ وار ۽ چمڙي لاءِ عام طور تي طبي علاج به گھربل هوندو آهي۔ ٻنهي کي گڏ استعمال ڪريو۔",https://academic.oup.com/jcem/article/108/10/2447/7242360
406,پي سي او ايس ۽ هارموني صحت,چمڙي ۽ وارن ۾ تبديليون,"ڇا ليزر يا ڪلينڪ وار ڪڍڻ ضروري آهي؟","اهو هڪ اختيار آهي جيڪو ڪجهه عورتون چونڊين ٿيون، پر اهو ضروري ناهي ۽ هر جاءِ تي موجود ناهي۔ هارموني سبب جو علاج ڪرڻ طبي طريقو آهي۔ توهان جتي رهو ٿا اُتي ڇا حقيقي آهي ان بابت ڳالهايو۔",https://www.who.int/news-room/fact-sheets/detail/polycystic-ovary-syndrome
407,پي سي او ايس ۽ هارموني صحت,چمڙي ۽ وارن ۾ تبديليون,"ڇا آءٌ وار ۽ چمڙي لاءِ علاج ڪرائي سگهان ٿي جيڪڏهن آءٌ ٻار ڄڻڻ جي ڪوشش نٿي ڪريان؟","ها۔ انهن نشانين لاءِ علاج توهان جي ٻار چاهڻ نه چاهڻ کان سواءِ پيش ڪيو وڃي ٿو۔ توهان جي آرام ۽ خوشحالي ئي سنڀال لاءِ جائز سبب آهن۔ اختيارن بابت پنهنجي ڊاڪٽر کان پڇو۔",https://www.who.int/news-room/fact-sheets/detail/polycystic-ovary-syndrome
408,پي سي او ايس ۽ هارموني صحت,چمڙي ۽ وارن ۾ تبديليون,"مون کي چمڙي جي ڊاڪٽر وٽ وڃڻ گھرجي يا عام ڊاڪٽر وٽ؟","عام ڊاڪٽر يا صحت مرڪز کان شروع ڪريو، جيڪو توهان جو پوري طرح پي سي او ايس لاءِ جائزو وٺي سگهي ٿو۔ ضرورت پوڻ تي اهي اڳتي موڪلي سگهن ٿا۔ پهريان معلوم ڪجهڻ گھرجي اهو هارموني سبب آهي۔",https://www.who.int/news-room/fact-sheets/detail/polycystic-ovary-syndrome
409,پي سي او ايس ۽ هارموني صحت,چمڙي ۽ وارن ۾ تبديليون,"ڇا صرف مهاسن لاءِ ڊاڪٽر وٽ وڃڻ جي قابل آهي؟","ها، خاص ڪري جيڪڏهن ان سان گڏ بي قاعده ماهواري يا ناپسنديده وارن جو اُڀرڻ هجي، ڇاڪاڻ ته گڏجي اهي پي سي او ايس جو اشارو ڏين ٿا۔ اڪيلو مهاسا به علاج جوڳا آهن۔ ٻنهي صورتن ۾ وڃڻ جي قابل آهي۔",https://www.who.int/news-room/fact-sheets/detail/polycystic-ovary-syndrome
410,پي سي او ايس ۽ هارموني صحت,چمڙي ۽ وارن ۾ تبديليون,"مون کي پنهنجي چمڙي ۽ وارن بابت ڊاڪٽر کي ڇا ٻڌائڻ گھرجي؟","بيان ڪريو ته وار ڪٿي اُڀرن ٿا، اهو ڪڏهن شروع ٿيو، ۽ ڇا توهان جي ماهواري بي قاعده آهي۔ مهاسن، تيلي چمڙي ۽ ڪنهن به وارن جي پَتلي ٿيڻ جو به ذڪر ڪريو۔ پنهنجي چڪر جو رڪارڊ ساڻ کڻي وڃڻ تصوير کي واضح بڻائي ٿو۔",https://academic.oup.com/jcem/article/108/10/2447/7242360
411,پي سي او ايس ۽ هارموني صحت,ٿائرائيڊ ۽ ٻيا هارموني عدم توازن,"ٿائرائيڊ ڇا آهي؟","اها ڳچيءَ ۾ هڪ غدود آهي جيڪا اهڙا هارمون ٺاهي ٿي جيڪي جسم کي توانائي استعمال ڪرڻ جي طريقي کي قابو ۾ رکن ٿا۔ جڏهن اها تمام گھٽ يا تمام گھڻي ٺاهي ٿي ته اهو جسم جي ڪيترن حصن تي اثر انداز ٿئي ٿو۔ هڪ خوني ٽيسٽ چيڪ ڪري سگهي ٿو ته اها ڪيئن ڪم ڪري رهي آهي۔",https://www.thyroid.org/new-ata-guidelines-for-thyroid-disease-in-preconception-pregnancy-and-postpartum/
412,پي سي او ايس ۽ هارموني صحت,ٿائرائيڊ ۽ ٻيا هارموني عدم توازن,"ڇا ٿائرائيڊ جو مسئلو منهنجي ماهواري تي اثر انداز ٿي سگهي ٿو؟","ٿائرائيڊ جا مسئلا انهن حالتن مان آهن جن کي ڊاڪٽر ماهواري بگڙڻ وقت خيال ۾ رکن ٿا۔ اهو ئي سبب آهي جو پي سي او ايس جي تشخيص کان اڳ ٻيا سبب رد ڪيا ويندا آهن۔ هڪ خوني ٽيسٽ توهان جي ٿائرائيڊ چيڪ ڪري سگهي ٿو۔",https://www.who.int/news-room/fact-sheets/detail/polycystic-ovary-syndrome
413,پي سي او ايس ۽ هارموني صحت,ٿائرائيڊ ۽ ٻيا هارموني عدم توازن,"ڇا ٿائرائيڊ جو مسئلو حامله ٿيڻ کي وڌيڪ ڏکيو بڻائي سگهي ٿو؟","ٿائرائيڊ جي بيماري انهن عورتن لاءِ لاڳاپيل سمجهي وڃي ٿي جن کي زرخيزي ۾ ڏکيائي هجي، ۽ حمل کان اڳ ۽ دوران ان جو جائزو وٺڻ لاءِ خاص رهنمائي موجود آهي۔ جيڪڏهن توهان حامله ٿيڻ لاءِ جدوجهد ڪري رهيا آهيو ته ٿائرائيڊ ٽيسٽ بابت پڇو۔ اهو هڪ سادو خوني ٽيسٽ آهي۔",https://www.thyroid.org/new-ata-guidelines-for-thyroid-disease-in-preconception-pregnancy-and-postpartum/
414,پي سي او ايس ۽ هارموني صحت,ٿائرائيڊ ۽ ٻيا هارموني عدم توازن,"جيڪڏهن منهنجي ماهواري بي قاعده آهي ته ڇا منهنجو ٿائرائيڊ چيڪ ٿيڻ گھرجي؟","ڇاڪاڻ ته ڪيتريون هارموني حالتون ماهواري کي بگاڙي سگهن ٿيون، تنهنڪري ڊاڪٽر پي سي او ايس جي تشخيص کان اڳ ٻيا سبب رد ڪن ٿا۔ ٿائرائيڊ جي جانچ ان جو حصو ٿي سگهي ٿي۔ پنهنجي ڊاڪٽر کان پڇو ته هو ڪهڙا ٽيسٽ ڪري رهيا آهن ۽ ڇو۔",https://www.who.int/news-room/fact-sheets/detail/polycystic-ovary-syndrome
415,پي سي او ايس ۽ هارموني صحت,ٿائرائيڊ ۽ ٻيا هارموني عدم توازن,"سست ٿائرائيڊ (Underactive Thyroid) ڇا آهي؟","ان جو مطلب آهي ته ٿائرائيڊ تمام گھٽ هارمون ٺاهي رهيو آهي، جيڪو جسم جي ڪيترن ڪمن کي سست ڪري ٿو۔ اها انهن حالتن مان هڪ آهي جيڪا حمل کان اڳ ۽ دوران عورتن لاءِ ٿائرائيڊ رهنمائي ۾ شامل آهي۔ ان جي تشخيص خوني ٽيسٽ سان ٿيندي آهي۔",https://www.thyroid.org/new-ata-guidelines-for-thyroid-disease-in-preconception-pregnancy-and-postpartum/
416,پي سي او ايس ۽ هارموني صحت,ٿائرائيڊ ۽ ٻيا هارموني عدم توازن,"تيز ٿائرائيڊ (Overactive Thyroid) ڇا آهي؟","ان جو مطلب آهي ته ٿائرائيڊ تمام گھڻو هارمون ٺاهي رهيو آهي، جيڪو جسم جي ڪيترن ڪمن کي تيز ڪري ٿو۔ اها هڪ سڃاتل ٿائرائيڊ حالت آهي جيڪا عورتن کي حمل دوران ۽ ان کانپوءِ متاثر ڪري ٿي۔ ان کي طبي جانچ ۽ علاج جي ضرورت آهي۔",https://www.thyroid.org/new-ata-guidelines-for-thyroid-disease-in-preconception-pregnancy-and-postpartum/
417,پي سي او ايس ۽ هارموني صحت,ٿائرائيڊ ۽ ٻيا هارموني عدم توازن,"ڇا مون کي حمل ۾ پنهنجو ٿائرائيڊ چيڪ ڪرائڻ گھرجي؟","حمل ۾ ٿائرائيڊ جي ڪارڪردگي جو ٽيسٽ خاص طبي رهنمائي هيٺ اچي ٿو، ۽ توهان کي ان جي ضرورت آهي يا نه اهو توهان جي حالت تي منحصر آهي۔ پنهنجي حمل واري صحت ڪارڪن کان پڇو۔ پاڻ ٽيسٽ رٿابندي يا تشريح نه ڪريو۔",https://www.thyroid.org/new-ata-guidelines-for-thyroid-disease-in-preconception-pregnancy-and-postpartum/
418,پي سي او ايس ۽ هارموني صحت,ٿائرائيڊ ۽ ٻيا هارموني عدم توازن,"ڇا ٿائرائيڊ جا مسئلا ٻار ڄمڻ کانپوءِ ظاهر ٿي سگهن ٿا؟","ها، ٻار ڄمڻ کانپوءِ ٿيندڙ ٿائرائيڊ جا مسئلا سڃاتل آهن ۽ خاص طور تي طبي رهنمائي ۾ شامل آهن۔ جيڪڏهن ٻار ڄمڻ کان پوءِ وارن مهينن ۾ توهان کي غير معمولي طور تي ٿڪل، اداس يا خراب محسوس ٿئي ته ان جو ذڪر ڪريو۔ هڪ خوني ٽيسٽ ان کي چيڪ ڪري سگهي ٿو۔",https://www.thyroid.org/new-ata-guidelines-for-thyroid-disease-in-preconception-pregnancy-and-postpartum/
419,پي سي او ايس ۽ هارموني صحت,ٿائرائيڊ ۽ ٻيا هارموني عدم توازن,"ڇا آئوڊين ٿائرائيڊ لاءِ اهم آهي؟","آئوڊين ٿائرائيڊ جي ڪم ڪرڻ لاءِ گھربل آهي، ۽ حمل کان اڳ، دوران ۽ کانپوءِ عورتن لاءِ آئوڊين بابت رهنمائي موجود آهي۔ پاڻ مرادو ڪا به شيءِ شروع نه ڪريو۔ صحت ڪارڪن کان پڇو ته توهان جي علائقي ۾ ڇا صلاح ڏني وڃي ٿي۔",https://www.thyroid.org/new-ata-guidelines-for-thyroid-disease-in-preconception-pregnancy-and-postpartum/
420,پي سي او ايس ۽ هارموني صحت,ٿائرائيڊ ۽ ٻيا هارموني عدم توازن,"ڇا آءٌ ٿڃ پيارائي سگهان ٿي جيڪڏهن مون کي ٿائرائيڊ جي حالت آهي؟","ٿڃ پيارڻ دوران ٿائرائيڊ جي سنڀال خاص طور تي طبي رهنمائي ۾ شامل آهي، تنهنڪري اها سنڀالڻ جوڳي حالت آهي۔ پنهنجي ڊاڪٽر کي ٻڌايو ته توهان ٿڃ پيارائي رهيا آهيو۔ علاج بند نه ڪريو يا صلاح کان سواءِ کير پيارڻ بند نه ڪريو۔",https://www.thyroid.org/new-ata-guidelines-for-thyroid-disease-in-preconception-pregnancy-and-postpartum/
421,پي سي او ايس ۽ هارموني صحت,ٿائرائيڊ ۽ ٻيا هارموني عدم توازن,"ڇا مون کي هڪ ئي وقت پي سي او ايس ۽ ٿائرائيڊ جو مسئلو ٿي سگهي ٿو؟","هڪ کان وڌيڪ هارموني حالت هجڻ ممڪن آهي۔ اهو ئي سبب آهي جو ڊاڪٽر هڪ تشخيص تي رڪجڻ بدران وسيع جانچ ڪن ٿا۔ پنهنجيون سڀ نشانيون ٻڌايو، صرف اهي نه جيڪي توهان کي لڳي ته لاڳاپيل آهن۔",https://www.who.int/news-room/fact-sheets/detail/polycystic-ovary-syndrome
422,پي سي او ايس ۽ هارموني صحت,ٿائرائيڊ ۽ ٻيا هارموني عدم توازن,"مون کي ڪيئن خبر پوندي ته منهنجيون نشانيون ٿائرائيڊ آهن يا پي سي او ايس؟","اڪيلو نشانين کان توهان انهن کي جدا نٿا ڪري سگهو، ڇاڪاڻ ته اهي هڪ ٻئي سان ملن ٿيون۔ خوني ٽيسٽ ئي انهن کي جدا ڪن ٿا۔ پاڻ فيصلو ڪرڻ بدران ڊاڪٽر کي ڏسو۔",https://www.who.int/news-room/fact-sheets/detail/polycystic-ovary-syndrome
423,پي سي او ايس ۽ هارموني صحت,ٿائرائيڊ ۽ ٻيا هارموني عدم توازن,"پي سي او ايس کان علاوه ٻيون ڪهڙيون حالتون ماهواري کي بگاڙي سگهن ٿيون؟","اينڊوميٽرائيوسس، ايڊينوميائوسس، فائبرائيڊز، رت وهڻ جون بيماريون، ماهواري کان اڳ واريون حالتون، ۽ بيضه دان جي جلدي ڪم بند ٿيڻ سڀ سڃاتل سبب آهن۔ ٿائرائيڊ جا مسئلا به خيال ۾ رکيا ويندا آهن۔ اهو ئي سبب آهي جو هڪ مناسب جانچ اهم آهي۔",https://www.who.int/news-room/fact-sheets/detail/menstrual-health
424,پي سي او ايس ۽ هارموني صحت,ٿائرائيڊ ۽ ٻيا هارموني عدم توازن,"بيضه دان جو جلدي ڪم بند ٿيڻ ڇا آهي؟","اها هڪ حالت آهي جنهن ۾ بيضه دان اميد کان اڳ ئي ڪم ڪرڻ بند ڪري ڏين ٿا، ۽ اها ماهواري جي مسئلن جي سڃاتل سببن مان هڪ آهي۔ ان کي طبي جانچ جي ضرورت آهي۔ اهو نه سمجهو ته غائب ماهواري هميشه پي سي او ايس آهي۔",https://www.who.int/news-room/fact-sheets/detail/menstrual-health
425,پي سي او ايس ۽ هارموني صحت,ٿائرائيڊ ۽ ٻيا هارموني عدم توازن,"فائبرائيڊز (Fibroids) ڇا آهن؟","اهي ٻچيدان ۾ ٿيندڙ واڌ آهن ۽ مسئلن واري ماهواري سان لاڳاپيل سڃاتل حالتن مان هڪ آهن۔ اهي گھڻي يا سور واري رت وهڻ جو سبب بڻجي سگهن ٿيون۔ هڪ ڊاڪٽر جائزو وٺي سگهي ٿو ته ڇا اهي ان جو سبب آهن۔",https://www.who.int/news-room/fact-sheets/detail/menstrual-health
426,پي سي او ايس ۽ هارموني صحت,ٿائرائيڊ ۽ ٻيا هارموني عدم توازن,"اينڊوميٽرائيوسس (Endometriosis) ڇا آهي؟","اها ڏکي ۽ سور واري ماهواري جي سبب طور سڃاتل هڪ حالت آهي۔ ان جي تشخيص لاءِ طبي جانچ گھربل آهي۔ جيڪڏهن توهان جو ماهواري وارو سور سخت هجي يا وڌي رهيو هجي ته ان لاءِ جانچ ٿيڻ لاءِ چئو۔",https://www.who.int/news-room/fact-sheets/detail/menstrual-health
427,پي سي او ايس ۽ هارموني صحت,ٿائرائيڊ ۽ ٻيا هارموني عدم توازن,"ڇا رت وهڻ جي بيماري گھڻي ماهواري جو سبب بڻجي سگهي ٿي؟","ها، رت وهڻ جون بيماريون مسئلن واري ماهواري جي رت وهڻ جي سڃاتل سببن مان آهن۔ انهن جي تشخيص خوني ٽيسٽن سان ٿيندي آهي۔ ڪا به آسانيءَ سان ڪَسِڻ يا ٻي هنڌان رت اچڻ پنهنجي ڊاڪٽر کي ٻڌايو۔",https://www.who.int/news-room/fact-sheets/detail/menstrual-health
428,پي سي او ايس ۽ هارموني صحت,ٿائرائيڊ ۽ ٻيا هارموني عدم توازن,"ڇا مون کي هارموني مسئلن لاءِ ڪنهن ماهر وٽ وڃڻ جي ضرورت آهي؟","پنهنجي ويجھي صحت مرڪز يا عام ڊاڪٽر کان شروع ڪريو، جيڪو ابتدائي ٽيسٽ ڪري سگهي ٿو ۽ ضرورت پوڻ تي اڳتي موڪلي سگهي ٿو۔ انهن حالتن جي سنڀال عام خدمتن کان شروع ٿيڻ گھرجي۔ توهان کي پاڻ ڪو ماهر ڳولڻ جي ضرورت ناهي۔",https://academic.oup.com/jcem/article/108/10/2447/7242360
429,پي سي او ايس ۽ هارموني صحت,ٿائرائيڊ ۽ ٻيا هارموني عدم توازن,"ڇا هارموني مسئلن جو علاج ٿي سگهي ٿو؟","ها، صحيح طور تي سڃاڻڻ کانپوءِ گھڻيون هارموني حالتون سٺي طرح قابو ۾ رکي سگهجن ٿيون۔ ڏکيائي عام طور تي تشخيص ۾ هوندي آهي، علاج ۾ نه۔ اهو ئي سبب آهي جو جانچ اهم آهي۔",https://www.who.int/news-room/fact-sheets/detail/polycystic-ovary-syndrome
430,پي سي او ايس ۽ هارموني صحت,ٿائرائيڊ ۽ ٻيا هارموني عدم توازن,"ڇا مون کي ڪنهن جي صلاح ڏنل هارموني دوا کائڻ گھرجي؟","نه۔ ٽيسٽن کانپوءِ ڊاڪٽر جي لکيل تجويز کان سواءِ ڪڏهن به هارموني دوائون نه کائو۔ ساڳيون نشانيون بلڪل مخالف هارموني مسئلن کان به اچي سگهن ٿيون، تنهنڪري غلط علاج نقصان پهچائي سگهي ٿو۔ پهريان ٽيسٽ ڪرايو۔",https://www.who.int/news-room/fact-sheets/detail/polycystic-ovary-syndrome
431,پي سي او ايس ۽ هارموني صحت,ٿائرائيڊ ۽ ٻيا هارموني عدم توازن,"هارموني حالتون ڪيتري عرصي رهنديون آهن؟","گھڻيون ڊگھي مهل جون حالتون آهن جن کي هڪ ڀيري جي علاج بدران مسلسل سنڀال جي ضرورت آهي۔ باقاعده فالو اپ سنڀال جو حصو آهي۔ توهان ٺيڪ محسوس ڪريو ته به پنهنجيون ملاقاتون رکو۔",https://www.who.int/news-room/fact-sheets/detail/polycystic-ovary-syndrome
432,پي سي او ايس ۽ هارموني صحت,ٿائرائيڊ ۽ ٻيا هارموني عدم توازن,"مون کي پنهنجن هارموني نشانين بابت ڊاڪٽر کي ڇا ٻڌائڻ گھرجي؟","پنهنجي ماهواري جو نمونو، ۽ وزن، وارن، چمڙي، توانائي يا مزاج ۾ ڪا به تبديلي بيان ڪريو، هر هڪ ڪڏهن شروع ٿي ان سميت۔ پنهنجي چڪر جي تاريخن جو رڪارڊ ساڻ کڻي وڃو۔ مڪمل تصوير ئي کين صحيح طرح جانچڻ جي قابل بڻائي ٿي۔",https://academic.oup.com/jcem/article/108/10/2447/7242360
433,پي سي او ايس ۽ هارموني صحت,طرز زندگي جي سنڀال,"پي سي او ايس ۾ ڪهڙيون زندگيءَ جون تبديليون مدد ڪن ٿيون؟","باقاعده جسماني سرگرمي، اڪيلي يا صحتمند کاڌي ۽ عملي عادتن ۾ تبديلين سان گڏ، پي سي او ايس واري سڀني عورتن لاءِ صلاح ڏني ويندي آهي۔ اها حالت جي ميٽابولڪ پاسي کي بهتر ڪري ٿي۔ اها طبي فالو اپ سان گڏ سڀ کان بهتر ڪم ڪري ٿي۔",https://academic.oup.com/jcem/article/108/10/2447/7242360
434,پي سي او ايس ۽ هارموني صحت,طرز زندگي جي سنڀال,"ڇا زندگيءَ جي صلاح پي سي او ايس واري هر عورت لاءِ آهي يا صرف ڪجهه لاءِ؟","اها پي سي او ايس واري سڀني عورتن لاءِ صلاح ڏني ويندي آهي، هنن جي وزن کان سواءِ۔ فائدا صحت بابت آهن، ظاهري شڪل بابت نه۔ هر ڪنهن کي جيڪو تشخيص ٿيل آهي کيس اها پيش ٿيڻ گھرجي۔",https://academic.oup.com/jcem/article/108/10/2447/7242360
435,پي سي او ايس ۽ هارموني صحت,طرز زندگي جي سنڀال,"ڇا رٿا مون سان گڏ ٺاهجي يا منهنجي لاءِ؟","توهان سان گڏ۔ زندگيءَ جون رٿائون توهان جي پسندن ۽ مقصدن کي خيال ۾ رکندي توهان سان شراڪت ۾ ٺاهڻ لاءِ آهن۔ اهڙي رٿا جيڪا توهان جي زندگيءَ سان نه ٺهڪي اهو گھٽ ئي هلي سگهي ٿي۔ صاف صاف چئو ته توهان لاءِ ڇا حقيقي آهي ۽ ڇا ناهي۔",https://academic.oup.com/jcem/article/108/10/2447/7242360
436,پي سي او ايس ۽ هارموني صحت,طرز زندگي جي سنڀال,"پي سي او ايس لاءِ ڪهڙي غذا سڀ کان بهتر آهي؟","ڪنهن به هڪ غذا کي ٻئي کان بهتر ثابت نه ڪيو ويو آهي۔ جيڪا صلاح ڏني ويندي آهي اها هڪ برقرار رکجهڻ لاءِ آسان صحتمند خوراڪ آهي جيڪا توهان جي پنهنجي پسند مطابق هجي ۽ عام صحتمند کائڻ جي صلاح تي هلي۔ تمام سخت رٿائن کان پاسو ڪريو۔",https://academic.oup.com/jcem/article/108/10/2447/7242360
437,پي سي او ايس ۽ هارموني صحت,طرز زندگي جي سنڀال,"ڇا مون کي پوري طور تي ڪجهه طعامن جي قسمون ڇڏي ڏيڻ گھرجن؟","پي سي او ايس ۾ بندش وارو ۽ غير متوازن کائڻ خاص طور تي روڪيو ويندو آهي۔ ان جي بدران متنوع، برقرار رکجهڻ لاءِ آسان نمونو رکو۔ جيڪڏهن ڪو توهان کي وڏا طعام ڇڏڻ جي صلاح ڏئي ته پهريان ڊاڪٽر يا غذائيت جي ماهر کان پڇو۔",https://academic.oup.com/jcem/article/108/10/2447/7242360
438,پي سي او ايس ۽ هارموني صحت,طرز زندگي جي سنڀال,"ڇا مون کي پي سي او ايس لاءِ خاص طعام خريد ڪرڻ جي ضرورت آهي؟","نه۔ عام صحتمند کائڻ جي رهنمائي لاڳو ٿئي ٿي، ۽ متوازن طريقي سان کاڌل عام گھريلو طعام ان کي پورو ڪري ٿو۔ مهانگين شين جي ضرورت ناهي۔ مسلسل ثابت قدمي شين جي خاصيت کان وڌيڪ اهم آهي۔",https://academic.oup.com/jcem/article/108/10/2447/7242360
439,پي سي او ايس ۽ هارموني صحت,طرز زندگي جي سنڀال,"مون کي هر هفتي ڪيتري سرگرمي جو مقصد رکڻ گھرجي؟","بالغن لاءِ تقريباً هڪ سو پنجاهه کان ٽي سئو منٽ معتدل سرگرمي هفتي ۾، عضلا مضبوط ڪندڙ ورزش سان هفتي ۾ ٻه ڀيرا۔ اهو عام آبادي جي رهنمائي جي پيروي ڪري ٿو۔ ان کي هڪ ئي وقت ڪرڻ بدران سڄي هفتي ۾ ورهايو۔",https://academic.oup.com/jcem/article/108/10/2447/7242360
440,پي سي او ايس ۽ هارموني صحت,طرز زندگي جي سنڀال,"پي سي او ايس لاءِ ڪهڙي قسم جي ورزش بهتر آهي؟","ڪنهن به مخصوص قسم يا شدت کي ٻئي کان بهتر ثابت نه ڪيو ويو آهي۔ اهو چونڊيو جيڪو توهان باقاعدگي ۽ محفوظ طريقي سان ڪري سگهو۔ باقاعدگي قسم کان وڌيڪ اهم آهي۔",https://academic.oup.com/jcem/article/108/10/2447/7242360
441,پي سي او ايس ۽ هارموني صحت,طرز زندگي جي سنڀال,"ڇا گھريلو ۽ فارم جو ڪم منهنجي سرگرمي ۾ ڳڻجي ٿو؟","سرگرمي جيڪا توهان جي ساهه ۽ دل جي رفتار وڌائي ٿي اها صلاح ڏنل ۾ ڳڻجي ٿي۔ روزاني جسماني ڪم حصو وجهي سگهي ٿو۔ اهم اها آهي ته اها باقاعده ۽ مسلسل هجي۔",https://academic.oup.com/jcem/article/108/10/2447/7242360
442,پي سي او ايس ۽ هارموني صحت,طرز زندگي جي سنڀال,"ڇا ورزش لاڀائتي آهي جيتوڻيڪ منهنجو وزن نه بدلجي؟","ها۔ ورزش پي سي او ايس ۾ ان جي ميٽابولڪ فائدن لاءِ صلاح ڏني ويندي آهي، جيڪي وزن جي تبديلي کان الڳ ٿين ٿا۔ خون جي شگر ۽ بلڊ پريشر بهتر ٿي سگهن ٿا بغير انگ بدلجڻ جي۔ جاري رکو۔",https://academic.oup.com/jcem/article/108/10/2447/7242360
443,پي سي او ايس ۽ هارموني صحت,طرز زندگي جي سنڀال,"ڇا مقصد وزن گھٽائڻ هجڻ گھرجي يا ڪا ٻي شيءِ؟","مقصد ۾ وڌيڪ وزن وڌڻ کان بچاءُ ۽ صحت جي نشانين ۾ بهتري شامل آهن، صرف وزن گھٽائڻ نه۔ جيڪڏهن وزن گھٽائڻ مناسب هجي ته هڪ ماهر سان گڏ حقيقي ذاتي هدف مقرر ڪري سگهجي ٿو۔ هر ڪنهن لاءِ ڪو هڪ انگ ناهي۔",https://academic.oup.com/jcem/article/108/10/2447/7242360
444,پي سي او ايس ۽ هارموني صحت,طرز زندگي جي سنڀال,"ڇا ڪوشش ڪرڻ باوجود وزن سان جدوجهد ڪرڻ عام آهي؟","ها، پي سي او ايس واري گھڻيون عورتون اهو محسوس ڪن ٿيون، ۽ صحت ڪارڪن کي خاص طور تي وزن جي بدنامي کان واقف رهڻ جي صلاح ڏني وڃي ٿي۔ جدوجهد ڪرڻ توهان جي ذاتي ناڪامي ناهي۔ پاڻ کي الزام ڏيڻ بدران عملي مدد لاءِ چئو۔",https://academic.oup.com/jcem/article/108/10/2447/7242360
445,پي سي او ايس ۽ هارموني صحت,طرز زندگي جي سنڀال,"وزن جي بدنامي ڇا آهي ۽ اهو هتي ڇو اهم آهي؟","ان جو مطلب آهي وزن سبب ڪنهن سان بڇڙو سلوڪ ڪرڻ يا ان لاءِ نيچو ڏيکارڻ، ۽ پي سي او ايس ۾ زندگيءَ جي طريقن بابت ڳالهائيندي صحت ڪارڪن کي ان کان واقف رهڻ جي صلاح ڏني وڃي ٿي۔ اهو عورتن کي سنڀال حاصل ڪرڻ کان روڪي ٿو۔ توهان کي عزت سان سلوڪ ملڻ جو حق آهي۔",https://academic.oup.com/jcem/article/108/10/2447/7242360
446,پي سي او ايس ۽ هارموني صحت,طرز زندگي جي سنڀال,"ڇا پي سي او ايس منهنجي کائڻ جي عادتن تي اثر انداز ٿي سگهي ٿي؟","کاڌي جي بي قاعده عادتن کي پي سي او ايس ۾ ذهن ۾ رکجي، عورت جي وزن کان سواءِ، خاص ڪري وزن جي سنڀال جي حوالي سان۔ جيڪڏهن کاڌي سان توهان جو رشتو ڏکيو يا بي قابو محسوس ٿئي ته چئو۔ اهو تصوير جو هڪ سڃاتل حصو آهي ۽ مدد موجود آهي۔",https://academic.oup.com/jcem/article/108/10/2447/7242360
447,پي سي او ايس ۽ هارموني صحت,طرز زندگي جي سنڀال,"جيڪڏهن مون کي پي سي او ايس آهي ته ڇا مون کي اداسي لاءِ اسڪرين ٿيڻ گھرجي؟","ها، اداسي جي اسڪريننگ پي سي او ايس واري سڀني بالغن ۽ نوجوانن لاءِ صلاح ڏنل آهي، مقامي حالتن مطابق اوزار استعمال ڪندي۔ بالغن ۾ پريشاني جي اسڪريننگ به صلاح ڏنل آهي۔ جيڪڏهن توهان جو ڊاڪٽر نه پڇي ته پاڻ اهو موضوع کڻو۔",https://academic.oup.com/jcem/article/108/10/2447/7242360
448,پي سي او ايس ۽ هارموني صحت,طرز زندگي جي سنڀال,"جيڪڏهن مزاج جي اسڪريننگ ۾ ڪو مسئلو ملي ته ڇا ٿيندو؟","ڊاڪٽر کي توهان جو وڌيڪ جائزو وٺڻ، علاج پيش ڪرڻ، يا مناسب اڳتي موڪلڻ گھرجي۔ معتدل يا سخت نشانين کي بنا ڌيان ڏنل نه ڇڏيو ويندو۔ مدد پي سي او ايس جي سنڀال جو هڪ عام حصو آهي، ڪا اضافي شيءِ نه۔",https://academic.oup.com/jcem/article/108/10/2447/7242360
449,پي سي او ايس ۽ هارموني صحت,طرز زندگي جي سنڀال,"ڇا پي سي او ايس سان پريشاني ۽ اداسي عام آهن؟","ها، ذهني صحت تي اثرات، جن ۾ پريشاني ۽ اداسي شامل آهن، پي سي او ايس جون سڃاتل خاصيتون آهن۔ توهان ان تعلق کي تصور نٿا ڪري رهيا۔ پنهنجي ڊاڪٽر کي ٻڌايو، ڇاڪاڻ ته اها حالت جي سنڀال جو حصو طور علاج ڪئي وڃي ٿي۔",https://www.who.int/news-room/fact-sheets/detail/polycystic-ovary-syndrome
450,پي سي او ايس ۽ هارموني صحت,طرز زندگي جي سنڀال,"ڇا پي سي او ايس منهنجي پنهنجي جسم بابت محسوس ٿيڻ کي اثر انداز ڪري ٿي؟","جسم جي شبيه جي پريشاني پي سي او ايس ۾ سڃاتل آهي ۽ ڊاڪٽرن کي ان جو جائزو وٺڻ جي صلاح ڏني وڃي ٿي۔ وارن، چمڙي ۽ وزن ۾ تبديليون سمجهه ۾ اچڻ جوڳي طرح عورتن جي احساسن تي اثر انداز ٿين ٿيون۔ ان بابت ڳالهائڻ صحيح سنڀال حاصل ڪرڻ جو حصو آهي۔",https://academic.oup.com/jcem/article/108/10/2447/7242360
451,پي سي او ايس ۽ هارموني صحت,طرز زندگي جي سنڀال,"آءٌ پي سي او ايس پنهنجي خاندان کي ڪيئن سمجهايان؟","توهان چئي سگهو ٿيون ته اها هڪ عام هارموني حالت آهي جيڪا لڳ ڀڳ هر ڏهن مان هڪ عورت کي متاثر ڪري ٿي، جيڪا ماهواري ۽ هارمون جي سطحن کي بدلائي ٿي ۽ باقاعده صحت جي چڪن جي ضرورت آهي۔ اهو توهان جي ڪنهن به غلط ڪم سبب نه ٿيو آهي۔ ملاقات ۾ خاندان جي ڪنهن فرد کي وٺي وڃڻ کين ڊاڪٽر کان ٻڌڻ ۾ مدد ڪري سگهي ٿو۔",https://www.who.int/news-room/fact-sheets/detail/polycystic-ovary-syndrome
452,پي سي او ايس ۽ هارموني صحت,طرز زندگي جي سنڀال,"تشخيص ٿيڻ کانپوءِ مون کي ڪيتري ڀيري ڊاڪٽر وٽ وڃڻ جي ضرورت آهي؟","بلڊ پريشر هر سال، خون ۾ شگر هر هڪ کان ٽن سالن ۾، ۽ ڪولیسٽرول جي فالو اپ توهان جي نتيجن ۽ خطرن مطابق۔ حمل جي رٿابندي وقت وڌيڪ چڪاسون لاڳو ٿين ٿيون۔ توهان جو ڊاڪٽر توهان جو شيڊول مقرر ڪندو۔",https://academic.oup.com/jcem/article/108/10/2447/7242360
453,پي سي او ايس ۽ هارموني صحت,طرز زندگي جي سنڀال,"جيڪڏهن منهنجيون نشانيون هلڪيون آهن ته به ڇا مون کي فالو اپ جي ضرورت آهي؟","ها۔ خون جي شگر، بلڊ پريشر، دل ۽ ٻچيدان سان لاڳاپيل خطرا موجود رهن ٿا، توهان جون نشانيون ڪيتريون به تڪليف واريون هجن ان کان سواءِ۔ فالو اپ انهن خطرن بابت آهي۔ حاضري ڏيندا رهو۔",https://www.who.int/news-room/fact-sheets/detail/polycystic-ovary-syndrome
454,پي سي او ايس ۽ هارموني صحت,طرز زندگي جي سنڀال,"ڇا پي سي او ايس جو علاج ٿي سگهي ٿو؟","ان جو ڪو علاج ناهي، پر نشانين کي اثرائتي طريقي سان قابو ۾ رکي سگهجي ٿو ۽ لاڳاپيل خطرن کي گھٽائي سگهجي ٿو۔ گھڻيون عورتون ان سان سٺي طرح جيئن ٿيون۔ مسلسل سنڀال ئي اهو آهي جيڪو فرق آڻي ٿو۔",https://www.who.int/news-room/fact-sheets/detail/polycystic-ovary-syndrome
455,پي سي او ايس ۽ هارموني صحت,طرز زندگي جي سنڀال,"ڇا منهنجي پي سي او ايس وقت سان گڏ بگڙندي ويندي؟","نشانيون فقط بگڙڻ بدران زندگيءَ دوران بدلجي سگهن ٿيون۔ باقاعده فالو اپ تبديلين کي پڪڙڻ ۽ سنڀالڻ جي اجازت ڏئي ٿو۔ اهو نه سمجهو ته اهو لازمي طور تي وڌيڪ خراب ٿيندو۔",https://www.who.int/news-room/fact-sheets/detail/polycystic-ovary-syndrome
456,پي سي او ايس ۽ هارموني صحت,طرز زندگي جي سنڀال,"ڇا نشانيون بهتر ٿيڻ تي مون کي علاج بند ڪري ڏيڻ گھرجي؟","پنهنجي ڊاڪٽر سان ڳالهائڻ کان سواءِ ڪڏهن به لکيل علاج بند نه ڪريو۔ بهتري اڪثر ڪري ان ڳالهه جو عڪس آهي ته علاج ڪم ڪري رهيو آهي۔ ڪا به تبديلي کين پهريان ٻڌايو۔",https://www.who.int/news-room/fact-sheets/detail/polycystic-ovary-syndrome
457,پي سي او ايس ۽ هارموني صحت,طرز زندگي جي سنڀال,"جيڪڏهن آءٌ حمل جي رٿابندي ڪري رهي آهيان ته مون کي ڇا ڪرڻ گھرجي؟","پنهنجي ڊاڪٽر کي ٻڌايو، ڇاڪاڻ ته حمل يا زرخيزي جي علاج جي رٿابندي وقت خون ۾ شگر ۽ بلڊ پريشر چيڪ ٿيڻ گھرجي۔ پي سي او ايس حمل ۾ ذیابيطس جو امڪان وڌائي ٿي۔ اڳواٽ رٿابندي ڪرڻ حمل کي وڌيڪ محفوظ بڻائي ٿي۔",https://academic.oup.com/jcem/article/108/10/2447/7242360
458,پي سي او ايس ۽ هارموني صحت,طرز زندگي جي سنڀال,"ڇا آءٌ حامله ٿيڻ جو امڪان بهتر ڪرڻ لاءِ ڪجهه ڪري سگهان ٿي؟","زندگيءَ جا اپاءَ پي سي او ايس واري سڀني عورتن لاءِ صلاح ڏنل آهن ۽ مجموعي صحت ۾ مدد ڪن ٿا۔ بيضو خارج ٿيڻ ۾ مدد ڏيندڙ علاج موجود آهن ۽ ڊاڪٽر انهن بابت ڳالهائي سگهي ٿو۔ سالن تائين اڪيلي ڪوشش ڪرڻ بدران شروعات ۾ ئي ڪنهن کي ڏسو۔",https://www.who.int/news-room/fact-sheets/detail/polycystic-ovary-syndrome
459,پي سي او ايس ۽ هارموني صحت,طرز زندگي جي سنڀال,"پي سي او ايس جي سنڀال عام طور تي ڪٿي ٿيڻ گھرجي؟","سنڀال عام بنيادي سنڀال ۾ آسانيءَ سان دستياب هئڻ لاءِ آهي، ضرورت پوڻ تي ماهرن ڏانهن اڳتي موڪلڻ سان۔ توهان کي پاڻ کي پهريان ماهر ڳولڻ جي ضرورت نه هجڻ گھرجي۔ پنهنجي ويجھي صحت مرڪز کان شروع ڪريو۔",https://academic.oup.com/jcem/article/108/10/2447/7242360
460,پي سي او ايس ۽ هارموني صحت,طرز زندگي جي سنڀال,"جيڪڏهن منهنجي صحت ڪارڪن کي پي سي او ايس بابت گھڻي ڄاڻ نه هجي ته ڇا ٿيندو؟","صحت ڪارڪن وٽ پي سي او ايس بابت ڄاڻ ۾ خال هجڻ هڪ سڃاتل مسئلو آهي۔ توهان مخصوص چڪاسن لاءِ پڇي سگهو ٿيون، يا ٻي راءِ ڳولي سگهو ٿيون۔ پنهنجن نشانين ۽ چڪر جو لکيل رڪارڊ رکڻ مدد ڪري ٿو۔",https://academic.oup.com/jcem/article/108/10/2447/7242360
461,پي سي او ايس ۽ هارموني صحت,طرز زندگي جي سنڀال,"ڇا منهنجي علاج بابت فيصلا مون سان گڏ ڪيا وڃڻ گھرجن؟","ها، پي سي او ايس جي سموري سنڀال دوران گڏيل فيصلي سازي تي زور ڏنو ويندو آهي، توهان جي ٻولي ۽ حالتن مطابق معلومات سان گڏ۔ توهان کي پنهنجي علاج کي سمجهڻ ۽ ان تي رضامند ٿيڻ جو حق آهي۔ اهو واضح ٿيڻ تائين سوال پڇو۔",https://academic.oup.com/jcem/article/108/10/2447/7242360
462,پي سي او ايس ۽ هارموني صحت,طرز زندگي جي سنڀال,"ڇا مون کي پنهنجي زبان ۾ پي سي او ايس بابت معلومات ملي سگهي ٿي؟","رهنمائي ان تي زور ڏئي ٿي ته معلوماتي وسيلا ثقافتي طور تي مناسب ۽ ترتيب ڏنل هجڻ گھرجن۔ پنهنجي صحت ڪارڪن کان چئو ته اها ٻولي ۾ وضاحت ڪري جنهن ۾ توهان آرام محسوس ڪريو ٿيون۔ پنهنجي حالت کي سمجهڻ توهان جي سنڀال جو حصو آهي۔",https://academic.oup.com/jcem/article/108/10/2447/7242360
463,پي سي او ايس ۽ هارموني صحت,طرز زندگي جي سنڀال,"ڇا ٺيڪ محسوس ڪرڻ باوجود پي سي او ايس کي سنڀالڻ جو ڪو فائدو آهي؟","ها۔ سنڀال جا بنيادي سبب خون جي شگر، بلڊ پريشر، دل ۽ ٻچيدان لاءِ ڊگھي مهل جا خطرا آهن، جيڪي اڪثر ڪا به نشاني ظاهر ڪئي بغير وڌن ٿا۔ ٺيڪ محسوس ٿيڻ جو مطلب اهو ناهي ته انهن جي چڪاس ٿي رهي آهي۔ پنهنجيون ملاقاتون رکو۔",https://www.who.int/news-room/fact-sheets/detail/polycystic-ovary-syndrome
464,پي سي او ايس ۽ هارموني صحت,طرز زندگي جي سنڀال,"تشخيص کانپوءِ ڪرڻ لاءِ سڀ کان اهم شيون ڪهڙيون آهن؟","پنهنجو خون جو شگر، ڪولیسٽرول ۽ بلڊ پريشر چيڪ ڪرايو، پنهنجي ماهواري ۽ ڪنهن به وارن يا چمڙي جي نشانين تي ڳالهايو، پنهنجي مزاج بابت ڊاڪٽر کي ٻڌايو، ۽ هڪ حقيقي سرگرمي ۽ کاڌي جي رٿا تي متفق ٿيو۔ پوءِ فالو اپ شيڊول رکو۔ اهي قدم گھڻي ڪجهه کي پورو ڪن ٿا جيڪي اهم آهن۔",https://academic.oup.com/jcem/article/108/10/2447/7242360
465,پي سي او ايس ۽ هارموني صحت,طرز زندگي جي سنڀال,"ڇا تماڪ نوشي پي سي او ايس کي وڌيڪ خراب ڪري سگهي ٿي؟","پي سي او ايس اڳ ۾ ئي دل ۽ رت جي رڳن جي خطرن سان لاڳاپيل آهي، تنهنڪري تماڪ کان پاسو ڪرڻ ان سبب اهم آهي۔ جيڪڏهن توهان کي ڇڏڻ ۾ مدد جي ضرورت هجي ته صحت ڪارڪن کان پڇو۔ اهو توهان لاءِ موجود واضح فائدن مان هڪ آهي۔",https://www.who.int/news-room/fact-sheets/detail/polycystic-ovary-syndrome
466,پي سي او ايس ۽ هارموني صحت,طرز زندگي جي سنڀال,"پي سي او ايس سان جيئڻ ۾ ڪير منهنجي مدد ڪري سگهي ٿو؟","توهان جو صحت ڪارڪن، ۽ جتي موجود هجي اُتي هڪ غذائيت جو ماهر يا صلاحڪار، ڇاڪاڻ ته پي سي او ايس جي سنڀال ۾ ڪيترن قسمن جي مدد شامل هجڻ گھرجي۔ خاندان جي سمجهه به گھڻو مدد ڪري ٿي۔ پڇو ته توهان جي علائقي ۾ ڪهڙيون خدمتون موجود آهن۔",https://academic.oup.com/jcem/article/108/10/2447/7242360
467,پي سي او ايس ۽ هارموني صحت,پي سي او ايس ۽ هارمونن بابت غلط فهميون,"ڇا اهو صحيح آهي ته پي سي او ايس جو مطلب آهي ته آءٌ ڪڏهن به ٻار ڄڻي نه سگهنديس؟","نه۔ پي سي او ايس حامله ٿيڻ ۾ ڏکيائي جو هڪ اهم سبب آهي، پر پي سي او ايس واري گھڻيون عورتون ٻار ڄڻن ٿيون۔ بيضه دان کي بيضو خارج ڪرڻ ۾ مدد ڏيندڙ علاج، ۽ زرخيزي جا ٻيا اختيار موجود آهن۔ اندازو لڳائڻ بدران شروعات ۾ ئي ڊاڪٽر کي ڏسو۔",https://www.who.int/news-room/fact-sheets/detail/polycystic-ovary-syndrome
468,پي سي او ايس ۽ هارموني صحت,پي سي او ايس ۽ هارمونن بابت غلط فهميون,"ڇا پي سي او ايس گھڻي کنڊ کائڻ سبب ٿئي ٿي؟","نه۔ پي سي او ايس هڪ هارموني حالت آهي جنهن ۾ بلند مردانه قسم جي هارمونن جي سطح شامل آهي۔ انسولين جا مسئلا ان سان لاڳاپيل آهن، پر کاڌي جون چونڊون سبب ناهن۔ غذا کي سنڀالڻ ميٽابولڪ پاسي ۾ مدد ڪري ٿي، پر ان اها حالت پيدا نه ڪئي هئي۔",https://www.who.int/news-room/fact-sheets/detail/polycystic-ovary-syndrome
469,پي سي او ايس ۽ هارموني صحت,پي سي او ايس ۽ هارمونن بابت غلط فهميون,"ڇا پي سي او ايس هڪ سزا آهي يا مون ڪجهه ڪيو آهي جنهن جو نتيجو آهي؟","نه۔ اها هڪ عام هارموني حالت آهي جيڪا سڄي دنيا ۾ ٻار ڄڻڻ جي عمر جي لڳ ڀڳ هر ڏهن مان هڪ عورت کي متاثر ڪري ٿي۔ توهان جي ڪنهن به ڪم اها نه آندي۔ ان کي طبي سنڀال جي ضرورت آهي، شرم جي نه۔",https://www.who.int/news-room/fact-sheets/detail/polycystic-ovary-syndrome
470,پي سي او ايس ۽ هارموني صحت,پي سي او ايس ۽ هارمونن بابت غلط فهميون,"ڇا پي سي او ايس هڪ ناياب حالت آهي؟","نه، اها عام آهي، جيڪا سڄي دنيا ۾ ٻار ڄڻڻ جي عمر جي لڳ ڀڳ ڏهن کان تيرهن سؤ عورتن مان هر سؤ کي متاثر ڪري ٿي۔ اها صرف ناياب لڳي ٿي ڇاڪاڻ ته لڳ ڀڳ ست ڏهن مان ڪيس ڪڏهن به تشخيص نٿا ٿين۔ توهان جي چوڌاري گھڻين عورتن کي اها ٿي سگهي ٿي۔",https://www.who.int/news-room/fact-sheets/detail/polycystic-ovary-syndrome
471,پي سي او ايس ۽ هارموني صحت,پي سي او ايس ۽ هارمونن بابت غلط فهميون,"ڇا صرف موٽيون عورتون پي سي او ايس ۾ مبتلا ٿين ٿيون؟","نه۔ پي سي او ايس هر جسماني ماپ جي عورتن ۾ ٿئي ٿي، اهو ئي سبب آهي جو وزن کان سواءِ خون جي شگر جو ٽيسٽ صلاح ڏنل آهي۔ سنهڙي هجڻ ان کي رد نٿو ڪري يا لاڳاپيل خطرن کي هٽائي نٿو سگهي۔ جانچ نشانين تي ٻڌل آهي، ماپ تي نه۔",https://academic.oup.com/jcem/article/108/10/2447/7242360
472,پي سي او ايس ۽ هارموني صحت,پي سي او ايس ۽ هارمونن بابت غلط فهميون,"ڇا وزن گھٽائڻ سان پي سي او ايس ختم ٿي ويندي؟","زندگيءَ جي تبديلي صلاح ڏني ويندي آهي ۽ ميٽابولڪ پاسي ۾ مدد ڪري ٿي، پر پي سي او ايس جو ڪو علاج ناهي ۽ اها پاڻمرادو نه ٿي وڃي ٿي۔ گھڻين عورتن کي طبي علاج جي به ضرورت پوندي آهي۔ پنهنجي وزن سان ڇا به ٿئي، پنهنجيون چڪاسون جاري رکو۔",https://www.who.int/news-room/fact-sheets/detail/polycystic-ovary-syndrome
473,پي سي او ايس ۽ هارموني صحت,پي سي او ايس ۽ هارمونن بابت غلط فهميون,"ڇا شادي ٿيڻ يا ٻار ڄمائڻ پي سي او ايس کي ختم ڪري ٿو؟","نه۔ پي سي او ايس هڪ ڊگھي مهل جي حالت آهي جنهن کي علاج جي بدران سنڀاليو ويندو آهي، ۽ ان جون نشانيون زندگيءَ دوران بدلجي سگهن ٿيون۔ حمل ان کي هٽائي نٿو ڏي۔ ان کانپوءِ به پنهنجيون باقاعده چڪاسون جاري رکو۔",https://www.who.int/news-room/fact-sheets/detail/polycystic-ovary-syndrome
474,پي سي او ايس ۽ هارموني صحت,پي سي او ايس ۽ هارمونن بابت غلط فهميون,"ڇا پي سي او ايس صرف سست يا موٽي هجڻ جو بهانو آهي؟","نه۔ اها هڪ سڃاتل هارموني حالت آهي جنهن ۾ ماپيل هارمون جون تبديليون ۽ ذیابيطس ۽ دل جي بيماري جهڙا سچا لاڳاپيل خطرا شامل آهن۔ صحت ڪارڪن کي ان بابت ڳالهائيندي وزن جي بدنامي کان بچڻ جي صلاح ڏني وڃي ٿي۔ ان کي رد ڪرڻ طبي طور تي صحيح ناهي۔",https://academic.oup.com/jcem/article/108/10/2447/7242360
475,پي سي او ايس ۽ هارموني صحت,پي سي او ايس ۽ هارمونن بابت غلط فهميون,"ڇا بي قاعده رت وهڻ صرف عورت هجڻ جو هڪ عام حصو آهي؟","نه۔ ماهواري جي مسئلن جي بروقت تشخيص ۽ علاج ماهواري جي صحت جي حصي طور شمار ٿئي ٿو۔ بي قاعده چڪرن جا سبب هوندا آهن جيڪي معلوم ٿي سگهن ٿا ۽ اڪثر علاج ٿي سگهن ٿا۔ ان کي محض سهي وڃجڻ نه گھرجي۔",https://www.who.int/news-room/fact-sheets/detail/menstrual-health
476,پي سي او ايس ۽ هارموني صحت,پي سي او ايس ۽ هارمونن بابت غلط فهميون,"ڇا ماهواري جو سور اهڙي شيءِ آهي جنهن کي سڀ عورتن کي محض سهڻو گھرجي؟","نه۔ ماهواري ايندڙ هر ٽن مان ٻن کان وڌيڪ عورتون سور محسوس ڪن ٿيون، پر ان جو مطلب اهو ناهي ته علاج غير ضروري آهي۔ ماهواري جي مسئلن جي تشخيص ۽ علاج تائين رسائي صحيح صحت جي سنڀال جو حصو آهي۔ مدد لاءِ چئو۔",https://www.who.int/news-room/fact-sheets/detail/menstrual-health
477,پي سي او ايس ۽ هارموني صحت,پي سي او ايس ۽ هارمونن بابت غلط فهميون,"ڇا ماهواري بابت ڳالهائڻ شرمناڪ آهي؟","نه۔ ماهواري سان لاڳاپيل ڪلنڪ کان آزادي ماهواري جي صحت جي سڃاتل حصن مان هڪ آهي۔ ڊاڪٽر ماهواري کي هڪ عام طبي معاملي طور وٺن ٿا۔ کلي ڳالهائڻ توهان کي بهتر سنڀال ڏياري ٿو۔",https://www.who.int/news-room/fact-sheets/detail/menstrual-health
478,پي سي او ايس ۽ هارموني صحت,پي سي او ايس ۽ هارمونن بابت غلط فهميون,"ڇا پي سي او ايس ۾ بيضه دان جا رسولا خطرناڪ واڌ آهن؟","پي سي او ايس ۾ اسڪين تي نظر ايندڙ ننڍڙيون شيون فولیکلز آهن، بيماري وارا رسولا نه، توڙي جو حالت جي نالي ۾ رسولن جو ذڪر آهي۔ اهو ئي سبب آهي جو اهو نتيجو ڳڻيو ويندو آهي، واڌ طور علاج نٿو ڪيو وڃي۔ توهان جو ڊاڪٽر توهان جو پنهنجو اسڪين سمجهائي سگهي ٿو۔",https://academic.oup.com/jcem/article/108/10/2447/7242360
479,پي سي او ايس ۽ هارموني صحت,پي سي او ايس ۽ هارمونن بابت غلط فهميون,"ڇا پي سي او ايس لاءِ هميشه آپريشن جي ضرورت آهي؟","نه۔ پي سي او ايس زندگيءَ جي اپائن ۽ دوائن سان سنڀاليو ويندو آهي، ضرورت پوڻ تي زرخيزي جي علاج سان۔ آپريشن معياري طريقو ناهي۔ اختيارن بابت ڊاڪٽر سان ڳالهايو۔",https://www.who.int/news-room/fact-sheets/detail/polycystic-ovary-syndrome
480,پي سي او ايس ۽ هارموني صحت,پي سي او ايس ۽ هارمونن بابت غلط فهميون,"ڇا جڙي ٻوٽين وارا نسخا پي سي او ايس کي علاج ڪري سگهن ٿا؟","پي سي او ايس جو ڪو علاج ناهي، تنهنڪري ڪو به نسخو ان کي علاج نٿو ڪري سگهي۔ ڪجهه شيون علاجن سان ملي وڃن ٿيون يا غير محفوظ ٿي سگهن ٿيون۔ توهان جيڪا به شيءِ کائيندا آهيو ان بابت ڊاڪٽر کي ٻڌايو ۽ جانچيل علاج تي ڀروسو ڪريو۔",https://www.who.int/news-room/fact-sheets/detail/polycystic-ovary-syndrome
481,پي سي او ايس ۽ هارموني صحت,پي سي او ايس ۽ هارمونن بابت غلط فهميون,"ڇا مون کي اها دوا کائڻ گھرجي جيڪا منهنجي سهيلي جي پي سي او ايس ۾ مدد ڪئي هئي؟","نه۔ پي سي او ايس ۾ علاج ٽيسٽن کانپوءِ چونڊيا ويندا آهن ۽ توهان جي مخصوص نتيجن ۽ رٿائن تي منحصر هوندا آهن۔ ساڳيون نشانيون مختلف سببن مان اچي سگهن ٿيون۔ ڪڏهن به لکيل دوا نه کائو جيڪا توهان لاءِ لکي نه ويئي هجي۔",https://academic.oup.com/jcem/article/108/10/2447/7242360
482,پي سي او ايس ۽ هارموني صحت,پي سي او ايس ۽ هارمونن بابت غلط فهميون,"ڇا پي سي او ايس لاءِ مانع حمل گوريون کائڻ بعد ۾ اولاد ۾ رڪاوٽ آڻي ٿي؟","گڏيل هارموني مانع حمل گوريون پي سي او ايس ۾ چڪر کي منظم ڪرڻ لاءِ استعمال ٿيندڙ سڃاتل علاجن مان آهن۔ ڇا اهي توهان لاءِ مناسب آهن اهو هڪ طبي فيصلو آهي۔ ٻڌل ڳالهين تي علاج بند ڪرڻ بدران ڪا به پريشاني پنهنجي ڊاڪٽر سان ڳالهايو۔",https://www.who.int/news-room/fact-sheets/detail/polycystic-ovary-syndrome
483,پي سي او ايس ۽ هارموني صحت,پي سي او ايس ۽ هارمونن بابت غلط فهميون,"جيڪڏهن منهنجي ماهواري ايندي رهي ته ڇا ان جو مطلب آهي ته منهنجي پي سي او ايس ختم ٿي وئي آهي؟","نه۔ بيضو خارج ٿيڻ کان سواءِ به رت اچي سگهي ٿو، ۽ خون جي شگر، بلڊ پريشر ۽ ٻچيدان سان لاڳاپيل خطرا موجود رهن ٿا۔ اهو ئي سبب آهي جو فالو اپ اڃا به جاري رهي ٿو۔ پنهنجيون چڪاسون جاري رکو۔",https://www.who.int/news-room/fact-sheets/detail/polycystic-ovary-syndrome
484,پي سي او ايس ۽ هارموني صحت,پي سي او ايس ۽ هارمونن بابت غلط فهميون,"ڇا بي قاعده ماهواري رکندڙ هر ڪنهن کي پي سي او ايس آهي؟","نه۔ اينڊوميٽرائيوسس، ايڊينوميائوسس، فائبرائيڊز، رت وهڻ جون بيماريون، ماهواري کان اڳ واريون حالتون ۽ بيضه دان جو جلدي ڪم بند ٿيڻ سڀ ماهواري کي بگاڙي سگهن ٿا۔ پي سي او ايس ڪيترن سببن مان هڪ آهي۔ صرف جانچ ئي ٻڌائي سگهي ٿي ته ڪهڙو لاڳو ٿئي ٿو۔",https://www.who.int/news-room/fact-sheets/detail/menstrual-health
485,پي سي او ايس ۽ هارموني صحت,پي سي او ايس ۽ هارمونن بابت غلط فهميون,"ڇا آءٌ انٽرنيٽ تان نشانين کان پنهنجو پي سي او ايس پاڻ تشخيص ڪري سگهان ٿي؟","نه۔ تشخيص لاءِ گھٽ ۾ گھٽ ٻن مخصوص نتيجن ۽ ٻين سببن جي رد ٿيڻ جي ضرورت آهي، جنهن لاءِ ٽيسٽن جي ضرورت آهي۔ پاڻ تشخيص اڪثر ڪري ٻي ڪا علاج جوڳي حالت وساري ڇڏيندي آهي۔ هڪ مناسب جانچ لاءِ وڃو۔",https://www.who.int/news-room/fact-sheets/detail/polycystic-ovary-syndrome
486,پي سي او ايس ۽ هارموني صحت,پي سي او ايس ۽ هارمونن بابت غلط فهميون,"ڇا پي سي او ايس فقط انهن عورتن لاءِ مسئلو آهي جيڪي ٻار چاهين ٿيون؟","نه۔ اها ذیابيطس، بلند بلڊ پريشر، بلند ڪولیسٽرول، دل جي بيماري، ننڊ جا مسئلا، جگر جا مسئلا ۽ ٻچيدان جي پرت ۾ تبديلين سان لاڳاپيل آهي۔ اهي حالت واري هر عورت کي متاثر ڪن ٿيون۔ سنڀال توهان جي خاندان جي رٿابندي کان سواءِ گھربل آهي۔",https://www.who.int/news-room/fact-sheets/detail/polycystic-ovary-syndrome
487,پي سي او ايس ۽ هارموني صحت,پي سي او ايس ۽ هارمونن بابت غلط فهميون,"ڇا منهن جا وار هجڻ جو مطلب آهي ته عورت ناسازگار آهي؟","پي سي او ايس ۾ ناپسنديده وارن جو اُڀرڻ هارمون سطحن سبب آهي، عورت جي ڪردار يا قدر بابت ڪنهن به شيءِ سبب نه۔ اهو هڪ طبي نشاني آهي جنهن لاءِ علاج موجود آهن۔ ان مان جسم جي شبيه جي پريشاني سڃاتل آهي ۽ ان جي مدد ٿي سگهي ٿي۔",https://academic.oup.com/jcem/article/108/10/2447/7242360
488,پي سي او ايس ۽ هارموني صحت,پي سي او ايس ۽ هارمونن بابت غلط فهميون,"ڇا مهاسا خراب صفائي سبب ٿين ٿا؟","نه۔ پي سي او ايس ۾ مهاسا بلند مردانه قسم جي هارمونن سبب چمڙي ۾ تيل وڌڻ مان اچن ٿا۔ وڌيڪ ڌوئڻ ان کي حل نه ڪندو۔ هارموني سبب جو علاج ڪرڻ ئي طبي طريقو آهي۔",https://www.who.int/news-room/fact-sheets/detail/polycystic-ovary-syndrome
489,پي سي او ايس ۽ هارموني صحت,پي سي او ايس ۽ هارمونن بابت غلط فهميون,"ڇا خون جي کوٽ فقط ڪمزوري آهي جيڪا عورتن کي رکڻي گھرجي؟","نه۔ خون جي کوٽ هڪ ماپي سگهجندڙ حالت آهي جيڪا دنيا ۾ لڳ ڀڳ ڏهن مان ٽن غير حامله عورتن ۽ لڳ ڀڳ ڏهن مان چار حامله عورتن کي متاثر ڪري ٿي، ۽ اها علاج جوڳي آهي۔ ان کي نظرانداز ڪرڻ سچو نقصان پهچائي ٿو۔ خوني ٽيسٽ لاءِ چئو۔",https://www.who.int/news-room/fact-sheets/detail/anaemia
490,پي سي او ايس ۽ هارموني صحت,پي سي او ايس ۽ هارمونن بابت غلط فهميون,"ڇا مون کي منهنجا هارمون چيڪ ٿيڻ کان اڳ شادي ٿيل هجڻ گھرجي؟","پي سي او ايس جي جانچ توهان جي نشانين ۽ صحت جي خطرن تي ٻڌل آهي، توهان جي شادي واري حيثيت تي نه۔ اها حالت خون جي شگر، دل ۽ ٻچيدان جي صحت کي متاثر ڪري ٿي، ان کان سواءِ۔ توهان جانچ ٿيڻ جو حق رکو ٿيون۔",https://www.who.int/news-room/fact-sheets/detail/polycystic-ovary-syndrome
491,پي سي او ايس ۽ هارموني صحت,پي سي او ايس ۽ هارمونن بابت غلط فهميون,"ڇا جيڪڏهن مون کي سالن کان نشانيون آهن ته پوءِ به تشخيص ٿيڻ ۾ دير ٿي وئي آهي؟","نه۔ ڇاڪاڻ ته پي سي او ايس واري لڳ ڀڳ ست ڏهن مان عورتون ڪڏهن به تشخيص نٿيون ٿين، گھڻيون سالن جي نشانين کانپوءِ تشخيص ٿينديون آهن۔ تشخيص اڃا به لاڳاپيل خطرن کي چيڪ ۽ سنڀالڻ جي اجازت ڏئي ٿي۔ وڌيڪ انتظار ڪرڻ بدران هاڻي وڃو۔",https://www.who.int/news-room/fact-sheets/detail/polycystic-ovary-syndrome
492,پي سي او ايس ۽ هارموني صحت,پي سي او ايس ۽ هارمونن بابت غلط فهميون,"ڇا اڪيلو اسڪين مون کي ٻڌائي سگهي ٿو ته مون کي پي سي او ايس آهي؟","نه۔ اسڪين جو نتيجو ٽن ممڪن نتيجن مان صرف هڪ آهي ۽ اڪيلو پي سي او ايس جي تشخيص نٿو ڪري سگهي۔ بالغن ۾ ان جي ضرورت به نه پئجي سگهي ٿي۔ تشخيص لاءِ مڪمل جانچ گھربل آهي۔",https://academic.oup.com/jcem/article/108/10/2447/7242360
493,پي سي او ايس ۽ هارموني صحت,پي سي او ايس ۽ هارمونن بابت غلط فهميون,"ڇا منهنجي نوجوان ڌيءَ کي پي سي او ايس چيڪ ڪرڻ لاءِ اسڪين ڪرائڻ گھرجي؟","نه، نوجوانن ۾ پي سي او ايس جي تشخيص لاءِ بيضه دان جو اسڪين صلاح ڏنل ناهي، ڇاڪاڻ ته بيضه دان عام طور تي ان عمر ۾ اهڙي طرح ئي نظر ايندا آهن۔ ڊاڪٽر نوجوانن جو جائزو مختلف طريقي سان وٺندا آهن ۽ بعد ۾ ٻيهر جائزو وٺي سگهن ٿا۔ کيس ڏسڻ لاءِ وٺي وڃو، پر مختلف طريقي جي اميد رکو۔",https://academic.oup.com/jcem/article/108/10/2447/7242360
494,پي سي او ايس ۽ هارموني صحت,پي سي او ايس ۽ هارمونن بابت غلط فهميون,"ڇا اهو عام آهي ته شروع ٿيڻ کانپوءِ سالن تائين چڪر بي قاعده رهن؟","چڪر شروع ٿيڻ کانپوءِ سيٽل ٿيڻ ۾ وقت وٺي سگهن ٿا، ۽ اهو ئي سبب آهي جو ڊاڪٽر نوجوانن ۾ پي سي او ايس جي تشخيص ۾ محتاط رهن ٿا۔ ان جو مطلب اهو ناهي ته نشانين کي نظرانداز ڪجي۔ کيس اڃا به جانچ ۽ مدد ملڻ گھرجي۔",https://academic.oup.com/jcem/article/108/10/2447/7242360
495,پي سي او ايس ۽ هارموني صحت,پي سي او ايس ۽ هارمونن بابت غلط فهميون,"ڇا اڪيلو ذهني دٻاءُ پي سي او ايس جو سبب بڻجي ٿو؟","نه۔ پي سي او ايس بلند مردانه قسم جي هارمونن جي سطح سان لاڳاپيل هڪ الڳ هارموني حالت آهي۔ ذهني دٻاءُ چڪر کي اثر انداز ڪري سگهي ٿو، اهو ئي سبب آهي جو تشخيص کان اڳ ٻيا سبب رد ڪيا ويندا آهن۔ صرف جانچ ئي انهن کي جدا ڪري سگهي ٿي۔",https://www.who.int/news-room/fact-sheets/detail/polycystic-ovary-syndrome
496,پي سي او ايس ۽ هارموني صحت,پي سي او ايس ۽ هارمونن بابت غلط فهميون,"ڇا پي سي او ايس منهنجي ٻارن ڏانهن منتقل ٿي سگهي ٿي؟","پي سي او ايس هڪ هارموني حالت آهي ۽ ان جا صحيح سبب مڪمل طور تي معلوم ناهن۔ جيڪا شيءِ واضح آهي اها اها آهي ته نشانيون رکندڙ ڌيئرن کي جانچجي، ان محتاط طريقي سان جيڪو ڊاڪٽر ان عمر ۾ استعمال ڪن ٿا۔ جڏهن هوءَ ڏٺي وڃي ته پنهنجي تشخيص جو ذڪر ڪريو۔",https://academic.oup.com/jcem/article/108/10/2447/7242360
497,پي سي او ايس ۽ هارموني صحت,پي سي او ايس ۽ هارمونن بابت غلط فهميون,"ڇا پي سي او ايس ۾ پريشاني ۽ اداسي فقط منهنجي ذهن ۾ آهن؟","نه۔ پريشاني ۽ اداسي جهڙا ذهني صحت جا اثرات پي سي او ايس جون سڃاتل خاصيتون آهن، ۽ انهن جي اسڪريننگ خاص طور تي صلاح ڏني ويندي آهي۔ اهي حالت جو حصو آهن۔ پنهنجي ڊاڪٽر کي ٻڌايو ۽ مدد لاءِ چئو۔",https://www.who.int/news-room/fact-sheets/detail/polycystic-ovary-syndrome
498,پي سي او ايس ۽ هارموني صحت,پي سي او ايس ۽ هارمونن بابت غلط فهميون,"ڇا پي سي او ايس هجڻ جو مطلب آهي ته مون کي پڪ سان ٻچيدان جو سرطان ٿيندو؟","نه۔ پي سي او ايس ٻچيدان جي پرت جي ٿلهي ٿيڻ ۽، گھٽ ئي ڪڏهن، ٻچيدان جي پرت جي سرطان سان لاڳاپيل آهي، پر اهو وڌيل خطرو آهي، پڪ ناهي۔ تمام گھٽ ماهواري بابت ڊاڪٽر سان ڳالهائڻ ئي اهو خطرو سنڀالڻ جو طريقو آهي۔ اهو گھٻرائجڻ جو سبب نه، پر ڏيکاريو وڃڻ جو سبب آهي۔",https://www.who.int/news-room/fact-sheets/detail/polycystic-ovary-syndrome
499,پي سي او ايس ۽ هارموني صحت,پي سي او ايس ۽ هارمونن بابت غلط فهميون,"ڇا صحت مرڪز وڃڻ بيڪار آهي ڇاڪاڻ ته ڪجهه به نٿو ڪري سگهجي؟","نه۔ خون جي شگر، بلڊ پريشر ۽ ڪولیسٽرول جون چڪاسون، چڪر، چمڙي ۽ وارن جي نشانين جو علاج، زرخيزي جي مدد، ۽ ذهني صحت جي مدد سڀ پي سي او ايس جي سنڀال جو حصو آهن۔ ان جو گھڻو حصو عام خدمتن ۾ موجود آهي۔ وڃڻ جي قابل آهي۔",https://academic.oup.com/jcem/article/108/10/2447/7242360
500,پي سي او ايس ۽ هارموني صحت,پي سي او ايس ۽ هارمونن بابت غلط فهميون,"ڇا پي سي او ايس اهڙي شيءِ آهي جنهن کي مون کي اڪيلي منهن ڏيڻو آهي؟","نه۔ ٻار ڄڻڻ جي عمر جي لڳ ڀڳ هر ڏهن مان هڪ عورت کي اها آهي، سنڀال عام صحت جي خدمتن ذريعي دستياب هجڻ گھرجي، ۽ فيصلا توهان سان گڏ ملي ڪيا وڃن ٿا۔ مدد موجود آهي۔ پنهنجي ويجھو ڇا موجود آهي اهو پنهنجي صحت ڪارڪن کان پڇو۔",https://academic.oup.com/jcem/article/108/10/2447/7242360
