id,category,sub_category,question,answer,source,review_tier
1,Menstrual Health & Periods,Cycle Basics & What's Normal,What is a menstrual cycle?,A menstrual cycle is the monthly hormonal process in which the uterine lining builds up and then sheds as a period if pregnancy doesn't occur. It is counted from the first day of one period to the first day of the next.,WHO - https://www.who.int/news-room/fact-sheets/detail/menstrual-health-and-hygiene,B
2,Menstrual Health & Periods,Cycle Basics & What's Normal,How long does a normal menstrual cycle last?,"Most cycles range from 21 to 35 days in adults, with 28 days often quoted as an average, though this varies a lot between individuals and even from month to month for the same person.",NHS - https://www.nhs.uk/conditions/periods/,B
3,Menstrual Health & Periods,Cycle Basics & What's Normal,How many days does a period usually last?,"A typical period lasts between 2 and 7 days, with bleeding usually heaviest in the first couple of days and tapering off afterward.",ACOG - https://www.acog.org/womens-health/faqs/your-first-period,B
4,Menstrual Health & Periods,Cycle Basics & What's Normal,How much blood do you lose during a period?,"On average, total menstrual blood loss is around 30 to 40 millilitres per cycle, though anywhere up to about 80 millilitres is still considered within the normal range.",NHS - https://www.nhs.uk/conditions/heavy-periods/,B
5,Menstrual Health & Periods,Cycle Basics & What's Normal,Is it normal for cycle length to vary month to month?,"Yes, some variation from cycle to cycle is normal, especially in the first few years after menarche and in the years leading up to menopause; cycles often become more regular in the mid-reproductive years.",NIH/NICHD - https://www.nichd.nih.gov/health/topics/menstruation,B
6,Menstrual Health & Periods,Cycle Basics & What's Normal,What are the main phases of the menstrual cycle?,"The cycle is generally divided into the menstrual phase (bleeding), the follicular phase (egg maturing), ovulation (egg release), and the luteal phase (post-ovulation), each driven by shifting hormone levels.",NIH/NICHD - https://www.nichd.nih.gov/health/topics/menstruation,B
7,Menstrual Health & Periods,Cycle Basics & What's Normal,What hormones control the menstrual cycle?,"Oestrogen and progesterone, along with follicle-stimulating hormone (FSH) and luteinising hormone (LH) from the brain's pituitary gland, work together to regulate ovulation and the buildup and shedding of the uterine lining.",NIH/NICHD - https://www.nichd.nih.gov/health/topics/menstruation,B
8,Menstrual Health & Periods,Cycle Basics & What's Normal,When does ovulation happen in the cycle?,"Ovulation typically occurs around the midpoint of the cycle, roughly 14 days before the next period is expected, though this timing can shift if the cycle itself is longer or shorter than average.",NHS - https://www.nhs.uk/conditions/periods/,B
9,Menstrual Health & Periods,Cycle Basics & What's Normal,Can you get pregnant only around ovulation?,"Pregnancy is most likely in the days leading up to and including ovulation, but because sperm can survive for several days, unprotected sex earlier in the cycle can still sometimes lead to pregnancy.",NHS - https://www.nhs.uk/conditions/periods/,B
10,Menstrual Health & Periods,Cycle Basics & What's Normal,What color should period blood normally be?,"Period blood can range from bright red to darker brownish-red, especially at the start or end of a period; these color changes are a normal result of blood oxidizing and are not usually a cause for concern.",NHS - https://www.nhs.uk/conditions/periods/,B
11,Menstrual Health & Periods,Cycle Basics & What's Normal,Is it normal to pass small clots during a period?,"Passing occasional small clots, especially on heavier days, is common and generally normal; frequent large clots (bigger than a coin) or very heavy bleeding are worth discussing with a healthcare provider.",ACOG - https://www.acog.org/womens-health/faqs/heavy-menstrual-bleeding,B
12,Menstrual Health & Periods,Cycle Basics & What's Normal,Why do periods sometimes smell different than usual?,Menstrual blood has a mild natural odor that can change slightly with air exposure; changing pads or tampons regularly and washing the outer genital area with water helps keep this manageable.,NHS - https://www.nhs.uk/conditions/periods/,B
13,Menstrual Health & Periods,Cycle Basics & What's Normal,Can stress delay or change a period?,"Yes, significant physical or emotional stress can temporarily affect the hormones that regulate the cycle, sometimes delaying ovulation and, in turn, the next period.",NHS - https://www.nhs.uk/conditions/periods/,B
14,Menstrual Health & Periods,Cycle Basics & What's Normal,Does traveling or a change in routine affect the menstrual cycle?,"Travel, jet lag, altitude changes, and disrupted sleep or eating patterns can all temporarily shift cycle timing for some people, usually returning to normal within a cycle or two.",NHS - https://www.nhs.uk/conditions/periods/,B
15,Menstrual Health & Periods,Cycle Basics & What's Normal,Is it normal to have no symptoms before a period?,"Yes, some people have very few or no noticeable premenstrual symptoms, while others experience several; both patterns fall within the range of normal.",ACOG - https://www.acog.org/womens-health/faqs/your-first-period,B
16,Menstrual Health & Periods,Cycle Basics & What's Normal,What is considered an irregular period?,"Cycles that are consistently shorter than 21 days or longer than 35 days, or that vary by more than about 7 to 9 days from cycle to cycle, are generally considered irregular.",NHS - https://www.nhs.uk/conditions/periods/,B
17,Menstrual Health & Periods,Cycle Basics & What's Normal,How soon after starting periods do they become regular?,"It can take up to two to three years after the first period for cycles to settle into a more predictable pattern, since the hormonal system is still maturing during this time.",NIH/NICHD - https://www.nichd.nih.gov/health/topics/menstruation,B
18,Menstrual Health & Periods,Cycle Basics & What's Normal,Can body weight changes affect the menstrual cycle?,"Significant weight loss or weight gain can disrupt the hormonal signals that regulate ovulation, sometimes leading to irregular, lighter, or missed periods.",NHS - https://www.nhs.uk/conditions/periods/,B
19,Menstrual Health & Periods,Cycle Basics & What's Normal,Does exercise affect periods?,"Moderate regular exercise is healthy for the cycle, but very intense or high-volume training, especially without enough calorie intake, can sometimes cause irregular or missed periods.",NHS - https://www.nhs.uk/conditions/periods/,B
20,Menstrual Health & Periods,Cycle Basics & What's Normal,What is the average age periods stop being regular before menopause?,"Cycles often start becoming less predictable in the years leading up to menopause, which most commonly occurs around age 45 to 55, though the transition itself can begin earlier.",NHS - https://www.nhs.uk/conditions/periods/,B
21,Menstrual Health & Periods,Cycle Basics & What's Normal,Is spotting between periods always a concern?,"Occasional light spotting between periods can happen around ovulation or from minor hormonal fluctuations, but spotting that is frequent, heavy, or unexplained should be checked by a healthcare provider.",NHS - https://www.nhs.uk/conditions/periods/,B
22,Menstrual Health & Periods,Cycle Basics & What's Normal,Can breastfeeding affect when periods return after childbirth?,"Frequent, exclusive breastfeeding can delay the return of periods for months because it suppresses ovulation-related hormones; periods typically return sooner once breastfeeding is less frequent.",WHO - https://www.who.int/news-room/fact-sheets/detail/menstrual-health-and-hygiene,B
23,Menstrual Health & Periods,Cycle Basics & What's Normal,Do periods usually happen at the same time each cycle?,"Many people notice a fairly consistent pattern over several cycles, but small shifts in timing are normal and can be influenced by stress, illness, or lifestyle changes.",NHS - https://www.nhs.uk/conditions/periods/,B
24,Menstrual Health & Periods,Cycle Basics & What's Normal,What is considered a 'short' cycle?,"A cycle shorter than 21 days is generally considered short; if this becomes a consistent pattern, it is reasonable to mention it to a healthcare provider.",NHS - https://www.nhs.uk/conditions/periods/,B
25,Menstrual Health & Periods,Cycle Basics & What's Normal,What is considered a 'long' cycle?,"A cycle longer than 35 days is generally considered long; occasional long cycles can be normal, but a repeated pattern is worth discussing with a healthcare provider.",NHS - https://www.nhs.uk/conditions/periods/,B
26,Menstrual Health & Periods,Cycle Basics & What's Normal,Can birth control change the menstrual cycle?,"Hormonal contraception can make periods lighter, shorter, less frequent, or even absent for some users, as it works by altering the natural hormonal cycle.",NHS - https://www.nhs.uk/conditions/periods/,B
27,Menstrual Health & Periods,Cycle Basics & What's Normal,Is it normal to feel more tired right before a period?,Mild fatigue in the days before a period is common and is linked to natural shifts in oestrogen and progesterone in the premenstrual phase.,NHS - https://www.nhs.uk/conditions/periods/,B
28,Menstrual Health & Periods,Cycle Basics & What's Normal,Can illness affect the timing of a period?,"Yes, being unwell, especially with fever or significant physical stress on the body, can temporarily delay ovulation and shift the timing of the next period.",NHS - https://www.nhs.uk/conditions/periods/,B
29,Menstrual Health & Periods,Cycle Basics & What's Normal,Does the menstrual cycle affect body temperature?,"Yes, basal body temperature typically rises slightly (by about 0.3 to 0.5°C) after ovulation due to increased progesterone, and drops again around the next period.",NIH/NICHD - https://www.nichd.nih.gov/health/topics/menstruation,B
30,Menstrual Health & Periods,Cycle Basics & What's Normal,Can periods change after starting a new medication?,"Some medications, including certain antidepressants, blood thinners, and hormonal treatments, can alter cycle length or flow; any new pattern after starting a medication is worth mentioning to a prescriber.",NHS - https://www.nhs.uk/conditions/periods/,B
31,Menstrual Health & Periods,Cycle Basics & What's Normal,Why do some months feel different in terms of period symptoms?,"Natural month-to-month variation in hormone levels, along with sleep, stress, and diet, can all make period symptoms feel stronger or milder from one cycle to the next.",ACOG - https://www.acog.org/womens-health/faqs/your-first-period,B
32,Menstrual Health & Periods,Cycle Basics & What's Normal,Is it common to skip a period occasionally without being pregnant?,"Yes, an occasional missed period can happen due to stress, illness, travel, or hormonal fluctuation, though a missed period should always be considered in the context of possible pregnancy if relevant.",NHS - https://www.nhs.uk/conditions/periods/,B
33,Menstrual Health & Periods,Cycle Basics & What's Normal,What counts as 'normal' menstrual flow overall?,"Normal flow is generally defined as bleeding that does not require changing a pad or tampon more often than every 2 hours, lasts under 7 days, and does not include very large clots.",ACOG - https://www.acog.org/womens-health/faqs/heavy-menstrual-bleeding,B
34,Menstrual Health & Periods,Cycle Basics & What's Normal,Can the menstrual cycle be tracked using body signs other than bleeding?,"Yes, many people track cervical mucus changes, mild ovulation pain, or basal body temperature alongside period dates to get a fuller picture of where they are in the cycle.",NIH/NICHD - https://www.nichd.nih.gov/health/topics/menstruation,B
35,Menstrual Health & Periods,Cycle Basics & What's Normal,Does caffeine or diet affect the menstrual cycle?,"High caffeine intake and very restrictive diets have been associated with cycle irregularities in some studies, though the effect varies between individuals.",NHS - https://www.nhs.uk/conditions/periods/,B
36,Menstrual Health & Periods,Cycle Basics & What's Normal,Why might two people with the same cycle length feel different symptoms?,"Hormone sensitivity, genetics, lifestyle, stress levels, and overall health all differ between individuals, which is why period experiences vary widely even with similar cycle lengths.",ACOG - https://www.acog.org/womens-health/faqs/your-first-period,B
37,Menstrual Health & Periods,Menarche & Puberty,What is menarche?,"Menarche is the medical term for a girl's first menstrual period, marking a key milestone in puberty as the reproductive system matures.",WHO - https://www.who.int/news-room/fact-sheets/detail/menstrual-health-and-hygiene,B
38,Menstrual Health & Periods,Menarche & Puberty,At what age does menarche usually happen?,"Most girls have their first period between ages 10 and 15, with the average in many countries falling around age 12, though a somewhat earlier or later start can still be normal.",NIH/NICHD - https://www.nichd.nih.gov/health/topics/menstruation,B
39,Menstrual Health & Periods,Menarche & Puberty,What are the early signs that a first period may be coming soon?,"Breast development, a growth spurt, pubic and underarm hair growth, and a whitish vaginal discharge often appear one to two years before menarche.",NIH/NICHD - https://www.nichd.nih.gov/health/topics/menstruation,B
40,Menstrual Health & Periods,Menarche & Puberty,Is it normal for periods to be irregular in the first year or two?,"Yes, it is very common for cycles to be unpredictable in timing, length, and flow during the first couple of years after menarche while hormone regulation matures.",ACOG - https://www.acog.org/womens-health/faqs/your-first-period,B
41,Menstrual Health & Periods,Menarche & Puberty,How should a young girl be prepared for her first period?,"Explaining what a period is, showing how to use pads, and reassuring her that it's a normal part of growing up before it happens can reduce fear and confusion when menarche occurs.",UNICEF - https://www.unicef.org/wash/menstrual-hygiene-management,B
42,Menstrual Health & Periods,Menarche & Puberty,Is period pain common in the first few years after menarche?,"Mild cramping is common from the start, but period pain often becomes more noticeable once ovulatory cycles are established, typically a year or so after menarche.",ACOG - https://www.acog.org/womens-health/faqs/dysmenorrhea-painful-periods,B
43,Menstrual Health & Periods,Menarche & Puberty,What if a girl hasn't started her period by age 15?,"If menstruation hasn't started by around age 15, or within 3 years of breast development beginning, it's a good idea to see a healthcare provider to check for underlying causes.",ACOG - https://www.acog.org/womens-health/faqs/your-first-period,B
44,Menstrual Health & Periods,Menarche & Puberty,Can periods start earlier than age 10?,"Yes, some children begin menstruating before age 10, which is called precocious puberty; this is worth discussing with a pediatrician to check hormone levels are on a healthy track.",NIH/NICHD - https://www.nichd.nih.gov/health/topics/menstruation,B
45,Menstrual Health & Periods,Menarche & Puberty,Does the first period mean a girl can definitely get pregnant?,"Yes, pregnancy is biologically possible from the first period onward, even though early cycles are often irregular and ovulation may not happen every cycle at first.",WHO - https://www.who.int/news-room/fact-sheets/detail/menstrual-health-and-hygiene,B
46,Menstrual Health & Periods,Menarche & Puberty,How heavy is a typical first period?,"First periods are often light, sometimes just spotting, and may last only a few days; flow tends to become more established over the following cycles.",ACOG - https://www.acog.org/womens-health/faqs/your-first-period,B
47,Menstrual Health & Periods,Menarche & Puberty,What products are suitable for a girl having her first period?,"Pads are usually the simplest and most comfortable option for beginners, while tampons or period underwear can be introduced later once she is comfortable with her body and hygiene routine.",UNICEF - https://www.unicef.org/wash/menstrual-hygiene-management,B
48,Menstrual Health & Periods,Menarche & Puberty,Why do some girls feel scared or embarrassed about their first period?,"Lack of prior information, cultural silence around menstruation, or fear of leaks and being teased at school can all contribute to anxiety; open, matter-of-fact conversations beforehand help ease this.",UNFPA - https://www.unfpa.org/menstruation,B
49,Menstrual Health & Periods,Menarche & Puberty,How can parents talk to their daughters about puberty and periods?,"Using simple, accurate language, starting the conversation before signs of puberty appear, and keeping the tone calm and positive helps girls feel prepared rather than alarmed.",UNICEF - https://www.unicef.org/wash/menstrual-hygiene-management,B
50,Menstrual Health & Periods,Menarche & Puberty,Do periods affect growth in height?,Growth in height typically slows significantly after menarche because the same hormones that trigger periods also help close the growth plates in bones.,NIH/NICHD - https://www.nichd.nih.gov/health/topics/menstruation,B
51,Menstrual Health & Periods,Menarche & Puberty,Is it normal to skip periods for a few months after menarche?,"Yes, it's common for a few months to pass between the first few periods as the hormonal feedback system between the brain and ovaries is still developing.",ACOG - https://www.acog.org/womens-health/faqs/your-first-period,B
52,Menstrual Health & Periods,Menarche & Puberty,What is considered 'precocious puberty'?,"Precocious puberty refers to puberty signs, including menstruation, starting before age 8 in girls; it warrants medical evaluation to identify and manage any underlying cause.",NIH/NICHD - https://www.nichd.nih.gov/health/topics/menstruation,B
53,Menstrual Health & Periods,Menarche & Puberty,What is considered 'delayed puberty'?,"Delayed puberty is generally defined as no breast development by age 13 or no periods by age 15 to 16, and should be assessed by a healthcare provider.",NIH/NICHD - https://www.nichd.nih.gov/health/topics/menstruation,B
54,Menstrual Health & Periods,Menarche & Puberty,Can nutrition affect when puberty and periods start?,"Yes, adequate nutrition and a healthy body weight support the hormonal changes needed for puberty; chronic undernutrition can delay menarche, while some studies link higher childhood weight to earlier onset.",WHO - https://www.who.int/news-room/fact-sheets/detail/menstrual-health-and-hygiene,B
55,Menstrual Health & Periods,Menarche & Puberty,Should a school nurse or teacher be told if a girl gets her first period at school?,"It can help to have a trusted adult, school nurse, or supply of pads available, and many schools have plans in place so girls feel supported rather than singled out.",UNICEF - https://www.unicef.org/wash/menstrual-hygiene-management,B
56,Menstrual Health & Periods,Menarche & Puberty,Is vaginal discharge before the first period normal?,"Yes, a clear to whitish discharge often appears several months to a year before menarche as the body's hormone levels begin to rise; this is a normal part of puberty.",NIH/NICHD - https://www.nichd.nih.gov/health/topics/menstruation,B
57,Menstrual Health & Periods,Menarche & Puberty,How can girls manage period pain for the first time?,"A warm compress on the lower abdomen, gentle movement, rest, and over-the-counter pain relief as advised by a caregiver or pharmacist can help with early period cramps.",NHS - https://www.nhs.uk/conditions/period-pain/,B
58,Menstrual Health & Periods,Menarche & Puberty,Why do some cultures mark menarche with a ceremony or ritual?,"In many cultures, menarche is seen as an important transition into womanhood and is marked with family or community rituals, which can be positive when they build confidence rather than restriction.",UNFPA - https://www.unfpa.org/menstruation,B
59,Menstrual Health & Periods,Menarche & Puberty,Can stress about school or family affect the timing of a first period?,"Chronic emotional stress can influence hormone regulation and, in some cases, delay the timing of menarche, though genetics and nutrition are usually bigger factors.",NIH/NICHD - https://www.nichd.nih.gov/health/topics/menstruation,B
60,Menstrual Health & Periods,Menarche & Puberty,What role does body fat play in the onset of menstruation?,"A certain amount of body fat is needed to sustain the hormonal signals for ovulation, which is part of why very low body weight or intense training can delay menarche.",NIH/NICHD - https://www.nichd.nih.gov/health/topics/menstruation,B
61,Menstrual Health & Periods,Menarche & Puberty,Is family history a factor in when periods start?,"Yes, the age at which a mother or sisters started their periods is one of the stronger predictors of when a girl is likely to start hers.",NIH/NICHD - https://www.nichd.nih.gov/health/topics/menstruation,B
62,Menstrual Health & Periods,Menarche & Puberty,What is Tanner staging in relation to puberty?,"Tanner staging is a medical scale doctors use to describe the physical stages of puberty, including breast and pubic hair development, which helps assess whether puberty is progressing typically.",NIH/NICHD - https://www.nichd.nih.gov/health/topics/menstruation,B
63,Menstrual Health & Periods,Menarche & Puberty,Can period pain in teenagers be a sign of something else?,"Most period pain in teenagers is primary dysmenorrhea with no underlying disease, but pain that is severe, worsening, or not relieved by usual measures should be evaluated by a doctor.",ACOG - https://www.acog.org/womens-health/faqs/dysmenorrhea-painful-periods,B
64,Menstrual Health & Periods,Menarche & Puberty,Should a teenager track her periods from the start?,"Yes, keeping a simple record of dates and flow from the first period helps both the teenager and her healthcare provider understand her normal pattern over time.",ACOG - https://www.acog.org/womens-health/faqs/your-first-period,B
65,Menstrual Health & Periods,Menarche & Puberty,How can schools support menstrual health for students experiencing menarche?,"Providing private toilets, access to menstrual products, basic education, and a stigma-free environment helps students manage menstruation with dignity and stay in school.",UNICEF - https://www.unicef.org/wash/menstrual-hygiene-management,B
66,Menstrual Health & Periods,Menarche & Puberty,Is it normal for the first few periods to be very light or brownish?,"Yes, light or brownish flow in early periods is common and reflects a still-maturing uterine lining and hormone pattern; it usually becomes more typical red flow over time.",ACOG - https://www.acog.org/womens-health/faqs/your-first-period,B
67,Menstrual Health & Periods,Menarche & Puberty,Can environmental factors affect the timing of puberty onset?,"Some research suggests exposure to certain environmental chemicals and overall health and nutrition status may influence the timing of puberty, though genetics remains the primary driver.",NIH/NICHD - https://www.nichd.nih.gov/health/topics/menstruation,B
68,Menstrual Health & Periods,Menarche & Puberty,What emotional changes commonly come with puberty and menarche?,"Mood swings, increased self-consciousness, and heightened sensitivity to social situations are common during puberty due to hormonal shifts and the psychological adjustment to bodily changes.",NIH/NICHD - https://www.nichd.nih.gov/health/topics/menstruation,B
69,Menstrual Health & Periods,Menarche & Puberty,How can a girl manage her first period at school without feeling embarrassed?,"Carrying a small emergency kit with a pad and spare underwear, knowing where the school toilets and nurse's office are, and having a trusted friend or teacher to ask for help can reduce anxiety.",UNICEF - https://www.unicef.org/wash/menstrual-hygiene-management,B
70,Menstrual Health & Periods,Menarche & Puberty,Do boys need to learn about menstruation too?,"Yes, educating boys about menstruation as a normal biological process helps reduce stigma, teasing, and misinformation, and builds a more supportive environment for girls.",UNFPA - https://www.unfpa.org/menstruation,B
71,Menstrual Health & Periods,Menarche & Puberty,Is irregular bleeding common in the two years after menarche?,"Yes, irregular cycles, including some heavier or longer bleeding episodes, are common in the first two years as ovulation becomes more consistent.",ACOG - https://www.acog.org/womens-health/faqs/your-first-period,B
72,Menstrual Health & Periods,Menarche & Puberty,What is a normal reaction if a girl feels upset after her first period?,"Feeling a mix of emotions, including surprise, worry, or even excitement, is normal; reassurance, accurate information, and patience from caregivers can help her adjust.",UNICEF - https://www.unicef.org/wash/menstrual-hygiene-management,B
73,Menstrual Health & Periods,Period Pain & Cramp Relief,What causes period cramps?,"Cramps are caused by prostaglandins, hormone-like substances that make the uterus contract to shed its lining; higher prostaglandin levels are linked to more intense cramping.",ACOG - https://www.acog.org/womens-health/faqs/dysmenorrhea-painful-periods,B
74,Menstrual Health & Periods,Period Pain & Cramp Relief,Is it normal to have pain every period?,"Yes, mild to moderate cramping during the first day or two of a period is very common and is known as primary dysmenorrhea.",ACOG - https://www.acog.org/womens-health/faqs/dysmenorrhea-painful-periods,B
75,Menstrual Health & Periods,Period Pain & Cramp Relief,What is the difference between primary and secondary dysmenorrhea?,"Primary dysmenorrhea is common cramping with no underlying disease, while secondary dysmenorrhea is period pain caused by an underlying condition such as endometriosis or fibroids and often needs medical evaluation.",ACOG - https://www.acog.org/womens-health/faqs/dysmenorrhea-painful-periods,B
76,Menstrual Health & Periods,Period Pain & Cramp Relief,What over-the-counter medicines help with period pain?,"Non-steroidal anti-inflammatory drugs (NSAIDs) such as ibuprofen are commonly recommended, as they reduce the prostaglandins responsible for cramping when taken as directed on the label.",NHS - https://www.nhs.uk/conditions/period-pain/,B
77,Menstrual Health & Periods,Period Pain & Cramp Relief,Does a heating pad help with period cramps?,"Yes, applying heat to the lower abdomen has been shown to relax uterine muscles and can be as effective as some pain medications for mild to moderate cramps.",NHS - https://www.nhs.uk/conditions/period-pain/,B
78,Menstrual Health & Periods,Period Pain & Cramp Relief,Can exercise help reduce period pain?,"Light to moderate exercise, such as walking, stretching, or yoga, can help ease cramps by improving blood flow and releasing natural pain-relieving endorphins.",NHS - https://www.nhs.uk/conditions/period-pain/,B
79,Menstrual Health & Periods,Period Pain & Cramp Relief,When should period pain be checked by a doctor?,"Pain that is severe, worsens over time, doesn't respond to usual pain relief, or interferes with daily activities and school or work should be evaluated by a healthcare provider.",ACOG - https://www.acog.org/womens-health/faqs/dysmenorrhea-painful-periods,B
80,Menstrual Health & Periods,Period Pain & Cramp Relief,Can period pain radiate to the back or legs?,"Yes, cramping can spread to the lower back and inner thighs because the same nerve pathways are involved, which is a normal pattern for menstrual pain.",NHS - https://www.nhs.uk/conditions/period-pain/,B
81,Menstrual Health & Periods,Period Pain & Cramp Relief,Does diet affect period pain?,"Some evidence suggests diets higher in fruits, vegetables, and omega-3 fatty acids, and lower in processed foods, may be linked with milder cramps, though individual responses vary.",NHS - https://www.nhs.uk/conditions/period-pain/,B
82,Menstrual Health & Periods,Period Pain & Cramp Relief,Can hormonal birth control reduce period pain?,"Yes, hormonal contraceptives such as the pill often reduce prostaglandin production and can significantly lessen period pain for many people, under medical guidance.",ACOG - https://www.acog.org/womens-health/faqs/dysmenorrhea-painful-periods,B
83,Menstrual Health & Periods,Period Pain & Cramp Relief,Is nausea or diarrhea during periods related to cramps?,"Yes, prostaglandins that cause uterine cramping can also affect the digestive tract, which is why some people experience nausea, diarrhea, or an upset stomach during their period.",ACOG - https://www.acog.org/womens-health/faqs/dysmenorrhea-painful-periods,B
84,Menstrual Health & Periods,Period Pain & Cramp Relief,Does period pain typically improve with age?,"For many people, primary dysmenorrhea tends to ease after the mid-20s or after childbirth, though this varies between individuals.",ACOG - https://www.acog.org/womens-health/faqs/dysmenorrhea-painful-periods,B
85,Menstrual Health & Periods,Period Pain & Cramp Relief,Can dehydration make period cramps worse?,"Being dehydrated can contribute to bloating and muscle tension, so staying well-hydrated is generally recommended as part of managing period discomfort.",NHS - https://www.nhs.uk/conditions/period-pain/,B
86,Menstrual Health & Periods,Period Pain & Cramp Relief,Is it safe to take ibuprofen for period pain every month?,"For most healthy people, occasional monthly use of ibuprofen as directed on the packaging is considered safe, but anyone with stomach, kidney, or other health conditions should check with a pharmacist or doctor first.",NHS - https://www.nhs.uk/conditions/period-pain/,B
87,Menstrual Health & Periods,Period Pain & Cramp Relief,Can massage help with menstrual cramps?,"Gentle abdominal massage can help relax tense muscles and improve local blood flow, and many people find it soothing alongside other pain relief methods.",NHS - https://www.nhs.uk/conditions/period-pain/,B
88,Menstrual Health & Periods,Period Pain & Cramp Relief,Does severe period pain always mean endometriosis?,"Not necessarily, but persistent severe pain, especially pain that doesn't respond to standard treatment or is accompanied by other symptoms, should be assessed by a doctor since it can sometimes indicate endometriosis or another condition.",NICE - https://www.nice.org.uk/guidance/ng88,B
89,Menstrual Health & Periods,Period Pain & Cramp Relief,What lifestyle habits can help reduce period pain over time?,"Regular exercise, adequate sleep, stress management, and a balanced diet are all associated with milder period symptoms over time for many people.",NHS - https://www.nhs.uk/conditions/period-pain/,B
90,Menstrual Health & Periods,Period Pain & Cramp Relief,Can period cramps cause lower back pain specifically?,"Yes, lower back ache is a common companion to abdominal cramping since the uterus and lower back share nerve pathways during menstruation.",NHS - https://www.nhs.uk/conditions/period-pain/,B
91,Menstrual Health & Periods,Period Pain & Cramp Relief,Is it normal for period pain to start before bleeding begins?,"Yes, some people feel cramping a day or so before their period starts, as prostaglandin levels can rise just ahead of the bleeding itself.",ACOG - https://www.acog.org/womens-health/faqs/dysmenorrhea-painful-periods,B
92,Menstrual Health & Periods,Period Pain & Cramp Relief,Can breathing exercises or relaxation techniques ease period pain?,"Yes, slow breathing and relaxation techniques can help reduce muscle tension and the perception of pain, and are a helpful complement to other pain relief methods.",NHS - https://www.nhs.uk/conditions/period-pain/,B
93,Menstrual Health & Periods,Period Pain & Cramp Relief,Does caffeine make period cramps worse?,"Some people find that high caffeine intake worsens cramping or bloating, though the evidence is mixed and effects vary from person to person.",NHS - https://www.nhs.uk/conditions/period-pain/,B
94,Menstrual Health & Periods,Period Pain & Cramp Relief,Can a TENS machine help with period pain?,"Yes, transcutaneous electrical nerve stimulation (TENS) devices can help some people manage period pain by altering pain signals and are considered a reasonable non-drug option.",NHS - https://www.nhs.uk/conditions/period-pain/,B
95,Menstrual Health & Periods,Period Pain & Cramp Relief,What is the recommended dose of ibuprofen for period pain?,"Dosing should follow the instructions on the product label or pharmacist/doctor advice, as recommended adult doses vary; it should always be taken with food to reduce stomach irritation.",NHS - https://www.nhs.uk/conditions/period-pain/,B
96,Menstrual Health & Periods,Period Pain & Cramp Relief,Why does period pain sometimes feel worse than in previous cycles?,"Pain intensity can shift due to stress, sleep, underlying inflammation, or changes in prostaglandin levels; a noticeable, ongoing increase in pain is worth discussing with a healthcare provider.",ACOG - https://www.acog.org/womens-health/faqs/dysmenorrhea-painful-periods,B
97,Menstrual Health & Periods,Period Pain & Cramp Relief,Can period pain affect school or work attendance?,"Yes, for some people cramps are severe enough to disrupt daily activities, and this level of impact is a valid reason to seek medical advice and possible treatment.",NICE - https://www.nice.org.uk/guidance/ng88,B
98,Menstrual Health & Periods,Period Pain & Cramp Relief,Is it normal for cramps to be worse on the first day of a period?,"Yes, cramping is usually strongest during the first one to two days when prostaglandin levels and flow are highest, easing as the period continues.",ACOG - https://www.acog.org/womens-health/faqs/dysmenorrhea-painful-periods,B
99,Menstrual Health & Periods,Period Pain & Cramp Relief,Can herbal teas like ginger or chamomile help with period pain?,"Some studies suggest ginger may help modestly reduce menstrual pain, though it should not replace medical treatment for severe or persistent pain.",NHS - https://www.nhs.uk/conditions/period-pain/,B
100,Menstrual Health & Periods,Period Pain & Cramp Relief,Does smoking affect period pain?,"Smoking has been associated with more severe menstrual cramps in some research, adding another reason among many health considerations to avoid it.",NHS - https://www.nhs.uk/conditions/period-pain/,B
101,Menstrual Health & Periods,Period Pain & Cramp Relief,Can sleeping position affect period cramp comfort?,"Many people find that lying with knees drawn up toward the chest, sometimes called the fetal position, helps relax abdominal muscles and ease cramp discomfort.",NHS - https://www.nhs.uk/conditions/period-pain/,B
102,Menstrual Health & Periods,Period Pain & Cramp Relief,Is period pain hereditary?,"There does appear to be a genetic component, as people whose mothers or sisters had painful periods are somewhat more likely to experience painful periods themselves.",ACOG - https://www.acog.org/womens-health/faqs/dysmenorrhea-painful-periods,B
103,Menstrual Health & Periods,Period Pain & Cramp Relief,What should someone do if over-the-counter pain relief doesn't work for period pain?,"If standard pain relief and home measures aren't helping, a healthcare provider can discuss other options, including different medications, hormonal treatments, or checking for an underlying cause.",ACOG - https://www.acog.org/womens-health/faqs/dysmenorrhea-painful-periods,B
104,Menstrual Health & Periods,Period Pain & Cramp Relief,Can period pain be a sign of fibroids?,"Uterine fibroids can cause more intense period pain along with heavier bleeding in some people, so persistent severe pain alongside heavy flow is worth medical evaluation.",NICE - https://www.nice.org.uk/guidance/ng88,B
105,Menstrual Health & Periods,Period Pain & Cramp Relief,Is fatigue during period pain normal?,"Yes, feeling tired during a painful period is common, partly due to blood loss, disrupted sleep from discomfort, and the body's inflammatory response.",ACOG - https://www.acog.org/womens-health/faqs/dysmenorrhea-painful-periods,B
106,Menstrual Health & Periods,Period Pain & Cramp Relief,Does drinking warm water help with cramps?,"Warm fluids can have a soothing, muscle-relaxing effect similar to using a heating pad, and many people find them a comforting addition to other pain relief methods.",NHS - https://www.nhs.uk/conditions/period-pain/,B
107,Menstrual Health & Periods,Period Pain & Cramp Relief,Can period pain change after having a baby?,"Many people report that period pain becomes milder after childbirth, though this is not universal and cramps can also stay the same or occasionally worsen.",ACOG - https://www.acog.org/womens-health/faqs/dysmenorrhea-painful-periods,B
108,Menstrual Health & Periods,Flow Changes (Heavy/Light/Spotting),What is considered heavy menstrual bleeding?,"Heavy menstrual bleeding, medically called menorrhagia, is generally defined as blood loss that interferes with quality of life, such as soaking through a pad or tampon every hour or two, or periods lasting longer than 7 days.",ACOG - https://www.acog.org/womens-health/faqs/heavy-menstrual-bleeding,B
109,Menstrual Health & Periods,Flow Changes (Heavy/Light/Spotting),What are common causes of heavy periods not related to pregnancy?,"Common non-pregnancy causes include hormonal imbalances, uterine fibroids or polyps, certain bleeding disorders, some IUDs, and thyroid problems, among others.",NICE - https://www.nice.org.uk/guidance/ng88,B
110,Menstrual Health & Periods,Flow Changes (Heavy/Light/Spotting),When should heavy bleeding be checked by a doctor?,"It's a good idea to see a healthcare provider if bleeding regularly soaks through protection within an hour, includes large clots, lasts more than 7 days, or is accompanied by symptoms like severe fatigue or dizziness.",NHS - https://www.nhs.uk/conditions/heavy-periods/,B
111,Menstrual Health & Periods,Flow Changes (Heavy/Light/Spotting),Can heavy periods cause anemia?,"Yes, ongoing heavy blood loss can lead to iron-deficiency anemia over time, which may cause fatigue, paleness, and shortness of breath.",ACOG - https://www.acog.org/womens-health/faqs/heavy-menstrual-bleeding,B
112,Menstrual Health & Periods,Flow Changes (Heavy/Light/Spotting),What is considered light bleeding or a light period?,"A light period involves minimal flow that may only need a panty liner or light pad, sometimes lasting just 1 to 3 days; occasional light periods are usually normal.",NHS - https://www.nhs.uk/conditions/periods/,B
113,Menstrual Health & Periods,Flow Changes (Heavy/Light/Spotting),What can cause unusually light periods?,"Light periods can result from hormonal contraception, significant weight loss, high stress, intense exercise, or naturally lower hormone levels for some individuals.",NHS - https://www.nhs.uk/conditions/periods/,B
114,Menstrual Health & Periods,Flow Changes (Heavy/Light/Spotting),What is spotting?,"Spotting is very light bleeding, often just a few drops or a light stain, that occurs outside of a normal period flow and doesn't require regular pad changes.",NHS - https://www.nhs.uk/conditions/periods/,B
115,Menstrual Health & Periods,Flow Changes (Heavy/Light/Spotting),Is spotting between periods always something to worry about?,"Not always — spotting can happen around ovulation or due to minor hormonal shifts, but frequent, unexplained, or heavy spotting should be discussed with a healthcare provider.",NHS - https://www.nhs.uk/conditions/periods/,B
116,Menstrual Health & Periods,Flow Changes (Heavy/Light/Spotting),Can stress cause lighter or heavier periods?,"Yes, stress hormones can interfere with the reproductive hormone cycle, which can shift flow to be lighter, heavier, or more irregular for some people.",NHS - https://www.nhs.uk/conditions/periods/,B
117,Menstrual Health & Periods,Flow Changes (Heavy/Light/Spotting),How many pads or tampons per day is considered normal use?,"Using around 3 to 6 pads or tampons per day, changing every 4 to 6 hours, is typical; needing to change much more frequently may indicate heavier than normal bleeding.",ACOG - https://www.acog.org/womens-health/faqs/heavy-menstrual-bleeding,B
118,Menstrual Health & Periods,Flow Changes (Heavy/Light/Spotting),Can uterine fibroids cause heavy bleeding?,"Yes, fibroids, which are non-cancerous growths in the uterus, are one of the more common causes of heavy or prolonged menstrual bleeding.",NICE - https://www.nice.org.uk/guidance/ng88,B
119,Menstrual Health & Periods,Flow Changes (Heavy/Light/Spotting),Do blood thinning medications affect period flow?,"Yes, anticoagulant medications can increase menstrual flow, and anyone starting these medications should discuss potential changes in bleeding with their prescriber.",NICE - https://www.nice.org.uk/guidance/ng88,B
120,Menstrual Health & Periods,Flow Changes (Heavy/Light/Spotting),Can an IUD change period flow?,"Copper IUDs can make periods heavier, especially in the first few months, while hormonal IUDs often make periods lighter over time; both are recognized effects of these devices.",NICE - https://www.nice.org.uk/guidance/ng88,B
121,Menstrual Health & Periods,Flow Changes (Heavy/Light/Spotting),What does it mean if periods suddenly become much heavier than usual?,"A sudden, significant change in flow is worth medical evaluation, as it can be linked to hormonal shifts, fibroids, polyps, thyroid issues, or other treatable causes.",RCOG - https://www.rcog.org.uk/for-the-public/heavy-menstrual-bleeding/,B
122,Menstrual Health & Periods,Flow Changes (Heavy/Light/Spotting),Can thyroid problems cause changes in period flow?,"Yes, both an underactive and overactive thyroid can disrupt the menstrual cycle, sometimes causing heavier, lighter, or more irregular bleeding.",NICE - https://www.nice.org.uk/guidance/ng88,B
123,Menstrual Health & Periods,Flow Changes (Heavy/Light/Spotting),"Is it normal for flow to be heavier at certain ages, like the late 30s or 40s?","Hormonal shifts as the body approaches perimenopause can make periods heavier or more unpredictable for some people, though persistent heavy bleeding still warrants medical review.",RCOG - https://www.rcog.org.uk/for-the-public/heavy-menstrual-bleeding/,B
124,Menstrual Health & Periods,Flow Changes (Heavy/Light/Spotting),What treatments exist for heavy menstrual bleeding?,"Options can include hormonal treatments like the combined pill or hormonal IUD, non-hormonal medications that reduce blood loss, and, when needed, procedures to address underlying causes like fibroids.",NICE - https://www.nice.org.uk/guidance/ng88,B
125,Menstrual Health & Periods,Flow Changes (Heavy/Light/Spotting),Can extreme dieting or fasting cause lighter periods?,"Yes, very low calorie intake can reduce the body's hormone production needed to support a normal cycle, often resulting in lighter or missed periods.",NHS - https://www.nhs.uk/conditions/periods/,B
126,Menstrual Health & Periods,Flow Changes (Heavy/Light/Spotting),Is brown discharge at the start or end of a period normal?,"Yes, brown discharge is usually just older blood that has taken longer to leave the body and is a normal variation, especially at the beginning or tail end of a period.",NHS - https://www.nhs.uk/conditions/periods/,B
127,Menstrual Health & Periods,Flow Changes (Heavy/Light/Spotting),What is a 'flooding' period?,Flooding refers to very heavy bleeding that soaks through protection quickly and may involve passing large clots; this level of bleeding should be discussed with a healthcare provider.,NHS - https://www.nhs.uk/conditions/heavy-periods/,B
128,Menstrual Health & Periods,Flow Changes (Heavy/Light/Spotting),Can polyps in the uterus cause abnormal bleeding?,"Yes, uterine or cervical polyps, which are usually non-cancerous growths, can cause heavier bleeding or spotting between periods.",NICE - https://www.nice.org.uk/guidance/ng88,B
129,Menstrual Health & Periods,Flow Changes (Heavy/Light/Spotting),Does the color of blood indicate how heavy a period is?,"Not directly — color mainly reflects how quickly blood leaves the body (bright red for fast flow, darker for slower flow), rather than the total amount lost.",NHS - https://www.nhs.uk/conditions/periods/,B
130,Menstrual Health & Periods,Flow Changes (Heavy/Light/Spotting),Can excessive exercise cause very light or missed periods?,"Yes, high training loads combined with insufficient energy intake can suppress the hormones needed for ovulation, leading to lighter, irregular, or absent periods, sometimes called exercise-associated amenorrhea.",NHS - https://www.nhs.uk/conditions/periods/,B
131,Menstrual Health & Periods,Flow Changes (Heavy/Light/Spotting),What blood tests might a doctor order for heavy or abnormal bleeding?,"A doctor may check a full blood count for anemia, thyroid function, and sometimes clotting studies or hormone levels, depending on the suspected cause of abnormal bleeding.",NICE - https://www.nice.org.uk/guidance/ng88,B
132,Menstrual Health & Periods,Flow Changes (Heavy/Light/Spotting),Is spotting after intense exercise common?,"Some people notice light spotting after strenuous exercise due to hormonal fluctuations or minor physical strain, though persistent post-exercise spotting should be mentioned to a doctor.",NHS - https://www.nhs.uk/conditions/periods/,B
133,Menstrual Health & Periods,Flow Changes (Heavy/Light/Spotting),Can changing diet or gaining a healthy amount of weight bring back a lighter-than-normal period to a fuller flow?,"Yes, restoring adequate nutrition and a healthy weight can help normalize hormone levels and often brings flow back to a typical pattern over a few cycles.",NHS - https://www.nhs.uk/conditions/periods/,B
134,Menstrual Health & Periods,Flow Changes (Heavy/Light/Spotting),What is considered abnormal uterine bleeding?,"Abnormal uterine bleeding refers to bleeding that is irregular in timing, unusually heavy or light, or occurs between periods, and it is worth medical evaluation if it becomes a pattern.",ACOG - https://www.acog.org/womens-health/faqs/heavy-menstrual-bleeding,B
135,Menstrual Health & Periods,Flow Changes (Heavy/Light/Spotting),Can period flow change after stopping hormonal birth control?,"Yes, flow and cycle regularity can take a few months to return to a person's natural pattern after stopping hormonal contraception, and cycles may look different than before starting it.",NHS - https://www.nhs.uk/conditions/periods/,B
136,Menstrual Health & Periods,Flow Changes (Heavy/Light/Spotting),Does heavy bleeding always mean there is a serious underlying condition?,"Not necessarily — heavy bleeding often has manageable causes, but because it can sometimes signal fibroids, polyps, or clotting issues, it's worth having it assessed rather than assumed.",RCOG - https://www.rcog.org.uk/for-the-public/heavy-menstrual-bleeding/,B
137,Menstrual Health & Periods,Flow Changes (Heavy/Light/Spotting),Can period flow be affected by seasonal changes?,"There is limited but some evidence that seasonal light exposure and temperature changes may subtly influence cycle length and flow for some individuals, though this varies widely.",NIH/NICHD - https://www.nichd.nih.gov/health/topics/menstruation,B
138,Menstrual Health & Periods,Flow Changes (Heavy/Light/Spotting),Is it normal for the first and last days of a period to be lighter?,"Yes, flow is typically lighter at the very start and end of a period compared with the middle days, which is a normal pattern of shedding.",NHS - https://www.nhs.uk/conditions/periods/,B
139,Menstrual Health & Periods,Flow Changes (Heavy/Light/Spotting),How can someone track whether their flow is getting heavier over time?,"Keeping a simple log of how many pads or tampons are used per day, or using a period tracking app that records flow level, helps identify a real change from normal.",ACOG - https://www.acog.org/womens-health/faqs/heavy-menstrual-bleeding,B
140,Menstrual Health & Periods,Flow Changes (Heavy/Light/Spotting),Can certain herbal supplements affect period flow?,Some herbal supplements can interact with hormones or blood clotting and potentially change flow; it's best to check with a healthcare provider before starting any new supplement.,NHS - https://www.nhs.uk/conditions/periods/,B
141,Menstrual Health & Periods,Flow Changes (Heavy/Light/Spotting),Is it normal to have one heavier period and then a lighter one the next month?,"Yes, some natural variation in flow between cycles is common and not necessarily a cause for concern unless there's a consistent, significant, or worsening pattern.",NHS - https://www.nhs.uk/conditions/periods/,B
142,Menstrual Health & Periods,Flow Changes (Heavy/Light/Spotting),What is the difference between menorrhagia and normal heavy flow days?,"Menorrhagia describes a consistent pattern of excessive bleeding that affects daily life, whereas an occasional heavier day within an otherwise typical period is usually just normal variation.",ACOG - https://www.acog.org/womens-health/faqs/heavy-menstrual-bleeding,B
143,Menstrual Health & Periods,Flow Changes (Heavy/Light/Spotting),Can period flow patterns run in families?,"Yes, there can be a genetic tendency toward heavier or lighter flow, similar to other menstrual traits like cycle length and pain levels.",NICE - https://www.nice.org.uk/guidance/ng88,B
144,Menstrual Health & Periods,Menstrual Hygiene Practices & Products,How often should a pad be changed during a period?,"Pads should generally be changed every 4 to 6 hours, or more often on heavy flow days, to maintain good hygiene and reduce the risk of skin irritation or infection.",UNICEF - https://www.unicef.org/wash/menstrual-hygiene-management,B
145,Menstrual Health & Periods,Menstrual Hygiene Practices & Products,How often should a tampon be changed?,"Tampons should be changed every 4 to 8 hours and never left in for more than 8 hours, to lower the risk of toxic shock syndrome.",CDC - https://www.cdc.gov/reproductive-health/womens-health/index.html,B
146,Menstrual Health & Periods,Menstrual Hygiene Practices & Products,What is toxic shock syndrome and how is it linked to tampons?,Toxic shock syndrome is a rare but serious bacterial illness that has been linked to leaving tampons in for too long or using a higher absorbency than needed; using the lowest absorbency needed and changing regularly reduces risk.,CDC - https://www.cdc.gov/reproductive-health/womens-health/index.html,B
147,Menstrual Health & Periods,Menstrual Hygiene Practices & Products,Are menstrual cups a safe option?,"Yes, menstrual cups are considered a safe, reusable option when used and cleaned correctly, following the manufacturer's instructions for insertion, removal, and sterilization between cycles.",NHS - https://www.nhs.uk/conditions/periods/,B
148,Menstrual Health & Periods,Menstrual Hygiene Practices & Products,How should a menstrual cup be cleaned?,"Menstrual cups should be rinsed with water between uses and boiled in water for a few minutes at the start and end of each cycle, following the manufacturer's guidance.",NHS - https://www.nhs.uk/conditions/periods/,B
149,Menstrual Health & Periods,Menstrual Hygiene Practices & Products,Is reusable cloth safe for managing periods?,"Yes, clean, well-maintained reusable cloth pads can be a safe and eco-friendly option; they should be washed thoroughly with soap and water and fully dried before reuse.",UNICEF - https://www.unicef.org/wash/menstrual-hygiene-management,B
150,Menstrual Health & Periods,Menstrual Hygiene Practices & Products,How should used menstrual products be disposed of?,"Disposable pads and tampons should be wrapped and placed in a designated bin, never flushed down the toilet, as this can cause plumbing blockages and environmental harm.",UNICEF - https://www.unicef.org/wash/menstrual-hygiene-management,B
151,Menstrual Health & Periods,Menstrual Hygiene Practices & Products,Can menstrual products be flushed down the toilet?,"No, pads, tampons, and their wrappers should not be flushed, as they do not break down like toilet paper and can clog pipes and sewage systems.",UNICEF - https://www.unicef.org/wash/menstrual-hygiene-management,B
152,Menstrual Health & Periods,Menstrual Hygiene Practices & Products,Is it necessary to wash the genital area more during a period?,Washing the external genital area with warm water once or twice a day is generally enough; harsh soaps or douching are not necessary and can disrupt natural balance.,NHS - https://www.nhs.uk/conditions/periods/,B
153,Menstrual Health & Periods,Menstrual Hygiene Practices & Products,Should scented products be used during periods?,"Scented pads, wipes, or sprays are not necessary and can sometimes cause irritation or allergic reactions; unscented products are generally recommended for menstrual hygiene.",NHS - https://www.nhs.uk/conditions/periods/,B
154,Menstrual Health & Periods,Menstrual Hygiene Practices & Products,What menstrual hygiene products are available besides pads and tampons?,"Options include menstrual cups, reusable cloth pads, period underwear, and menstrual discs, each with different comfort, cost, and environmental considerations.",UNICEF - https://www.unicef.org/wash/menstrual-hygiene-management,B
155,Menstrual Health & Periods,Menstrual Hygiene Practices & Products,How much menstrual product waste is generated globally?,"Disposable menstrual products contribute significantly to global waste, which is part of why UNICEF and other organizations encourage access to a range of both disposable and reusable options.",UNICEF - https://www.unicef.org/wash/menstrual-hygiene-management,B
156,Menstrual Health & Periods,Menstrual Hygiene Practices & Products,Is it safe to swim while on a period?,"Yes, swimming during a period is safe, and using a tampon, menstrual cup, or period swimwear can help manage flow comfortably while swimming.",NHS - https://www.nhs.uk/conditions/periods/,B
157,Menstrual Health & Periods,Menstrual Hygiene Practices & Products,How can period hygiene be managed without access to running water?,"Where water access is limited, using individually wrapped products, carrying wet wipes for cleaning, and having a private space to change are practical steps recommended by menstrual hygiene programs.",UNICEF - https://www.unicef.org/wash/menstrual-hygiene-management,B
158,Menstrual Health & Periods,Menstrual Hygiene Practices & Products,What is period poverty?,"Period poverty refers to a lack of access to menstrual products, hygiene facilities, and education, which can force people to miss school or work or use unsafe alternatives.",UNFPA - https://www.unfpa.org/menstruation,B
159,Menstrual Health & Periods,Menstrual Hygiene Practices & Products,Can wearing a pad or tampon too long cause a rash or infection?,"Yes, leaving a product in place too long can trap moisture and bacteria, increasing the risk of skin irritation, odor, or infection, which is why regular changing matters.",UNICEF - https://www.unicef.org/wash/menstrual-hygiene-management,B
160,Menstrual Health & Periods,Menstrual Hygiene Practices & Products,Is period underwear as effective as pads or tampons?,"Period underwear can be effective for light to moderate flow and is often used alongside a pad, tampon, or cup on heavier days; effectiveness varies by brand and flow level.",NHS - https://www.nhs.uk/conditions/periods/,B
161,Menstrual Health & Periods,Menstrual Hygiene Practices & Products,How long can a menstrual cup be worn before emptying?,"Most menstrual cups can be worn for up to 8 to 12 hours, depending on flow, before needing to be emptied, rinsed, and reinserted.",NHS - https://www.nhs.uk/conditions/periods/,B
162,Menstrual Health & Periods,Menstrual Hygiene Practices & Products,Should menstrual hygiene products be shared between people?,"No, menstrual hygiene products, especially reusable ones like cups or cloth pads, should not be shared, to reduce the risk of spreading infection.",UNICEF - https://www.unicef.org/wash/menstrual-hygiene-management,B
163,Menstrual Health & Periods,Menstrual Hygiene Practices & Products,Are there hygiene concerns with using homemade cloth during periods?,"Improperly cleaned or dried homemade cloth can harbor bacteria and increase infection risk; if used, cloth should be washed with soap, thoroughly dried in sunlight, and stored clean.",UNICEF - https://www.unicef.org/wash/menstrual-hygiene-management,B
164,Menstrual Health & Periods,Menstrual Hygiene Practices & Products,What should be included in a basic menstrual hygiene kit?,"A basic kit typically includes enough pads or a reusable product for the cycle, mild soap, clean water access or wipes, spare underwear, and a way to dispose of used products.",UNICEF - https://www.unicef.org/wash/menstrual-hygiene-management,B
165,Menstrual Health & Periods,Menstrual Hygiene Practices & Products,Can using a pad for too long cause odor?,"Yes, bacteria breaking down blood over time on a used pad can create odor, which is another reason regular changing every 4 to 6 hours is recommended.",NHS - https://www.nhs.uk/conditions/periods/,B
166,Menstrual Health & Periods,Menstrual Hygiene Practices & Products,Is it safe to exercise while wearing a tampon or menstrual cup?,"Yes, both tampons and menstrual cups are commonly used during exercise, including swimming and sports, and many people find them more convenient than pads for physical activity.",NHS - https://www.nhs.uk/conditions/periods/,B
167,Menstrual Health & Periods,Menstrual Hygiene Practices & Products,How should reusable cloth pads be stored when not in use?,"Clean, fully dried reusable pads should be stored in a dry, breathable bag or container to prevent moisture buildup and bacterial growth before their next use.",UNICEF - https://www.unicef.org/wash/menstrual-hygiene-management,B
168,Menstrual Health & Periods,Menstrual Hygiene Practices & Products,What hygiene steps help prevent skin irritation from pads?,"Choosing breathable, unscented pads, changing them regularly, and keeping the area clean and dry between changes all help reduce the risk of irritation or rash.",NHS - https://www.nhs.uk/conditions/periods/,B
169,Menstrual Health & Periods,Menstrual Hygiene Practices & Products,Are menstrual discs different from menstrual cups?,"Yes, discs sit higher near the cervix and are designed to be worn during penetrative sex, unlike cups, which sit lower in the vaginal canal; both collect rather than absorb blood.",NHS - https://www.nhs.uk/conditions/periods/,B
170,Menstrual Health & Periods,Menstrual Hygiene Practices & Products,Can lack of menstrual hygiene facilities affect school attendance?,"Yes, inadequate toilets, water, or privacy at school can lead students to miss school days during their period, which is why menstrual-friendly facilities are a global health and education priority.",UNICEF - https://www.unicef.org/wash/menstrual-hygiene-management,B
171,Menstrual Health & Periods,Menstrual Hygiene Practices & Products,Should hands be washed before and after changing a menstrual product?,"Yes, washing hands before and after changing a pad, tampon, or cup helps prevent the spread of bacteria and supports good overall hygiene.",UNICEF - https://www.unicef.org/wash/menstrual-hygiene-management,B
172,Menstrual Health & Periods,Menstrual Hygiene Practices & Products,Is it normal to feel a tampon while wearing it?,"No, a correctly inserted tampon should not be felt; if it feels uncomfortable, it may not be inserted properly and should be repositioned or replaced.",CDC - https://www.cdc.gov/reproductive-health/womens-health/index.html,B
173,Menstrual Health & Periods,Menstrual Hygiene Practices & Products,Can menstrual cups be used overnight?,"Yes, many menstrual cups are designed to be worn safely overnight for up to 8 to 12 hours, depending on the product and flow level.",NHS - https://www.nhs.uk/conditions/periods/,B
174,Menstrual Health & Periods,Menstrual Hygiene Practices & Products,Is douching recommended during or after a period?,"No, douching is not recommended, as it can disrupt the natural vaginal balance and increase the risk of infection; the vagina is self-cleaning.",NHS - https://www.nhs.uk/conditions/periods/,B
175,Menstrual Health & Periods,Menstrual Hygiene Practices & Products,What is the environmental impact of disposable period products?,"Disposable pads and tampons contribute to landfill waste since most contain plastic components, which is why some menstrual hygiene programs also promote reusable alternatives like cups and cloth pads.",UNICEF - https://www.unicef.org/wash/menstrual-hygiene-management,B
176,Menstrual Health & Periods,Menstrual Hygiene Practices & Products,How can menstrual hygiene be managed during humanitarian emergencies or displacement?,"Aid organizations often distribute hygiene kits with pads, soap, underwear, and private washing facilities, since access to basic menstrual supplies is considered an essential part of emergency response.",UNFPA - https://www.unfpa.org/menstruation,B
177,Menstrual Health & Periods,Menstrual Hygiene Practices & Products,Do menstrual cups reduce the risk of toxic shock syndrome compared with tampons?,"Menstrual cups are generally associated with a lower reported risk of toxic shock syndrome than tampons, though proper cleaning and following usage guidelines remain important.",NHS - https://www.nhs.uk/conditions/periods/,B
178,Menstrual Health & Periods,Menstrual Hygiene Practices & Products,Is it okay to use two pads at once for extra protection on heavy days?,"Yes, doubling up pads or pairing a pad with a tampon or cup is a reasonable way to manage very heavy flow, though persistent heavy bleeding should also be discussed with a doctor.",NHS - https://www.nhs.uk/conditions/heavy-periods/,B
179,Menstrual Health & Periods,Menstrual Hygiene Practices & Products,How should menstrual hygiene be taught to adolescents in schools?,"Effective programs combine accurate biological information, hands-on guidance about product use and disposal, and open discussion to reduce stigma, ideally before a student's first period.",UNICEF - https://www.unicef.org/wash/menstrual-hygiene-management,B
180,Menstrual Health & Periods,Cycle Tracking & Irregularity from Ordinary Causes,Why is it useful to track a menstrual cycle?,"Tracking helps identify what's normal for an individual, spot patterns or changes early, and provides useful information to share with a healthcare provider if problems arise.",ACOG - https://www.acog.org/womens-health/faqs/your-first-period,B
181,Menstrual Health & Periods,Cycle Tracking & Irregularity from Ordinary Causes,What information is helpful to record when tracking periods?,"Useful details include the start and end dates of bleeding, flow level, presence of pain or other symptoms, and any unusual changes from the person's typical pattern.",ACOG - https://www.acog.org/womens-health/faqs/your-first-period,B
182,Menstrual Health & Periods,Cycle Tracking & Irregularity from Ordinary Causes,Can travel across time zones cause a period to be late?,"Yes, jet lag and disrupted sleep patterns from long-distance travel can temporarily affect the hormones that regulate ovulation, sometimes delaying the next period by a few days.",NHS - https://www.nhs.uk/conditions/periods/,B
183,Menstrual Health & Periods,Cycle Tracking & Irregularity from Ordinary Causes,How much does stress typically delay a period?,"The delay varies by person and by how significant the stress is, but it can range from a few days to a couple of weeks; cycles usually return to normal once the stressor passes.",NHS - https://www.nhs.uk/conditions/periods/,B
184,Menstrual Health & Periods,Cycle Tracking & Irregularity from Ordinary Causes,Is it normal for periods to be irregular after starting a new intense workout routine?,"Yes, a sudden increase in exercise intensity, especially without enough extra calorie intake, can disrupt the hormonal signals needed for regular ovulation and periods.",NHS - https://www.nhs.uk/conditions/periods/,B
185,Menstrual Health & Periods,Cycle Tracking & Irregularity from Ordinary Causes,Can gaining or losing a lot of weight quickly cause irregular periods?,"Yes, rapid changes in body weight affect hormone levels tied to the reproductive cycle and are a well-recognized cause of irregular or missed periods.",NHS - https://www.nhs.uk/conditions/periods/,B
186,Menstrual Health & Periods,Cycle Tracking & Irregularity from Ordinary Causes,"How long should someone wait before being concerned about a late period, assuming pregnancy is not a factor?","If a period is more than about a week late without a clear cause like stress or illness, and this becomes a pattern, it's reasonable to check in with a healthcare provider.",NHS - https://www.nhs.uk/conditions/periods/,B
187,Menstrual Health & Periods,Cycle Tracking & Irregularity from Ordinary Causes,Can breastfeeding delay periods for many months?,"Yes, frequent and exclusive breastfeeding can suppress ovulation-related hormones and delay periods for several months to over a year in some cases, an effect known as lactational amenorrhea.",WHO - https://www.who.int/news-room/fact-sheets/detail/menstrual-health-and-hygiene,B
188,Menstrual Health & Periods,Cycle Tracking & Irregularity from Ordinary Causes,Do period tracking apps accurately predict ovulation?,"Tracking apps can give a helpful estimate based on cycle history, but predictions are not always precise, especially for people with irregular cycles, so they're best used as a general guide.",NIH/NICHD - https://www.nichd.nih.gov/health/topics/menstruation,B
189,Menstrual Health & Periods,Cycle Tracking & Irregularity from Ordinary Causes,Can illness or infection temporarily disrupt cycle timing?,"Yes, being sick, especially with fever, can place enough physical stress on the body to delay ovulation and shift the timing of the next period.",NHS - https://www.nhs.uk/conditions/periods/,B
190,Menstrual Health & Periods,Cycle Tracking & Irregularity from Ordinary Causes,Is occasional irregularity in periods something to worry about?,"No, occasional irregularity linked to a clear cause like travel, stress, or illness is common and usually resolves on its own within a cycle or two.",NHS - https://www.nhs.uk/conditions/periods/,B
191,Menstrual Health & Periods,Cycle Tracking & Irregularity from Ordinary Causes,What ordinary lifestyle factors most commonly cause irregular periods?,"Stress, significant weight change, intense exercise, disrupted sleep, and travel are among the most common everyday factors that can temporarily shift cycle regularity.",NHS - https://www.nhs.uk/conditions/periods/,B
192,Menstrual Health & Periods,Cycle Tracking & Irregularity from Ordinary Causes,Can quitting or starting hormonal birth control cause temporary irregularity?,"Yes, it typically takes a few months for the body's natural cycle to re-establish itself after stopping hormonal contraception, and cycles may be irregular during this adjustment period.",NHS - https://www.nhs.uk/conditions/periods/,B
193,Menstrual Health & Periods,Cycle Tracking & Irregularity from Ordinary Causes,How can basal body temperature tracking help understand cycle timing?,Charting a small rise in resting body temperature after ovulation can help confirm that ovulation has occurred and give insight into cycle length patterns over time.,NIH/NICHD - https://www.nichd.nih.gov/health/topics/menstruation,B
194,Menstrual Health & Periods,Cycle Tracking & Irregularity from Ordinary Causes,Is it useful to track period symptoms as well as dates?,"Yes, noting symptoms like cramps, mood changes, or bloating alongside dates helps build a fuller picture of a person's normal pattern and can help a doctor assess any changes.",ACOG - https://www.acog.org/womens-health/faqs/your-first-period,B
195,Menstrual Health & Periods,Cycle Tracking & Irregularity from Ordinary Causes,Can seasonal changes in daylight affect cycle regularity?,"There is some evidence that changes in light exposure across seasons may have a subtle effect on cycle timing for some people, though this effect is generally modest.",NIH/NICHD - https://www.nichd.nih.gov/health/topics/menstruation,B
196,Menstrual Health & Periods,Cycle Tracking & Irregularity from Ordinary Causes,How does poor sleep affect cycle regularity?,"Chronic poor sleep can disrupt the hormonal signals from the brain that regulate ovulation, which may lead to irregular timing or changes in period length.",NHS - https://www.nhs.uk/conditions/periods/,B
197,Menstrual Health & Periods,Cycle Tracking & Irregularity from Ordinary Causes,Is a two- or three-day shift in period timing normal from cycle to cycle?,"Yes, a variation of a few days between cycles is common and generally not a concern unless it becomes a much larger or more erratic pattern over time.",NHS - https://www.nhs.uk/conditions/periods/,B
198,Menstrual Health & Periods,Cycle Tracking & Irregularity from Ordinary Causes,Can period tracking help detect early signs of a health problem?,"Yes, a consistent tracking record makes it easier to notice a real change, such as new heavy bleeding or persistent irregularity, that's worth bringing to a healthcare provider's attention.",ACOG - https://www.acog.org/womens-health/faqs/your-first-period,B
199,Menstrual Health & Periods,Cycle Tracking & Irregularity from Ordinary Causes,What is the best way to start tracking periods for the first time?,"A simple notebook, calendar, or period-tracking app where dates, flow, and symptoms are logged each cycle is an easy way to begin building a personal record.",ACOG - https://www.acog.org/womens-health/faqs/your-first-period,B
200,Menstrual Health & Periods,Cycle Tracking & Irregularity from Ordinary Causes,"Can extreme temperature changes, like moving to a very hot or cold climate, affect the cycle?","Significant environmental or climate adjustment, combined with changes in routine and stress, can sometimes cause a temporary shift in cycle timing for some people.",NHS - https://www.nhs.uk/conditions/periods/,B
201,Menstrual Health & Periods,Cycle Tracking & Irregularity from Ordinary Causes,Is it common for cycle length to differ between two friends who otherwise seem similar in health?,"Yes, cycle length naturally varies between individuals due to genetics, hormone sensitivity, and lifestyle, so differences between otherwise healthy people are expected.",ACOG - https://www.acog.org/womens-health/faqs/your-first-period,B
202,Menstrual Health & Periods,Cycle Tracking & Irregularity from Ordinary Causes,How does emotional stress specifically affect the hypothalamus and periods?,"The hypothalamus, a brain region that regulates reproductive hormones, is sensitive to stress signals, and high stress can suppress the hormone pulses needed to trigger ovulation on schedule.",NIH/NICHD - https://www.nichd.nih.gov/health/topics/menstruation,B
203,Menstrual Health & Periods,Cycle Tracking & Irregularity from Ordinary Causes,Can period irregularity from stress resolve without treatment?,"Yes, in many cases once the stressor is reduced or resolved, normal hormonal signaling and cycle regularity return without needing medical treatment.",NHS - https://www.nhs.uk/conditions/periods/,B
204,Menstrual Health & Periods,Cycle Tracking & Irregularity from Ordinary Causes,Does a single missed period from stress or travel usually need medical evaluation?,"Not usually, if there's a clear cause and no other concerning symptoms; however, if periods stay irregular for several months, it's worth checking in with a healthcare provider.",NHS - https://www.nhs.uk/conditions/periods/,B
205,Menstrual Health & Periods,Cycle Tracking & Irregularity from Ordinary Causes,What role does cortisol play in menstrual irregularity?,"Cortisol, the body's main stress hormone, can interfere with the normal balance of reproductive hormones when chronically elevated, which is one mechanism behind stress-related cycle changes.",NIH/NICHD - https://www.nichd.nih.gov/health/topics/menstruation,B
206,Menstrual Health & Periods,Cycle Tracking & Irregularity from Ordinary Causes,Can moving to a new time zone repeatedly (like frequent flying) cause ongoing cycle irregularity?,"Yes, frequent disruption to sleep and circadian rhythm from repeated time zone changes can contribute to ongoing cycle irregularity for some people.",NHS - https://www.nhs.uk/conditions/periods/,B
207,Menstrual Health & Periods,Cycle Tracking & Irregularity from Ordinary Causes,Is it normal for period tracking apps to sometimes mispredict the next period?,"Yes, because natural cycle variation exists, even a well-used app may occasionally predict a date that doesn't match exactly, especially if the underlying cycle history is limited or irregular.",NIH/NICHD - https://www.nichd.nih.gov/health/topics/menstruation,B
208,Menstrual Health & Periods,Cycle Tracking & Irregularity from Ordinary Causes,How long can lactational amenorrhea safely be relied upon as natural family planning?,The lactational amenorrhea method is considered effective mainly in the first six months postpartum with exclusive breastfeeding and no return of periods; effectiveness decreases after that window.,WHO - https://www.who.int/news-room/fact-sheets/detail/menstrual-health-and-hygiene,B
209,Menstrual Health & Periods,Cycle Tracking & Irregularity from Ordinary Causes,Can period irregularity from ordinary causes resolve on its own without any change in habits?,"Sometimes, if the underlying stressor was temporary, but making supportive changes like better sleep, balanced eating, and stress management often helps cycles return to normal sooner.",NHS - https://www.nhs.uk/conditions/periods/,B
210,Menstrual Health & Periods,Cycle Tracking & Irregularity from Ordinary Causes,Does keeping a long-term cycle record help during a doctor's visit?,"Yes, bringing several months of tracked cycle data to an appointment gives a doctor much more useful information than relying on memory alone.",ACOG - https://www.acog.org/womens-health/faqs/your-first-period,B
211,Menstrual Health & Periods,Cycle Tracking & Irregularity from Ordinary Causes,"Can a big life change, like starting university or a new job, affect period regularity?","Yes, major life transitions often bring a mix of stress, disrupted routine, and changed sleep or eating patterns, all of which can temporarily affect cycle regularity.",NHS - https://www.nhs.uk/conditions/periods/,B
212,Menstrual Health & Periods,Cycle Tracking & Irregularity from Ordinary Causes,What is a normal range of total cycles considered irregular per year before checking in with a doctor?,"There's no single fixed number, but if cycles are unpredictable in most months of the year rather than just occasionally, it's reasonable to discuss this pattern with a healthcare provider.",NHS - https://www.nhs.uk/conditions/periods/,B
213,Menstrual Health & Periods,Cycle Tracking & Irregularity from Ordinary Causes,Is fasting during religious observances known to affect cycle timing?,"Extended fasting can affect energy balance and hormone regulation temporarily, and some people notice mild shifts in cycle timing during or after a fasting period, which usually resolves afterward.",NHS - https://www.nhs.uk/conditions/periods/,B
214,Menstrual Health & Periods,Cycle Tracking & Irregularity from Ordinary Causes,How can someone tell the difference between normal cycle variation and a pattern that needs medical attention?,"A helpful rule of thumb is that occasional, explainable shifts (like one late period after a stressful week) are usually normal, while a persistent pattern over several months warrants medical review.",ACOG - https://www.acog.org/womens-health/faqs/your-first-period,B
215,Menstrual Health & Periods,Myths & Cultural Taboos Around Periods,Is it true that menstrual blood is 'dirty' or impure?,"No, menstrual blood is a normal biological fluid made up of blood and uterine lining tissue; the idea that it is impure is a cultural belief, not a medical fact.",WHO - https://www.who.int/news-room/fact-sheets/detail/menstrual-health-and-hygiene,B
216,Menstrual Health & Periods,Myths & Cultural Taboos Around Periods,Can a woman on her period safely cook food for others?,"Yes, there is no medical reason why menstruating affects a person's ability to safely prepare or handle food; this restriction is a cultural taboo rather than a health-based rule.",UNFPA - https://www.unfpa.org/menstruation,B
217,Menstrual Health & Periods,Myths & Cultural Taboos Around Periods,Is it true that exercising during a period is harmful?,"No, moderate exercise during a period is safe and can actually help relieve cramps and improve mood; there is no medical reason to avoid physical activity.",NHS - https://www.nhs.uk/conditions/period-pain/,B
218,Menstrual Health & Periods,Myths & Cultural Taboos Around Periods,Does having a period mean someone shouldn't enter religious or sacred spaces?,This is a cultural or religious practice in some traditions rather than a medical requirement; menstruation itself poses no health risk to being in any space.,UNFPA - https://www.unfpa.org/menstruation,B
219,Menstrual Health & Periods,Myths & Cultural Taboos Around Periods,Is it true that washing your hair during a period is unsafe?,"No, there is no medical basis for avoiding hair washing or bathing during a period; good hygiene, including regular washing, is actually encouraged.",UNICEF - https://www.unicef.org/wash/menstrual-hygiene-management,B
220,Menstrual Health & Periods,Myths & Cultural Taboos Around Periods,Can swimming during a period cause an infection?,"No, swimming during a period, especially with a tampon, pad, or cup in place, is safe and does not increase infection risk on its own.",NHS - https://www.nhs.uk/conditions/periods/,B
221,Menstrual Health & Periods,Myths & Cultural Taboos Around Periods,Is it true periods sync up between women who live together?,"The idea of menstrual synchrony among people living together is a popular belief, but rigorous scientific studies have not consistently supported it as a real physiological phenomenon.",NIH/NICHD - https://www.nichd.nih.gov/health/topics/menstruation,B
222,Menstrual Health & Periods,Myths & Cultural Taboos Around Periods,Does eating certain foods like sour or cold foods worsen a period?,There's no strong medical evidence that specific food types like sour or cold foods directly worsen menstrual symptoms; this is largely a cultural belief rather than an established fact.,NHS - https://www.nhs.uk/conditions/periods/,B
223,Menstrual Health & Periods,Myths & Cultural Taboos Around Periods,Is menstruation a sign of illness or weakness?,"No, menstruation is a normal, healthy part of the reproductive cycle, not a sign of illness or physical weakness.",WHO - https://www.who.int/news-room/fact-sheets/detail/menstrual-health-and-hygiene,B
224,Menstrual Health & Periods,Myths & Cultural Taboos Around Periods,Should menstruating girls be kept out of school?,"No, there is no medical reason to keep menstruating students out of school; with proper hygiene facilities and products, students can and should continue attending school as normal.",UNICEF - https://www.unicef.org/wash/menstrual-hygiene-management,B
225,Menstrual Health & Periods,Myths & Cultural Taboos Around Periods,"Is it harmful to touch pickles or plants while menstruating, as some traditions claim?","No, there is no scientific basis for menstrual blood or a menstruating person affecting food preservation or plant growth; this is a traditional belief rather than a medical fact.",UNFPA - https://www.unfpa.org/menstruation,B
226,Menstrual Health & Periods,Myths & Cultural Taboos Around Periods,Does menstruation make a person 'impure' for prayer or worship in a medical sense?,"Medically, there is nothing about menstruation that makes a person unclean; restrictions around worship during menstruation are religious or cultural practices, not health-based rules.",UNFPA - https://www.unfpa.org/menstruation,B
227,Menstrual Health & Periods,Myths & Cultural Taboos Around Periods,Can talking openly about periods reduce stigma?,"Yes, open, accurate conversations about menstruation at home, school, and in communities are recognized by global health bodies as key to reducing shame and improving menstrual health outcomes.",UNFPA - https://www.unfpa.org/menstruation,B
228,Menstrual Health & Periods,Myths & Cultural Taboos Around Periods,Is it true that using tampons affects virginity?,"No, tampon use does not determine or affect virginity, which is a social concept rather than a specific physical marker; this is a common myth worth correcting.",ACOG - https://www.acog.org/womens-health/faqs/your-first-period,B
229,Menstrual Health & Periods,Myths & Cultural Taboos Around Periods,Does period blood smell because it is unclean?,"No, the mild scent of menstrual blood comes from its exposure to air and normal bacteria on the skin, not because the blood itself is dirty.",NHS - https://www.nhs.uk/conditions/periods/,B
230,Menstrual Health & Periods,Myths & Cultural Taboos Around Periods,Is it true that a menstruating person shouldn't sleep in the same bed or room as others?,"No, there is no medical reason to separate a menstruating person from others during sleep; this practice, found in some cultures, is social rather than health-based.",UNFPA - https://www.unfpa.org/menstruation,B
231,Menstrual Health & Periods,Myths & Cultural Taboos Around Periods,Can period stigma affect mental wellbeing?,"Yes, shame or secrecy around periods can contribute to anxiety, low self-esteem, and reluctance to seek help for menstrual problems, which is why reducing stigma is a public health goal.",UNFPA - https://www.unfpa.org/menstruation,B
232,Menstrual Health & Periods,Myths & Cultural Taboos Around Periods,Is menstrual blood different from regular blood in a way that makes it dangerous to touch?,"No, menstrual blood poses no more risk than any other bodily fluid; normal hygiene practices like hand washing are sufficient when handling used products.",UNICEF - https://www.unicef.org/wash/menstrual-hygiene-management,B
233,Menstrual Health & Periods,Myths & Cultural Taboos Around Periods,Do cultural taboos around periods vary widely between countries?,"Yes, beliefs and practices around menstruation differ significantly across cultures and religions, ranging from mild social norms to more restrictive practices, and global health bodies work to address restrictions that harm health or education.",UNFPA - https://www.unfpa.org/menstruation,B
234,Menstrual Health & Periods,Myths & Cultural Taboos Around Periods,Is it true that a menstruating person shouldn't drink cold water?,There is no medical evidence that drinking cold water worsens period symptoms; this is a common cultural belief rather than a scientific fact.,NHS - https://www.nhs.uk/conditions/periods/,B
235,Menstrual Health & Periods,Myths & Cultural Taboos Around Periods,Can menstrual taboos prevent girls from seeking medical help for period problems?,"Yes, stigma and secrecy can make some girls and women reluctant to discuss period pain or irregularities with a doctor, which can delay diagnosis of treatable conditions.",UNFPA - https://www.unfpa.org/menstruation,B
236,Menstrual Health & Periods,Myths & Cultural Taboos Around Periods,Is it true that period products should be hidden or never discussed openly?,There is no health reason to hide menstrual products; normalizing conversations and visibility around periods is encouraged by health and education organizations to reduce stigma.,UNFPA - https://www.unfpa.org/menstruation,B
237,Menstrual Health & Periods,Myths & Cultural Taboos Around Periods,Does having a period affect a person's ability to make sound decisions?,"No, there is no evidence that menstruation impairs judgment or decision-making ability; this is a harmful stereotype rather than a medical fact.",WHO - https://www.who.int/news-room/fact-sheets/detail/menstrual-health-and-hygiene,B
238,Menstrual Health & Periods,Myths & Cultural Taboos Around Periods,Can boys and men benefit from learning accurate information about periods?,"Yes, educating boys and men helps reduce teasing and stigma, builds more supportive households and workplaces, and challenges myths that contribute to period-related discrimination.",UNFPA - https://www.unfpa.org/menstruation,B
239,Menstrual Health & Periods,Myths & Cultural Taboos Around Periods,Is menstruation considered a taboo topic in medical settings too?,"Historically yes, but major health organizations now actively promote open clinical discussion of menstrual health as an important part of overall reproductive healthcare.",WHO - https://www.who.int/news-room/fact-sheets/detail/menstrual-health-and-hygiene,B
240,Menstrual Health & Periods,Myths & Cultural Taboos Around Periods,Is there truth to the idea that periods should be a 'silent' topic even within families?,"No, health experts recommend open, age-appropriate discussion about periods within families to help young people feel supported rather than ashamed.",UNICEF - https://www.unicef.org/wash/menstrual-hygiene-management,B
241,Menstrual Health & Periods,Myths & Cultural Taboos Around Periods,Does a heavier or lighter period say anything about a person's character or morality?,"No, flow characteristics are purely biological and have no connection to a person's character, morality, or worth; this association is a cultural myth.",WHO - https://www.who.int/news-room/fact-sheets/detail/menstrual-health-and-hygiene,B
242,Menstrual Health & Periods,Myths & Cultural Taboos Around Periods,Can community-based menstrual health education programs reduce harmful taboos?,"Yes, structured education programs in schools and communities have been shown to improve knowledge, reduce shame, and challenge harmful restrictive practices around menstruation.",UNFPA - https://www.unfpa.org/menstruation,B
243,Menstrual Health & Periods,Myths & Cultural Taboos Around Periods,Is it true menstruating people shouldn't touch babies or newborns?,"No, there is no medical basis for this restriction; normal hygiene, like hand washing, is all that's needed when handling a baby, regardless of menstrual status.",UNFPA - https://www.unfpa.org/menstruation,B
244,Menstrual Health & Periods,Myths & Cultural Taboos Around Periods,Does period stigma contribute to period poverty?,"Yes, stigma can make it harder for people to ask for help, products, or facilities, which can compound the practical barriers that make up period poverty.",UNFPA - https://www.unfpa.org/menstruation,B
245,Menstrual Health & Periods,Myths & Cultural Taboos Around Periods,Are period-related taboos more common in areas with less menstrual health education?,"Generally yes, taboos and misinformation tend to be more entrenched where structured menstrual health education is limited, which is part of why global health bodies prioritize education access.",UNICEF - https://www.unicef.org/wash/menstrual-hygiene-management,B
246,Menstrual Health & Periods,Myths & Cultural Taboos Around Periods,Is it accurate to say menstruation is shameful or something to hide from others?,"No, menstruation is a normal, healthy bodily process; framing it as shameful is a social and cultural attitude, not a medical or biological reality.",WHO - https://www.who.int/news-room/fact-sheets/detail/menstrual-health-and-hygiene,B
247,Menstrual Health & Periods,Myths & Cultural Taboos Around Periods,Can period-friendly policies in schools and workplaces help address stigma?,"Yes, policies that provide products, private facilities, and flexibility around menstrual symptoms help normalize periods as a routine part of life rather than something to hide.",UNFPA - https://www.unfpa.org/menstruation,B
248,Menstrual Health & Periods,Myths & Cultural Taboos Around Periods,Is there a global effort to address menstrual health stigma?,"Yes, organizations such as WHO, UNICEF, and UNFPA actively work on menstrual health and hygiene initiatives worldwide, recognizing that stigma and lack of access are barriers to health and education.",UNFPA - https://www.unfpa.org/menstruation,B
249,Menstrual Health & Periods,Myths & Cultural Taboos Around Periods,Is it true that a menstruating person shouldn't exercise vigorously or play sports?,"No, there is no medical reason to avoid vigorous exercise or sports during a period; in fact, staying active can help ease cramps and improve overall mood.",NHS - https://www.nhs.uk/conditions/period-pain/,B
250,Mental Health & Emotional Well-being,Everyday Stress & Anxiety,What is the difference between everyday stress and an anxiety disorder?,"Everyday stress is usually a short-term reaction to a specific situation that fades once the situation resolves, while an anxiety disorder involves persistent, excessive worry that continues even without a clear trigger and interferes with daily life.",NIMH - https://www.nimh.nih.gov/health/topics,B
251,Mental Health & Emotional Well-being,Everyday Stress & Anxiety,What are common physical signs of stress?,"Common physical signs include muscle tension, headaches, fatigue, upset stomach, trouble sleeping, and a racing heart, all of which reflect the body's natural stress response.",WHO - https://www.who.int/news-room/questions-and-answers/item/stress,B
252,Mental Health & Emotional Well-being,Everyday Stress & Anxiety,How can deep breathing help with everyday stress?,"Slow, deep breathing activates the body's relaxation response, which can lower heart rate and reduce feelings of tension in the moment.",APA - https://www.apa.org/topics/stress,B
253,Mental Health & Emotional Well-being,Everyday Stress & Anxiety,Is it normal to feel anxious before a big event like an exam or interview?,"Yes, feeling nervous or anxious before an important event is a normal response and can even help sharpen focus, as long as it doesn't become overwhelming or long-lasting.",NIMH - https://www.nimh.nih.gov/health/topics,B
254,Mental Health & Emotional Well-being,Everyday Stress & Anxiety,What lifestyle habits help reduce everyday stress?,"Regular physical activity, consistent sleep, balanced nutrition, limiting caffeine and alcohol, and setting aside time for relaxation are all habits linked to lower everyday stress levels.",WHO - https://www.who.int/news-room/questions-and-answers/item/stress,B
255,Mental Health & Emotional Well-being,Everyday Stress & Anxiety,Can chronic stress affect physical health over time?,"Yes, prolonged stress has been linked to increased risk of issues such as high blood pressure, weakened immune function, and disrupted sleep, which is why managing stress matters for overall health.",CDC - https://www.cdc.gov/mentalhealth/index.htm,B
256,Mental Health & Emotional Well-being,Everyday Stress & Anxiety,What is a simple way to manage stress in the moment?,"Taking a short break to breathe deeply, step outside, or briefly change your environment can help interrupt a stress response and create space to think more clearly.",WHO - https://www.who.int/news-room/questions-and-answers/item/stress,B
257,Mental Health & Emotional Well-being,Everyday Stress & Anxiety,How much exercise is recommended for managing stress and anxiety?,"Guidance generally suggests aiming for at least 150 minutes of moderate physical activity per week, as regular movement is associated with reduced stress and improved mood.",WHO - https://www.who.int/news-room/questions-and-answers/item/stress,B
258,Mental Health & Emotional Well-being,Everyday Stress & Anxiety,Can too much caffeine make anxiety worse?,"Yes, high caffeine intake can increase heart rate and jitteriness, which may worsen feelings of anxiety in people who are sensitive to its effects.",NIMH - https://www.nimh.nih.gov/health/topics,B
259,Mental Health & Emotional Well-being,Everyday Stress & Anxiety,What is the fight-or-flight response?,"The fight-or-flight response is the body's automatic reaction to a perceived threat, releasing hormones like adrenaline that increase heart rate and alertness to prepare for action.",APA - https://www.apa.org/topics/stress,B
260,Mental Health & Emotional Well-being,Everyday Stress & Anxiety,Is journaling helpful for managing everyday worry?,"Yes, writing down worries or stressful thoughts can help organize thinking, provide emotional release, and sometimes reveal patterns that are useful to address.",APA - https://www.apa.org/topics/stress,B
261,Mental Health & Emotional Well-being,Everyday Stress & Anxiety,Can poor time management contribute to daily stress?,"Yes, feeling behind on tasks or overcommitted is a common source of stress, and basic planning or prioritizing tasks can help reduce this pressure.",WHO - https://www.who.int/news-room/questions-and-answers/item/stress,B
262,Mental Health & Emotional Well-being,Everyday Stress & Anxiety,What is 'grounding' and how does it help with anxiety?,"Grounding techniques, such as noticing five things you can see or feel, help bring attention back to the present moment and can reduce the intensity of anxious thoughts.",APA - https://www.apa.org/topics/stress,B
263,Mental Health & Emotional Well-being,Everyday Stress & Anxiety,Can social support reduce stress levels?,"Yes, having supportive relationships and people to talk to is strongly associated with better stress management and overall emotional wellbeing.",WHO - https://www.who.int/news-room/questions-and-answers/item/stress,B
264,Mental Health & Emotional Well-being,Everyday Stress & Anxiety,Is it normal to feel physically exhausted after a stressful day even without physical activity?,"Yes, mental and emotional stress can be just as tiring as physical exertion, since the body maintains heightened alertness that uses energy.",APA - https://www.apa.org/topics/stress,B
265,Mental Health & Emotional Well-being,Everyday Stress & Anxiety,How can someone tell if their stress levels are becoming unhealthy?,"Signs that stress may be becoming unhealthy include ongoing sleep problems, difficulty concentrating, irritability, physical symptoms, or feeling unable to cope with daily responsibilities over an extended period.",WHO - https://www.who.int/news-room/questions-and-answers/item/stress,B
266,Mental Health & Emotional Well-being,Everyday Stress & Anxiety,Can mindfulness meditation help with everyday anxiety?,"Yes, research supports mindfulness meditation as an effective way to reduce anxiety symptoms by helping people observe thoughts without becoming overwhelmed by them.",NIMH - https://www.nimh.nih.gov/health/topics,B
267,Mental Health & Emotional Well-being,Everyday Stress & Anxiety,Is worrying about small things a sign of a mental health problem?,"Occasional worry about small things is common and not necessarily a sign of a disorder; it becomes more concerning if the worry is constant, hard to control, and disrupts daily life.",NIMH - https://www.nimh.nih.gov/health/topics,B
268,Mental Health & Emotional Well-being,Everyday Stress & Anxiety,Can screen time or social media use increase stress and anxiety?,"For many people, heavy or compulsive use of social media and screens is associated with increased stress, disrupted sleep, and anxiety, particularly when it displaces rest or in-person connection.",APA - https://www.apa.org/topics/stress,B
269,Mental Health & Emotional Well-being,Everyday Stress & Anxiety,What role does sleep play in managing stress?,"Adequate, consistent sleep helps regulate mood and stress hormones, and poor sleep can make everyday stress feel more intense and harder to manage.",NIMH - https://www.nimh.nih.gov/health/topics,B
270,Mental Health & Emotional Well-being,Everyday Stress & Anxiety,Can spending time in nature reduce stress?,"Yes, time spent outdoors and in green spaces has been linked to lower stress hormone levels and improved mood in multiple studies.",APA - https://www.apa.org/topics/stress,B
271,Mental Health & Emotional Well-being,Everyday Stress & Anxiety,Is it helpful to talk to friends or family about everyday stress?,"Yes, sharing stress with trusted people can provide emotional relief, a fresh perspective, and practical support, all of which help with coping.",WHO - https://www.who.int/news-room/questions-and-answers/item/stress,B
272,Mental Health & Emotional Well-being,Everyday Stress & Anxiety,What is the '4-7-8' breathing technique?,"It's a breathing exercise where you inhale for 4 seconds, hold for 7 seconds, and exhale for 8 seconds, which some people find helpful for calming the nervous system in stressful moments.",APA - https://www.apa.org/topics/stress,B
273,Mental Health & Emotional Well-being,Everyday Stress & Anxiety,Can stress affect appetite?,"Yes, stress can either suppress appetite or trigger overeating in different people, both of which are recognized physiological responses to prolonged stress.",APA - https://www.apa.org/topics/stress,B
274,Mental Health & Emotional Well-being,Everyday Stress & Anxiety,Is it common to feel anxious without a specific reason?,"Yes, general or free-floating anxiety without an obvious single cause does happen and is common, though persistent unexplained anxiety is worth discussing with a healthcare provider.",NIMH - https://www.nimh.nih.gov/health/topics,B
275,Mental Health & Emotional Well-being,Everyday Stress & Anxiety,"Can setting small, achievable goals help reduce feelings of being overwhelmed?","Yes, breaking large tasks into smaller, manageable steps can reduce the sense of being overwhelmed and build a sense of control and accomplishment.",APA - https://www.apa.org/topics/stress,B
276,Mental Health & Emotional Well-being,Everyday Stress & Anxiety,Does laughter or humor help reduce stress?,"Yes, laughter can trigger the release of feel-good brain chemicals and temporarily ease muscle tension, making it a simple and effective stress reliever for many people.",APA - https://www.apa.org/topics/stress,B
277,Mental Health & Emotional Well-being,Everyday Stress & Anxiety,What is the difference between acute stress and chronic stress?,"Acute stress is a short-term reaction to a specific event, while chronic stress persists over weeks or months and can have more significant effects on physical and mental health.",WHO - https://www.who.int/news-room/questions-and-answers/item/stress,B
278,Mental Health & Emotional Well-being,Everyday Stress & Anxiety,Can pets help reduce everyday stress and anxiety?,"Yes, interacting with pets has been associated with lower stress hormone levels and improved mood for many people.",APA - https://www.apa.org/topics/stress,B
279,Mental Health & Emotional Well-being,Everyday Stress & Anxiety,Is it normal for stress levels to fluctuate throughout the week?,"Yes, stress naturally rises and falls based on workload, events, and personal circumstances, and this fluctuation is a normal part of daily life.",WHO - https://www.who.int/news-room/questions-and-answers/item/stress,B
280,Mental Health & Emotional Well-being,Everyday Stress & Anxiety,Can a structured daily routine help manage anxiety?,"Yes, predictable routines around sleep, meals, and activities can create a sense of stability that helps reduce everyday anxiety for many people.",NIMH - https://www.nimh.nih.gov/health/topics,B
281,Mental Health & Emotional Well-being,Mood & Emotional Coping,What are healthy ways to cope with a low mood?,"Healthy coping strategies include talking to someone you trust, engaging in physical activity, keeping to a routine, and doing activities that usually bring you enjoyment, even in small amounts.",NIMH - https://www.nimh.nih.gov/health/topics,B
282,Mental Health & Emotional Well-being,Mood & Emotional Coping,Is it normal to have mood swings from time to time?,"Yes, everyone experiences some natural variation in mood due to daily events, sleep, hormones, or stress; frequent or extreme mood swings that disrupt life are worth discussing with a professional.",NIMH - https://www.nimh.nih.gov/health/topics,B
283,Mental Health & Emotional Well-being,Mood & Emotional Coping,What is emotional regulation?,"Emotional regulation refers to the ability to manage and respond to emotional experiences in a way that is appropriate and helpful, rather than being overwhelmed by them.",APA - https://www.apa.org/topics/stress,B
284,Mental Health & Emotional Well-being,Mood & Emotional Coping,Can naming your emotions help you cope with them?,"Yes, simply identifying and labeling what you're feeling, sometimes called 'affect labeling', has been shown to reduce the intensity of difficult emotions.",APA - https://www.apa.org/topics/stress,B
285,Mental Health & Emotional Well-being,Mood & Emotional Coping,Is distraction always a bad coping strategy?,"Not necessarily; brief, healthy distraction, like a walk or a hobby, can be a useful short-term coping tool, but relying on it exclusively to avoid feelings long-term is less helpful.",APA - https://www.apa.org/topics/stress,B
286,Mental Health & Emotional Well-being,Mood & Emotional Coping,What is the difference between sadness and depression?,"Sadness is a normal, usually temporary emotional response to a specific event, while depression is a more persistent condition involving low mood, loss of interest, and other symptoms lasting most of the day for at least two weeks.",NIMH - https://www.nimh.nih.gov/health/topics,B
287,Mental Health & Emotional Well-being,Mood & Emotional Coping,Can practicing gratitude improve mood?,"Yes, regularly noting things you're grateful for has been associated with improved mood and greater life satisfaction in several studies.",APA - https://www.apa.org/topics/stress,B
288,Mental Health & Emotional Well-being,Mood & Emotional Coping,How can someone cope with feeling irritable most of the time?,"Identifying possible triggers such as poor sleep, stress, or hunger, along with practicing calming techniques and talking to a professional if it persists, can help address ongoing irritability.",NIMH - https://www.nimh.nih.gov/health/topics,B
289,Mental Health & Emotional Well-being,Mood & Emotional Coping,Is it healthy to suppress negative emotions?,"No, consistently suppressing emotions rather than processing them is linked to greater long-term distress; healthier approaches involve acknowledging feelings and expressing them in constructive ways.",APA - https://www.apa.org/topics/stress,B
290,Mental Health & Emotional Well-being,Mood & Emotional Coping,Can creative activities like art or music help with emotional coping?,"Yes, creative expression can provide a healthy outlet for processing emotions and has been associated with improved mood and reduced stress for many people.",APA - https://www.apa.org/topics/stress,B
291,Mental Health & Emotional Well-being,Mood & Emotional Coping,What is 'emotional resilience'?,"Emotional resilience is the ability to adapt to and recover from stress, setbacks, or difficult emotions, and it can be strengthened over time through supportive relationships and coping skills.",APA - https://www.apa.org/topics/stress,B
292,Mental Health & Emotional Well-being,Mood & Emotional Coping,Is it normal to feel numb or flat sometimes rather than sad?,"Occasional emotional numbness can happen, particularly after stress or exhaustion, but if it persists or feels disconnected from your usual emotional range, it's worth discussing with a professional.",NIMH - https://www.nimh.nih.gov/health/topics,B
293,Mental Health & Emotional Well-being,Mood & Emotional Coping,"Can physical activity genuinely improve mood, or is that just a saying?",It's well supported by research: physical activity triggers the release of endorphins and other brain chemicals that can measurably improve mood and reduce symptoms of low mood and anxiety.,NIMH - https://www.nimh.nih.gov/health/topics,B
294,Mental Health & Emotional Well-being,Mood & Emotional Coping,How can someone cope with feeling overwhelmed by many emotions at once?,"Slowing down, naming what you're feeling, focusing on one manageable step at a time, and reaching out for support can help make overwhelming emotions feel more manageable.",APA - https://www.apa.org/topics/stress,B
295,Mental Health & Emotional Well-being,Mood & Emotional Coping,Is crying a healthy way to cope with emotions?,"Yes, crying is a natural emotional release that many people find relieves tension, though how helpful it feels can vary from person to person.",APA - https://www.apa.org/topics/stress,B
296,Mental Health & Emotional Well-being,Mood & Emotional Coping,Can practicing self-compassion help with difficult emotions?,"Yes, treating yourself with the same kindness you'd offer a friend during hard times is associated with better emotional coping and lower levels of self-criticism.",APA - https://www.apa.org/topics/stress,B
297,Mental Health & Emotional Well-being,Mood & Emotional Coping,What is cognitive reframing?,"Cognitive reframing is a technique where you consciously look at a difficult situation from a different, more balanced perspective, which can reduce the emotional intensity of negative thoughts.",APA - https://www.apa.org/topics/stress,B
298,Mental Health & Emotional Well-being,Mood & Emotional Coping,Can talking to a friend about a bad day genuinely improve mood?,"Yes, sharing feelings with someone supportive is linked to lower stress and improved mood, partly because it provides both emotional release and outside perspective.",APA - https://www.apa.org/topics/stress,B
299,Mental Health & Emotional Well-being,Mood & Emotional Coping,Is it normal for mood to be affected by weather or seasons?,"Yes, many people notice mood shifts with changing seasons or weather, and for some this can be more pronounced, sometimes described as seasonal affective patterns.",NIMH - https://www.nimh.nih.gov/health/topics,B
300,Mental Health & Emotional Well-being,Mood & Emotional Coping,What is the value of routine in managing mood?,"Consistent daily routines around sleep, meals, and activity provide structure that can help stabilize mood, particularly during stressful or uncertain periods.",NIMH - https://www.nimh.nih.gov/health/topics,B
301,Mental Health & Emotional Well-being,Mood & Emotional Coping,Can setting boundaries help protect emotional wellbeing?,"Yes, being able to say no or limit demands on your time and energy is an important coping skill that helps prevent emotional exhaustion.",APA - https://www.apa.org/topics/stress,B
302,Mental Health & Emotional Well-being,Mood & Emotional Coping,Is comparing yourself to others on social media linked to lower mood?,"Yes, frequent social comparison, especially on social media, has been linked to lower self-esteem and mood in various studies, so being mindful of this habit can help protect wellbeing.",APA - https://www.apa.org/topics/stress,B
303,Mental Health & Emotional Well-being,Mood & Emotional Coping,Can practicing relaxation techniques regularly improve overall emotional wellbeing over time?,"Yes, consistent use of relaxation techniques such as deep breathing, meditation, or progressive muscle relaxation is associated with improved emotional regulation and reduced stress over time.",APA - https://www.apa.org/topics/stress,B
304,Mental Health & Emotional Well-being,Mood & Emotional Coping,How does hunger or low blood sugar affect mood?,"Low blood sugar can cause irritability, difficulty concentrating, and low mood, which is why regular balanced meals are part of maintaining stable emotional wellbeing.",NIMH - https://www.nimh.nih.gov/health/topics,B
305,Mental Health & Emotional Well-being,Mood & Emotional Coping,Is it common to feel more emotional during times of major life change?,"Yes, transitions such as moving, changing jobs, or shifts in relationships often bring heightened emotions as part of adjusting to new circumstances.",APA - https://www.apa.org/topics/stress,B
306,Mental Health & Emotional Well-being,Mood & Emotional Coping,Can practicing acceptance of difficult emotions be more helpful than trying to eliminate them?,"Yes, research on acceptance-based approaches suggests that acknowledging and allowing difficult emotions, rather than fighting them, can reduce their intensity and duration over time.",APA - https://www.apa.org/topics/stress,B
307,Mental Health & Emotional Well-being,Mood & Emotional Coping,What is a healthy amount of time to allow yourself to feel sad after a disappointment?,"There's no fixed timeline, since everyone processes disappointment differently; what matters more is whether you're able to gradually re-engage with daily life rather than staying stuck.",NIMH - https://www.nimh.nih.gov/health/topics,B
308,Mental Health & Emotional Well-being,Mood & Emotional Coping,Can keeping a mood journal help identify patterns in emotional wellbeing?,"Yes, tracking mood alongside sleep, activities, and events can help reveal patterns and triggers that are useful for both self-understanding and conversations with a professional.",APA - https://www.apa.org/topics/stress,B
309,Mental Health & Emotional Well-being,Mood & Emotional Coping,Is it okay to feel multiple conflicting emotions at the same time?,"Yes, it's completely normal to feel more than one emotion at once, such as relief and sadness together; this complexity is a normal part of emotional experience.",APA - https://www.apa.org/topics/stress,B
310,Mental Health & Emotional Well-being,Mood & Emotional Coping,How can someone build a personal 'toolkit' of coping strategies?,"Trying different strategies such as exercise, talking to someone, creative activities, and relaxation techniques, and noting which ones genuinely help, can build a practical, personalized set of coping tools.",APA - https://www.apa.org/topics/stress,B
311,Mental Health & Emotional Well-being,Mood & Emotional Coping,Is it normal to feel a dip in mood after a period of excitement or a big event ends?,"Yes, this common experience, sometimes called a post-event slump, reflects a natural readjustment after a period of heightened emotion or activity.",APA - https://www.apa.org/topics/stress,B
312,Mental Health & Emotional Well-being,Postpartum Emotional Wellbeing (Baby Blues/PPD - Feelings Only),What are the 'baby blues'?,"The baby blues describe a short-term period of mood swings, tearfulness, and mild anxiety that many new mothers experience in the first couple of weeks after childbirth, related to rapid hormonal shifts and exhaustion.",ACOG - https://www.acog.org/womens-health/faqs/your-first-period,B
313,Mental Health & Emotional Well-being,Postpartum Emotional Wellbeing (Baby Blues/PPD - Feelings Only),How long do the baby blues typically last emotionally?,"Emotionally, the baby blues usually peak around day 3 to 5 after birth and ease on their own within about two weeks.",NIMH - https://www.nimh.nih.gov/health/topics,B
314,Mental Health & Emotional Well-being,Postpartum Emotional Wellbeing (Baby Blues/PPD - Feelings Only),What is the emotional difference between baby blues and postpartum depression?,"Baby blues involve mild, short-lived mood swings that resolve within two weeks, while postpartum depression involves more intense, persistent sadness, hopelessness, or numbness that lasts longer and interferes with daily functioning.",NIMH - https://www.nimh.nih.gov/health/topics,B
315,Mental Health & Emotional Well-being,Postpartum Emotional Wellbeing (Baby Blues/PPD - Feelings Only),Is it normal to feel weepy or tearful for no clear reason after having a baby?,"Yes, sudden tearfulness without an obvious trigger is a common emotional experience in the early postpartum period and is generally part of the baby blues.",ACOG - https://www.acog.org/womens-health/faqs/your-first-period,B
316,Mental Health & Emotional Well-being,Postpartum Emotional Wellbeing (Baby Blues/PPD - Feelings Only),Can a new mother feel love for her baby and still feel overwhelmed emotionally?,"Yes, it's entirely normal to feel deep love for a baby while also feeling emotionally overwhelmed, exhausted, or uncertain; these feelings can coexist and don't reflect on someone's abilities as a parent.",NIMH - https://www.nimh.nih.gov/health/topics,B
317,Mental Health & Emotional Well-being,Postpartum Emotional Wellbeing (Baby Blues/PPD - Feelings Only),What feelings are common signs someone may be experiencing postpartum depression rather than just baby blues?,"Persistent sadness, feelings of worthlessness or guilt, loss of interest in things once enjoyed, difficulty bonding emotionally with the baby, and feeling hopeless most of the day for more than two weeks are signs worth discussing with a professional.",NIMH - https://www.nimh.nih.gov/health/topics,B
318,Mental Health & Emotional Well-being,Postpartum Emotional Wellbeing (Baby Blues/PPD - Feelings Only),Is it normal to feel anxious about being a 'good enough' parent?,"Yes, many new parents feel anxious or self-doubting about their parenting, especially in the early weeks; this is a common emotional experience tied to the major life adjustment of becoming a parent.",NIMH - https://www.nimh.nih.gov/health/topics,B
319,Mental Health & Emotional Well-being,Postpartum Emotional Wellbeing (Baby Blues/PPD - Feelings Only),Can feeling disconnected from the baby emotionally in the early days be normal?,"Some new parents notice bonding builds gradually rather than instantly, which can be a normal part of adjustment; persistent, distressing detachment is worth raising with a healthcare provider.",NIMH - https://www.nimh.nih.gov/health/topics,B
320,Mental Health & Emotional Well-being,Postpartum Emotional Wellbeing (Baby Blues/PPD - Feelings Only),Is it common to feel grief for your old life or identity after becoming a parent?,"Yes, many new parents experience a sense of loss for their previous routines, freedom, or identity alongside the joy of parenthood, and this mix of emotions is a normal part of the transition.",APA - https://www.apa.org/topics/stress,B
321,Mental Health & Emotional Well-being,Postpartum Emotional Wellbeing (Baby Blues/PPD - Feelings Only),How can a new mother emotionally cope with sleep deprivation in the early weeks?,"Accepting help from others, resting when possible even in short stretches, and being gentle with yourself about what gets done are all supportive emotional coping strategies during this exhausting period.",NIMH - https://www.nimh.nih.gov/health/topics,B
322,Mental Health & Emotional Well-being,Postpartum Emotional Wellbeing (Baby Blues/PPD - Feelings Only),Is it normal to feel irritable or short-tempered in the weeks after childbirth?,"Yes, hormonal changes combined with exhaustion commonly contribute to increased irritability in the postpartum period, and this is a recognized part of the emotional adjustment.",NIMH - https://www.nimh.nih.gov/health/topics,B
323,Mental Health & Emotional Well-being,Postpartum Emotional Wellbeing (Baby Blues/PPD - Feelings Only),Can partners or non-birthing parents also experience emotional lows after a baby arrives?,"Yes, partners can also experience mood changes, stress, and even depression-like symptoms after a baby's arrival, and their emotional wellbeing deserves attention too.",NIMH - https://www.nimh.nih.gov/health/topics,B
324,Mental Health & Emotional Well-being,Postpartum Emotional Wellbeing (Baby Blues/PPD - Feelings Only),What emotional support helps most in the early postpartum weeks?,"Having people to talk to honestly about how you're feeling, practical help with the baby or household tasks, and reassurance that difficult feelings are common can all support emotional wellbeing.",NIMH - https://www.nimh.nih.gov/health/topics,B
325,Mental Health & Emotional Well-being,Postpartum Emotional Wellbeing (Baby Blues/PPD - Feelings Only),Is it normal to feel scared or anxious about the baby's safety constantly?,"Some worry about a newborn's safety and wellbeing is common, but constant, intrusive, or overwhelming fear that disrupts daily functioning is worth discussing with a healthcare provider.",NIMH - https://www.nimh.nih.gov/health/topics,B
326,Mental Health & Emotional Well-being,Postpartum Emotional Wellbeing (Baby Blues/PPD - Feelings Only),How can a new parent tell if their emotional struggles are 'just tiredness' or something more?,"If low mood, anxiety, or emotional numbness persists beyond two weeks, worsens, or makes it hard to function or care for yourself and the baby, it's a good idea to talk with a healthcare provider rather than assume it's just tiredness.",NIMH - https://www.nimh.nih.gov/health/topics,B
327,Mental Health & Emotional Well-being,Postpartum Emotional Wellbeing (Baby Blues/PPD - Feelings Only),Is it common to feel guilty about needing a break from the baby?,"Yes, many new parents feel guilty for wanting rest or time away, but taking breaks is a normal and healthy part of caring for both the parent's and the baby's wellbeing.",NIMH - https://www.nimh.nih.gov/health/topics,B
328,Mental Health & Emotional Well-being,Postpartum Emotional Wellbeing (Baby Blues/PPD - Feelings Only),"Can hormonal changes after birth genuinely affect emotions, or is it 'just mindset'?","Hormonal changes after childbirth, including a sharp drop in oestrogen and progesterone, are a real physiological driver of postpartum mood changes, not simply a matter of mindset.",ACOG - https://www.acog.org/womens-health/faqs/your-first-period,B
329,Mental Health & Emotional Well-being,Postpartum Emotional Wellbeing (Baby Blues/PPD - Feelings Only),Is it normal to feel a sense of unreality or 'is this really happening' after birth?,"Yes, some new parents describe feeling a sense of disbelief or unreality in the early days, which can be part of adjusting to such a significant life change.",NIMH - https://www.nimh.nih.gov/health/topics,B
330,Mental Health & Emotional Well-being,Postpartum Emotional Wellbeing (Baby Blues/PPD - Feelings Only),What feelings should prompt reaching out to a professional after childbirth rather than waiting it out?,"Persistent hopelessness, difficulty feeling any joy, thoughts of harming yourself or the baby, or feeling unable to function should prompt reaching out to a healthcare provider promptly rather than waiting.",NIMH - https://www.nimh.nih.gov/health/topics,B
331,Mental Health & Emotional Well-being,Postpartum Emotional Wellbeing (Baby Blues/PPD - Feelings Only),Is it normal for emotional ups and downs to continue even after the baby blues period ends?,"Some fluctuation in mood can continue as sleep and hormones continue adjusting, but if low mood or anxiety remains intense or constant beyond the first couple of weeks, it's worth checking in with a healthcare provider.",NIMH - https://www.nimh.nih.gov/health/topics,B
332,Mental Health & Emotional Well-being,Postpartum Emotional Wellbeing (Baby Blues/PPD - Feelings Only),Can talking with other new parents help with the emotional adjustment?,"Yes, connecting with others going through a similar experience can reduce feelings of isolation and normalize the emotional ups and downs of early parenthood.",NIMH - https://www.nimh.nih.gov/health/topics,B
333,Mental Health & Emotional Well-being,Postpartum Emotional Wellbeing (Baby Blues/PPD - Feelings Only),Is it normal to feel both excitement and dread about the future as a new parent?,"Yes, holding both hopeful and anxious feelings about the future is a common emotional experience during major life transitions like becoming a parent.",APA - https://www.apa.org/topics/stress,B
334,Mental Health & Emotional Well-being,Postpartum Emotional Wellbeing (Baby Blues/PPD - Feelings Only),How can a new parent be emotionally prepared for possible mood changes before the baby arrives?,"Learning in advance about the baby blues and postpartum depression, discussing a support plan with a partner or family, and knowing who to contact for help can ease the emotional adjustment.",NIMH - https://www.nimh.nih.gov/health/topics,B
335,Mental Health & Emotional Well-being,Postpartum Emotional Wellbeing (Baby Blues/PPD - Feelings Only),Is it common to feel less like yourself emotionally in the weeks after birth?,"Yes, many new parents describe feeling emotionally different or 'not themselves' during this period of major hormonal and lifestyle change, which is a recognized part of the adjustment process.",NIMH - https://www.nimh.nih.gov/health/topics,B
336,Mental Health & Emotional Well-being,Postpartum Emotional Wellbeing (Baby Blues/PPD - Feelings Only),Can feeling emotionally overwhelmed after birth happen even with a strong support system?,"Yes, emotional overwhelm can happen regardless of how much support is available, since it is linked to hormonal changes, sleep loss, and the scale of adjusting to a new baby.",NIMH - https://www.nimh.nih.gov/health/topics,B
337,Mental Health & Emotional Well-being,Postpartum Emotional Wellbeing (Baby Blues/PPD - Feelings Only),Is it okay to admit to a partner or family member that you're emotionally struggling after having a baby?,"Yes, being honest about emotional struggles is an important and healthy step, and it allows loved ones to offer the right kind of support.",NIMH - https://www.nimh.nih.gov/health/topics,B
338,Mental Health & Emotional Well-being,Postpartum Emotional Wellbeing (Baby Blues/PPD - Feelings Only),What is a helpful mindset for coping with unpredictable emotions in the early postpartum weeks?,"Reminding yourself that emotional ups and downs are common and temporary, being patient with yourself, and reaching out for support rather than facing it alone can help.",NIMH - https://www.nimh.nih.gov/health/topics,B
339,Mental Health & Emotional Well-being,Postpartum Emotional Wellbeing (Baby Blues/PPD - Feelings Only),Is it normal to worry that admitting difficult feelings after birth makes you a bad parent?,"No, having difficult feelings does not reflect on your ability as a parent; these worries are common, and speaking up about them is actually a proactive, caring step.",NIMH - https://www.nimh.nih.gov/health/topics,B
340,Mental Health & Emotional Well-being,Postpartum Emotional Wellbeing (Baby Blues/PPD - Feelings Only),Can emotional wellbeing after birth be affected by how the birth itself went?,"Yes, the emotional experience of birth, whether it matched expectations or involved unexpected complications, can influence a new parent's feelings in the weeks that follow.",NIMH - https://www.nimh.nih.gov/health/topics,B
341,Mental Health & Emotional Well-being,Postpartum Emotional Wellbeing (Baby Blues/PPD - Feelings Only),Is it common for emotional adjustment after birth to take longer for some people than others?,"Yes, everyone adjusts at their own pace, and factors like sleep, support, prior mental health history, and life circumstances all influence how long emotional adjustment takes.",NIMH - https://www.nimh.nih.gov/health/topics,B
342,Mental Health & Emotional Well-being,Body Image & Self-Esteem,What is body image?,"Body image refers to how a person perceives, thinks, and feels about their own body, which can be shaped by personal experience, culture, media, and relationships.",APA - https://www.apa.org/topics/body-image,B
343,Mental Health & Emotional Well-being,Body Image & Self-Esteem,Can negative body image affect mental health?,"Yes, persistent negative body image is associated with lower self-esteem, increased anxiety and depression risk, and can contribute to disordered eating patterns.",APA - https://www.apa.org/topics/body-image,B
344,Mental Health & Emotional Well-being,Body Image & Self-Esteem,Does social media use affect body image?,"Yes, frequent exposure to idealized or edited images on social media has been linked to poorer body image and lower self-esteem in many studies.",APA - https://www.apa.org/topics/body-image,B
345,Mental Health & Emotional Well-being,Body Image & Self-Esteem,What are healthy ways to build self-esteem?,"Focusing on personal strengths and values, practicing self-compassion, setting achievable goals, and limiting comparison to others are all approaches linked to healthier self-esteem.",APA - https://www.apa.org/topics/stress,B
346,Mental Health & Emotional Well-being,Body Image & Self-Esteem,Is comparing your body to others' bodies a common experience?,"Yes, body comparison is a very common human tendency, but frequent or intense comparison, especially to unrealistic or edited images, can harm self-esteem over time.",APA - https://www.apa.org/topics/body-image,B
347,Mental Health & Emotional Well-being,Body Image & Self-Esteem,Can body image concerns affect people of all body types?,"Yes, negative body image can affect people regardless of their actual body size or shape, since it is more about perception and self-evaluation than objective appearance.",APA - https://www.apa.org/topics/body-image,B
348,Mental Health & Emotional Well-being,Body Image & Self-Esteem,How can someone build a healthier relationship with their body?,"Practicing self-compassion, focusing on what your body can do rather than only how it looks, and reducing exposure to content that triggers comparison can support a healthier body relationship.",APA - https://www.apa.org/topics/body-image,B
349,Mental Health & Emotional Well-being,Body Image & Self-Esteem,Is it normal for body image to fluctuate depending on mood or context?,"Yes, how someone feels about their body can shift with mood, environment, and life events, and this fluctuation is a common and normal experience.",APA - https://www.apa.org/topics/body-image,B
350,Mental Health & Emotional Well-being,Body Image & Self-Esteem,Can body image concerns start in childhood or adolescence?,"Yes, body image awareness and concerns often begin during childhood and intensify during adolescence, a period marked by rapid physical changes and increased social comparison.",APA - https://www.apa.org/topics/body-image,B
351,Mental Health & Emotional Well-being,Body Image & Self-Esteem,What role do family attitudes play in shaping body image?,"Comments from family members about weight or appearance, whether positive or negative, can significantly shape a young person's developing body image and self-esteem.",APA - https://www.apa.org/topics/body-image,B
352,Mental Health & Emotional Well-being,Body Image & Self-Esteem,Is talking about diets and weight around children linked to their body image later on?,"Yes, research suggests that frequent diet talk and weight-focused comments in the home can contribute to body dissatisfaction and self-esteem issues in children as they grow.",APA - https://www.apa.org/topics/body-image,B
353,Mental Health & Emotional Well-being,Body Image & Self-Esteem,Can low self-esteem contribute to social withdrawal?,"Yes, feeling poorly about oneself can lead to avoiding social situations out of fear of judgment, which can further reinforce low self-esteem over time.",APA - https://www.apa.org/topics/stress,B
354,Mental Health & Emotional Well-being,Body Image & Self-Esteem,What is 'body neutrality' and how does it differ from body positivity?,"Body neutrality focuses on accepting the body without needing to love or hate its appearance, emphasizing function over aesthetics, while body positivity centers on actively appreciating and celebrating one's body.",APA - https://www.apa.org/topics/body-image,B
355,Mental Health & Emotional Well-being,Body Image & Self-Esteem,Can unfollowing certain social media accounts help improve body image?,"Yes, curating a social media feed to include fewer appearance-focused or unrealistic images and more diverse, body-neutral content can support a healthier body image over time.",APA - https://www.apa.org/topics/body-image,B
356,Mental Health & Emotional Well-being,Body Image & Self-Esteem,Is it common for self-esteem to be tied closely to appearance during teenage years?,"Yes, appearance-related self-esteem often becomes especially prominent during adolescence due to rapid physical change and heightened social comparison during this developmental stage.",APA - https://www.apa.org/topics/body-image,B
357,Mental Health & Emotional Well-being,Body Image & Self-Esteem,Can practicing gratitude toward your body's function help improve body image?,"Yes, focusing on what your body allows you to do, such as moving, hugging loved ones, or enjoying activities, rather than solely how it looks, has been linked to improved body satisfaction.",APA - https://www.apa.org/topics/body-image,B
358,Mental Health & Emotional Well-being,Body Image & Self-Esteem,How can parents support healthy body image in their children?,"Modeling a balanced relationship with food and exercise, avoiding critical comments about bodies (their own or others'), and praising qualities beyond appearance all support healthier body image development.",APA - https://www.apa.org/topics/body-image,B
359,Mental Health & Emotional Well-being,Body Image & Self-Esteem,Is it normal to feel self-conscious about body changes during puberty?,"Yes, self-consciousness about a rapidly changing body during puberty is extremely common and reflects the significant physical and social adjustment happening during this stage.",APA - https://www.apa.org/topics/body-image,B
360,Mental Health & Emotional Well-being,Body Image & Self-Esteem,Can low self-esteem affect academic or work performance?,"Yes, persistent low self-esteem can affect confidence, motivation, and willingness to take on challenges, which can in turn influence performance in school or work settings.",APA - https://www.apa.org/topics/stress,B
361,Mental Health & Emotional Well-being,Body Image & Self-Esteem,What is the impact of bullying or teasing about appearance on self-esteem?,"Bullying or teasing related to appearance can have a lasting negative impact on self-esteem and body image, particularly during formative childhood and teenage years.",APA - https://www.apa.org/topics/body-image,B
362,Mental Health & Emotional Well-being,Body Image & Self-Esteem,Can therapy help with persistent body image or self-esteem struggles?,"Yes, approaches such as cognitive behavioral therapy have been shown to help people build healthier thought patterns around body image and self-worth.",APA - https://www.apa.org/topics/body-image,B
363,Mental Health & Emotional Well-being,Body Image & Self-Esteem,"Is it common to feel worse about your body during certain times, like before a special event?","Yes, situational triggers such as an upcoming event, trying on new clothes, or seeing photos of yourself can temporarily intensify body image concerns for many people.",APA - https://www.apa.org/topics/body-image,B
364,Mental Health & Emotional Well-being,Body Image & Self-Esteem,Can positive self-talk genuinely help improve self-esteem over time?,"Yes, consistently practicing supportive, realistic self-talk rather than harsh self-criticism has been associated with gradual improvements in self-esteem.",APA - https://www.apa.org/topics/stress,B
365,Mental Health & Emotional Well-being,Body Image & Self-Esteem,"Is it normal for self-esteem to be different in different areas of life, like work versus relationships?","Yes, it's common for self-esteem to vary by domain, so someone might feel confident at work but less so in social or romantic situations, and this variation is a normal part of a complex self-image.",APA - https://www.apa.org/topics/stress,B
366,Mental Health & Emotional Well-being,Body Image & Self-Esteem,Can focusing on personal achievements help build self-esteem separate from appearance?,"Yes, recognizing skills, achievements, and personal qualities unrelated to appearance helps build a more stable and resilient sense of self-worth.",APA - https://www.apa.org/topics/stress,B
367,Mental Health & Emotional Well-being,Body Image & Self-Esteem,Is it healthy to seek constant reassurance about appearance from others?,Relying heavily on others for reassurance about appearance can create a cycle of dependency that doesn't build lasting self-esteem; developing internal sources of confidence tends to be more stable long-term.,APA - https://www.apa.org/topics/stress,B
368,Mental Health & Emotional Well-being,Body Image & Self-Esteem,Can cultural beauty standards affect body image differently across communities?,"Yes, different cultures emphasize different body ideals, and these varying standards can shape body image pressures and self-esteem differently depending on a person's cultural context.",APA - https://www.apa.org/topics/body-image,B
369,Mental Health & Emotional Well-being,Body Image & Self-Esteem,Is it normal to have days when you feel more confident in your body than others?,"Yes, day-to-day fluctuation in body confidence is a normal experience influenced by mood, sleep, environment, and other factors, rather than a sign of an underlying problem.",APA - https://www.apa.org/topics/body-image,B
370,Mental Health & Emotional Well-being,Body Image & Self-Esteem,Can supportive friendships help buffer against negative body image pressures?,"Yes, having friends who focus on qualities beyond appearance and who avoid reinforcing appearance-based comparison can help protect against negative body image.",APA - https://www.apa.org/topics/body-image,B
371,Mental Health & Emotional Well-being,Body Image & Self-Esteem,What signs suggest body image concerns may need professional support?,"Signs include persistent distress about appearance that affects daily functioning, avoidance of social situations due to body concerns, or patterns of restrictive eating or excessive exercise linked to appearance worries.",APA - https://www.apa.org/topics/body-image,B
372,Mental Health & Emotional Well-being,Body Image & Self-Esteem,"Is self-esteem something that can be actively developed over time, or is it fixed?","Self-esteem is not fixed; it can be actively developed over time through supportive relationships, self-compassion practices, and building competence and confidence in valued areas of life.",APA - https://www.apa.org/topics/stress,B
373,Mental Health & Emotional Well-being,Family & Relationship Stress,What are common sources of family-related stress?,"Common sources include conflicting expectations, financial pressures, caregiving responsibilities, communication breakdowns, and differing values between family members.",APA - https://www.apa.org/topics/stress,B
374,Mental Health & Emotional Well-being,Family & Relationship Stress,How can someone communicate more effectively during a family disagreement?,"Using calm, clear language, focusing on specific issues rather than blame, and truly listening to the other person's perspective can help make family disagreements more productive.",APA - https://www.apa.org/topics/stress,B
375,Mental Health & Emotional Well-being,Family & Relationship Stress,Is it normal to feel emotionally drained after spending time with certain family members?,"Yes, feeling emotionally tired after interactions with family, especially in high-conflict or demanding relationships, is a common and understandable experience.",APA - https://www.apa.org/topics/stress,B
376,Mental Health & Emotional Well-being,Family & Relationship Stress,Can setting boundaries with family members improve relationship stress?,"Yes, clearly and respectfully communicating limits around time, topics, or behavior can reduce ongoing tension and protect emotional wellbeing in family relationships.",APA - https://www.apa.org/topics/stress,B
377,Mental Health & Emotional Well-being,Family & Relationship Stress,How can couples manage stress from disagreements in a healthy way?,"Taking breaks during heated moments, using 'I' statements to express feelings, and focusing on understanding rather than winning an argument are approaches linked to healthier conflict resolution.",APA - https://www.apa.org/topics/stress,B
378,Mental Health & Emotional Well-being,Family & Relationship Stress,Is it common for financial stress to affect family relationships?,"Yes, financial strain is one of the most commonly cited sources of relationship and family stress, and open communication about money can help reduce related tension.",APA - https://www.apa.org/topics/stress,B
379,Mental Health & Emotional Well-being,Family & Relationship Stress,Can differing parenting styles between partners create ongoing stress?,"Yes, disagreements about parenting approaches are a common source of relationship stress, and working toward shared, consistent strategies can help reduce this tension.",APA - https://www.apa.org/topics/stress,B
380,Mental Health & Emotional Well-being,Family & Relationship Stress,How can someone cope with stress from caring for an aging parent?,"Seeking practical support from other family members or community resources, allowing yourself breaks, and acknowledging the emotional weight of caregiving are important parts of managing this kind of stress.",APA - https://www.apa.org/topics/stress,B
381,Mental Health & Emotional Well-being,Family & Relationship Stress,Is it normal to feel caught in the middle during conflicts between other family members?,"Yes, feeling caught between family members in conflict, sometimes called being 'triangulated', is a common and stressful position, and setting boundaries around not taking sides can help.",APA - https://www.apa.org/topics/stress,B
382,Mental Health & Emotional Well-being,Family & Relationship Stress,Can ongoing family conflict affect a person's mental health over time?,"Yes, prolonged, unresolved family conflict is associated with increased stress, anxiety, and lower overall wellbeing, which is why addressing chronic conflict matters for mental health.",APA - https://www.apa.org/topics/stress,B
383,Mental Health & Emotional Well-being,Family & Relationship Stress,What is a healthy way to handle disagreements with in-laws?,"Maintaining respectful, clear communication, discussing concerns privately with your partner first, and setting mutually agreed boundaries can help manage in-law related tension.",APA - https://www.apa.org/topics/stress,B
384,Mental Health & Emotional Well-being,Family & Relationship Stress,How can someone reduce stress around family gatherings or holidays?,"Setting realistic expectations, planning ahead for potential tension points, and allowing yourself breaks during gatherings can help make family events less stressful.",APA - https://www.apa.org/topics/stress,B
385,Mental Health & Emotional Well-being,Family & Relationship Stress,Is it common to feel stress when balancing family obligations with personal needs?,"Yes, many people struggle with this balance, and it's a common and valid source of stress, particularly for those with significant caregiving or family responsibilities.",APA - https://www.apa.org/topics/stress,B
386,Mental Health & Emotional Well-being,Family & Relationship Stress,Can family therapy help with ongoing relationship stress?,"Yes, family therapy can provide a structured, guided space to improve communication and address underlying patterns contributing to relationship stress.",APA - https://www.apa.org/topics/stress,B
387,Mental Health & Emotional Well-being,Family & Relationship Stress,Is jealousy or comparison between siblings a common source of family stress?,"Yes, sibling comparison and rivalry are common sources of family tension, both in childhood and adulthood, and open communication can help address underlying feelings.",APA - https://www.apa.org/topics/stress,B
388,Mental Health & Emotional Well-being,Family & Relationship Stress,How can someone cope with stress from a strained relationship with a parent?,"Acknowledging your feelings honestly, considering what boundaries or changes might help, and seeking support from a therapist or trusted person can be helpful in navigating a strained parent relationship.",APA - https://www.apa.org/topics/stress,B
389,Mental Health & Emotional Well-being,Family & Relationship Stress,Can cultural or generational differences create stress within families?,"Yes, differing values or expectations across generations or cultural backgrounds within a family can be a significant and common source of relationship stress.",APA - https://www.apa.org/topics/stress,B
390,Mental Health & Emotional Well-being,Family & Relationship Stress,Is it normal to feel guilty about setting boundaries with family?,"Yes, many people feel guilt when first setting boundaries with family, but boundaries are a healthy part of maintaining wellbeing in relationships over time.",APA - https://www.apa.org/topics/stress,B
391,Mental Health & Emotional Well-being,Family & Relationship Stress,How does ongoing marital or partner conflict affect children in the household?,"Children can be sensitive to ongoing tension between parents, and chronic, unresolved conflict has been associated with increased stress and emotional difficulties in children.",APA - https://www.apa.org/topics/stress,B
392,Mental Health & Emotional Well-being,Family & Relationship Stress,Can practicing active listening improve family relationship stress?,"Yes, actively listening, meaning fully focusing on understanding rather than preparing a response, has been shown to improve communication and reduce relational tension.",APA - https://www.apa.org/topics/stress,B
393,Mental Health & Emotional Well-being,Family & Relationship Stress,Is stress from a difficult divorce or separation something that usually eases with time?,"For many people, the intense stress around a divorce or separation does ease over time, though the timeline varies widely, and support from friends, family, or a professional can help.",APA - https://www.apa.org/topics/stress,B
394,Mental Health & Emotional Well-being,Family & Relationship Stress,Can a lack of shared responsibilities at home cause relationship stress?,"Yes, an imbalance in household or caregiving responsibilities is a commonly cited source of stress and resentment in relationships.",APA - https://www.apa.org/topics/stress,B
395,Mental Health & Emotional Well-being,Family & Relationship Stress,How can someone address recurring arguments about the same issue with a partner or family member?,"Identifying the underlying need or concern behind the recurring argument, rather than just the surface topic, and discussing it calmly at a neutral time can help break the cycle.",APA - https://www.apa.org/topics/stress,B
396,Mental Health & Emotional Well-being,Family & Relationship Stress,Is it common for stress to increase during major family transitions like a move or new baby?,"Yes, major transitions naturally bring added stress to family systems as roles and routines adjust, and this is a normal, expected part of significant life changes.",APA - https://www.apa.org/topics/stress,B
397,Mental Health & Emotional Well-being,Family & Relationship Stress,Can unresolved childhood family dynamics affect adult relationships?,"Yes, patterns learned in childhood family relationships can influence how a person navigates conflict, trust, and communication in adult relationships, and this is a common focus in therapy.",APA - https://www.apa.org/topics/stress,B
398,Mental Health & Emotional Well-being,Family & Relationship Stress,How can someone support a family member who is stressed without taking on all their stress themselves?,Offering to listen and help practically while also maintaining your own boundaries and self-care is important to avoid becoming emotionally overwhelmed by someone else's stress.,APA - https://www.apa.org/topics/stress,B
399,Mental Health & Emotional Well-being,Family & Relationship Stress,Is it normal to feel relief alongside grief after a difficult family relationship ends?,"Yes, feeling relief alongside grief when a difficult relationship ends is a common and valid emotional response, reflecting the complexity of long-term relationships.",APA - https://www.apa.org/topics/stress,B
400,Mental Health & Emotional Well-being,Family & Relationship Stress,Can financial disagreements between family members be addressed proactively?,"Yes, having open, planned conversations about money and expectations, rather than only addressing issues in the heat of the moment, can help reduce ongoing financial-related family stress.",APA - https://www.apa.org/topics/stress,B
401,Mental Health & Emotional Well-being,Family & Relationship Stress,Is it healthy to take time apart during an intense family conflict?,"Yes, taking a short break to calm down during an intense conflict, with an agreement to return to the conversation later, is generally a healthier approach than continuing while highly emotional.",APA - https://www.apa.org/topics/stress,B
402,Mental Health & Emotional Well-being,Family & Relationship Stress,Can ongoing sibling conflict in adulthood affect overall family stress?,"Yes, unresolved sibling tension can ripple through wider family dynamics, particularly around shared events or caregiving decisions, contributing to broader family stress.",APA - https://www.apa.org/topics/stress,B
403,Mental Health & Emotional Well-being,Sleep & Mental Wellbeing,How does sleep affect mental wellbeing?,"Good quality sleep supports emotional regulation, memory, and stress resilience, while poor sleep is linked to increased irritability, anxiety, and lower mood over time.",NIMH - https://www.nimh.nih.gov/health/topics,B
404,Mental Health & Emotional Well-being,Sleep & Mental Wellbeing,How much sleep do adults typically need for good mental wellbeing?,"Most adults need around 7 to 9 hours of sleep per night to support optimal mental and physical functioning, though individual needs can vary somewhat.",NIMH - https://www.nimh.nih.gov/health/topics,B
405,Mental Health & Emotional Well-being,Sleep & Mental Wellbeing,Can anxiety cause difficulty falling asleep?,"Yes, anxious thoughts and physical tension can make it harder to fall asleep or stay asleep, creating a cycle where poor sleep can then worsen anxiety further.",NIMH - https://www.nimh.nih.gov/health/topics,B
406,Mental Health & Emotional Well-being,Sleep & Mental Wellbeing,What is 'sleep hygiene' in relation to mental wellbeing?,"Sleep hygiene refers to habits that support good sleep, such as a consistent bedtime, limiting screens before bed, and creating a calm sleep environment, all of which support better emotional wellbeing.",NIMH - https://www.nimh.nih.gov/health/topics,B
407,Mental Health & Emotional Well-being,Sleep & Mental Wellbeing,Can lack of sleep make someone more emotionally reactive?,"Yes, sleep deprivation is associated with heightened emotional reactivity, meaning small frustrations can feel more intense and harder to manage.",NIMH - https://www.nimh.nih.gov/health/topics,B
408,Mental Health & Emotional Well-being,Sleep & Mental Wellbeing,Is it common for stress to cause vivid or disturbing dreams?,"Yes, high stress levels can be associated with more vivid, unsettling, or frequent dreams for some people, reflecting the mind processing daytime worries.",APA - https://www.apa.org/topics/stress,B
409,Mental Health & Emotional Well-being,Sleep & Mental Wellbeing,Can a relaxing bedtime routine help calm an anxious mind before sleep?,"Yes, a consistent, calming pre-sleep routine, such as reading or gentle stretching, can help signal to the body that it's time to wind down and can ease anxious thoughts.",NIMH - https://www.nimh.nih.gov/health/topics,B
410,Mental Health & Emotional Well-being,Sleep & Mental Wellbeing,Does screen use before bed affect mental wellbeing through sleep disruption?,"Yes, screen use before bed, particularly on stimulating content, can delay sleep onset and reduce sleep quality, which in turn can negatively affect next-day mood and stress levels.",NIMH - https://www.nimh.nih.gov/health/topics,B
411,Mental Health & Emotional Well-being,Sleep & Mental Wellbeing,Is it normal to lie awake worrying at night even when not usually anxious during the day?,"Yes, nighttime can amplify worry for many people due to fewer distractions and quiet time for the mind to wander, and this is a common experience even without a broader anxiety pattern.",NIMH - https://www.nimh.nih.gov/health/topics,B
412,Mental Health & Emotional Well-being,Sleep & Mental Wellbeing,Can naps help or hurt mental wellbeing?,"Short naps (around 20 to 30 minutes) can help restore alertness and mood, while long or late-day naps may disrupt nighttime sleep and negatively affect overall wellbeing.",NIMH - https://www.nimh.nih.gov/health/topics,B
413,Mental Health & Emotional Well-being,Sleep & Mental Wellbeing,How does chronic sleep deprivation relate to depression risk?,"Ongoing sleep deprivation is associated with increased risk of depressive symptoms, and the relationship often runs both ways, as depression can also disrupt sleep.",NIMH - https://www.nimh.nih.gov/health/topics,B
414,Mental Health & Emotional Well-being,Sleep & Mental Wellbeing,Can practicing relaxation techniques before bed improve both sleep and mood?,"Yes, techniques such as deep breathing or progressive muscle relaxation before bed can improve sleep quality, which in turn supports better mood and emotional regulation the next day.",NIMH - https://www.nimh.nih.gov/health/topics,B
415,Mental Health & Emotional Well-being,Sleep & Mental Wellbeing,Is waking up several times a night always a sign of a mental health problem?,"Not necessarily; occasional night waking can have many causes including noise, temperature, or normal sleep cycles, but frequent, persistent waking linked with anxious thoughts is worth discussing with a professional.",NIMH - https://www.nimh.nih.gov/health/topics,B
416,Mental Health & Emotional Well-being,Sleep & Mental Wellbeing,Can caffeine late in the day affect both sleep and mental wellbeing?,"Yes, caffeine consumed in the afternoon or evening can delay sleep onset and reduce sleep quality, which can in turn affect next-day mood and stress tolerance.",NIMH - https://www.nimh.nih.gov/health/topics,B
417,Mental Health & Emotional Well-being,Sleep & Mental Wellbeing,Is it common for stress and worry to feel worse right before bed?,"Yes, many people notice their mind becomes more active with worry at bedtime when external distractions fade, which is a common and manageable pattern with the right routines.",NIMH - https://www.nimh.nih.gov/health/topics,B
418,Mental Health & Emotional Well-being,Sleep & Mental Wellbeing,"Can consistent wake-up times, even on weekends, help mental wellbeing?","Yes, keeping a consistent sleep-wake schedule, including weekends, helps regulate the body's internal clock and is associated with more stable mood.",NIMH - https://www.nimh.nih.gov/health/topics,B
419,Mental Health & Emotional Well-being,Sleep & Mental Wellbeing,"Does exercise during the day improve sleep and, in turn, mental wellbeing?","Yes, regular daytime physical activity is associated with improved sleep quality, which supports better emotional regulation and lower stress levels.",NIMH - https://www.nimh.nih.gov/health/topics,B
420,Mental Health & Emotional Well-being,Sleep & Mental Wellbeing,Is it normal to feel low mood after a single night of poor sleep?,"Yes, even one night of poor sleep can noticeably affect mood, concentration, and patience the next day; this is a common, temporary effect rather than a sign of a deeper problem.",NIMH - https://www.nimh.nih.gov/health/topics,B
421,Mental Health & Emotional Well-being,Sleep & Mental Wellbeing,Can journaling before bed help quiet an anxious mind for sleep?,"Yes, writing down worries or a to-do list before bed can help offload racing thoughts and make it easier to relax into sleep.",APA - https://www.apa.org/topics/stress,B
422,Mental Health & Emotional Well-being,Sleep & Mental Wellbeing,How does an irregular sleep schedule affect mood over time?,"An irregular sleep schedule can disrupt the body's natural rhythms, which is associated with increased irritability, fatigue, and lower overall mood stability over time.",NIMH - https://www.nimh.nih.gov/health/topics,B
423,Mental Health & Emotional Well-being,Sleep & Mental Wellbeing,Is it common for people with high stress jobs to struggle more with sleep?,"Yes, high stress levels, particularly from demanding work, are commonly associated with difficulty falling or staying asleep, creating a cycle that can further affect wellbeing.",NIMH - https://www.nimh.nih.gov/health/topics,B
424,Mental Health & Emotional Well-being,Sleep & Mental Wellbeing,"Can a dark, cool, and quiet bedroom environment support better mental wellbeing through sleep?","Yes, an optimal sleep environment supports deeper, more restorative sleep, which in turn benefits mood regulation and stress resilience.",NIMH - https://www.nimh.nih.gov/health/topics,B
425,Mental Health & Emotional Well-being,Sleep & Mental Wellbeing,Is it normal for sleep needs to change during particularly stressful periods of life?,"Yes, some people need more sleep during high-stress periods as the body and mind work to recover, while others may experience disrupted sleep during the same periods.",NIMH - https://www.nimh.nih.gov/health/topics,B
426,Mental Health & Emotional Well-being,Sleep & Mental Wellbeing,Can poor sleep worsen irritability in family or work relationships?,"Yes, sleep deprivation reduces emotional regulation capacity, which can make everyday interactions feel more frustrating and increase conflict in relationships.",NIMH - https://www.nimh.nih.gov/health/topics,B
427,Mental Health & Emotional Well-being,Sleep & Mental Wellbeing,Is it helpful to limit worrying about sleep itself when trying to fall asleep?,"Yes, anxiety about not sleeping can itself become a barrier to falling asleep; learning to approach bedtime calmly, without pressure, can help break this cycle.",NIMH - https://www.nimh.nih.gov/health/topics,B
428,Mental Health & Emotional Well-being,Sleep & Mental Wellbeing,Can alcohol before bed affect both sleep quality and next-day mood?,"Yes, while alcohol may initially feel sedating, it disrupts later sleep stages and is associated with poorer sleep quality and lower next-day mood.",NIMH - https://www.nimh.nih.gov/health/topics,B
429,Mental Health & Emotional Well-being,Sleep & Mental Wellbeing,Is it common to feel foggy or emotionally flat after a poor night's sleep?,"Yes, mental fog and emotional flatness are common next-day effects of poor sleep and usually improve once normal sleep is restored.",NIMH - https://www.nimh.nih.gov/health/topics,B
430,Mental Health & Emotional Well-being,Sleep & Mental Wellbeing,Can practicing gratitude or positive reflection before bed support both sleep and mood?,"Yes, reflecting on positive moments from the day before bed has been associated with reduced pre-sleep worry and improved mood the next day.",APA - https://www.apa.org/topics/stress,B
431,Mental Health & Emotional Well-being,Sleep & Mental Wellbeing,Is it normal for sleep patterns to shift with age and affect mental wellbeing differently?,"Yes, sleep patterns naturally change across the lifespan, and understanding these shifts can help people adjust expectations and habits to protect mental wellbeing at different life stages.",NIMH - https://www.nimh.nih.gov/health/topics,B
432,Mental Health & Emotional Well-being,Sleep & Mental Wellbeing,When should ongoing sleep problems affecting mood be discussed with a professional?,"If sleep difficulties persist for several weeks, significantly affect daily functioning, or are linked with ongoing low mood or anxiety, it's a good idea to speak with a healthcare provider.",NIMH - https://www.nimh.nih.gov/health/topics,B
433,Mental Health & Emotional Well-being,When and How to Seek Help,When should someone consider seeking professional mental health support?,"It's a good idea to seek support if low mood, anxiety, or stress persists for more than two weeks, interferes with daily functioning, or feels unmanageable using your usual coping strategies.",NIMH - https://www.nimh.nih.gov/health/topics,B
434,Mental Health & Emotional Well-being,When and How to Seek Help,What types of professionals provide mental health support?,"Options include psychiatrists, psychologists, licensed counselors or therapists, and primary care doctors, each offering different types of support such as therapy, medication management, or initial assessment and referral.",NIMH - https://www.nimh.nih.gov/health/topics,B
435,Mental Health & Emotional Well-being,When and How to Seek Help,What is the difference between a psychiatrist and a psychologist?,"A psychiatrist is a medical doctor who can prescribe medication and diagnose mental health conditions, while a psychologist typically provides talk therapy and psychological assessment but does not prescribe medication in most regions.",APA - https://www.apa.org/topics/stress,B
436,Mental Health & Emotional Well-being,When and How to Seek Help,How can someone find a mental health professional?,"A primary care doctor can often provide a referral, and many countries have national helplines, online directories, or public health services that can help connect people with mental health providers.",NIMH - https://www.nimh.nih.gov/health/topics,B
437,Mental Health & Emotional Well-being,When and How to Seek Help,Is it normal to feel nervous about the first therapy session?,"Yes, feeling nervous before a first therapy appointment is very common; a good therapist will help create a comfortable space and explain how sessions work.",APA - https://www.apa.org/topics/stress,B
438,Mental Health & Emotional Well-being,When and How to Seek Help,What is cognitive behavioral therapy (CBT)?,"CBT is a structured, evidence-based type of talk therapy that helps people identify and change unhelpful thought patterns and behaviors contributing to anxiety, depression, or other difficulties.",NIMH - https://www.nimh.nih.gov/health/topics,B
439,Mental Health & Emotional Well-being,When and How to Seek Help,Can primary care doctors help with mental health concerns?,"Yes, primary care doctors can often provide an initial assessment, some treatment options, and referrals to specialized mental health services when needed.",NIMH - https://www.nimh.nih.gov/health/topics,B
440,Mental Health & Emotional Well-being,When and How to Seek Help,How urgent is it to seek help if someone is having thoughts of self-harm or suicide?,"This is a mental health emergency and should be treated urgently — reaching out immediately to a crisis line, emergency service, or trusted person for support is important, and if the person is experiencing a crisis right now, they should contact emergency services or a crisis helpline without delay.",NIMH - https://www.nimh.nih.gov/health/topics,B
441,Mental Health & Emotional Well-being,When and How to Seek Help,Is online or telehealth therapy an effective option?,"Yes, research supports telehealth therapy as an effective option for many mental health concerns, offering added convenience and access, particularly where in-person services are limited.",NIMH - https://www.nimh.nih.gov/health/topics,B
442,Mental Health & Emotional Well-being,When and How to Seek Help,How long does it typically take to notice benefits from therapy?,"This varies by individual and type of therapy, but many people begin noticing some benefit within a few weeks to a couple of months of regular sessions.",APA - https://www.apa.org/topics/stress,B
443,Mental Health & Emotional Well-being,When and How to Seek Help,Is medication always necessary for treating anxiety or depression?,"No, treatment plans vary by individual; some people benefit from therapy alone, others from medication alone, and some from a combination, decided together with a healthcare provider based on symptoms and preferences.",NIMH - https://www.nimh.nih.gov/health/topics,B
444,Mental Health & Emotional Well-being,When and How to Seek Help,Can school or workplace counseling services be a good first step for seeking help?,"Yes, school counselors or workplace employee assistance programs can be a helpful, accessible first step for support and can often provide referrals for further care if needed.",NIMH - https://www.nimh.nih.gov/health/topics,B
445,Mental Health & Emotional Well-being,When and How to Seek Help,Is it normal to try more than one therapist before finding a good fit?,"Yes, finding the right therapeutic fit can take time, and it's completely normal and encouraged to seek a different provider if the first one doesn't feel like the right match.",APA - https://www.apa.org/topics/stress,B
446,Mental Health & Emotional Well-being,When and How to Seek Help,What questions can someone ask when looking for a mental health professional?,"Helpful questions include their experience with your specific concern, their therapeutic approach, session cost and availability, and whether they offer an initial consultation.",APA - https://www.apa.org/topics/stress,B
447,Mental Health & Emotional Well-being,When and How to Seek Help,Can a mental health professional maintain confidentiality about sessions?,"Yes, mental health professionals generally follow strict confidentiality standards, with specific, limited exceptions such as risk of serious harm to oneself or others, which they should explain at the start of treatment.",APA - https://www.apa.org/topics/stress,B
448,Mental Health & Emotional Well-being,When and How to Seek Help,Is group therapy an effective option for some mental health concerns?,"Yes, group therapy can be effective, particularly for conditions like social anxiety or grief, as it offers peer support alongside professional guidance.",NIMH - https://www.nimh.nih.gov/health/topics,B
449,Mental Health & Emotional Well-being,When and How to Seek Help,How can someone support a friend or family member in seeking mental health help?,"Listening without judgment, gently encouraging them to consider professional support, and offering to help them find resources or accompany them to an appointment can make seeking help feel less daunting.",NIMH - https://www.nimh.nih.gov/health/topics,B
450,Mental Health & Emotional Well-being,When and How to Seek Help,Is it necessary to have a severe problem before seeking therapy?,"No, therapy can be helpful for a wide range of concerns, including everyday stress or a desire for personal growth, not just severe or diagnosed conditions.",APA - https://www.apa.org/topics/stress,B
451,Mental Health & Emotional Well-being,When and How to Seek Help,What should someone expect during a first mental health assessment?,"A first assessment typically involves discussing your current concerns, relevant history, and goals for treatment, which helps the professional recommend an appropriate plan of care.",NIMH - https://www.nimh.nih.gov/health/topics,B
452,Mental Health & Emotional Well-being,When and How to Seek Help,"Can cost be a barrier to seeking mental health help, and are there lower-cost options?","Yes, cost can be a real barrier for many people; options like community mental health centers, sliding-scale fee providers, and public health services can help make care more accessible.",NIMH - https://www.nimh.nih.gov/health/topics,B
453,Mental Health & Emotional Well-being,When and How to Seek Help,"Is it appropriate to seek help for stress related to a specific life event, like a job loss?","Yes, seeking support for stress tied to a specific event, such as job loss or a major transition, is a valid and often very helpful use of mental health services.",APA - https://www.apa.org/topics/stress,B
454,Mental Health & Emotional Well-being,When and How to Seek Help,What is a mental health crisis line and when should it be used?,"A crisis line is a phone or text service staffed by trained counselors for people experiencing a mental health emergency, including thoughts of self-harm, and should be used any time someone feels unsafe or in crisis.",NIMH - https://www.nimh.nih.gov/health/topics,B
455,Mental Health & Emotional Well-being,When and How to Seek Help,Can a person seek mental health support even if they're unsure what's wrong?,"Yes, you don't need a clear diagnosis to seek help; describing how you're feeling and what's been difficult is enough for a professional to begin helping.",NIMH - https://www.nimh.nih.gov/health/topics,B
456,Mental Health & Emotional Well-being,When and How to Seek Help,"Is it common for people to feel better after just talking to someone about their struggles, even before formal treatment starts?","Yes, many people experience some relief simply from being heard and validated, even in an initial conversation, though ongoing support is often needed for lasting change.",APA - https://www.apa.org/topics/stress,B
457,Mental Health & Emotional Well-being,When and How to Seek Help,How can someone assess whether their stress has become a diagnosable condition like an anxiety disorder?,"A mental health professional can assess symptoms against established criteria; generally, persistent, excessive worry that significantly disrupts daily life for an extended period is a signal to seek this kind of evaluation.",NIMH - https://www.nimh.nih.gov/health/topics,B
458,Mental Health & Emotional Well-being,When and How to Seek Help,"Is it okay to seek mental health support just to build better coping skills, without an existing problem?","Yes, seeking support proactively to build resilience and coping skills is a valid and increasingly common reason people engage with therapy.",APA - https://www.apa.org/topics/stress,B
459,Mental Health & Emotional Well-being,When and How to Seek Help,What role do support groups play alongside professional treatment?,"Support groups can provide community, shared understanding, and practical coping tips that complement, but don't replace, professional treatment for more significant mental health concerns.",NIMH - https://www.nimh.nih.gov/health/topics,B
460,Mental Health & Emotional Well-being,When and How to Seek Help,Can workplace stress be a valid reason to seek professional mental health help?,"Yes, chronic workplace stress that affects wellbeing, sleep, or relationships is a legitimate and common reason to seek professional support.",APA - https://www.apa.org/topics/stress,B
461,Mental Health & Emotional Well-being,When and How to Seek Help,"Is there a 'right time' to start therapy, or can it be started anytime?","There's no single right time — some people start therapy during a crisis, others during a calmer period to build skills proactively; both are valid times to begin.",APA - https://www.apa.org/topics/stress,B
462,Mental Health & Emotional Well-being,When and How to Seek Help,How can someone prepare for their first therapy session to make the most of it?,"Reflecting beforehand on what's been troubling you, what you hope to get from therapy, and any questions for the therapist can help make the first session more productive.",APA - https://www.apa.org/topics/stress,B
463,Mental Health & Emotional Well-being,When and How to Seek Help,Is it necessary to continue therapy indefinitely once started?,"No, therapy length varies widely depending on the concern and approach; many people work with a therapist toward specific goals and then conclude treatment, with the option to return later if needed.",APA - https://www.apa.org/topics/stress,B
464,Mental Health & Emotional Well-being,Stigma & Talking About Mental Health,What is mental health stigma?,"Mental health stigma refers to negative attitudes, stereotypes, or discrimination directed at people with mental health conditions, which can discourage people from seeking help.",WHO - https://www.who.int/news-room/fact-sheets/detail/mental-disorders,B
465,Mental Health & Emotional Well-being,Stigma & Talking About Mental Health,Why does stigma around mental health still exist in many communities?,"Stigma often persists due to lack of accurate information, cultural beliefs, fear of judgment, and historical misconceptions about mental illness, though awareness efforts have helped reduce it in many places.",WHO - https://www.who.int/news-room/fact-sheets/detail/mental-disorders,B
466,Mental Health & Emotional Well-being,Stigma & Talking About Mental Health,Can stigma prevent people from seeking mental health treatment?,"Yes, fear of being judged, labeled, or discriminated against is a well-documented barrier that prevents many people from seeking the mental health support they need.",NIMH - https://www.nimh.nih.gov/health/topics,B
467,Mental Health & Emotional Well-being,Stigma & Talking About Mental Health,How can talking openly about mental health help reduce stigma?,"When people share their experiences honestly, it helps normalize mental health struggles as a common part of human experience, which can reduce shame and encourage others to seek help.",NIMH - https://www.nimh.nih.gov/health/topics,B
468,Mental Health & Emotional Well-being,Stigma & Talking About Mental Health,Is it common for men specifically to face stigma around expressing emotional struggles?,"Yes, cultural expectations around masculinity can make it harder for some men to acknowledge or discuss emotional struggles, which is a recognized barrier that mental health advocates work to address.",APA - https://www.apa.org/topics/stress,B
469,Mental Health & Emotional Well-being,Stigma & Talking About Mental Health,Can workplace culture contribute to mental health stigma?,"Yes, workplaces that don't openly support mental health or where employees fear career consequences for disclosing struggles can reinforce stigma and discourage people from seeking help.",WHO - https://www.who.int/news-room/fact-sheets/detail/mental-disorders,B
470,Mental Health & Emotional Well-being,Stigma & Talking About Mental Health,What is 'self-stigma' in relation to mental health?,"Self-stigma occurs when someone internalizes negative societal attitudes about mental illness and applies them to themselves, which can increase shame and reduce willingness to seek help.",APA - https://www.apa.org/topics/stress,B
471,Mental Health & Emotional Well-being,Stigma & Talking About Mental Health,How can schools help reduce mental health stigma among young people?,"Including mental health education in the curriculum, training staff to respond supportively, and creating safe spaces to discuss emotional struggles can help reduce stigma among students.",NIMH - https://www.nimh.nih.gov/health/topics,B
472,Mental Health & Emotional Well-being,Stigma & Talking About Mental Health,Can language choices affect mental health stigma?,"Yes, using person-first, non-judgmental language (such as 'a person with depression' rather than reducing someone to their diagnosis) can help reduce stigma in everyday conversation.",APA - https://www.apa.org/topics/stress,B
473,Mental Health & Emotional Well-being,Stigma & Talking About Mental Health,Is stigma around mental health different across cultures?,"Yes, the degree and nature of stigma vary significantly across cultures, shaped by differing beliefs about mental illness, religion, and community structures.",WHO - https://www.who.int/news-room/fact-sheets/detail/mental-disorders,B
474,Mental Health & Emotional Well-being,Stigma & Talking About Mental Health,How can someone respond supportively if a friend shares a mental health struggle?,"Listening without judgment, avoiding minimizing their feelings, and gently encouraging professional support if needed are supportive ways to respond to a friend's disclosure.",NIMH - https://www.nimh.nih.gov/health/topics,B
475,Mental Health & Emotional Well-being,Stigma & Talking About Mental Health,Can public awareness campaigns help reduce mental health stigma?,"Yes, well-designed public campaigns that share accurate information and personal stories have been shown to improve public attitudes and reduce stigma over time.",WHO - https://www.who.int/news-room/fact-sheets/detail/mental-disorders,B
476,Mental Health & Emotional Well-being,Stigma & Talking About Mental Health,Is it common for people to hide mental health struggles from family due to fear of judgment?,"Yes, many people choose to hide mental health struggles from family members due to fear of being judged, misunderstood, or treated differently, which reflects the ongoing impact of stigma.",APA - https://www.apa.org/topics/stress,B
477,Mental Health & Emotional Well-being,Stigma & Talking About Mental Health,How does stigma affect access to mental health care globally?,"Stigma is recognized by global health organizations as one of the key barriers preventing people worldwide from accessing mental health care, alongside cost and availability of services.",WHO - https://www.who.int/news-room/fact-sheets/detail/mental-disorders,B
478,Mental Health & Emotional Well-being,Stigma & Talking About Mental Health,Can having a public figure openly discuss their mental health struggles help reduce stigma?,"Yes, public disclosures by well-known figures can help normalize mental health struggles and encourage broader conversations, though ongoing community-level change is also important.",APA - https://www.apa.org/topics/stress,B
479,Mental Health & Emotional Well-being,Stigma & Talking About Mental Health,Is it stigmatizing to describe someone as 'crazy' or 'unstable' based on their mental health?,"Yes, casual use of stigmatizing language like this can reinforce negative stereotypes and discourage open conversation about mental health.",APA - https://www.apa.org/topics/stress,B
480,Mental Health & Emotional Well-being,Stigma & Talking About Mental Health,Can religious or cultural beliefs sometimes contribute to mental health stigma?,"In some communities, certain beliefs about the causes of mental illness can contribute to stigma, though many religious and cultural leaders are increasingly working to support mental health awareness.",WHO - https://www.who.int/news-room/fact-sheets/detail/mental-disorders,B
481,Mental Health & Emotional Well-being,Stigma & Talking About Mental Health,How can workplaces actively reduce mental health stigma?,"Offering mental health training, providing confidential support resources, and having leadership openly support mental wellbeing initiatives are effective ways workplaces can reduce stigma.",WHO - https://www.who.int/news-room/fact-sheets/detail/mental-disorders,B
482,Mental Health & Emotional Well-being,Stigma & Talking About Mental Health,Is it common for stigma to prevent young people from telling parents about mental health struggles?,"Yes, many young people hesitate to disclose mental health struggles to parents due to fear of disappointment, punishment, or being misunderstood, which highlights the importance of approachable family communication.",NIMH - https://www.nimh.nih.gov/health/topics,B
483,Mental Health & Emotional Well-being,Stigma & Talking About Mental Health,Can talking about mental health at the dinner table or in casual conversation help reduce stigma at home?,"Yes, incorporating mental health into everyday, low-pressure conversations at home can help normalize the topic and make it easier for family members to open up when struggling.",NIMH - https://www.nimh.nih.gov/health/topics,B
484,Mental Health & Emotional Well-being,Stigma & Talking About Mental Health,Is there a difference between stigma and simply not understanding mental health conditions?,"Yes, lack of understanding can contribute to stigma, but stigma specifically involves negative judgment or discrimination, whereas a lack of understanding alone may be addressed through education without judgment being present.",WHO - https://www.who.int/news-room/fact-sheets/detail/mental-disorders,B
485,Mental Health & Emotional Well-being,Stigma & Talking About Mental Health,Can community support groups help counter mental health stigma?,"Yes, community support groups create spaces where people can share experiences without judgment, which helps normalize mental health struggles and counter stigma at a local level.",NIMH - https://www.nimh.nih.gov/health/topics,B
486,Mental Health & Emotional Well-being,Stigma & Talking About Mental Health,How can media portrayals of mental illness affect public stigma?,"Inaccurate or sensationalized media portrayals can reinforce harmful stereotypes, while responsible, accurate coverage can help improve public understanding and reduce stigma.",WHO - https://www.who.int/news-room/fact-sheets/detail/mental-disorders,B
487,Mental Health & Emotional Well-being,Stigma & Talking About Mental Health,Is it stigmatizing to assume someone with a mental health condition is dangerous?,"Yes, this is a common and harmful stereotype; most people with mental health conditions are not violent, and this assumption contributes significantly to stigma and discrimination.",WHO - https://www.who.int/news-room/fact-sheets/detail/mental-disorders,B
488,Mental Health & Emotional Well-being,Stigma & Talking About Mental Health,Can normalizing therapy as routine self-care help reduce stigma?,"Yes, framing therapy as a normal tool for wellbeing, similar to regular health checkups, can help shift public perception away from viewing it only as a response to crisis.",APA - https://www.apa.org/topics/stress,B
489,Mental Health & Emotional Well-being,Stigma & Talking About Mental Health,Is it common for stigma to affect willingness to talk about mental health in the workplace specifically?,"Yes, many employees are hesitant to disclose mental health struggles at work due to concerns about being viewed as less capable, which is why supportive workplace policies matter.",WHO - https://www.who.int/news-room/fact-sheets/detail/mental-disorders,B
490,Mental Health & Emotional Well-being,Stigma & Talking About Mental Health,Can educating children early about mental health reduce stigma in the next generation?,"Yes, early, age-appropriate education about emotions and mental health is considered an effective long-term strategy for reducing stigma in future generations.",NIMH - https://www.nimh.nih.gov/health/topics,B
491,Mental Health & Emotional Well-being,Stigma & Talking About Mental Health,Is it helpful to share your own mental health journey to help reduce stigma for others?,"For many people, yes — sharing personal experience, when done at a comfortable pace and with appropriate boundaries, can help others feel less alone and challenge stigma, though this is a personal choice.",NIMH - https://www.nimh.nih.gov/health/topics,B
492,Mental Health & Emotional Well-being,Stigma & Talking About Mental Health,Can stigma differ based on the specific mental health condition someone has?,"Yes, conditions such as psychosis or personality disorders often face more stigma than more widely understood conditions like anxiety, reflecting gaps in public education about different conditions.",WHO - https://www.who.int/news-room/fact-sheets/detail/mental-disorders,B
493,Mental Health & Emotional Well-being,Stigma & Talking About Mental Health,How can allies support reducing mental health stigma in their communities?,"Allies can educate themselves, challenge stigmatizing jokes or comments when they hear them, and support policies and spaces that make mental health care more accessible and accepted.",WHO - https://www.who.int/news-room/fact-sheets/detail/mental-disorders,B
494,Mental Health & Emotional Well-being,Stigma & Talking About Mental Health,Is stigma reduction considered a global public health priority?,"Yes, major health organizations recognize reducing mental health stigma as an important part of improving overall access to and quality of mental health care worldwide.",WHO - https://www.who.int/news-room/fact-sheets/detail/mental-disorders,B
495,Mental Health & Emotional Well-being,Stigma & Talking About Mental Health,Can workplace mental health days help reduce stigma around taking time for emotional wellbeing?,"Yes, when organizations openly support mental health days as legitimate, it helps normalize prioritizing emotional wellbeing in the same way physical health is treated.",WHO - https://www.who.int/news-room/fact-sheets/detail/mental-disorders,B
496,Mental Health & Emotional Well-being,Stigma & Talking About Mental Health,Is it common for stigma to be internalized differently depending on someone's upbringing?,"Yes, the degree to which someone internalizes mental health stigma often reflects the attitudes modeled in their family and community while growing up.",APA - https://www.apa.org/topics/stress,B
497,Mental Health & Emotional Well-being,Stigma & Talking About Mental Health,Can peer support programs in schools or workplaces help reduce stigma?,"Yes, structured peer support programs, where trained peers offer a listening ear and connect others to resources, have been shown to help reduce stigma and improve help-seeking behavior.",NIMH - https://www.nimh.nih.gov/health/topics,B
498,Mental Health & Emotional Well-being,Stigma & Talking About Mental Health,Is it stigmatizing to tell someone to 'just get over' a mental health struggle?,"Yes, dismissive comments like this minimize genuine struggles and can reinforce stigma by suggesting mental health difficulties are simply a matter of willpower rather than legitimate health concerns.",APA - https://www.apa.org/topics/stress,B
499,Mental Health & Emotional Well-being,Stigma & Talking About Mental Health,Can normalizing conversations about mental health among friends make it easier to ask for help?,"Yes, when mental health is discussed openly and casually among friends, it becomes easier for individuals to recognize their own struggles and reach out for support without feeling isolated or judged.",NIMH - https://www.nimh.nih.gov/health/topics,B
500,Pregnancy & Maternal Health,Confirming & early pregnancy,What is usually the first sign of pregnancy?,"For most women the first sign is a missed period. Feeling tired, feeling sick, or sore breasts can also come early. The only way to be sure is a pregnancy test or a visit to a health worker.",https://www.who.int/news/item/07-11-2016-new-guidelines-on-antenatal-care-for-a-positive-pregnancy-experience,B
501,Pregnancy & Maternal Health,Confirming & early pregnancy,My period is late. Could I be pregnant?,"A late period can mean pregnancy, but it can also happen from stress, illness, weight change or other reasons. If there is any chance you are pregnant, take a test or ask a lady health worker. Do not wait a long time to check.",https://www.who.int/news/item/07-11-2016-new-guidelines-on-antenatal-care-for-a-positive-pregnancy-experience,B
502,Pregnancy & Maternal Health,Confirming & early pregnancy,How can I find out if I am pregnant?,"A simple urine test can tell you, and it is available at most health centres. A health worker can also confirm it for you. If the test is unclear, go to a health centre.",https://www.who.int/news/item/07-11-2016-new-guidelines-on-antenatal-care-for-a-positive-pregnancy-experience,B
503,Pregnancy & Maternal Health,Confirming & early pregnancy,How long does a pregnancy normally last?,"A full pregnancy is about forty weeks, counted from the first day of your last period. Babies born before thirty-seven weeks are called preterm and need extra care. Your health worker can tell you your expected date.",https://www.who.int/news-room/fact-sheets/detail/preterm-birth,B
504,Pregnancy & Maternal Health,Confirming & early pregnancy,When should I go for my first check-up after I find out I am pregnant?,"Go for your first check-up as early as you can, within the first twelve weeks of pregnancy. Early check-ups help find problems before they become serious. Do not wait until you feel unwell.",https://www.who.int/news/item/07-11-2016-new-guidelines-on-antenatal-care-for-a-positive-pregnancy-experience,B
505,Pregnancy & Maternal Health,Confirming & early pregnancy,How many check-ups should I have during my whole pregnancy?,"It is recommended to have at least eight check-ups during pregnancy. These are spread across the whole pregnancy, starting before twelve weeks. Going for all of them lowers the risk of losing the baby.",https://www.who.int/news/item/07-11-2016-new-guidelines-on-antenatal-care-for-a-positive-pregnancy-experience,B
506,Pregnancy & Maternal Health,Confirming & early pregnancy,Can I become pregnant while I am still breastfeeding?,"Yes, it is possible to become pregnant while breastfeeding, even if your periods have not come back. Breastfeeding helps space births but is not a certain way to avoid pregnancy. Ask a health worker about spacing your children.",https://www.who.int/news-room/fact-sheets/detail/infant-and-young-child-feeding,B
507,Pregnancy & Maternal Health,Confirming & early pregnancy,I feel sick and vomit in the morning. Is that normal in early pregnancy?,"Feeling sick and vomiting is common in early pregnancy and usually settles as the pregnancy goes on. Try small meals more often instead of large ones. If you cannot keep any food or water down, go to a health centre.",https://www.who.int/news/item/07-11-2016-new-guidelines-on-antenatal-care-for-a-positive-pregnancy-experience,B
508,Pregnancy & Maternal Health,Confirming & early pregnancy,Is it normal to feel very tired in early pregnancy?,"Yes, many women feel very tired in the early months. Rest when you can and eat well. But if the tiredness comes with dizziness, breathlessness or a very pale look, tell a health worker, because it may be low blood.",https://www.who.int/news-room/fact-sheets/detail/anaemia,B
509,Pregnancy & Maternal Health,Confirming & early pregnancy,Do my breasts change in early pregnancy?,"Yes, breasts often feel fuller or sore in early pregnancy. This is a normal change and it settles with time. If you notice a lump, redness or a hard painful area, show it to a health worker.",https://www.who.int/news/item/07-11-2016-new-guidelines-on-antenatal-care-for-a-positive-pregnancy-experience,B
510,Pregnancy & Maternal Health,Confirming & early pregnancy,Why do I need to pass urine more often now that I am pregnant?,"Passing urine more often is common in pregnancy and is usually nothing to worry about. But if it burns, or you have fever or pain in your back, go to a health centre, as this may be an infection that needs treatment.",https://www.who.int/news/item/07-11-2016-new-guidelines-on-antenatal-care-for-a-positive-pregnancy-experience,B
511,Pregnancy & Maternal Health,Confirming & early pregnancy,Should I start taking anything as soon as I know I am pregnant?,"Yes, health workers give iron and folic acid tablets to women in pregnancy. They help prevent low blood in the mother and problems for the baby. Take only what the health worker gives you, in the amount they tell you.",https://www.who.int/news/item/07-11-2016-new-guidelines-on-antenatal-care-for-a-positive-pregnancy-experience,B
512,Pregnancy & Maternal Health,Confirming & early pregnancy,What is folic acid and why is it given in pregnancy?,Folic acid is a vitamin given together with iron during pregnancy. It helps the baby grow properly and helps prevent low blood in the mother. Your health worker will give it to you at your check-ups.,https://www.who.int/news/item/07-11-2016-new-guidelines-on-antenatal-care-for-a-positive-pregnancy-experience,B
513,Pregnancy & Maternal Health,Confirming & early pregnancy,I have some bleeding in early pregnancy. What should I do?,"Any bleeding during pregnancy is a sign that should not be ignored. Please go to the nearest health centre or hospital now, and take someone with you. Do not wait to see if it stops.",https://www.who.int/news-room/fact-sheets/detail/maternal-mortality,B
514,Pregnancy & Maternal Health,Confirming & early pregnancy,How do I know how many weeks pregnant I am?,"Weeks are counted from the first day of your last period. If you are not sure of that date, a scan can tell you. Your health worker will work it out with you at your first check-up.",https://www.who.int/news/item/07-11-2016-new-guidelines-on-antenatal-care-for-a-positive-pregnancy-experience,B
515,Pregnancy & Maternal Health,Confirming & early pregnancy,Do I need a scan during pregnancy?,"Yes, one scan before twenty-four weeks is recommended. It shows how many weeks pregnant you are, whether there is more than one baby, and whether the baby is growing well. Ask your health worker where you can get one.",https://www.who.int/news/item/07-11-2016-new-guidelines-on-antenatal-care-for-a-positive-pregnancy-experience,B
516,Pregnancy & Maternal Health,Confirming & early pregnancy,Should I tell the health worker about medicines I am already taking?,"Yes, always tell the health worker about any medicine you are taking, including ones from a shop or a hakeem. Some are not safe in pregnancy. Never start or stop a medicine on your own while pregnant.",https://www.who.int/news/item/07-11-2016-new-guidelines-on-antenatal-care-for-a-positive-pregnancy-experience,B
517,Pregnancy & Maternal Health,Confirming & early pregnancy,"Should I stop using tobacco, naswar or paan now that I am pregnant?",Yes. Health workers advise women to avoid tobacco and other harmful substances during pregnancy. Stopping helps your baby grow better and lowers the chance of an early birth. Ask a health worker if you need help stopping.,https://www.who.int/news/item/07-11-2016-new-guidelines-on-antenatal-care-for-a-positive-pregnancy-experience,B
518,Pregnancy & Maternal Health,Confirming & early pregnancy,Is it safe to keep doing my housework and daily work while pregnant?,"Normal daily activity is usually fine and is even encouraged in pregnancy. Avoid lifting very heavy loads and rest when you feel tired. If any activity causes pain or bleeding, stop and see a health worker.",https://www.who.int/news/item/07-11-2016-new-guidelines-on-antenatal-care-for-a-positive-pregnancy-experience,B
519,Pregnancy & Maternal Health,Confirming & early pregnancy,When will I start to feel the baby move?,"Most women start to feel movement in the middle months of pregnancy. Once you feel regular movement, take notice of it each day. If the movements become much less or stop, go to a health centre immediately.",https://www.who.int/news-room/fact-sheets/detail/maternal-mortality,B
520,Pregnancy & Maternal Health,Confirming & early pregnancy,Why does the health worker check my blood pressure at every visit?,"High blood pressure in pregnancy can be dangerous for you and the baby, and often has no symptoms at first. Checking it at every visit catches it early. This is one of the main reasons check-ups matter.",https://www.who.int/news-room/fact-sheets/detail/pre-eclampsia,B
521,Pregnancy & Maternal Health,Confirming & early pregnancy,What is anaemia and why does it matter in pregnancy?,"Anaemia means there is not enough strength in the blood to carry oxygen around the body. In pregnancy it raises the risk of early birth, a small baby, and danger to the mother. Iron tablets and iron-rich food help prevent it.",https://www.who.int/news-room/fact-sheets/detail/anaemia,B
522,Pregnancy & Maternal Health,Confirming & early pregnancy,Can I be pregnant even if the test says no?,"A test taken very early can sometimes show no when you are actually pregnant. If your period still does not come, take another test after some days or visit a health centre. A health worker can confirm it properly.",https://www.who.int/news/item/07-11-2016-new-guidelines-on-antenatal-care-for-a-positive-pregnancy-experience,B
523,Pregnancy & Maternal Health,Confirming & early pregnancy,Is it normal to feel worried or unsure when I first learn I am pregnant?,"Yes, many women feel a mix of happiness and worry, and that is normal. Talking to someone you trust helps. If the worry is heavy and does not lift, tell a health worker, because support is available.",https://www.who.int/news/item/30-03-2022-who-urges-quality-care-for-women-and-newborns-in-critical-first-weeks-after-childbirth,B
524,Pregnancy & Maternal Health,Confirming & early pregnancy,Does the health worker need to know if I have had problems in an earlier pregnancy?,"Yes, always tell them about any earlier loss, early birth, heavy bleeding or difficult delivery. This helps them plan safer care for you this time. Nothing you say will be used to judge you.",https://www.who.int/news/item/07-11-2016-new-guidelines-on-antenatal-care-for-a-positive-pregnancy-experience,B
525,Pregnancy & Maternal Health,Trimester-by-trimester care,What are the three stages of pregnancy?,"Pregnancy is divided into three parts of about three months each. The early months, the middle months, and the last months before birth. Each part brings different changes and different check-ups.",https://www.who.int/news/item/07-11-2016-new-guidelines-on-antenatal-care-for-a-positive-pregnancy-experience,B
526,Pregnancy & Maternal Health,Trimester-by-trimester care,What should I expect in the first three months of pregnancy?,"In the early months you may feel sick, very tired, and need to pass urine often. The baby is very small but growing quickly. Start your check-ups and your iron and folic acid tablets in this time.",https://www.who.int/news/item/07-11-2016-new-guidelines-on-antenatal-care-for-a-positive-pregnancy-experience,B
527,Pregnancy & Maternal Health,Trimester-by-trimester care,What should I expect in the middle months of pregnancy?,Many women feel better in the middle months and the sickness settles. Your stomach grows and you begin to feel the baby move. This is also when a scan is usually done.,https://www.who.int/news/item/07-11-2016-new-guidelines-on-antenatal-care-for-a-positive-pregnancy-experience,B
528,Pregnancy & Maternal Health,Trimester-by-trimester care,What should I expect in the last months of pregnancy?,"In the last months the baby grows fast and you may feel heavy, short of breath, or have back pain. Check-ups become more frequent. This is the time to prepare for a safe delivery at a health facility.",https://www.who.int/news/item/07-11-2016-new-guidelines-on-antenatal-care-for-a-positive-pregnancy-experience,B
529,Pregnancy & Maternal Health,Trimester-by-trimester care,When are my check-ups supposed to happen?,"The first should be before twelve weeks, then around twenty weeks, and then more often as the pregnancy goes on, with the last ones close to your due date. In total at least eight visits are advised. Your health worker will give you the dates.",https://www.who.int/news/item/07-11-2016-new-guidelines-on-antenatal-care-for-a-positive-pregnancy-experience,B
530,Pregnancy & Maternal Health,Trimester-by-trimester care,Why do check-ups become more frequent near the end?,Problems such as high blood pressure and poor baby growth are more likely to appear late in pregnancy. More frequent checks find them early. It also helps plan where and how you will deliver.,https://www.who.int/news-room/fact-sheets/detail/pre-eclampsia,B
531,Pregnancy & Maternal Health,Trimester-by-trimester care,Is it normal for my stomach to feel tight sometimes in the later months?,"Occasional tightening is common as the body prepares for birth. It usually passes and is not painful. But if the tightening becomes regular, painful, or comes with bleeding or water leaking, go to a health centre.",https://www.who.int/news/item/07-11-2016-new-guidelines-on-antenatal-care-for-a-positive-pregnancy-experience,B
532,Pregnancy & Maternal Health,Trimester-by-trimester care,How much weight should I gain in pregnancy?,Some weight gain is normal and expected because the baby is growing. There is no single right number for every woman. Your health worker will check at each visit whether you and the baby are growing well.,https://www.who.int/news/item/07-11-2016-new-guidelines-on-antenatal-care-for-a-positive-pregnancy-experience,B
533,Pregnancy & Maternal Health,Trimester-by-trimester care,Is it normal to feel short of breath in late pregnancy?,"Mild breathlessness is common late in pregnancy because the growing baby presses upward. It usually eases when you rest or sit up. But sudden or severe difficulty breathing is a danger sign, so go to a health centre at once.",https://www.who.int/news-room/fact-sheets/detail/maternal-mortality,B
534,Pregnancy & Maternal Health,Trimester-by-trimester care,Is it safe to sleep on my back in late pregnancy?,"Many women find lying on their side more comfortable in the later months. Use pillows to support yourself however you sleep best. If you wake feeling breathless or dizzy, mention it at your next check-up.",https://www.who.int/news/item/07-11-2016-new-guidelines-on-antenatal-care-for-a-positive-pregnancy-experience,B
535,Pregnancy & Maternal Health,Trimester-by-trimester care,How often should I feel the baby moving?,"Once movements start, you should feel them regularly each day. Get to know your baby's usual pattern. If movements become much less or stop, go to a health centre immediately without waiting.",https://www.who.int/news-room/fact-sheets/detail/maternal-mortality,B
536,Pregnancy & Maternal Health,Trimester-by-trimester care,What does it mean if the baby is lying the wrong way?,"Babies move position during pregnancy and many turn on their own before birth. Your health worker will check the position at your later visits. If it has not turned near the end, they will advise you where it is safest to deliver.",https://www.who.int/news/item/07-11-2016-new-guidelines-on-antenatal-care-for-a-positive-pregnancy-experience,B
537,Pregnancy & Maternal Health,Trimester-by-trimester care,Is it normal to have swelling in my feet in late pregnancy?,"Mild swelling in the feet and ankles at the end of the day is common. Rest with your feet raised. But swelling of the hands and face, especially with headache or blurred vision, is a danger sign that needs urgent care.",https://www.who.int/news-room/fact-sheets/detail/pre-eclampsia,B
538,Pregnancy & Maternal Health,Trimester-by-trimester care,When should I start preparing for the delivery?,"Start planning in the last months. Decide where you will deliver, how you will get there, who will go with you, and keep some money aside. Having a plan saves time if labour starts suddenly.",https://www.who.int/news-room/fact-sheets/detail/maternal-mortality,B
539,Pregnancy & Maternal Health,Trimester-by-trimester care,What is a birth plan and do I need one?,"A birth plan is simply deciding in advance where you will give birth, how you will travel there, and who will help you. It means less confusion when labour starts. Your health worker can help you make one.",https://www.who.int/news-room/fact-sheets/detail/maternal-mortality,B
540,Pregnancy & Maternal Health,Trimester-by-trimester care,What if I go past my expected date of delivery?,Some babies come a little after the expected date. Keep going for your check-ups so the health worker can watch you and the baby. They will advise you if anything needs to be done.,https://www.who.int/news/item/07-11-2016-new-guidelines-on-antenatal-care-for-a-positive-pregnancy-experience,B
541,Pregnancy & Maternal Health,Trimester-by-trimester care,What does preterm birth mean?,Preterm means the baby is born before thirty-seven weeks of pregnancy are completed. These babies are smaller and need extra care and warmth. Going for regular check-ups helps lower the chance of an early birth.,https://www.who.int/news-room/fact-sheets/detail/preterm-birth,B
542,Pregnancy & Maternal Health,Trimester-by-trimester care,What raises the chance of the baby coming early?,"Carrying more than one baby, infections, high blood pressure and diabetes can all raise the chance. Often no cause is found at all. Regular check-ups help find and treat these problems in time.",https://www.who.int/news-room/fact-sheets/detail/preterm-birth,B
543,Pregnancy & Maternal Health,Trimester-by-trimester care,Is it safe to travel while pregnant?,"Short, normal travel is usually fine in a healthy pregnancy. Avoid long, rough journeys near your due date, and never travel far from care if you have had problems. Ask your health worker before any long journey.",https://www.who.int/news/item/07-11-2016-new-guidelines-on-antenatal-care-for-a-positive-pregnancy-experience,B
544,Pregnancy & Maternal Health,Trimester-by-trimester care,Should I keep doing my check-ups even if I feel completely well?,"Yes. Some serious problems, like high blood pressure, give no warning signs at first. Check-ups find them while they can still be treated easily. Feeling well is not proof that all is well.",https://www.who.int/news-room/fact-sheets/detail/pre-eclampsia,B
545,Pregnancy & Maternal Health,Trimester-by-trimester care,Can I carry my older child while I am pregnant?,"Light carrying is usually fine, but avoid lifting heavy weights, especially in the later months. Ask family to help with the heavier work. If lifting causes pain or bleeding, stop and see a health worker.",https://www.who.int/news/item/07-11-2016-new-guidelines-on-antenatal-care-for-a-positive-pregnancy-experience,B
546,Pregnancy & Maternal Health,Trimester-by-trimester care,Is it normal to have trouble sleeping in late pregnancy?,"Yes, sleep often becomes difficult in the last months because of the size of the baby and needing to pass urine. Rest in the day when you can. Mention it at your check-up if it is troubling you a lot.",https://www.who.int/news/item/07-11-2016-new-guidelines-on-antenatal-care-for-a-positive-pregnancy-experience,B
547,Pregnancy & Maternal Health,Trimester-by-trimester care,Do I need to do anything different if I am carrying twins?,"Yes, carrying more than one baby needs closer watching, because the babies are more likely to come early. You will need more check-ups. Plan to deliver at a facility that can care for more than one baby.",https://www.who.int/news-room/fact-sheets/detail/preterm-birth,B
548,Pregnancy & Maternal Health,Trimester-by-trimester care,Why is the health worker measuring my stomach at each visit?,"Measuring shows whether the baby is growing at the expected rate. If the growth seems slow or too fast, they can look into it. It is a simple, painless check.",https://www.who.int/news/item/07-11-2016-new-guidelines-on-antenatal-care-for-a-positive-pregnancy-experience,B
549,Pregnancy & Maternal Health,Trimester-by-trimester care,When should I stop heavy field or farm work?,"Continue only as long as it feels comfortable, and stop heavy lifting and long hours in the later months. Rest and water are important. If work brings on pain, bleeding or tightening, stop and go to a health centre.",https://www.who.int/news/item/07-11-2016-new-guidelines-on-antenatal-care-for-a-positive-pregnancy-experience,B
550,Pregnancy & Maternal Health,Antenatal visits & tests,What is an antenatal check-up?,"It is a visit to a health worker during pregnancy to check that you and the baby are well. They check your blood pressure, your blood, and the baby's growth. It is the main way to catch problems early.",https://www.who.int/news/item/07-11-2016-new-guidelines-on-antenatal-care-for-a-positive-pregnancy-experience,B
551,Pregnancy & Maternal Health,Antenatal visits & tests,How many antenatal visits does a pregnant woman need?,"At least eight visits are recommended across the pregnancy. This is more than the four that used to be advised, because more visits mean fewer babies lost. Start the first one before twelve weeks.",https://www.who.int/news/item/07-11-2016-new-guidelines-on-antenatal-care-for-a-positive-pregnancy-experience,B
552,Pregnancy & Maternal Health,Antenatal visits & tests,When should the first antenatal visit be?,"Within the first twelve weeks of pregnancy, as early as you can manage. Early visits allow iron tablets to be started and problems to be found in time. Do not wait for symptoms.",https://www.who.int/news/item/07-11-2016-new-guidelines-on-antenatal-care-for-a-positive-pregnancy-experience,B
553,Pregnancy & Maternal Health,Antenatal visits & tests,Does going for more check-ups really make a difference?,Yes. Having eight or more visits instead of four lowers the number of babies who die around the time of birth. Each visit is a chance to find a problem early. It is worth the journey.,https://www.who.int/news/item/07-11-2016-new-guidelines-on-antenatal-care-for-a-positive-pregnancy-experience,B
554,Pregnancy & Maternal Health,Antenatal visits & tests,What happens at an antenatal visit?,"The health worker checks your blood pressure, weight and the size of your stomach, listens to the baby, and asks how you feel. They may take blood or urine. They also give you iron and folic acid tablets.",https://www.who.int/news/item/07-11-2016-new-guidelines-on-antenatal-care-for-a-positive-pregnancy-experience,B
555,Pregnancy & Maternal Health,Antenatal visits & tests,Why is my blood pressure checked every time?,Because high blood pressure in pregnancy can become dangerous and often gives no warning signs at first. Catching it early allows treatment before it harms you or the baby. It takes only a moment to check.,https://www.who.int/news-room/fact-sheets/detail/pre-eclampsia,B
556,Pregnancy & Maternal Health,Antenatal visits & tests,Why is my urine tested in pregnancy?,"Urine is checked for signs of infection and for protein, which can be an early sign of a blood pressure problem. Both are easier to treat when found early. It is a simple test.",https://www.who.int/news-room/fact-sheets/detail/pre-eclampsia,B
557,Pregnancy & Maternal Health,Antenatal visits & tests,Why is my blood tested in pregnancy?,"Blood tests show whether you have low blood, which is common in pregnancy and can be treated. They also check for infections that could affect the baby. Ask the health worker to explain your results.",https://www.who.int/news-room/fact-sheets/detail/anaemia,B
558,Pregnancy & Maternal Health,Antenatal visits & tests,When should I have a scan during pregnancy?,"One scan before twenty-four weeks is recommended. It confirms how many weeks pregnant you are, shows whether there is more than one baby, and checks the baby's growth. Ask where the nearest one is available.",https://www.who.int/news/item/07-11-2016-new-guidelines-on-antenatal-care-for-a-positive-pregnancy-experience,B
559,Pregnancy & Maternal Health,Antenatal visits & tests,Is a scan safe for the baby?,"Yes, a pregnancy scan is a routine and safe part of antenatal care. It uses sound, not an injection or medicine. It gives the health worker important information about the baby.",https://www.who.int/news/item/07-11-2016-new-guidelines-on-antenatal-care-for-a-positive-pregnancy-experience,B
560,Pregnancy & Maternal Health,Antenatal visits & tests,Can I have a scan later than twenty-four weeks if I could not go earlier?,"Yes, a later scan is still useful, but the earlier one gives better information about dates. Go as soon as you are able. Do not skip it because you missed the ideal time.",https://www.who.int/news/item/07-11-2016-new-guidelines-on-antenatal-care-for-a-positive-pregnancy-experience,B
561,Pregnancy & Maternal Health,Antenatal visits & tests,Do I need to go for check-ups if this is not my first baby?,"Yes. Every pregnancy is different, and problems can appear even if earlier pregnancies were easy. The same eight visits are advised. Tell the health worker about your earlier pregnancies too.",https://www.who.int/news/item/07-11-2016-new-guidelines-on-antenatal-care-for-a-positive-pregnancy-experience,B
562,Pregnancy & Maternal Health,Antenatal visits & tests,What should I take with me to my check-up?,"Take any card or record from earlier visits, a list of any medicines you take, and someone with you if you can. Write down anything you want to ask. Keep your card safe as it holds your history.",https://www.who.int/news/item/07-11-2016-new-guidelines-on-antenatal-care-for-a-positive-pregnancy-experience,B
563,Pregnancy & Maternal Health,Antenatal visits & tests,What should I tell the health worker at my check-up?,"Tell them about any bleeding, pain, fever, headache, swelling, or change in the baby's movement. Also tell them about earlier pregnancy problems and any medicine you take. Nothing is too small to mention.",https://www.who.int/news-room/fact-sheets/detail/maternal-mortality,B
564,Pregnancy & Maternal Health,Antenatal visits & tests,Can I ask questions at my check-up?,"Yes, you have every right to ask. Ask about anything you do not understand, including your test results and where you should deliver. A good health worker will explain in words you understand.",https://www.who.int/news/item/07-11-2016-new-guidelines-on-antenatal-care-for-a-positive-pregnancy-experience,B
565,Pregnancy & Maternal Health,Antenatal visits & tests,What if the health centre is far from my village?,"Try to plan the journey in advance and go with someone. Ask whether a lady health worker visits your area, as some checks can be done closer to home. Missing all visits carries a real risk, so go when you can.",https://www.who.int/news-room/fact-sheets/detail/maternal-mortality,B
566,Pregnancy & Maternal Health,Antenatal visits & tests,Can a lady health worker do my check-ups instead of a doctor?,A trained lady health worker can do many parts of a check-up and knows when to send you to a health centre. Use her as your first contact. She can also help arrange the visits you need at a facility.,https://www.who.int/news-room/fact-sheets/detail/maternal-mortality,B
567,Pregnancy & Maternal Health,Antenatal visits & tests,What is the card the health worker gives me for?,"It is the record of your pregnancy, showing your visits, tests and results. Take it to every visit and to your delivery. It helps whoever cares for you know your history.",https://www.who.int/news/item/07-11-2016-new-guidelines-on-antenatal-care-for-a-positive-pregnancy-experience,B
568,Pregnancy & Maternal Health,Antenatal visits & tests,What should I do if I missed a check-up?,Go as soon as you can rather than waiting for the next planned date. Tell them which visit you missed. It is always better to go late than not at all.,https://www.who.int/news/item/07-11-2016-new-guidelines-on-antenatal-care-for-a-positive-pregnancy-experience,B
569,Pregnancy & Maternal Health,Antenatal visits & tests,Will I be counselled about food and activity at my visits?,"Yes, health workers advise pregnant women on healthy food, on staying active, and on avoiding tobacco and other harmful substances. They also help with common problems like sickness and back pain. Ask if they do not raise it.",https://www.who.int/news/item/07-11-2016-new-guidelines-on-antenatal-care-for-a-positive-pregnancy-experience,B
570,Pregnancy & Maternal Health,Antenatal visits & tests,Will they ask me about tobacco or other substances?,"Yes, this is asked at visits so that you can be supported to stop. It is asked to help you, not to shame you. Answering honestly gives you and the baby the best care.",https://www.who.int/news/item/07-11-2016-new-guidelines-on-antenatal-care-for-a-positive-pregnancy-experience,B
571,Pregnancy & Maternal Health,Antenatal visits & tests,"Will anyone ask about how I am feeling in my mind, not just my body?","Yes, your mood and worries are a normal part of care. Tell the health worker if you feel low, very anxious, or unable to cope. Support is available and it is not something to hide.",https://www.who.int/news/item/30-03-2022-who-urges-quality-care-for-women-and-newborns-in-critical-first-weeks-after-childbirth,B
572,Pregnancy & Maternal Health,Antenatal visits & tests,What does it mean if my blood test shows low blood?,"It means your blood is not carrying oxygen as well as it should, which is common in pregnancy. It is treated with iron tablets and iron-rich food. Follow the health worker's advice and go back for a repeat check.",https://www.who.int/news-room/fact-sheets/detail/anaemia,B
573,Pregnancy & Maternal Health,Antenatal visits & tests,What does protein in my urine mean?,"It can be an early sign of a blood pressure problem in pregnancy that needs watching. It does not always mean something serious, but it must be followed up. Go back for the checks the health worker asks for.",https://www.who.int/news-room/fact-sheets/detail/pre-eclampsia,B
574,Pregnancy & Maternal Health,Antenatal visits & tests,Is antenatal care only for women who feel unwell?,"No, it is for every pregnant woman, even those who feel completely fine. Many dangerous problems have no early symptoms. That is exactly why routine checks matter.",https://www.who.int/news-room/fact-sheets/detail/pre-eclampsia,B
575,Pregnancy & Maternal Health,Antenatal visits & tests,Should my husband or mother-in-law come with me to check-ups?,Bringing someone you trust can help you remember what is said and support you in getting care. It also helps the family understand the plan for delivery. You may also ask to speak to the health worker alone if you wish.,https://www.who.int/news/item/07-11-2016-new-guidelines-on-antenatal-care-for-a-positive-pregnancy-experience,B
576,Pregnancy & Maternal Health,Antenatal visits & tests,What if I cannot afford the check-ups?,"Ask at the government health centre or your lady health worker, as many antenatal services are free or low cost. Do not skip care because of cost before asking. Someone at the centre can tell you what is available.",https://www.who.int/news-room/fact-sheets/detail/maternal-mortality,B
577,Pregnancy & Maternal Health,Antenatal visits & tests,Do I still need check-ups if a family elder says everything looks fine?,"Yes. Experience is valuable, but blood pressure, low blood and the baby's growth cannot be judged by looking. Only a check-up can measure these. Go for the visits as well.",https://www.who.int/news-room/fact-sheets/detail/pre-eclampsia,B
578,Pregnancy & Maternal Health,Antenatal visits & tests,Will they tell me whether the baby is a boy or a girl?,"A scan is done to check the baby's health, growth and dates, not to tell the sex. Practices differ from place to place. The important thing the scan gives you is information about the baby's wellbeing.",https://www.who.int/news/item/07-11-2016-new-guidelines-on-antenatal-care-for-a-positive-pregnancy-experience,B
579,Pregnancy & Maternal Health,Antenatal visits & tests,How will I know where I should deliver?,Your health worker will advise you based on your health and any problems found at your check-ups. In most cases delivering at a facility with a skilled birth attendant is safest. Agree the place and the transport in advance.,https://www.who.int/news-room/fact-sheets/detail/maternal-mortality,B
580,Pregnancy & Maternal Health,Pregnancy discomforts & symptoms,Why do I feel sick and vomit during pregnancy?,"Feeling sick is a common change in early pregnancy and usually improves after the first few months. Eating small amounts more often can help. If you cannot keep down food or water at all, go to a health centre.",https://www.who.int/news/item/07-11-2016-new-guidelines-on-antenatal-care-for-a-positive-pregnancy-experience,B
581,Pregnancy & Maternal Health,Pregnancy discomforts & symptoms,What can I do about morning sickness?,"Try eating small, plain meals more often rather than large ones, and get up slowly in the morning. Drink water through the day. If the vomiting is severe or constant, see a health worker rather than trying remedies at home.",https://www.who.int/news/item/07-11-2016-new-guidelines-on-antenatal-care-for-a-positive-pregnancy-experience,B
582,Pregnancy & Maternal Health,Pregnancy discomforts & symptoms,Is heartburn normal in pregnancy?,"Yes, burning in the chest is a common pregnancy complaint. Eating smaller meals and not lying down straight after eating can help. Tell your health worker if it is troubling you, and do not take medicines on your own.",https://www.who.int/news/item/07-11-2016-new-guidelines-on-antenatal-care-for-a-positive-pregnancy-experience,B
583,Pregnancy & Maternal Health,Pregnancy discomforts & symptoms,I have constipation in pregnancy. What should I do?,"Constipation is a common pregnancy complaint. Drinking more water and eating vegetables, fruit and whole grains helps. Mention it at your check-up rather than taking any medicine yourself.",https://www.who.int/news/item/07-11-2016-new-guidelines-on-antenatal-care-for-a-positive-pregnancy-experience,B
584,Pregnancy & Maternal Health,Pregnancy discomforts & symptoms,Why do I get cramps in my legs at night?,Leg cramps are a common complaint during pregnancy. Gently stretching the leg and moving about in the day can help. Raise the matter at your check-up if they happen often.,https://www.who.int/news/item/07-11-2016-new-guidelines-on-antenatal-care-for-a-positive-pregnancy-experience,B
585,Pregnancy & Maternal Health,Pregnancy discomforts & symptoms,I have back pain in pregnancy. Is that normal?,"Low back pain is a common pregnancy complaint, especially as the baby grows. Sitting with support, avoiding heavy lifting and gentle movement can help. Health workers can advise you on it at your visits.",https://www.who.int/news/item/07-11-2016-new-guidelines-on-antenatal-care-for-a-positive-pregnancy-experience,B
586,Pregnancy & Maternal Health,Pregnancy discomforts & symptoms,I have pain low down in my hips. Is that normal?,Pelvic pain is a recognised discomfort of pregnancy as the body prepares for birth. Avoid heavy lifting and rest when it is bad. But severe stomach pain is different and needs urgent care.,https://www.who.int/news/item/07-11-2016-new-guidelines-on-antenatal-care-for-a-positive-pregnancy-experience,B
587,Pregnancy & Maternal Health,Pregnancy discomforts & symptoms,What are the swollen veins on my legs in pregnancy?,Swollen veins in the legs are a common change in pregnancy. Resting with the legs raised and avoiding standing for very long can help. Mention them at your check-up if they are painful.,https://www.who.int/news/item/07-11-2016-new-guidelines-on-antenatal-care-for-a-positive-pregnancy-experience,B
588,Pregnancy & Maternal Health,Pregnancy discomforts & symptoms,Is it normal to feel dizzy in pregnancy?,"Mild dizziness on standing up quickly happens to many pregnant women. Get up slowly and eat and drink regularly. But if you faint, or feel dizzy along with breathlessness or a very pale look, see a health worker, as it can be low blood.",https://www.who.int/news-room/fact-sheets/detail/anaemia,B
589,Pregnancy & Maternal Health,Pregnancy discomforts & symptoms,Why am I so tired all the time in pregnancy?,"Tiredness is normal because your body is working harder. Rest when you can and eat well. If the tiredness is severe and comes with dizziness, headache or cold hands and feet, ask to be checked for low blood.",https://www.who.int/news-room/fact-sheets/detail/anaemia,B
590,Pregnancy & Maternal Health,Pregnancy discomforts & symptoms,Is some extra discharge normal in pregnancy?,"A mild increase in clear or white discharge is common in pregnancy. But discharge that smells bad, itches, or comes with fever is not normal. Go to a health centre for that, as it may need treatment.",https://www.who.int/news-room/fact-sheets/detail/maternal-mortality,B
591,Pregnancy & Maternal Health,Pregnancy discomforts & symptoms,Is it normal to have mild stomach discomfort in pregnancy?,"Mild pulling or stretching feelings are common as the womb grows. They come and go and are not severe. Severe stomach pain, however, is a danger sign and needs urgent care at a health centre.",https://www.who.int/news-room/fact-sheets/detail/maternal-mortality,B
592,Pregnancy & Maternal Health,Pregnancy discomforts & symptoms,Is a mild headache normal in pregnancy?,"An occasional mild headache can happen. But a severe headache, especially with blurred vision or seeing spots, is a warning sign of a blood pressure problem. Go to a health centre now if you have that.",https://www.who.int/news-room/fact-sheets/detail/pre-eclampsia,B
593,Pregnancy & Maternal Health,Pregnancy discomforts & symptoms,My hands and face are swollen. Is that just normal pregnancy swelling?,Swelling of the hands and face is not the same as mild ankle swelling and can be a sign of a serious blood pressure problem. Please go to a health centre or hospital now. Take someone with you.,https://www.who.int/news-room/fact-sheets/detail/pre-eclampsia,B
594,Pregnancy & Maternal Health,Pregnancy discomforts & symptoms,Is it normal to feel hot or sweat more in pregnancy?,"Feeling warmer than usual is a common pregnancy change. Drink water and rest in the shade. But fever is different from feeling warm, and fever in pregnancy needs to be checked at a health centre.",https://www.who.int/news-room/fact-sheets/detail/maternal-mortality,B
595,Pregnancy & Maternal Health,Pregnancy discomforts & symptoms,Why do my breasts hurt in pregnancy?,"Breast tenderness and fullness are normal pregnancy changes as the body prepares to feed the baby. A well-fitting, supportive cloth or garment helps. Show any lump, redness or hard painful area to a health worker.",https://www.who.int/news-room/fact-sheets/detail/infant-and-young-child-feeding,B
596,Pregnancy & Maternal Health,Pregnancy discomforts & symptoms,Is it normal to have mood changes during pregnancy?,"Yes, ups and downs in mood are common in pregnancy. Talk to someone you trust. If low mood or heavy worry lasts and stops you managing daily life, tell a health worker, because help is available.",https://www.who.int/news/item/30-03-2022-who-urges-quality-care-for-women-and-newborns-in-critical-first-weeks-after-childbirth,B
597,Pregnancy & Maternal Health,Pregnancy discomforts & symptoms,Can I take a painkiller for my aches in pregnancy?,"Do not take any medicine in pregnancy without asking a health worker first, including tablets from a shop. Some are not safe for the baby. Tell them what is hurting and they will advise you.",https://www.who.int/news/item/07-11-2016-new-guidelines-on-antenatal-care-for-a-positive-pregnancy-experience,B
598,Pregnancy & Maternal Health,Pregnancy discomforts & symptoms,Are home remedies safe in pregnancy?,"Some remedies are harmless but others can be risky for the baby, and it is hard to know which. Ask a health worker before using any remedy or herbal preparation. Never use anything meant to bring on a period while pregnant.",https://www.who.int/news/item/07-11-2016-new-guidelines-on-antenatal-care-for-a-positive-pregnancy-experience,B
599,Pregnancy & Maternal Health,Pregnancy discomforts & symptoms,Is burning when I pass urine normal in pregnancy?,"No, burning when passing urine may be an infection and should be checked. Infections in pregnancy can become serious if left. Go to a health centre rather than waiting for it to pass.",https://www.who.int/news-room/fact-sheets/detail/maternal-mortality,B
600,Pregnancy & Maternal Health,Pregnancy discomforts & symptoms,Is it normal to feel breathless walking uphill late in pregnancy?,"Mild breathlessness with effort is common as the baby grows and presses upward. Rest and slow down. But sudden or severe difficulty breathing, even at rest, is a danger sign needing urgent care.",https://www.who.int/news-room/fact-sheets/detail/maternal-mortality,B
601,Pregnancy & Maternal Health,Pregnancy discomforts & symptoms,Why do I keep waking to pass urine at night in pregnancy?,"The growing baby presses on the bladder, so passing urine often is common. Drink your water earlier in the day rather than cutting down overall. Report any burning, fever or back pain, as that may be infection.",https://www.who.int/news/item/07-11-2016-new-guidelines-on-antenatal-care-for-a-positive-pregnancy-experience,B
602,Pregnancy & Maternal Health,Pregnancy discomforts & symptoms,Are itchy skin and stretch marks normal in pregnancy?,Mild itching as the skin stretches is common and stretch marks are a normal change. Keeping the skin moisturised may ease it. Severe itching all over the body should be mentioned to a health worker.,https://www.who.int/news/item/07-11-2016-new-guidelines-on-antenatal-care-for-a-positive-pregnancy-experience,B
603,Pregnancy & Maternal Health,Pregnancy discomforts & symptoms,My gums bleed when I clean my teeth. Is that a pregnancy change?,"Gums can become more tender in pregnancy. Keep cleaning your teeth gently and rinse your mouth, especially if you have been vomiting. Mention it at your check-up if the bleeding is heavy.",https://www.who.int/news/item/07-11-2016-new-guidelines-on-antenatal-care-for-a-positive-pregnancy-experience,B
604,Pregnancy & Maternal Health,Pregnancy discomforts & symptoms,Is it normal for my feet to swell by the end of the day?,"Mild swelling of the feet and ankles that eases with rest is common in later pregnancy. Raise your feet when you sit. But swelling of the hands and face, or sudden swelling, needs urgent checking.",https://www.who.int/news-room/fact-sheets/detail/pre-eclampsia,B
605,Pregnancy & Maternal Health,Pregnancy discomforts & symptoms,"Should I mention small problems at my check-up, or only big ones?","Mention everything, even small things. Some serious problems start as small complaints, and the health worker is the right person to judge. Nothing you say will be treated as a waste of time.",https://www.who.int/news/item/07-11-2016-new-guidelines-on-antenatal-care-for-a-positive-pregnancy-experience,B
606,Pregnancy & Maternal Health,Pregnancy discomforts & symptoms,How do I tell a normal discomfort from a danger sign?,"Normal discomforts are mild, come and go, and ease with rest. Danger signs are bleeding, severe headache, blurred vision, severe stomach pain, swelling of hands and face, fever, difficulty breathing, fits, or reduced baby movement. Any danger sign means go now.",https://www.who.int/news-room/fact-sheets/detail/maternal-mortality,B
607,Pregnancy & Maternal Health,Pregnancy discomforts & symptoms,Can staying active help with pregnancy aches?,Health workers advise pregnant women to stay physically active in a way that suits them. Gentle regular movement can help with several common complaints. Ask your health worker what is right for you.,https://www.who.int/news/item/07-11-2016-new-guidelines-on-antenatal-care-for-a-positive-pregnancy-experience,B
608,Pregnancy & Maternal Health,Pregnancy discomforts & symptoms,I am not having any discomforts at all. Is something wrong?,"No, many women have an easy pregnancy with few complaints, and that is a good sign. Keep going for your check-ups anyway. Feeling well does not replace having your blood pressure and blood checked.",https://www.who.int/news-room/fact-sheets/detail/pre-eclampsia,B
609,Pregnancy & Maternal Health,Pregnancy discomforts & symptoms,The sickness has come back late in pregnancy. Should I be concerned?,"Nausea and vomiting that begin after the early months should be mentioned to a health worker, as this can accompany a blood pressure problem. Do not treat it at home. Go and be checked, especially if you also have headache or upper stomach pain.",https://www.who.int/news-room/fact-sheets/detail/pre-eclampsia,B
610,Pregnancy & Maternal Health,"Pregnancy nutrition (iron, folic acid, diet)",What should I eat during pregnancy?,"Eat a varied diet with grains, pulses, vegetables, fruit, milk and, if you eat it, meat, fish or eggs. Health workers advise good nutrition as part of every pregnancy check-up. Small regular meals are easier than large ones.",https://www.who.int/news/item/07-11-2016-new-guidelines-on-antenatal-care-for-a-positive-pregnancy-experience,B
611,Pregnancy & Maternal Health,"Pregnancy nutrition (iron, folic acid, diet)",Do I need to eat for two people in pregnancy?,"You need somewhat more nourishment, but not double the food. What matters most is the quality and variety of what you eat, not the quantity. Your health worker will check that you and the baby are growing well.",https://www.who.int/news/item/07-11-2016-new-guidelines-on-antenatal-care-for-a-positive-pregnancy-experience,B
612,Pregnancy & Maternal Health,"Pregnancy nutrition (iron, folic acid, diet)",Why are iron and folic acid tablets given in pregnancy?,"They are given daily to prevent low blood in the mother, and to lower the chance of infection after birth, low birth weight and early birth. They are a routine part of antenatal care. Take them as the health worker directs.",https://www.who.int/news/item/07-11-2016-new-guidelines-on-antenatal-care-for-a-positive-pregnancy-experience,B
613,Pregnancy & Maternal Health,"Pregnancy nutrition (iron, folic acid, diet)",How long should I keep taking my iron and folic acid tablets?,"Take them for as long as the health worker tells you, usually through the pregnancy. Do not stop just because you feel better. Ask at your check-up if you are unsure.",https://www.who.int/news/item/07-11-2016-new-guidelines-on-antenatal-care-for-a-positive-pregnancy-experience,B
614,Pregnancy & Maternal Health,"Pregnancy nutrition (iron, folic acid, diet)",The iron tablets upset my stomach. Should I stop them?,"Do not stop on your own. Tell your health worker, because there are ways to make them easier to take. Stopping raises your risk of low blood and its dangers for you and the baby.",https://www.who.int/news/item/07-11-2016-new-guidelines-on-antenatal-care-for-a-positive-pregnancy-experience,B
615,Pregnancy & Maternal Health,"Pregnancy nutrition (iron, folic acid, diet)",Which foods help build blood?,"Lean meat, fish, pulses and beans, dark green leafy vegetables and fortified cereals all help. Eating something with vitamin C, like citrus fruit, alongside them helps the body take in more iron. Include them regularly, not just occasionally.",https://www.who.int/news-room/fact-sheets/detail/anaemia,B
616,Pregnancy & Maternal Health,"Pregnancy nutrition (iron, folic acid, diet)",Does drinking tea affect my iron?,"Tea, coffee and cocoa taken with a meal reduce how much iron your body takes in. Leave a gap between these drinks and your iron-rich meals or tablets. This is a simple change that makes a real difference.",https://www.who.int/news-room/fact-sheets/detail/anaemia,B
617,Pregnancy & Maternal Health,"Pregnancy nutrition (iron, folic acid, diet)",What is anaemia and how common is it in pregnancy?,"Anaemia means the blood cannot carry enough oxygen around the body. It affects a large share of pregnant women worldwide, close to four in ten. It is common but it is not something to accept, because it can be treated.",https://www.who.int/news-room/fact-sheets/detail/anaemia,B
618,Pregnancy & Maternal Health,"Pregnancy nutrition (iron, folic acid, diet)",What are the signs of low blood?,"Tiredness, dizziness or light-headedness, cold hands and feet, headache, and shortness of breath. In severe cases the inside of the eyelids and lips look very pale. Ask to be tested if you have these.",https://www.who.int/news-room/fact-sheets/detail/anaemia,B
619,Pregnancy & Maternal Health,"Pregnancy nutrition (iron, folic acid, diet)",What can low blood do to my pregnancy?,"It raises the risk of the baby coming early, being born small, and of danger to the mother around delivery. This is why it is checked and treated. Taking your iron tablets is one of the most useful things you can do.",https://www.who.int/news-room/fact-sheets/detail/anaemia,B
620,Pregnancy & Maternal Health,"Pregnancy nutrition (iron, folic acid, diet)",Can low blood be caused by something other than food?,"Yes. Infections such as malaria and parasites, heavy blood loss, and inherited blood conditions can all cause it. This is why the health worker tests rather than assuming. Treatment depends on the cause.",https://www.who.int/news-room/fact-sheets/detail/anaemia,B
621,Pregnancy & Maternal Health,"Pregnancy nutrition (iron, folic acid, diet)",How much water should I drink in pregnancy?,"Drink water regularly through the day, and more in hot weather or when working outdoors. Water also helps with constipation, a common pregnancy complaint. Use clean, safe drinking water.",https://www.who.int/news/item/07-11-2016-new-guidelines-on-antenatal-care-for-a-positive-pregnancy-experience,B
622,Pregnancy & Maternal Health,"Pregnancy nutrition (iron, folic acid, diet)",Is it safe to fast during pregnancy?,"Talk to a health worker before fasting while pregnant, because your needs are higher and your situation matters. They can advise you based on your health and how the pregnancy is going. Do not decide alone if you have low blood or any complication.",https://www.who.int/news/item/07-11-2016-new-guidelines-on-antenatal-care-for-a-positive-pregnancy-experience,B
623,Pregnancy & Maternal Health,"Pregnancy nutrition (iron, folic acid, diet)",Should I avoid any foods in pregnancy?,"Avoid tobacco, alcohol and other harmful substances completely. Be careful with food that may be unclean or not properly cooked. Ask your health worker about anything you are unsure of.",https://www.who.int/news/item/07-11-2016-new-guidelines-on-antenatal-care-for-a-positive-pregnancy-experience,B
624,Pregnancy & Maternal Health,"Pregnancy nutrition (iron, folic acid, diet)",Can I keep eating my usual village food while pregnant?,"Yes, ordinary home food is good, as long as it is varied and clean. Add pulses, green leafy vegetables and fruit where you can. You do not need special or expensive food to eat well.",https://www.who.int/news/item/07-11-2016-new-guidelines-on-antenatal-care-for-a-positive-pregnancy-experience,B
625,Pregnancy & Maternal Health,"Pregnancy nutrition (iron, folic acid, diet)",Are vegetables and fruit important in pregnancy?,"Yes, they give vitamins that help your body use iron and keep you well. Dark green leafy vegetables also add iron themselves. Try to include some at most meals.",https://www.who.int/news-room/fact-sheets/detail/anaemia,B
626,Pregnancy & Maternal Health,"Pregnancy nutrition (iron, folic acid, diet)",I do not eat meat. Can I still get enough iron?,"Yes. Pulses, beans, dark green leafy vegetables and fortified cereals all provide iron. Eat them with a source of vitamin C to absorb more. Your iron and folic acid tablets also help.",https://www.who.int/news-room/fact-sheets/detail/anaemia,B
627,Pregnancy & Maternal Health,"Pregnancy nutrition (iron, folic acid, diet)",Do I need vitamins other than iron and folic acid?,"Do not start any supplement on your own. Iron and folic acid are the ones routinely given in pregnancy. If you think you need something more, ask your health worker rather than buying it yourself.",https://www.who.int/news/item/07-11-2016-new-guidelines-on-antenatal-care-for-a-positive-pregnancy-experience,B
628,Pregnancy & Maternal Health,"Pregnancy nutrition (iron, folic acid, diet)",Can eating well prevent my baby from being born small?,"Good nutrition, iron and folic acid, and regular check-ups together lower the risk of a small or early baby. Nothing removes the risk completely. Attending all your visits is as important as what you eat.",https://www.who.int/news/item/07-11-2016-new-guidelines-on-antenatal-care-for-a-positive-pregnancy-experience,B
629,Pregnancy & Maternal Health,"Pregnancy nutrition (iron, folic acid, diet)",Is it bad to gain weight in pregnancy?,Some weight gain is normal and necessary because the baby is growing. It is not something to try to prevent. Your health worker will tell you if your growth is outside what they expect.,https://www.who.int/news/item/07-11-2016-new-guidelines-on-antenatal-care-for-a-positive-pregnancy-experience,B
630,Pregnancy & Maternal Health,"Pregnancy nutrition (iron, folic acid, diet)",I have no appetite. What should I do?,"Eat small amounts more often instead of trying to manage large meals. Choose foods that are easy for you to take. If you cannot eat or drink for a whole day, go to a health centre.",https://www.who.int/news/item/07-11-2016-new-guidelines-on-antenatal-care-for-a-positive-pregnancy-experience,B
631,Pregnancy & Maternal Health,"Pregnancy nutrition (iron, folic acid, diet)",Does what I eat matter for my milk later?,Eating well in pregnancy helps you build strength for delivery and for feeding your baby afterwards. Breastfeeding itself is recommended for all mothers from the first hour after birth. Keep eating well after delivery too.,https://www.who.int/news-room/fact-sheets/detail/infant-and-young-child-feeding,B
632,Pregnancy & Maternal Health,"Pregnancy nutrition (iron, folic acid, diet)",Should I eat differently if I am carrying twins?,Carrying more than one baby places more demand on your body and needs closer follow-up. Eat well and take your tablets as directed. Discuss your diet and your check-up schedule with your health worker.,https://www.who.int/news-room/fact-sheets/detail/preterm-birth,B
633,Pregnancy & Maternal Health,"Pregnancy nutrition (iron, folic acid, diet)",Can I take iron tablets on an empty stomach?,"Follow exactly what your health worker tells you about how to take them. If they upset you, go back and ask rather than changing it yourself or stopping. There are ways to make them easier to tolerate.",https://www.who.int/news/item/07-11-2016-new-guidelines-on-antenatal-care-for-a-positive-pregnancy-experience,B
634,Pregnancy & Maternal Health,"Pregnancy nutrition (iron, folic acid, diet)",Does my iron need continue after the baby is born?,"Blood loss at delivery can lower your blood further, so nutrition remains important afterwards. Keep eating iron-rich food and follow the advice given at your postnatal visits. Tell the health worker if you feel very tired or dizzy.",https://www.who.int/news-room/fact-sheets/detail/anaemia,B
635,Pregnancy & Maternal Health,"Pregnancy nutrition (iron, folic acid, diet)",Is milk important in pregnancy?,"Milk and milk products are a useful part of a varied diet in pregnancy. They are not the only thing that matters. Aim for variety across grains, pulses, vegetables, fruit and milk.",https://www.who.int/news/item/07-11-2016-new-guidelines-on-antenatal-care-for-a-positive-pregnancy-experience,B
636,Pregnancy & Maternal Health,"Pregnancy nutrition (iron, folic acid, diet)",Will eating certain foods decide if I have a boy or a girl?,"No. Food does not decide the sex of the baby. Eat well for your health and the baby's growth, which is what food genuinely affects.",https://www.who.int/news/item/07-11-2016-new-guidelines-on-antenatal-care-for-a-positive-pregnancy-experience,B
637,Pregnancy & Maternal Health,"Pregnancy nutrition (iron, folic acid, diet)",Should I eat less so the baby stays small and delivery is easier?,"No, this is not safe. Eating too little can make the baby grow poorly and leave you weak for delivery. A small baby from poor nutrition brings its own dangers. Eat well and let the health worker guide you.",https://www.who.int/news/item/07-11-2016-new-guidelines-on-antenatal-care-for-a-positive-pregnancy-experience,B
638,Pregnancy & Maternal Health,"Pregnancy nutrition (iron, folic acid, diet)",Do I need to take my tablets if I feel completely healthy?,"Yes. Low blood often develops without you feeling it at first. The tablets are given to prevent problems, not only to treat them. Keep taking them as directed.",https://www.who.int/news-room/fact-sheets/detail/anaemia,B
639,Pregnancy & Maternal Health,"Pregnancy nutrition (iron, folic acid, diet)",Where can I get iron and folic acid tablets?,"They are given as part of routine antenatal care at health centres, and a lady health worker may also supply them. Ask at your next check-up. Do not buy and take supplements on your own instead.",https://www.who.int/news/item/07-11-2016-new-guidelines-on-antenatal-care-for-a-positive-pregnancy-experience,B
640,Pregnancy & Maternal Health,"Labour, delivery & where to give birth",Where is the safest place to give birth?,"The safest place is a health facility with a skilled birth attendant such as a trained midwife, nurse or doctor. They can act quickly if something goes wrong. Plan this in advance with your health worker.",https://www.who.int/news-room/fact-sheets/detail/maternal-mortality,B
641,Pregnancy & Maternal Health,"Labour, delivery & where to give birth",Why does it matter who helps me deliver?,"Most deaths around childbirth happen from problems that a skilled attendant can manage or send on quickly. In countries where nearly all births have a trained attendant, far fewer women die. It is one of the biggest differences you can make.",https://www.who.int/news-room/fact-sheets/detail/maternal-mortality,B
642,Pregnancy & Maternal Health,"Labour, delivery & where to give birth",What is a skilled birth attendant?,"A trained midwife, nurse or doctor who knows how to conduct a delivery safely and recognise danger. They can start treatment and arrange transfer if needed. A traditional helper without this training cannot do the same.",https://www.who.int/news-room/fact-sheets/detail/maternal-mortality,B
643,Pregnancy & Maternal Health,"Labour, delivery & where to give birth",How will I know labour has started?,"Regular tightening pains that get stronger and closer together, and sometimes water leaking or a show of mucus. Go to your planned facility when the pains become regular. Go sooner if there is bleeding or the water breaks.",https://www.who.int/news-room/fact-sheets/detail/maternal-mortality,B
644,Pregnancy & Maternal Health,"Labour, delivery & where to give birth",What should I do if my water breaks?,"Go to the health facility, even if the pains have not started. Note the time and the colour of the water. Do not wait at home, because there is a risk of infection.",https://www.who.int/news-room/fact-sheets/detail/maternal-mortality,B
645,Pregnancy & Maternal Health,"Labour, delivery & where to give birth",What should I take with me for the delivery?,"Take your antenatal card, clean cloths for you and the baby, and money for transport. Have someone go with you. Keep the bag ready in the last month.",https://www.who.int/news-room/fact-sheets/detail/maternal-mortality,B
646,Pregnancy & Maternal Health,"Labour, delivery & where to give birth",How do I plan transport for the delivery?,"Decide in advance how you will travel, who will take you, and what you will do at night. Keep the money set aside. Delay in reaching care is one of the main reasons women come to harm.",https://www.who.int/news-room/fact-sheets/detail/maternal-mortality,B
647,Pregnancy & Maternal Health,"Labour, delivery & where to give birth",What if labour starts at night or the roads are difficult?,"This is exactly why the plan is made in advance. Agree beforehand who will arrange transport at any hour and tell your family the plan. If you cannot reach a facility, send for a skilled attendant urgently.",https://www.who.int/news-room/fact-sheets/detail/maternal-mortality,B
648,Pregnancy & Maternal Health,"Labour, delivery & where to give birth",How long does labour usually last?,It varies a great deal from woman to woman and between first and later babies. There is no single normal length. Being at a facility means someone is watching your progress and can act if it is not going well.,https://www.who.int/news-room/fact-sheets/detail/maternal-mortality,B
649,Pregnancy & Maternal Health,"Labour, delivery & where to give birth",Can I have someone with me during labour?,Having someone you trust with you during labour is encouraged. Ask your facility what they allow. Choose someone calm who can support you.,https://www.who.int/news-room/fact-sheets/detail/maternal-mortality,B
650,Pregnancy & Maternal Health,"Labour, delivery & where to give birth",What is heavy bleeding after delivery?,Severe bleeding after childbirth is one of the leading causes of death for mothers. It can happen quickly and needs immediate treatment. This is a key reason to deliver where skilled help is present.,https://www.who.int/news-room/fact-sheets/detail/maternal-mortality,B
651,Pregnancy & Maternal Health,"Labour, delivery & where to give birth",What are the main dangers around childbirth?,"Severe bleeding after birth, infection after childbirth, high blood pressure problems, complications of delivery, and unsafe abortion. Together these cause about three quarters of maternal deaths. Skilled care at delivery addresses most of them.",https://www.who.int/news-room/fact-sheets/detail/maternal-mortality,B
652,Pregnancy & Maternal Health,"Labour, delivery & where to give birth",What is a caesarean and when is it needed?,"It is an operation to deliver the baby when a normal birth would be unsafe for the mother or baby. It is done for a medical reason, decided by the doctor. It is available at facilities equipped for surgery.",https://www.who.int/news-room/fact-sheets/detail/maternal-mortality,B
653,Pregnancy & Maternal Health,"Labour, delivery & where to give birth",How do I know if I will need an operation for the delivery?,Often it is not known in advance and is decided during labour. Sometimes check-ups show a reason to plan it. Delivering at an equipped facility means the option is there if it is needed.,https://www.who.int/news-room/fact-sheets/detail/maternal-mortality,B
654,Pregnancy & Maternal Health,"Labour, delivery & where to give birth",Is it safe to deliver at home with an experienced elder woman?,"Delivering with someone untrained carries real risk, because serious bleeding or other complications need skilled treatment and equipment. A facility with a skilled attendant is safer. If a home birth does happen, a health worker should see you and the baby within twenty-four hours.",https://www.who.int/news/item/30-03-2022-who-urges-quality-care-for-women-and-newborns-in-critical-first-weeks-after-childbirth,B
655,Pregnancy & Maternal Health,"Labour, delivery & where to give birth",What should happen immediately after the baby is born?,"The baby should be kept with you, dried and kept warm, and breastfeeding should begin within the first hour. The cord should not be clamped too early. These simple steps protect the baby.",https://www.who.int/news-room/fact-sheets/detail/infant-and-young-child-feeding,B
656,Pregnancy & Maternal Health,"Labour, delivery & where to give birth",Why should the cord not be cut immediately?,Waiting at least one minute before clamping the cord helps the baby build up iron stores and lowers the risk of low blood. It is a simple step with real benefit. Skilled attendants know to do this.,https://www.who.int/news-room/fact-sheets/detail/anaemia,B
657,Pregnancy & Maternal Health,"Labour, delivery & where to give birth",How soon should I feed the baby after birth?,Breastfeeding should begin within one hour of birth. The first milk is valuable and protects the baby. Ask the staff to help you with positioning if it is difficult.,https://www.who.int/news-room/fact-sheets/detail/infant-and-young-child-feeding,B
658,Pregnancy & Maternal Health,"Labour, delivery & where to give birth",How long should I stay at the facility after giving birth?,"Stay at least twenty-four hours after the birth, for both you and the baby. Most serious problems appear in these first hours. Do not leave early even if you feel fine.",https://www.who.int/news/item/30-03-2022-who-urges-quality-care-for-women-and-newborns-in-critical-first-weeks-after-childbirth,B
659,Pregnancy & Maternal Health,"Labour, delivery & where to give birth",What if I deliver at home unexpectedly?,"Get a health worker to see you and the baby within twenty-four hours of the birth. Keep the baby warm, dry and feeding. Watch for heavy bleeding, fever or fits and go for help at once if they appear.",https://www.who.int/news/item/30-03-2022-who-urges-quality-care-for-women-and-newborns-in-critical-first-weeks-after-childbirth,B
660,Pregnancy & Maternal Health,"Labour, delivery & where to give birth",What happens if the baby comes early?,"Preterm babies are smaller and need warmth, feeding support and sometimes help with breathing. Keeping the baby skin to skin with the mother and breastfeeding early are important. Deliver at a facility if you know the baby may come early.",https://www.who.int/news-room/fact-sheets/detail/preterm-birth,B
661,Pregnancy & Maternal Health,"Labour, delivery & where to give birth",What is kangaroo mother care?,It means keeping the small or early baby held skin to skin against the mother's chest. It keeps the baby warm and supports feeding and growth. It is recommended starting immediately after birth for preterm babies.,https://www.who.int/news-room/fact-sheets/detail/preterm-birth,B
662,Pregnancy & Maternal Health,"Labour, delivery & where to give birth",Can most problems with early babies be prevented?,"Three quarters of deaths related to preterm birth could be prevented with care that already exists and is not expensive. Warmth, early breastfeeding and skilled support matter most. This is why the place of delivery is so important.",https://www.who.int/news-room/fact-sheets/detail/preterm-birth,B
663,Pregnancy & Maternal Health,"Labour, delivery & where to give birth",Should I go to the facility before labour starts?,"If your health worker has advised it because of a problem found at check-ups, yes. Otherwise go when labour begins or if any danger sign appears. Never delay once regular pains, bleeding or water leaking start.",https://www.who.int/news-room/fact-sheets/detail/maternal-mortality,B
664,Pregnancy & Maternal Health,"Labour, delivery & where to give birth",What if I have had a difficult delivery before?,Tell your health worker early in this pregnancy so they can plan. An earlier difficult delivery may mean you should deliver at a better equipped facility. Do not assume this time will be the same or different.,https://www.who.int/news/item/07-11-2016-new-guidelines-on-antenatal-care-for-a-positive-pregnancy-experience,B
665,Pregnancy & Maternal Health,"Labour, delivery & where to give birth",Is it normal to be frightened about the delivery?,"Yes, many women feel afraid, and it helps to say so. Talk to your health worker about what will happen, and take someone you trust with you. Knowing the plan usually reduces the fear.",https://www.who.int/news/item/30-03-2022-who-urges-quality-care-for-women-and-newborns-in-critical-first-weeks-after-childbirth,B
666,Pregnancy & Maternal Health,"Labour, delivery & where to give birth",Will I be able to have more children after a caesarean?,"Many women go on to have more children after a caesarean, but the plan for the next delivery must be made with a doctor. Tell every health worker about your earlier operation. Deliver at an equipped facility next time.",https://www.who.int/news-room/fact-sheets/detail/maternal-mortality,B
667,Pregnancy & Maternal Health,"Labour, delivery & where to give birth",How soon after birth should the baby be checked?,The baby should be checked before you leave the facility and again in the following days and weeks. Newborns are also screened for eye and hearing problems and given vaccination at birth. Keep the follow-up appointments.,https://www.who.int/news/item/30-03-2022-who-urges-quality-care-for-women-and-newborns-in-critical-first-weeks-after-childbirth,B
668,Pregnancy & Maternal Health,"Labour, delivery & where to give birth",What are the first postnatal check-ups for me?,"You should be checked within the first day, then again at two to three days, at one to two weeks, and at six weeks. These visits catch bleeding, infection and other problems. Attend all of them.",https://www.who.int/news/item/30-03-2022-who-urges-quality-care-for-women-and-newborns-in-critical-first-weeks-after-childbirth,B
669,Pregnancy & Maternal Health,"Labour, delivery & where to give birth",Do most women and babies get care after birth?,"No, more than three in ten women and babies do not receive postnatal care in the first days. Yet this is exactly when most deaths happen. Make sure you and your baby are among those who do.",https://www.who.int/news/item/30-03-2022-who-urges-quality-care-for-women-and-newborns-in-critical-first-weeks-after-childbirth,B
670,Pregnancy & Maternal Health,Physical postpartum recovery,Why should I not leave the hospital straight after the birth?,"A stay of at least twenty-four hours is advised for both you and the baby, because most serious problems appear in these first hours. Leaving early means help is far away if something goes wrong. Wait until you are cleared to go.",https://www.who.int/news/item/30-03-2022-who-urges-quality-care-for-women-and-newborns-in-critical-first-weeks-after-childbirth,B
671,Pregnancy & Maternal Health,Physical postpartum recovery,How many check-ups do I need after giving birth?,"At least three more checks in the first six weeks, on top of the care around the birth itself. They are usually at two to three days, one to two weeks, and six weeks. Attend all of them even if you feel well.",https://www.who.int/news/item/30-03-2022-who-urges-quality-care-for-women-and-newborns-in-critical-first-weeks-after-childbirth,B
672,Pregnancy & Maternal Health,Physical postpartum recovery,When should the first check-up be if I gave birth at home?,Within twenty-four hours of the birth. Send for a health worker or go to a health centre. Do not wait for a problem to appear first.,https://www.who.int/news/item/30-03-2022-who-urges-quality-care-for-women-and-newborns-in-critical-first-weeks-after-childbirth,B
673,Pregnancy & Maternal Health,Physical postpartum recovery,Why is the time just after birth so important?,Most maternal and infant deaths happen in the first days after birth. Yet more than three in ten women and babies get no care in this period. This is the time when checking matters most.,https://www.who.int/news/item/30-03-2022-who-urges-quality-care-for-women-and-newborns-in-critical-first-weeks-after-childbirth,B
674,Pregnancy & Maternal Health,Physical postpartum recovery,How much bleeding is normal after delivery?,"Some bleeding after birth is expected and it lessens over the following days and weeks. Very heavy bleeding after delivery is a danger sign, not a normal part of recovery. If you are soaking cloths quickly or feel faint, go to a hospital now.",https://www.who.int/news-room/fact-sheets/detail/maternal-mortality,B
675,Pregnancy & Maternal Health,Physical postpartum recovery,What are the danger signs for me after delivery?,"Heavy bleeding, fever, foul-smelling discharge, severe headache, blurred vision, fits, difficulty breathing, or severe pain. Any of these means go to a health centre or hospital immediately, with someone accompanying you. Do not wait until morning.",https://www.who.int/news-room/fact-sheets/detail/maternal-mortality,B
676,Pregnancy & Maternal Health,Physical postpartum recovery,Is fever after childbirth serious?,"Yes. Infection after childbirth is one of the leading causes of death for mothers. Fever after delivery needs urgent medical care, not home treatment. Go to a health centre without delay.",https://www.who.int/news-room/fact-sheets/detail/maternal-mortality,B
677,Pregnancy & Maternal Health,Physical postpartum recovery,What does foul-smelling discharge after birth mean?,"It can be a sign of infection after childbirth, which is dangerous and needs treatment. Go to a health centre now rather than waiting. Take someone with you.",https://www.who.int/news-room/fact-sheets/detail/maternal-mortality,B
678,Pregnancy & Maternal Health,Physical postpartum recovery,Can blood pressure problems still happen after the baby is born?,"Yes, blood pressure problems can appear or continue after delivery. Severe headache, blurred vision or upper stomach pain after birth need urgent care. Attend your postnatal checks so your blood pressure is measured.",https://www.who.int/news-room/fact-sheets/detail/pre-eclampsia,B
679,Pregnancy & Maternal Health,Physical postpartum recovery,How long does it take to recover after giving birth?,"The first six weeks are the main recovery period, which is why check-ups run through that time. Recovery is gradual and differs from woman to woman. Rest, eat well, and go to your check-ups.",https://www.who.int/news/item/30-03-2022-who-urges-quality-care-for-women-and-newborns-in-critical-first-weeks-after-childbirth,B
680,Pregnancy & Maternal Health,Physical postpartum recovery,How much rest do I need after delivery?,"Rest as much as your situation allows in the early weeks, and ask family to take on heavier work. Your body has been through a great deal. Getting help at home is not a weakness.",https://www.who.int/news/item/30-03-2022-who-urges-quality-care-for-women-and-newborns-in-critical-first-weeks-after-childbirth,B
681,Pregnancy & Maternal Health,Physical postpartum recovery,When can I start moving about and being active again?,"Gentle movement is encouraged as you recover, and health workers give guidance on physical activity after birth. Build up slowly rather than returning to heavy work at once. Ask at your postnatal check what is right for you.",https://www.who.int/news/item/30-03-2022-who-urges-quality-care-for-women-and-newborns-in-critical-first-weeks-after-childbirth,B
682,Pregnancy & Maternal Health,Physical postpartum recovery,When can I go back to heavy household or field work?,"Return gradually and avoid heavy lifting in the early weeks. If work brings on bleeding or pain, stop and be checked. Ask your health worker before returning to hard physical work.",https://www.who.int/news/item/30-03-2022-who-urges-quality-care-for-women-and-newborns-in-critical-first-weeks-after-childbirth,B
683,Pregnancy & Maternal Health,Physical postpartum recovery,What should I eat after giving birth?,"Keep eating a varied diet, and continue iron-rich foods, because blood is lost at delivery. Drink plenty of water, especially while breastfeeding. Follow any advice given at your postnatal visits.",https://www.who.int/news-room/fact-sheets/detail/anaemia,B
684,Pregnancy & Maternal Health,Physical postpartum recovery,Why do I feel so tired and weak after delivery?,"Some tiredness is expected after birth and while feeding a newborn. But severe tiredness with dizziness, breathlessness or pale skin can mean low blood. Ask to be checked at your postnatal visit.",https://www.who.int/news-room/fact-sheets/detail/anaemia,B
685,Pregnancy & Maternal Health,Physical postpartum recovery,Do I still need iron after the baby is born?,"Blood loss at delivery can leave you low, so iron-rich food remains important. Follow the advice given at your postnatal check-ups. Tell the health worker if you feel very weak or dizzy.",https://www.who.int/news-room/fact-sheets/detail/anaemia,B
686,Pregnancy & Maternal Health,Physical postpartum recovery,How should I keep clean after delivery?,"Keep yourself clean with clean water and clean cloths, and change them often. Wash your hands before feeding or handling the baby. Report any bad smell, fever or increasing pain at once.",https://www.who.int/news-room/fact-sheets/detail/maternal-mortality,B
687,Pregnancy & Maternal Health,Physical postpartum recovery,When will my periods come back after childbirth?,"It varies a lot, and breastfeeding often delays them. Their return does not follow a fixed timetable. Remember you can become pregnant again before your periods return.",https://www.who.int/news-room/fact-sheets/detail/infant-and-young-child-feeding,B
688,Pregnancy & Maternal Health,Physical postpartum recovery,Can I become pregnant again before my periods return?,"Yes. Pregnancy can happen before the first period comes back, even while breastfeeding. If you want to space your children, ask about family planning at your postnatal visit. It is offered as part of postnatal care.",https://www.who.int/news/item/30-03-2022-who-urges-quality-care-for-women-and-newborns-in-critical-first-weeks-after-childbirth,B
689,Pregnancy & Maternal Health,Physical postpartum recovery,When should I talk about family planning after delivery?,"Access to family planning is part of postnatal care, so you can raise it at your check-ups in the first six weeks. Discuss it with your health worker and your husband. Spacing births is better for your health and the children's.",https://www.who.int/news/item/30-03-2022-who-urges-quality-care-for-women-and-newborns-in-critical-first-weeks-after-childbirth,B
690,Pregnancy & Maternal Health,Physical postpartum recovery,Why does birth spacing matter for my health?,Giving your body time to recover between pregnancies is better for you and for the next baby. Breastfeeding itself helps extend the gap between births. Ask a health worker about the options available to you.,https://www.who.int/news-room/fact-sheets/detail/infant-and-young-child-feeding,B
691,Pregnancy & Maternal Health,Physical postpartum recovery,Is it normal to feel low or tearful after having a baby?,"Many women feel low, tearful or anxious after birth, and it is common. Screening for this is part of postnatal care. If it is heavy, lasts, or stops you caring for yourself or the baby, tell a health worker, because treatment and support exist.",https://www.who.int/news/item/30-03-2022-who-urges-quality-care-for-women-and-newborns-in-critical-first-weeks-after-childbirth,B
692,Pregnancy & Maternal Health,Physical postpartum recovery,Who can I talk to if I feel very low after delivery?,"Tell your health worker at your postnatal check, or your lady health worker. They can assess you and refer you for help. You do not have to manage it alone and it is not a fault in you.",https://www.who.int/news/item/30-03-2022-who-urges-quality-care-for-women-and-newborns-in-critical-first-weeks-after-childbirth,B
693,Pregnancy & Maternal Health,Physical postpartum recovery,"What if I had a caesarean, is recovery different?","Recovery after an operation takes longer and the wound needs to be kept clean and watched. Report any redness, swelling, discharge or fever from the wound at once. Follow the specific instructions the hospital gave you.",https://www.who.int/news/item/30-03-2022-who-urges-quality-care-for-women-and-newborns-in-critical-first-weeks-after-childbirth,B
694,Pregnancy & Maternal Health,Physical postpartum recovery,Is stomach pain normal after giving birth?,"Some cramping as the womb returns to its size is expected in the early days. Severe pain is not, and neither is pain with fever or bad-smelling discharge. Go to a health centre if the pain is severe or worsening.",https://www.who.int/news-room/fact-sheets/detail/maternal-mortality,B
695,Pregnancy & Maternal Health,Physical postpartum recovery,When should the baby be checked after we go home?,"The baby is checked at the same postnatal contacts as you, at two to three days, one to two weeks and six weeks. Newborns are also screened for eye and hearing problems and vaccinated at birth. Keep all these appointments.",https://www.who.int/news/item/30-03-2022-who-urges-quality-care-for-women-and-newborns-in-critical-first-weeks-after-childbirth,B
696,Pregnancy & Maternal Health,Physical postpartum recovery,Should I keep the baby with me at the facility?,"Yes, mothers and babies should be kept together after birth. It supports warmth, bonding and breastfeeding. Ask the staff if anything makes this difficult.",https://www.who.int/news-room/fact-sheets/detail/preterm-birth,B
697,Pregnancy & Maternal Health,Physical postpartum recovery,Can a health worker visit me at home after delivery?,"Home visits after birth are recommended where they can be arranged. Ask your lady health worker whether this is available in your area. If not, go to the health centre for your checks.",https://www.who.int/news/item/30-03-2022-who-urges-quality-care-for-women-and-newborns-in-critical-first-weeks-after-childbirth,B
698,Pregnancy & Maternal Health,Physical postpartum recovery,I feel fine after delivery. Do I still need the check-ups?,Yes. Serious problems such as infection and bleeding can begin suddenly in women who felt well. The check-ups exist to find them early. Attend all of them.,https://www.who.int/news/item/30-03-2022-who-urges-quality-care-for-women-and-newborns-in-critical-first-weeks-after-childbirth,B
699,Pregnancy & Maternal Health,Physical postpartum recovery,What is the six week check for?,"It is the last of the routine postnatal checks and looks at your recovery, your mood, feeding, and family planning. It also checks the baby's growth and health. Do not skip it because time has passed.",https://www.who.int/news/item/30-03-2022-who-urges-quality-care-for-women-and-newborns-in-critical-first-weeks-after-childbirth,B
700,Pregnancy & Maternal Health,Breastfeeding & newborn basics,When should I start breastfeeding after birth?,Within one hour of the baby being born. Early feeding protects the baby and helps your milk come in. Ask the staff to help you get started if it is difficult.,https://www.who.int/news-room/fact-sheets/detail/infant-and-young-child-feeding,B
701,Pregnancy & Maternal Health,Breastfeeding & newborn basics,Should I give my baby anything other than breast milk in the first months?,"No. For the first six months the baby should have only breast milk, with nothing else, not even water. Breast milk gives everything the baby needs in that time. Adding other things raises the risk of illness.",https://www.who.int/news-room/fact-sheets/detail/infant-and-young-child-feeding,B
702,Pregnancy & Maternal Health,Breastfeeding & newborn basics,Can I give my newborn water in hot weather?,"No, a baby under six months does not need water, even in hot weather. Breast milk provides all the fluid the baby needs. Giving water can make the baby ill.",https://www.who.int/news-room/fact-sheets/detail/infant-and-young-child-feeding,B
703,Pregnancy & Maternal Health,Breastfeeding & newborn basics,How long should I breastfeed my child?,"Breastfeed for up to two years of age or beyond, alongside other food after six months. Only breast milk for the first six months. Continuing to breastfeed keeps protecting the child.",https://www.who.int/news-room/fact-sheets/detail/infant-and-young-child-feeding,B
704,Pregnancy & Maternal Health,Breastfeeding & newborn basics,When should I start giving my baby other food?,"At around six months, when breast milk alone no longer meets the baby's needs for energy and nutrients. Keep breastfeeding as well. Start with soft, clean, varied food.",https://www.who.int/news-room/fact-sheets/detail/infant-and-young-child-feeding,B
705,Pregnancy & Maternal Health,Breastfeeding & newborn basics,How many times a day should a six month old baby eat?,"Between six and eight months, about two to three meals a day alongside breastfeeding. From nine to twenty-three months, about three to four meals a day plus one or two snacks if needed. Continue breastfeeding throughout.",https://www.who.int/news-room/fact-sheets/detail/infant-and-young-child-feeding,B
706,Pregnancy & Maternal Health,Breastfeeding & newborn basics,How does breastfeeding help my baby?,"Early and exclusive breastfeeding protects against infections including diarrhoea and pneumonia, which are leading causes of child death. It is one of the strongest protections a baby has. It costs nothing.",https://www.who.int/news-room/fact-sheets/detail/infant-and-young-child-feeding,B
707,Pregnancy & Maternal Health,Breastfeeding & newborn basics,Does breastfeeding help me as well as the baby?,"Yes. Breastfeeding lowers a mother's risk of ovarian and breast cancer, helps space births, and is linked with lower overall mortality. The benefit works both ways. It is worth persevering with.",https://www.who.int/news-room/fact-sheets/detail/infant-and-young-child-feeding,B
708,Pregnancy & Maternal Health,Breastfeeding & newborn basics,Can breastfeeding really prevent child deaths?,Better breastfeeding practices could prevent close to four hundred thousand deaths of children under five each year. It is among the most effective simple actions there is. Starting within the first hour matters.,https://www.who.int/news-room/fact-sheets/detail/infant-and-young-child-feeding,B
709,Pregnancy & Maternal Health,Breastfeeding & newborn basics,Do most babies get only breast milk for six months?,"No, only around half of babies under six months are exclusively breastfed worldwide. Many are given other things too early. Doing it properly gives your baby an advantage.",https://www.who.int/news-room/fact-sheets/detail/infant-and-young-child-feeding,B
710,Pregnancy & Maternal Health,Breastfeeding & newborn basics,I think my milk is not enough. What should I do?,"Many mothers worry about this, and feeding more often usually increases the supply. Get help with positioning and attachment from a health worker before giving anything else. Support with attachment and positioning is part of postnatal care.",https://www.who.int/news/item/30-03-2022-who-urges-quality-care-for-women-and-newborns-in-critical-first-weeks-after-childbirth,B
711,Pregnancy & Maternal Health,Breastfeeding & newborn basics,Who can help me if breastfeeding is painful or difficult?,"Ask a health worker or lady health worker, as counselling on attachment and positioning is part of routine postnatal care. Most difficulties can be fixed with small changes. Ask early rather than giving up.",https://www.who.int/news/item/30-03-2022-who-urges-quality-care-for-women-and-newborns-in-critical-first-weeks-after-childbirth,B
712,Pregnancy & Maternal Health,Breastfeeding & newborn basics,Is the first thick yellow milk good for the baby?,"Yes, the first milk should be given to the baby and not thrown away. Breastfeeding should begin within the first hour of birth. It is valuable protection for the newborn.",https://www.who.int/news-room/fact-sheets/detail/infant-and-young-child-feeding,B
713,Pregnancy & Maternal Health,Breastfeeding & newborn basics,Should I feed the baby on a fixed timetable?,"Feed the baby whenever the baby wants, day and night, in the early months. Frequent feeding helps build your milk supply. There is no need for a fixed schedule.",https://www.who.int/news-room/fact-sheets/detail/infant-and-young-child-feeding,B
714,Pregnancy & Maternal Health,Breastfeeding & newborn basics,Can I breastfeed if my baby was born early?,"Yes, and early breastfeeding is specifically recommended for preterm babies, together with keeping the baby skin to skin. Ask the staff for help, as small babies may need support to feed. Do not give up on it.",https://www.who.int/news-room/fact-sheets/detail/preterm-birth,B
715,Pregnancy & Maternal Health,Breastfeeding & newborn basics,How do I keep a newborn warm?,"Keep the baby dry, covered, and held close, ideally skin to skin against your chest. This is especially important for small or early babies. Cold is a real danger to newborns.",https://www.who.int/news-room/fact-sheets/detail/preterm-birth,B
716,Pregnancy & Maternal Health,Breastfeeding & newborn basics,What is skin to skin care and why does it help?,"It means holding the baby directly against your bare chest. It keeps the baby warm, steadies breathing, and helps feeding. For preterm babies it is recommended right from birth.",https://www.who.int/news-room/fact-sheets/detail/preterm-birth,B
717,Pregnancy & Maternal Health,Breastfeeding & newborn basics,Should my baby be vaccinated at birth?,"Yes, newborns should receive vaccination at birth as part of postnatal care. Babies are also screened for eye and hearing problems. Keep the vaccination record safe.",https://www.who.int/news/item/30-03-2022-who-urges-quality-care-for-women-and-newborns-in-critical-first-weeks-after-childbirth,B
718,Pregnancy & Maternal Health,Breastfeeding & newborn basics,Is my baby's hearing and sight checked after birth?,"Yes, screening for eye problems and hearing problems is recommended for all newborns. Finding these early makes a real difference. Ask at the facility if it has been done.",https://www.who.int/news/item/30-03-2022-who-urges-quality-care-for-women-and-newborns-in-critical-first-weeks-after-childbirth,B
719,Pregnancy & Maternal Health,Breastfeeding & newborn basics,When should my newborn be checked by a health worker?,"At the same postnatal contacts as you, within twenty-four hours and then at two to three days, one to two weeks, and six weeks. If the birth was at home, get the baby seen within twenty-four hours. Attend every visit.",https://www.who.int/news/item/30-03-2022-who-urges-quality-care-for-women-and-newborns-in-critical-first-weeks-after-childbirth,B
720,Pregnancy & Maternal Health,Breastfeeding & newborn basics,What danger signs should I watch for in my newborn?,"Any sign that worries you needs urgent attention, especially difficulty breathing, difficulty feeding, fever, or the baby being cold or unusually still. Part of postnatal care is learning to spot these. Go to a health centre immediately if any appear.",https://www.who.int/news/item/30-03-2022-who-urges-quality-care-for-women-and-newborns-in-critical-first-weeks-after-childbirth,B
721,Pregnancy & Maternal Health,Breastfeeding & newborn basics,My baby will not feed. Is that serious?,A baby who will not feed needs to be seen by a health worker urgently. Do not wait to see if it improves. Take the baby to a health centre now.,https://www.who.int/news/item/30-03-2022-who-urges-quality-care-for-women-and-newborns-in-critical-first-weeks-after-childbirth,B
722,Pregnancy & Maternal Health,Breastfeeding & newborn basics,Should the baby sleep with me or separately?,"Mothers and babies should be kept together after birth. This supports warmth, feeding and watching the baby. Follow the safe practices your health worker advises.",https://www.who.int/news-room/fact-sheets/detail/preterm-birth,B
723,Pregnancy & Maternal Health,Breastfeeding & newborn basics,Can I breastfeed if I am unwell?,"Ask a health worker rather than stopping on your own, because in most common illnesses breastfeeding continues. Stopping suddenly can harm both of you. Get advice specific to your situation.",https://www.who.int/news-room/fact-sheets/detail/infant-and-young-child-feeding,B
724,Pregnancy & Maternal Health,Breastfeeding & newborn basics,Does breastfeeding stop me getting pregnant?,"Breastfeeding helps extend the time between births, but it is not a reliable way to prevent pregnancy. You can conceive before your periods return. Ask about family planning at your postnatal visits.",https://www.who.int/news-room/fact-sheets/detail/infant-and-young-child-feeding,B
725,Pregnancy & Maternal Health,Breastfeeding & newborn basics,Should I stop breastfeeding when I start giving food at six months?,"No, keep breastfeeding alongside other food, up to two years or beyond. The food adds to breast milk, it does not replace it. Both together are what the child needs.",https://www.who.int/news-room/fact-sheets/detail/infant-and-young-child-feeding,B
726,Pregnancy & Maternal Health,Breastfeeding & newborn basics,What kind of food should I start my baby on at six months?,"Soft, clean, varied family food, given two to three times a day at six to eight months. Increase to three to four times a day from nine months, with snacks if needed. Keep breastfeeding as well.",https://www.who.int/news-room/fact-sheets/detail/infant-and-young-child-feeding,B
727,Pregnancy & Maternal Health,Breastfeeding & newborn basics,Is it worth breastfeeding if I can only do it for a few months?,"Any breastfeeding is better than none, and the earlier months carry the most protection. Aim for six months of breast milk alone if you can. Ask for help before stopping, because many problems can be solved.",https://www.who.int/news-room/fact-sheets/detail/infant-and-young-child-feeding,B
728,Pregnancy & Maternal Health,Breastfeeding & newborn basics,Why do people say breastfeeding is a good investment?,"As well as protecting health, supporting breastfeeding returns far more than it costs, with estimates of around fifty-nine rupees of value for every rupee invested. But the main reason is that it keeps babies alive and well. It is free to the family.",https://www.who.int/news-room/fact-sheets/detail/infant-and-young-child-feeding,B
729,Pregnancy & Maternal Health,Breastfeeding & newborn basics,My family says to give honey or water to the newborn. Is that right?,"For the first six months the baby should have breast milk only, with nothing else added, not even water. Giving other things early raises the risk of illness. Explain gently that this is the safest advice for the baby.",https://www.who.int/news-room/fact-sheets/detail/infant-and-young-child-feeding,B
730,Pregnancy & Maternal Health,Pregnancy & postpartum danger signs,What are the danger signs in pregnancy that mean I must get help immediately?,"Bleeding, severe headache, blurred vision, severe stomach pain, swelling of the hands and face, fever, difficulty breathing, fits, reduced baby movement, or foul-smelling discharge. Any one of these means go to a health centre or hospital now. Take someone with you.",https://www.who.int/news-room/fact-sheets/detail/maternal-mortality,B
731,Pregnancy & Maternal Health,Pregnancy & postpartum danger signs,I am bleeding during pregnancy. What should I do?,"Bleeding in pregnancy is not something to wait on. Go to the nearest health centre or hospital now, and take someone with you. Do not wait to see whether it stops.",https://www.who.int/news-room/fact-sheets/detail/maternal-mortality,B
732,Pregnancy & Maternal Health,Pregnancy & postpartum danger signs,I have a severe headache and my vision is blurred. Is this serious?,"Yes, severe headache with blurred vision or seeing spots can be a sign of a dangerous blood pressure problem in pregnancy. Go to a health centre or hospital now. Do not wait until your next check-up.",https://www.who.int/news-room/fact-sheets/detail/pre-eclampsia,B
733,Pregnancy & Maternal Health,Pregnancy & postpartum danger signs,My hands and face have become swollen. Should I be worried?,"Swelling of the hands and face can be a sign of a serious blood pressure problem in pregnancy. Please go to a health centre or hospital now, with someone accompanying you. This is not the same as mild ankle swelling.",https://www.who.int/news-room/fact-sheets/detail/pre-eclampsia,B
734,Pregnancy & Maternal Health,Pregnancy & postpartum danger signs,I have severe pain in my upper stomach. What does it mean?,Upper abdominal pain in pregnancy can be a warning sign of a blood pressure problem and needs urgent assessment. Go to a health centre or hospital now. Take someone with you.,https://www.who.int/news-room/fact-sheets/detail/pre-eclampsia,B
735,Pregnancy & Maternal Health,Pregnancy & postpartum danger signs,I have a fever while pregnant. Should I treat it at home?,No. Fever in pregnancy is a danger sign and needs to be seen at a health centre. Do not treat it at home or take medicine on your own. Go now.,https://www.who.int/news-room/fact-sheets/detail/maternal-mortality,B
736,Pregnancy & Maternal Health,Pregnancy & postpartum danger signs,The baby has stopped moving or is moving much less. What should I do?,"Reduced or absent movement is a danger sign that needs immediate attention. Go to a health centre or hospital now, without waiting to see if movement returns. Take someone with you.",https://www.who.int/news-room/fact-sheets/detail/maternal-mortality,B
737,Pregnancy & Maternal Health,Pregnancy & postpartum danger signs,I am finding it hard to breathe. Is this an emergency in pregnancy?,Difficulty breathing in pregnancy is a danger sign. Go to a health centre or hospital immediately. Do not wait or travel alone if you can avoid it.,https://www.who.int/news-room/fact-sheets/detail/maternal-mortality,B
738,Pregnancy & Maternal Health,Pregnancy & postpartum danger signs,I had a fit or fainted while pregnant. What should my family do?,Fits or fainting in pregnancy are an emergency and can be life-threatening. Get the woman to a hospital immediately. Do not attempt any home treatment on the way.,https://www.who.int/news-room/fact-sheets/detail/pre-eclampsia,B
739,Pregnancy & Maternal Health,Pregnancy & postpartum danger signs,What is eclampsia?,"It is the severe form of a pregnancy blood pressure problem, in which fits occur, and it is life-threatening. It needs emergency hospital treatment. Any fit in pregnancy must be treated as an emergency.",https://www.who.int/news-room/fact-sheets/detail/pre-eclampsia,B
740,Pregnancy & Maternal Health,Pregnancy & postpartum danger signs,What is pre-eclampsia?,"It is a blood pressure problem that develops after twenty weeks of pregnancy and can be dangerous for mother and baby. It affects between three and eight women in every hundred who give birth. Some women have no symptoms at all, which is why check-ups matter.",https://www.who.int/news-room/fact-sheets/detail/pre-eclampsia,B
741,Pregnancy & Maternal Health,Pregnancy & postpartum danger signs,Can I have pre-eclampsia without feeling anything?,"Yes, some women have no symptoms at all, which is why blood pressure and urine are checked at every visit. Never assume you are safe because you feel well. Keep going for your check-ups.",https://www.who.int/news-room/fact-sheets/detail/pre-eclampsia,B
742,Pregnancy & Maternal Health,Pregnancy & postpartum danger signs,Who is more likely to get pre-eclampsia?,"It is more likely in first pregnancies, in women carrying twins or more, and in those with obesity, existing high blood pressure, diabetes, kidney disease, or a family history of it. If any of these apply to you, tell your health worker early. You may need closer watching.",https://www.who.int/news-room/fact-sheets/detail/pre-eclampsia,B
743,Pregnancy & Maternal Health,Pregnancy & postpartum danger signs,Can pre-eclampsia be prevented?,"Regular antenatal care with blood pressure and urine checks is the main protection, because it finds it early. For women at high risk, doctors may advise preventive treatment. Speak to your health worker about your own risk.",https://www.who.int/news-room/fact-sheets/detail/pre-eclampsia,B
744,Pregnancy & Maternal Health,Pregnancy & postpartum danger signs,How dangerous are blood pressure problems in pregnancy?,"Hypertensive disorders account for around sixteen in every hundred maternal deaths, making them among the leading causes of death in pregnancy. This is why blood pressure is checked at every visit. If you have severe headache, blurred vision, upper stomach pain or swelling of the hands and face, go to a health centre or hospital now.",https://www.who.int/news-room/fact-sheets/detail/pre-eclampsia,B
745,Pregnancy & Maternal Health,Pregnancy & postpartum danger signs,I am bleeding heavily after delivery. What should I do?,Heavy bleeding after childbirth is a leading cause of maternal death and is an emergency. Get to a hospital immediately. Do not wait to see whether it slows down.,https://www.who.int/news-room/fact-sheets/detail/maternal-mortality,B
746,Pregnancy & Maternal Health,Pregnancy & postpartum danger signs,I have fever and bad-smelling discharge after giving birth. Is that serious?,"Yes, this can be infection after childbirth, which is one of the leading causes of maternal death. Go to a health centre or hospital now. Do not treat it at home.",https://www.who.int/news-room/fact-sheets/detail/maternal-mortality,B
747,Pregnancy & Maternal Health,Pregnancy & postpartum danger signs,Can dangerous problems still happen in the weeks after delivery?,"Yes. Most maternal and infant deaths happen in the first days after birth. Heavy bleeding, fever, severe headache, blurred vision, fits and difficulty breathing all need urgent care after delivery too. Attend all your postnatal check-ups.",https://www.who.int/news/item/30-03-2022-who-urges-quality-care-for-women-and-newborns-in-critical-first-weeks-after-childbirth,B
748,Pregnancy & Maternal Health,Pregnancy & postpartum danger signs,How quickly do I need to act if I notice a danger sign?,"Immediately. A maternal death happens somewhere in the world roughly every two minutes, and delay in reaching care is a major reason. Do not wait for morning, for transport to be convenient, or for permission. Go now and take someone with you.",https://www.who.int/news-room/fact-sheets/detail/maternal-mortality,B
749,Pregnancy & Maternal Health,Pregnancy & postpartum danger signs,What danger signs should I watch for in my newborn baby?,"Difficulty breathing, difficulty feeding or refusing to feed, fever, or the baby being cold, limp or unusually still. Recognising these is part of postnatal care. Take the baby to a health centre immediately if any appear.",https://www.who.int/news/item/30-03-2022-who-urges-quality-care-for-women-and-newborns-in-critical-first-weeks-after-childbirth,B
750,PCOS & Hormonal Health,What PCOS is & common symptoms,What is PCOS?,"PCOS is a common hormonal condition in which the body makes higher than normal levels of male-type hormones. This leads to irregular periods, problems with releasing an egg, and sometimes extra hair or acne. It can be managed with the right care.",https://www.who.int/news-room/fact-sheets/detail/polycystic-ovary-syndrome,B
751,PCOS & Hormonal Health,What PCOS is & common symptoms,How common is PCOS?,"It affects around ten to thirteen women in every hundred of childbearing age. So it is common, and you are far from alone. Many women live with it without knowing.",https://www.who.int/news-room/fact-sheets/detail/polycystic-ovary-syndrome,B
752,PCOS & Hormonal Health,What PCOS is & common symptoms,Do most women with PCOS know they have it?,"No. Around seven in ten women with PCOS have never been diagnosed. Many go years thinking their symptoms are normal. If you have the signs, it is worth asking a doctor.",https://www.who.int/news-room/fact-sheets/detail/polycystic-ovary-syndrome,B
753,PCOS & Hormonal Health,What PCOS is & common symptoms,What are the main signs of PCOS?,"Irregular, absent, heavy or painful periods, difficulty becoming pregnant, extra facial or body hair, hair thinning on the head, acne or oily skin, and weight gain around the middle. Not every woman has all of them. Two or more signs is reason to be checked.",https://www.who.int/news-room/fact-sheets/detail/polycystic-ovary-syndrome,B
754,PCOS & Hormonal Health,What PCOS is & common symptoms,Does PCOS mean I have cysts in my ovaries?,"The name mentions cysts, but what is seen on a scan is a large number of small follicles, not disease cysts. Many women with PCOS do not need a scan to be diagnosed. The name can be misleading.",https://academic.oup.com/jcem/article/108/10/2447/7242360,B
755,PCOS & Hormonal Health,What PCOS is & common symptoms,What causes PCOS?,It is a hormonal condition in which higher than normal male-type hormone levels disturb the ovaries and the monthly cycle. The exact reason it develops is not fully known. It is not caused by anything you did wrong.,https://www.who.int/news-room/fact-sheets/detail/polycystic-ovary-syndrome,B
756,PCOS & Hormonal Health,What PCOS is & common symptoms,Is PCOS my fault?,"No. PCOS is a hormonal condition, not the result of your choices or your character. Nobody causes it in themselves. What you can do is get it diagnosed and managed.",https://www.who.int/news-room/fact-sheets/detail/polycystic-ovary-syndrome,B
757,PCOS & Hormonal Health,What PCOS is & common symptoms,At what age does PCOS usually start?,"Signs often appear in the years after periods begin and through the childbearing years. Diagnosis in the teenage years is harder and doctors are cautious about it. If a young woman has signs, she should still be assessed.",https://academic.oup.com/jcem/article/108/10/2447/7242360,B
758,PCOS & Hormonal Health,What PCOS is & common symptoms,Why is PCOS the reason many women cannot conceive?,"PCOS is the most common cause of eggs not being released regularly, and so it is a leading cause of difficulty becoming pregnant. But many women with PCOS do conceive. Treatments to help ovulation exist.",https://www.who.int/news-room/fact-sheets/detail/polycystic-ovary-syndrome,B
759,PCOS & Hormonal Health,What PCOS is & common symptoms,Can I still have children if I have PCOS?,"Many women with PCOS do have children. Treatments exist to help the ovaries release eggs, and other fertility options are available. Speak to a doctor early rather than waiting for years.",https://www.who.int/news-room/fact-sheets/detail/polycystic-ovary-syndrome,B
760,PCOS & Hormonal Health,What PCOS is & common symptoms,Does PCOS affect my whole body or only my periods?,"It affects more than periods. It is linked with insulin problems, weight, blood pressure, cholesterol, sleep, and mood. That is why doctors check several things, not just the cycle.",https://www.who.int/news-room/fact-sheets/detail/polycystic-ovary-syndrome,B
761,PCOS & Hormonal Health,What PCOS is & common symptoms,What health problems is PCOS linked with?,"Insulin resistance and type two diabetes, high blood pressure, high cholesterol, heart disease, obesity, sleep problems, liver problems, and changes in the lining of the womb. Anxiety and low mood are also more common. Regular checks help catch these early.",https://www.who.int/news-room/fact-sheets/detail/polycystic-ovary-syndrome,B
762,PCOS & Hormonal Health,What PCOS is & common symptoms,Does PCOS raise my risk of diabetes?,"Yes, PCOS is linked with insulin resistance and a higher risk of type two diabetes. This is why doctors test blood sugar at diagnosis and repeat it over the years. Finding it early means it can be managed.",https://www.who.int/news-room/fact-sheets/detail/polycystic-ovary-syndrome,B
763,PCOS & Hormonal Health,What PCOS is & common symptoms,Does PCOS affect the womb?,"PCOS is linked with a higher chance of thickening of the womb lining and, less commonly, cancer of the womb lining. This is one reason very infrequent periods should be discussed with a doctor. It is not a reason to panic, but it is a reason to be seen.",https://www.who.int/news-room/fact-sheets/detail/polycystic-ovary-syndrome,B
764,PCOS & Hormonal Health,What PCOS is & common symptoms,Can PCOS affect my mood?,"Yes, anxiety and low mood are more common in women with PCOS. Doctors are advised to ask about mood as part of PCOS care. If you feel low or anxious, say so, because it is part of the condition and support is available.",https://www.who.int/news-room/fact-sheets/detail/polycystic-ovary-syndrome,B
765,PCOS & Hormonal Health,What PCOS is & common symptoms,Is PCOS contagious?,"No, PCOS is not an infection and cannot pass from one person to another. It is a hormonal condition. Nothing about it should be treated as shameful.",https://www.who.int/news-room/fact-sheets/detail/polycystic-ovary-syndrome,B
766,PCOS & Hormonal Health,What PCOS is & common symptoms,Does PCOS go away on its own?,"There is no cure, but the symptoms can be managed well and can change over the course of life. Managing it lowers the longer term risks. Care is ongoing rather than a single treatment.",https://www.who.int/news-room/fact-sheets/detail/polycystic-ovary-syndrome,B
767,PCOS & Hormonal Health,What PCOS is & common symptoms,Is PCOS a serious condition?,"It is a long term condition that needs attention, mainly because of the linked risks to the heart, blood sugar and womb. With regular checks and management most women do well. Ignoring it is what makes it more serious.",https://www.who.int/news-room/fact-sheets/detail/polycystic-ovary-syndrome,B
768,PCOS & Hormonal Health,What PCOS is & common symptoms,Do all women with PCOS gain weight?,"No. Weight gain around the middle is common but not universal, and PCOS occurs in women of all sizes. Being slim does not rule it out. The other signs matter too.",https://www.who.int/news-room/fact-sheets/detail/polycystic-ovary-syndrome,B
769,PCOS & Hormonal Health,What PCOS is & common symptoms,Do all women with PCOS have extra hair growth?,"No. Extra facial or body hair is one of the possible signs, not a requirement. Some women have irregular periods and no hair changes at all. Diagnosis is based on a combination of findings.",https://www.who.int/news-room/fact-sheets/detail/polycystic-ovary-syndrome,B
770,PCOS & Hormonal Health,What PCOS is & common symptoms,Can PCOS cause hair loss from the head?,"Yes, thinning of hair on the head in a female pattern is one of the recognised signs. It comes from the higher male-type hormone levels. Speak to a doctor, because treatments for this exist.",https://www.who.int/news-room/fact-sheets/detail/polycystic-ovary-syndrome,B
771,PCOS & Hormonal Health,What PCOS is & common symptoms,Can PCOS cause acne?,"Yes, acne and oily skin are common signs of PCOS because of the higher male-type hormone levels. If acne appears together with irregular periods, mention both to a doctor. They may be connected.",https://www.who.int/news-room/fact-sheets/detail/polycystic-ovary-syndrome,B
772,PCOS & Hormonal Health,What PCOS is & common symptoms,Can PCOS cause heavy or painful periods?,"Yes, periods with PCOS can be irregular, unpredictable, absent, heavy or painful. The pattern varies from woman to woman. Any of these patterns is worth discussing with a doctor.",https://www.who.int/news-room/fact-sheets/detail/polycystic-ovary-syndrome,B
773,PCOS & Hormonal Health,What PCOS is & common symptoms,Can PCOS cause problems during pregnancy?,Women with PCOS have a higher chance of developing diabetes during pregnancy. This is why blood sugar is checked when planning a pregnancy. Tell your antenatal health worker that you have PCOS.,https://www.who.int/news-room/fact-sheets/detail/polycystic-ovary-syndrome,B
774,PCOS & Hormonal Health,What PCOS is & common symptoms,Does PCOS cause sleep problems?,"PCOS is linked with a breathing problem during sleep that causes snoring, unrefreshing sleep and daytime tiredness. Doctors are advised to ask about this. Mention snoring or constant tiredness at your appointment.",https://academic.oup.com/jcem/article/108/10/2447/7242360,B
775,PCOS & Hormonal Health,What PCOS is & common symptoms,Does PCOS affect the liver?,PCOS is linked with a form of liver problem related to fat in the liver. It is one of the associated conditions doctors watch for. Regular check-ups are how it is picked up.,https://www.who.int/news-room/fact-sheets/detail/polycystic-ovary-syndrome,B
776,PCOS & Hormonal Health,What PCOS is & common symptoms,Can PCOS cause high blood pressure?,"Yes, high blood pressure and high cholesterol are among the conditions linked with PCOS. Blood pressure should be checked every year if you have PCOS. It is a simple, quick check.",https://academic.oup.com/jcem/article/108/10/2447/7242360,B
777,PCOS & Hormonal Health,What PCOS is & common symptoms,Is PCOS the same as having irregular periods?,"No. Irregular periods can have many causes, including stress, weight change, thyroid problems and others. PCOS is one specific cause among several. Only a proper assessment can tell which it is.",https://www.who.int/news-room/fact-sheets/detail/menstrual-health,B
778,PCOS & Hormonal Health,What PCOS is & common symptoms,Can PCOS be present without any periods at all?,"Yes, absent periods are one of the recognised patterns in PCOS. Not having periods for a long time should always be discussed with a doctor. It should not simply be accepted.",https://www.who.int/news-room/fact-sheets/detail/polycystic-ovary-syndrome,B
779,PCOS & Hormonal Health,What PCOS is & common symptoms,Is PCOS more common in some countries than others?,"It affects women worldwide, at around ten to thirteen in every hundred of childbearing age. What differs is how many are diagnosed. In many places most cases go unrecognised.",https://www.who.int/news-room/fact-sheets/detail/polycystic-ovary-syndrome,B
780,PCOS & Hormonal Health,What PCOS is & common symptoms,"If my periods are regular, can I still have PCOS?","It is possible, because diagnosis needs two of three findings and one of them can be absent. Some women with regular cycles still have raised male-type hormones. A doctor can assess it properly.",https://www.who.int/news-room/fact-sheets/detail/polycystic-ovary-syndrome,B
781,PCOS & Hormonal Health,What PCOS is & common symptoms,Should I see a doctor if I think I have PCOS?,"Yes. Because most cases go undiagnosed, and because of the linked risks to blood sugar, heart and womb, it is worth being assessed. Bring a note of your cycle dates and your symptoms. Early diagnosis helps.",https://www.who.int/news-room/fact-sheets/detail/polycystic-ovary-syndrome,B
782,PCOS & Hormonal Health,Diagnosis & when to get checked,How is PCOS diagnosed?,"A doctor looks for at least two of three things: signs or blood evidence of high male-type hormones, irregular or absent periods, and many small follicles on an ovary scan. Other causes must be ruled out first. It is not diagnosed on one symptom alone.",https://www.who.int/news-room/fact-sheets/detail/polycystic-ovary-syndrome,B
783,PCOS & Hormonal Health,Diagnosis & when to get checked,Do I need all three findings to be told I have PCOS?,"No, two of the three are enough once other causes have been excluded. This is why some women are diagnosed without a scan. The combination matters more than any single test.",https://www.who.int/news-room/fact-sheets/detail/polycystic-ovary-syndrome,B
784,PCOS & Hormonal Health,Diagnosis & when to get checked,When is a period considered irregular?,"In a woman past the teenage years, cycles shorter than twenty-one days or longer than thirty-five days, or fewer than eight periods in a year, are considered irregular. That pattern is a reason to be assessed for PCOS. Keep a record of your dates.",https://academic.oup.com/jcem/article/108/10/2447/7242360,B
785,PCOS & Hormonal Health,Diagnosis & when to get checked,What is a normal cycle length to compare against?,"A typical menstrual cycle runs between twenty-one and thirty-five days. Outside that range, or fewer than eight periods a year, is worth checking. Everyone varies a little, so look at your usual pattern.",https://www.who.int/news-room/fact-sheets/detail/menstrual-health,B
786,PCOS & Hormonal Health,Diagnosis & when to get checked,What blood tests are used to check for PCOS?,Doctors measure total and free testosterone to look for raised male-type hormones. More accurate laboratory methods are preferred where available. Your doctor will explain which tests they are using.,https://academic.oup.com/jcem/article/108/10/2447/7242360,B
787,PCOS & Hormonal Health,Diagnosis & when to get checked,Do I always need an ultrasound scan to diagnose PCOS?,"No. A scan is one of the three possible findings but is not always needed, especially if you already have irregular periods and evidence of raised hormones. In adults a particular blood test can be used instead of a scan. Your doctor decides what is needed.",https://academic.oup.com/jcem/article/108/10/2447/7242360,B
788,PCOS & Hormonal Health,Diagnosis & when to get checked,What does the scan look for?,"It counts the small follicles in the ovary. In adults, twenty or more in at least one ovary is the level used. Your doctor interprets this alongside your other findings.",https://academic.oup.com/jcem/article/108/10/2447/7242360,B
789,PCOS & Hormonal Health,Diagnosis & when to get checked,Should a teenage girl have a scan to check for PCOS?,"No, an ovary scan is not recommended for diagnosing PCOS in adolescents. The ovaries normally look this way at that age, so it would cause wrong diagnoses. Doctors assess teenagers differently.",https://academic.oup.com/jcem/article/108/10/2447/7242360,B
790,PCOS & Hormonal Health,Diagnosis & when to get checked,Why is PCOS harder to diagnose in teenagers?,Because irregular cycles and changes in skin and hair can be a normal part of those years. Diagnosing too early risks labelling a girl who does not have it. Doctors often reassess later at full maturity.,https://academic.oup.com/jcem/article/108/10/2447/7242360,B
791,PCOS & Hormonal Health,Diagnosis & when to get checked,"If a doctor is unsure in a teenager, what happens?","The doctor may follow her over time rather than diagnosing straight away, and reassess when she is fully mature, around eight years after her periods began. She should still be helped with her symptoms in the meantime. This is a careful approach, not a delay in care.",https://academic.oup.com/jcem/article/108/10/2447/7242360,B
792,PCOS & Hormonal Health,Diagnosis & when to get checked,What is the AMH blood test?,It is a blood test that can be used in adult women instead of a scan to look at the ovaries. It should not be used on its own to diagnose PCOS. It is not recommended for teenagers.,https://academic.oup.com/jcem/article/108/10/2447/7242360,B
793,PCOS & Hormonal Health,Diagnosis & when to get checked,Should I have both the scan and the AMH test?,"No. Either one may be used, but doing both is discouraged because it leads to over-diagnosis. One is enough. Your doctor will choose which is appropriate.",https://academic.oup.com/jcem/article/108/10/2447/7242360,B
794,PCOS & Hormonal Health,Diagnosis & when to get checked,Does taking hormone tablets affect the tests?,"Yes, hormonal contraceptive use lowers the AMH result and can affect hormone tests. Tell your doctor everything you are taking before the tests. They will time the tests appropriately.",https://academic.oup.com/jcem/article/108/10/2447/7242360,B
795,PCOS & Hormonal Health,Diagnosis & when to get checked,What is hirsutism and how is it assessed?,"It means unwanted hair growth in a male pattern, and it is a strong pointer towards PCOS. Doctors assess it using a scoring method, adjusted for ethnic background. Normal hair patterns differ between communities, so this adjustment matters.",https://academic.oup.com/jcem/article/108/10/2447/7242360,B
796,PCOS & Hormonal Health,Diagnosis & when to get checked,Does having some facial hair mean I have PCOS?,"Not on its own. Hair patterns differ a lot between families and communities, and doctors take this into account. It matters when it appears together with irregular periods or other signs. Ask a doctor rather than assuming.",https://academic.oup.com/jcem/article/108/10/2447/7242360,B
797,PCOS & Hormonal Health,Diagnosis & when to get checked,What other conditions must be ruled out before PCOS is diagnosed?,"PCOS is diagnosed only after other causes of the same symptoms have been excluded. Thyroid and other hormonal conditions can look similar. This is why a proper assessment, not self-diagnosis, is needed.",https://www.who.int/news-room/fact-sheets/detail/polycystic-ovary-syndrome,B
798,PCOS & Hormonal Health,Diagnosis & when to get checked,What tests should I have at the time I am diagnosed?,"Blood sugar testing regardless of your age or weight, a cholesterol test, and a blood pressure check. Mood should also be asked about. These look for the conditions linked with PCOS.",https://academic.oup.com/jcem/article/108/10/2447/7242360,B
799,PCOS & Hormonal Health,Diagnosis & when to get checked,Which blood sugar test is used in PCOS?,The most accurate test is one where a sugar drink is given and blood is checked afterwards. It is recommended at diagnosis for all women with PCOS. Your doctor will explain how to prepare for it.,https://academic.oup.com/jcem/article/108/10/2447/7242360,B
800,PCOS & Hormonal Health,Diagnosis & when to get checked,How often should my blood sugar be rechecked?,"Usually every one to three years, depending on your other risk factors. It should also be checked when you are planning a pregnancy. Do not wait for symptoms of diabetes to appear.",https://academic.oup.com/jcem/article/108/10/2447/7242360,B
801,PCOS & Hormonal Health,Diagnosis & when to get checked,How often should my blood pressure be checked if I have PCOS?,"Every year. It should also be checked when planning a pregnancy or fertility treatment, because of the higher chance of blood pressure problems in pregnancy. It is a quick check at any health centre.",https://academic.oup.com/jcem/article/108/10/2447/7242360,B
802,PCOS & Hormonal Health,Diagnosis & when to get checked,Do I need my cholesterol checked if I have PCOS?,"Yes, a cholesterol test is recommended for all women at the time of diagnosis. How often it is repeated depends on the result and your other risks. Ask your doctor what your result means.",https://academic.oup.com/jcem/article/108/10/2447/7242360,B
803,PCOS & Hormonal Health,Diagnosis & when to get checked,Will the doctor ask me about my mood?,"They should. Screening for low mood is recommended for all women and teenagers with PCOS, and screening for anxiety in adults. If they do not ask, tell them anyway. It is a genuine part of the condition.",https://academic.oup.com/jcem/article/108/10/2447/7242360,B
804,PCOS & Hormonal Health,Diagnosis & when to get checked,Will they ask about my sleep?,"If you have symptoms such as snoring, unrefreshing sleep or daytime tiredness, they should assess you for a sleep breathing problem. This is more common in PCOS regardless of weight. Mention these symptoms yourself if asked nothing.",https://academic.oup.com/jcem/article/108/10/2447/7242360,B
805,PCOS & Hormonal Health,Diagnosis & when to get checked,Should I be asked about how I feel about my body or my eating?,"Yes, doctors are advised to consider body image concerns and disordered eating in women with PCOS, whatever their weight. These are recognised parts of living with the condition. Speaking about them openly helps you get the right support.",https://academic.oup.com/jcem/article/108/10/2447/7242360,B
806,PCOS & Hormonal Health,Diagnosis & when to get checked,What should I take with me to the appointment?,"Take a record of your period dates over the last year, a list of your symptoms, and any medicines or supplements you take. This makes the assessment much easier. Write down your questions too.",https://academic.oup.com/jcem/article/108/10/2447/7242360,B
807,PCOS & Hormonal Health,Diagnosis & when to get checked,How long does it take to get a PCOS diagnosis?,"It varies, and unfortunately many women go undiagnosed for a long time, with around seven in ten never diagnosed. Being clear about your symptoms helps. If you are not satisfied, it is reasonable to ask for further assessment.",https://www.who.int/news-room/fact-sheets/detail/polycystic-ovary-syndrome,B
808,PCOS & Hormonal Health,Diagnosis & when to get checked,Can a lady health worker diagnose PCOS?,"She can recognise the signs and refer you, but the diagnosis needs blood tests and assessment at a health centre or hospital. Start with her if she is closest to you. She can guide you to the right place.",https://www.who.int/news-room/fact-sheets/detail/polycystic-ovary-syndrome,B
809,PCOS & Hormonal Health,Diagnosis & when to get checked,Can PCOS be diagnosed from symptoms alone?,"No. Symptoms point to it, but blood tests and exclusion of other causes are needed. Self-diagnosis from the internet or from friends is unreliable. Go for a proper assessment.",https://www.who.int/news-room/fact-sheets/detail/polycystic-ovary-syndrome,B
810,PCOS & Hormonal Health,Diagnosis & when to get checked,At what point should I go and get checked?,"If your periods are consistently outside twenty-one to thirty-five days, if you have fewer than eight a year, if they have stopped, or if you have unwanted hair, acne or trouble conceiving. Any of these is reason enough. You do not need several symptoms to justify going.",https://academic.oup.com/jcem/article/108/10/2447/7242360,B
811,PCOS & Hormonal Health,Diagnosis & when to get checked,Do I need to be married or have tried for a baby before being checked?,"No. PCOS affects your blood sugar, blood pressure, heart and womb regardless of whether you want children. Assessment is about your health. Anyone with the symptoms should be checked.",https://www.who.int/news-room/fact-sheets/detail/polycystic-ovary-syndrome,B
812,PCOS & Hormonal Health,Diagnosis & when to get checked,What if a doctor dismisses my symptoms?,"Knowledge gaps about PCOS among health workers are recognised as a real problem. You are entitled to ask for the specific tests, or to seek another opinion. Take your written record of symptoms and cycle dates with you.",https://academic.oup.com/jcem/article/108/10/2447/7242360,B
813,PCOS & Hormonal Health,Diagnosis & when to get checked,Should I be checked again later if the first assessment was unclear?,"Yes, especially if you were young at the time or the picture was uncertain. Reassessment at full maturity is specifically advised for those assessed as adolescents. Keep your records for that appointment.",https://academic.oup.com/jcem/article/108/10/2447/7242360,B
814,PCOS & Hormonal Health,PCOS and periods,Why does PCOS make my periods irregular?,"Higher than normal male-type hormone levels disturb the release of an egg each month. When an egg is not released regularly, the period does not come regularly either. This is the central problem in PCOS.",https://www.who.int/news-room/fact-sheets/detail/polycystic-ovary-syndrome,B
815,PCOS & Hormonal Health,PCOS and periods,What period patterns are seen in PCOS?,"Periods may be irregular, unpredictable, absent, heavy or painful. Different women have different patterns. Any of these is worth discussing with a doctor.",https://www.who.int/news-room/fact-sheets/detail/polycystic-ovary-syndrome,B
816,PCOS & Hormonal Health,PCOS and periods,How irregular is too irregular?,"Cycles shorter than twenty-one days or longer than thirty-five days, or fewer than eight periods in a year, are considered irregular in an adult woman. That is the point at which assessment is advised. Keep a written record of your dates.",https://academic.oup.com/jcem/article/108/10/2447/7242360,B
817,PCOS & Hormonal Health,PCOS and periods,My periods come every two or three months. Is that a problem?,Fewer than eight periods a year is considered irregular and is worth being assessed. It is one of the findings used to diagnose PCOS. Take your cycle record to a doctor.,https://academic.oup.com/jcem/article/108/10/2447/7242360,B
818,PCOS & Hormonal Health,PCOS and periods,My periods have stopped completely. What should I do?,"Absent periods are one of the recognised patterns in PCOS, but they can also have other causes including pregnancy and thyroid problems. See a doctor rather than waiting. Long gaps without periods need proper assessment.",https://www.who.int/news-room/fact-sheets/detail/polycystic-ovary-syndrome,B
819,PCOS & Hormonal Health,PCOS and periods,Is it dangerous to go for months without a period?,"Very infrequent periods are linked with thickening of the womb lining over time, and in some cases with cancer of the womb lining. This is why it should be discussed with a doctor rather than ignored. It is manageable when it is known about.",https://www.who.int/news-room/fact-sheets/detail/polycystic-ovary-syndrome,B
820,PCOS & Hormonal Health,PCOS and periods,Can PCOS cause heavy bleeding?,"Yes, heavy periods are among the patterns seen in PCOS. Heavy bleeding can also lead to low blood over time. Mention both the heaviness and any tiredness or dizziness to your doctor.",https://www.who.int/news-room/fact-sheets/detail/polycystic-ovary-syndrome,B
821,PCOS & Hormonal Health,PCOS and periods,Can heavy periods make me weak?,"Yes, heavy menstrual bleeding is a recognised cause of low blood, which causes tiredness, dizziness, headache and breathlessness. Iron tablets and treatment for the bleeding both help. Ask to have your blood checked.",https://www.who.int/news-room/fact-sheets/detail/anaemia,B
822,PCOS & Hormonal Health,PCOS and periods,How common is heavy bleeding among women generally?,It is common. In studies from South Asia and sub-Saharan Africa almost half of women reported heavy menstrual bleeding. Common does not mean it should be endured without help.,https://www.who.int/news-room/fact-sheets/detail/menstrual-health,B
823,PCOS & Hormonal Health,PCOS and periods,Can PCOS cause painful periods?,"Yes, painful periods are among the recognised patterns. Period pain is also very common in general, affecting more than two in three women who menstruate. Persistent severe pain should be assessed rather than simply tolerated.",https://www.who.int/news-room/fact-sheets/detail/menstrual-health,B
824,PCOS & Hormonal Health,PCOS and periods,Are irregular periods always caused by PCOS?,"No. Endometriosis, adenomyosis, fibroids, bleeding disorders, thyroid problems and early loss of ovary function can all disturb periods. PCOS is one cause among several. This is why other causes are excluded before diagnosing it.",https://www.who.int/news-room/fact-sheets/detail/menstrual-health,B
825,PCOS & Hormonal Health,PCOS and periods,Can stress or weight change make my periods irregular instead?,"Cycles can be disturbed by several things, which is why a doctor looks at the whole picture rather than one symptom. PCOS is diagnosed only after other causes are excluded. Bring your full history to the appointment.",https://www.who.int/news-room/fact-sheets/detail/polycystic-ovary-syndrome,B
826,PCOS & Hormonal Health,PCOS and periods,How can I tell if my irregular periods are PCOS or something else?,"You cannot tell from the pattern alone, because several conditions cause the same thing. Blood tests and assessment are needed to separate them. Go and be checked rather than guessing.",https://www.who.int/news-room/fact-sheets/detail/polycystic-ovary-syndrome,B
827,PCOS & Hormonal Health,PCOS and periods,Can my periods become regular again with treatment?,"There are treatments doctors use to bring more regular cycles in PCOS, including hormone tablets. Lifestyle changes can also help. Speak to a doctor about what suits your situation.",https://www.who.int/news-room/fact-sheets/detail/polycystic-ovary-syndrome,B
828,PCOS & Hormonal Health,PCOS and periods,How do hormone tablets help my cycle in PCOS?,Combined hormonal contraceptive tablets are among the treatments used to make cycles more regular in PCOS. Only a doctor should decide whether they suit you. Never take someone else's tablets.,https://www.who.int/news-room/fact-sheets/detail/polycystic-ovary-syndrome,B
829,PCOS & Hormonal Health,PCOS and periods,Will my periods return to normal if I lose weight?,Lifestyle changes are recommended for all women with PCOS and can improve symptoms. But results vary and lifestyle change alone does not help everyone. Combine it with medical follow-up rather than relying on it alone.,https://academic.oup.com/jcem/article/108/10/2447/7242360,B
830,PCOS & Hormonal Health,PCOS and periods,Should I track my periods if I have PCOS?,"Yes, keeping a record of your dates is very useful. It shows the pattern clearly and helps your doctor assess you. A simple note on paper or a phone is enough.",https://academic.oup.com/jcem/article/108/10/2447/7242360,B
831,PCOS & Hormonal Health,PCOS and periods,How do I track my cycle if I cannot read or write?,Ask a family member or a lady health worker to help you keep a simple mark for each period. Even marking a calendar works. What matters is being able to show the pattern.,https://academic.oup.com/jcem/article/108/10/2447/7242360,B
832,PCOS & Hormonal Health,PCOS and periods,Does having a period each month mean I am ovulating?,Not necessarily. In PCOS the release of an egg can be irregular even when some bleeding occurs. This is why fertility can be affected. A doctor can assess this properly.,https://www.who.int/news-room/fact-sheets/detail/polycystic-ovary-syndrome,B
833,PCOS & Hormonal Health,PCOS and periods,Can I get pregnant if my periods are irregular?,"Yes, pregnancy is possible even with irregular cycles, so do not assume you cannot conceive. If you are trying to conceive and cycles are irregular, see a doctor early. If you are not, discuss family planning.",https://www.who.int/news-room/fact-sheets/detail/polycystic-ovary-syndrome,B
834,PCOS & Hormonal Health,PCOS and periods,What is PMS and is it related to PCOS?,"Premenstrual syndrome is a recognised condition linked with menstruation, listed separately from PCOS. Both can affect wellbeing before and during periods. A doctor can help work out which applies to you.",https://www.who.int/news-room/fact-sheets/detail/menstrual-health,B
835,PCOS & Hormonal Health,PCOS and periods,Is period pain something I should just accept?,"No. More than two in three women who menstruate experience menstrual pain, and timely diagnosis and treatment of menstrual difficulties is part of good health care. Persistent or severe pain deserves assessment. It is not weakness to seek help.",https://www.who.int/news-room/fact-sheets/detail/menstrual-health,B
836,PCOS & Hormonal Health,PCOS and periods,Should I feel ashamed to talk about my periods with a doctor?,No. Freedom from stigma around menstruation is part of what good menstrual health means. Doctors ask about periods as a routine medical matter. Speaking openly gets you better care.,https://www.who.int/news-room/fact-sheets/detail/menstrual-health,B
837,PCOS & Hormonal Health,PCOS and periods,Can PCOS start affecting periods soon after they begin?,"Signs can appear in the years after periods start, though diagnosis at that age is approached carefully. Cycles are often irregular for a while after they first begin. A doctor can advise whether assessment is needed now or later.",https://academic.oup.com/jcem/article/108/10/2447/7242360,B
838,PCOS & Hormonal Health,PCOS and periods,Is spotting between periods part of PCOS?,Unpredictable bleeding is among the patterns described in PCOS. But bleeding between periods can have other causes too. Report it to a doctor rather than assuming it is the PCOS.,https://www.who.int/news-room/fact-sheets/detail/polycystic-ovary-syndrome,B
839,PCOS & Hormonal Health,PCOS and periods,Does PCOS affect how long my bleeding lasts?,"It can, as periods in PCOS may be heavy or unpredictable in length. Note in your record how many days you bleed as well as the dates. This helps the doctor see the pattern.",https://www.who.int/news-room/fact-sheets/detail/polycystic-ovary-syndrome,B
840,PCOS & Hormonal Health,PCOS and periods,Do I need to see someone if my periods suddenly change pattern?,"Yes, a clear change in your usual pattern is worth reporting. Timely diagnosis and treatment of menstrual problems is part of proper care. Do not wait for a year to see whether it settles.",https://www.who.int/news-room/fact-sheets/detail/menstrual-health,B
841,PCOS & Hormonal Health,PCOS and periods,How many women in the world have menstrual problems?,"Around two point one billion women and girls menstruate, and menstrual difficulties are very common among them. More than two in three have menstrual pain. You are not unusual for having problems.",https://www.who.int/news-room/fact-sheets/detail/menstrual-health,B
842,PCOS & Hormonal Health,PCOS and periods,Will my periods change as I get older with PCOS?,"PCOS symptoms can change over the course of life, and it is managed as a long term condition. Keep up regular checks rather than assuming it has resolved. Your doctor will adjust care over time.",https://www.who.int/news-room/fact-sheets/detail/polycystic-ovary-syndrome,B
843,PCOS & Hormonal Health,PCOS and periods,Does my daughter need checking if I have PCOS and her periods are irregular?,"Irregular cycles in the years after periods begin can be normal, and doctors are cautious about diagnosing at that age. But she should still be assessed and helped with her symptoms. Take her to a doctor and mention your own diagnosis.",https://academic.oup.com/jcem/article/108/10/2447/7242360,B
844,PCOS & Hormonal Health,PCOS and periods,Can hygiene practices affect my periods?,"Good menstrual hygiene protects against discomfort and infection but does not change the cycle itself. Access to clean materials, water and private facilities is part of menstrual health. Irregular cycles need medical assessment, not just hygiene changes.",https://www.who.int/news-room/fact-sheets/detail/menstrual-health,B
845,PCOS & Hormonal Health,PCOS and periods,Where should I go first about irregular periods?,"Start with your lady health worker or nearest health centre, who can refer you onward. Take a written record of your cycle dates. Do not delay because you think it is a small matter.",https://www.who.int/news-room/fact-sheets/detail/menstrual-health,B
846,PCOS & Hormonal Health,"PCOS, weight & insulin resistance",What is insulin resistance?,"It means the body does not respond properly to insulin, the hormone that controls blood sugar. It is common in PCOS and raises the risk of type two diabetes. It can be found with a blood test.",https://www.who.int/news-room/fact-sheets/detail/polycystic-ovary-syndrome,B
847,PCOS & Hormonal Health,"PCOS, weight & insulin resistance",Why is insulin resistance linked with PCOS?,Insulin resistance is one of the conditions that occurs more often in women with PCOS. It is part of why blood sugar testing is recommended at diagnosis. Knowing about it early allows it to be managed.,https://www.who.int/news-room/fact-sheets/detail/polycystic-ovary-syndrome,B
848,PCOS & Hormonal Health,"PCOS, weight & insulin resistance",Does PCOS cause weight gain?,"Weight gain, particularly around the middle, is one of the recognised signs of PCOS. Not every woman with PCOS gains weight. The relationship works in both directions and is not simply about eating.",https://www.who.int/news-room/fact-sheets/detail/polycystic-ovary-syndrome,B
849,PCOS & Hormonal Health,"PCOS, weight & insulin resistance",Can I have PCOS if I am thin?,"Yes. PCOS occurs in women of every size, and blood sugar testing is recommended regardless of age or weight. Being slim does not protect you from the linked risks. Ask to be assessed if you have the other signs.",https://academic.oup.com/jcem/article/108/10/2447/7242360,B
850,PCOS & Hormonal Health,"PCOS, weight & insulin resistance",Do thin women with PCOS still need blood sugar tests?,Yes. Testing at diagnosis is recommended for all adults and adolescents with PCOS regardless of weight. Weight is not a reliable guide to blood sugar. Ask for the test.,https://academic.oup.com/jcem/article/108/10/2447/7242360,B
851,PCOS & Hormonal Health,"PCOS, weight & insulin resistance",How is blood sugar tested in PCOS?,The most accurate method involves drinking a sugar solution and having blood checked afterwards. It is recommended at the time of diagnosis. Your doctor will tell you how to prepare.,https://academic.oup.com/jcem/article/108/10/2447/7242360,B
852,PCOS & Hormonal Health,"PCOS, weight & insulin resistance",How often should blood sugar be rechecked?,"Usually every one to three years, depending on your risk factors, and also when you are planning a pregnancy. Do not wait for symptoms. Regular testing is how problems are caught early.",https://academic.oup.com/jcem/article/108/10/2447/7242360,B
853,PCOS & Hormonal Health,"PCOS, weight & insulin resistance",Will I definitely get diabetes if I have PCOS?,No. PCOS raises the risk of type two diabetes but does not make it certain. Regular testing and lifestyle measures reduce the risk. Many women with PCOS never develop diabetes.,https://www.who.int/news-room/fact-sheets/detail/polycystic-ovary-syndrome,B
854,PCOS & Hormonal Health,"PCOS, weight & insulin resistance",Does PCOS affect blood sugar during pregnancy?,Women with PCOS have a higher chance of developing diabetes during pregnancy. Blood sugar should be checked when planning a pregnancy. Tell your antenatal health worker about your PCOS.,https://www.who.int/news-room/fact-sheets/detail/polycystic-ovary-syndrome,B
855,PCOS & Hormonal Health,"PCOS, weight & insulin resistance",Should I have my cholesterol checked?,"Yes, a cholesterol test is recommended for all women with PCOS at diagnosis. How often it is repeated depends on the result and your other heart risks. Ask your doctor to explain your numbers.",https://academic.oup.com/jcem/article/108/10/2447/7242360,B
856,PCOS & Hormonal Health,"PCOS, weight & insulin resistance",Why is heart health part of PCOS care?,"PCOS is linked with high blood pressure, high cholesterol and cardiovascular disease. Checking blood pressure yearly and cholesterol at diagnosis is part of standard care. These checks protect your long term health.",https://academic.oup.com/jcem/article/108/10/2447/7242360,B
857,PCOS & Hormonal Health,"PCOS, weight & insulin resistance",How often should my blood pressure be checked?,"Every year if you have PCOS, and additionally when planning a pregnancy or fertility treatment. It takes only a moment at any health centre. High blood pressure often has no symptoms.",https://academic.oup.com/jcem/article/108/10/2447/7242360,B
858,PCOS & Hormonal Health,"PCOS, weight & insulin resistance",Is losing weight the answer to PCOS?,"Lifestyle measures are recommended for all women with PCOS, but the aim is broader than weight alone. Preventing further weight gain and improving health markers matters as much as the number. Extreme dieting is not recommended.",https://academic.oup.com/jcem/article/108/10/2447/7242360,B
859,PCOS & Hormonal Health,"PCOS, weight & insulin resistance",How much weight do I need to lose?,"There is no single target that applies to everyone. If weight loss is appropriate, a doctor or dietitian can set something realistic for your individual needs. Preventing further gain is itself a worthwhile goal.",https://academic.oup.com/jcem/article/108/10/2447/7242360,B
860,PCOS & Hormonal Health,"PCOS, weight & insulin resistance",Is there one best diet for PCOS?,No single diet has been shown to be better than others for PCOS. Sustainable healthy eating suited to your own preferences is what is recommended. Very restrictive diets are specifically discouraged.,https://academic.oup.com/jcem/article/108/10/2447/7242360,B
861,PCOS & Hormonal Health,"PCOS, weight & insulin resistance",Should I follow a very strict diet to control PCOS?,"No. Overly restrictive eating is not recommended, and disordered eating is a real risk in PCOS at any weight. Aim for a healthy pattern you can sustain. Get advice rather than following extreme plans.",https://academic.oup.com/jcem/article/108/10/2447/7242360,B
862,PCOS & Hormonal Health,"PCOS, weight & insulin resistance",How much exercise is recommended for PCOS?,"General adult activity guidance applies: about one hundred and fifty to three hundred minutes of moderate activity per week, with muscle strengthening twice a week. No particular type of exercise is better than another for PCOS. Choose something you can keep doing.",https://academic.oup.com/jcem/article/108/10/2447/7242360,B
863,PCOS & Hormonal Health,"PCOS, weight & insulin resistance",What counts as moderate activity?,"Activity that raises your breathing and heart rate but still lets you talk, such as brisk walking or active housework. Spread it across the week. Any regular activity is better than none.",https://academic.oup.com/jcem/article/108/10/2447/7242360,B
864,PCOS & Hormonal Health,"PCOS, weight & insulin resistance",Does exercise help even if I do not lose weight?,"Yes. Exercise alone, or combined with diet changes, is recommended for the metabolic benefits in PCOS. Improvements in blood sugar and blood pressure can happen without a change on the scale. Keep going even if the weight is stable.",https://academic.oup.com/jcem/article/108/10/2447/7242360,B
865,PCOS & Hormonal Health,"PCOS, weight & insulin resistance",Is walking enough exercise for PCOS?,Regular brisk walking counts towards the recommended activity. No specific exercise type has been shown to be superior. Adding some muscle strengthening twice a week is also advised.,https://academic.oup.com/jcem/article/108/10/2447/7242360,B
866,PCOS & Hormonal Health,"PCOS, weight & insulin resistance",Is there medicine to help with the blood sugar side of PCOS?,Doctors do use medicines to improve the metabolic side of PCOS in suitable women. Whether one is right for you is a decision for your doctor after tests. Never take a medicine on someone else's advice.,https://academic.oup.com/jcem/article/108/10/2447/7242360,B
867,PCOS & Hormonal Health,"PCOS, weight & insulin resistance",Can I take a medicine I heard helps with PCOS weight?,"No, do not take any medicine without a doctor prescribing it for you after assessing you. Medicines used in PCOS have specific indications and are not suitable for everyone. Ask your doctor instead.",https://academic.oup.com/jcem/article/108/10/2447/7242360,B
868,PCOS & Hormonal Health,"PCOS, weight & insulin resistance",Does PCOS make it harder to lose weight?,"Many women with PCOS find weight harder to manage, and healthcare workers are advised to be aware of weight stigma when discussing this. Difficulty is not a sign of failure on your part. Ask for practical support rather than blaming yourself.",https://academic.oup.com/jcem/article/108/10/2447/7242360,B
869,PCOS & Hormonal Health,"PCOS, weight & insulin resistance",Should a lifestyle plan be decided for me or with me?,With you. Lifestyle plans are recommended to be developed in partnership with the woman herself. A plan you did not agree to rarely works. Say what is realistic in your circumstances.,https://academic.oup.com/jcem/article/108/10/2447/7242360,B
870,PCOS & Hormonal Health,"PCOS, weight & insulin resistance",Should I be worried about fat in the liver with PCOS?,"A liver condition related to fat in the liver is among the problems linked with PCOS. It usually causes no symptoms early on, so it is found through follow-up rather than by how you feel. Keep your regular appointments.",https://www.who.int/news-room/fact-sheets/detail/polycystic-ovary-syndrome,B
871,PCOS & Hormonal Health,"PCOS, weight & insulin resistance",Does PCOS cause sleep apnoea?,"Women with PCOS have a higher rate of a breathing problem during sleep, and this is independent of weight. Screening is recommended if you snore, wake unrefreshed, or feel sleepy in the day. Mention these symptoms to your doctor.",https://academic.oup.com/jcem/article/108/10/2447/7242360,B
872,PCOS & Hormonal Health,"PCOS, weight & insulin resistance",Why does sleep matter in PCOS?,"Poor sleep from a breathing problem affects daytime energy and overall health, and it is more common in PCOS. It can be assessed and treated. Do not dismiss constant tiredness as normal.",https://academic.oup.com/jcem/article/108/10/2447/7242360,B
873,PCOS & Hormonal Health,"PCOS, weight & insulin resistance",Can lifestyle change alone manage PCOS?,"Lifestyle change is recommended for all women with PCOS and helps, but many women also need medical treatment for specific symptoms. The two work together. Keep your regular check-ups either way.",https://academic.oup.com/jcem/article/108/10/2447/7242360,B
874,PCOS & Hormonal Health,"PCOS, weight & insulin resistance",Should I stop my check-ups if my weight improves?,No. Blood pressure is checked yearly and blood sugar every one to three years regardless of how you look or feel. The linked risks do not disappear with weight change. Keep attending.,https://academic.oup.com/jcem/article/108/10/2447/7242360,B
875,PCOS & Hormonal Health,"PCOS, weight & insulin resistance",Is it my fault if I have gained weight with PCOS?,"No. Weight change is a recognised feature of the condition itself, and health workers are specifically advised to avoid weight stigma. Blaming yourself does not help and is not accurate. Focus on the steps that are within your reach.",https://academic.oup.com/jcem/article/108/10/2447/7242360,B
876,PCOS & Hormonal Health,"PCOS, weight & insulin resistance",What if I cannot afford special food or a gym?,"You do not need either. Ordinary home food eaten in a balanced way and daily activity such as brisk walking or housework both count. The recommendations are about patterns, not expensive products.",https://academic.oup.com/jcem/article/108/10/2447/7242360,B
877,PCOS & Hormonal Health,"PCOS, weight & insulin resistance",What is the single most useful thing I can do for the metabolic side of PCOS?,"Get your blood sugar, blood pressure and cholesterol checked as recommended, and keep up regular physical activity. Those two together address most of the linked risks. Combine them with the follow-up your doctor advises.",https://academic.oup.com/jcem/article/108/10/2447/7242360,B
878,PCOS & Hormonal Health,Skin & hair changes,Why does PCOS cause extra hair growth?,"Higher than normal levels of male-type hormones cause hair to grow in a male pattern, on the face or body. It is a direct result of the hormonal change. It can be treated.",https://www.who.int/news-room/fact-sheets/detail/polycystic-ovary-syndrome,B
879,PCOS & Hormonal Health,Skin & hair changes,What is hirsutism?,"It is the medical word for unwanted hair growth in a male pattern, such as on the face, chest or stomach. It is one of the recognised signs of PCOS. Doctors assess it with a scoring method.",https://academic.oup.com/jcem/article/108/10/2447/7242360,B
880,PCOS & Hormonal Health,Skin & hair changes,Is extra hair growth a reliable sign of PCOS?,"Hirsutism on its own is a strong pointer, as it predicts both raised male-type hormones and PCOS. But diagnosis still needs the full assessment. Mention it clearly to your doctor.",https://academic.oup.com/jcem/article/108/10/2447/7242360,B
881,PCOS & Hormonal Health,Skin & hair changes,How do doctors decide if my hair growth is excessive?,"They use a scoring method that looks at hair in several areas of the body, adjusted for ethnic background. Normal hair patterns genuinely differ between communities. This adjustment prevents wrong conclusions.",https://academic.oup.com/jcem/article/108/10/2447/7242360,B
882,PCOS & Hormonal Health,Skin & hair changes,Everyone in my family has facial hair. Does that mean it is not PCOS?,"Family and community hair patterns vary a great deal, and doctors take this into account when assessing you. It matters most when it appears alongside irregular periods or other signs. A doctor can judge this properly.",https://academic.oup.com/jcem/article/108/10/2447/7242360,B
883,PCOS & Hormonal Health,Skin & hair changes,Can PCOS cause hair loss from my head?,"Yes, thinning of hair on the head in a female pattern is one of the recognised signs of PCOS. It comes from the same hormonal cause as the extra body hair. Treatments exist, so speak to a doctor.",https://www.who.int/news-room/fact-sheets/detail/polycystic-ovary-syndrome,B
884,PCOS & Hormonal Health,Skin & hair changes,Is hair loss from PCOS permanent?,"Treatment is available for the hormonal cause, and doctors use specific medicines for this. Results vary between women. Getting assessed early gives the best chance.",https://www.who.int/news-room/fact-sheets/detail/polycystic-ovary-syndrome,B
885,PCOS & Hormonal Health,Skin & hair changes,Why does PCOS cause acne?,"The higher male-type hormone levels increase oil production in the skin, which leads to acne and oily skin. It is one of the common signs of the condition. It is not caused by poor washing.",https://www.who.int/news-room/fact-sheets/detail/polycystic-ovary-syndrome,B
886,PCOS & Hormonal Health,Skin & hair changes,Is my acne caused by dirt or the food I eat?,"Acne in PCOS is driven by the hormonal change, not by uncleanliness. Washing harder will not fix it. If acne comes with irregular periods, mention both to a doctor.",https://www.who.int/news-room/fact-sheets/detail/polycystic-ovary-syndrome,B
887,PCOS & Hormonal Health,Skin & hair changes,What treatments are there for unwanted hair in PCOS?,Doctors use medicines that block the effect of male-type hormones to treat unwanted hair and acne. These need to be prescribed and monitored. Do not take anything without a doctor's assessment.,https://www.who.int/news-room/fact-sheets/detail/polycystic-ovary-syndrome,B
888,PCOS & Hormonal Health,Skin & hair changes,Can hormone tablets help with acne and hair growth?,Combined hormonal contraceptive tablets are used in PCOS both to regulate cycles and to help with the effects of raised male-type hormones. Whether they suit you is a medical decision. Discuss it with a doctor.,https://www.who.int/news-room/fact-sheets/detail/polycystic-ovary-syndrome,B
889,PCOS & Hormonal Health,Skin & hair changes,How long do treatments for hair and skin take to work?,Changes in hair and skin take time because hair grows slowly. Continue as your doctor directs rather than stopping early. Ask them what timeframe to expect.,https://www.who.int/news-room/fact-sheets/detail/polycystic-ovary-syndrome,B
890,PCOS & Hormonal Health,Skin & hair changes,Can I use creams or remedies from a shop for PCOS acne?,"Ask a doctor before using anything, because acne driven by hormones needs a different approach. Some products can irritate the skin further. A proper assessment is more useful than trying products.",https://www.who.int/news-room/fact-sheets/detail/polycystic-ovary-syndrome,B
891,PCOS & Hormonal Health,Skin & hair changes,Is removing hair at home safe?,Ordinary hair removal is a personal choice and does not make the condition worse. But it does not address the hormonal cause. Treating the cause is what reduces regrowth.,https://www.who.int/news-room/fact-sheets/detail/polycystic-ovary-syndrome,B
892,PCOS & Hormonal Health,Skin & hair changes,Will removing hair make it grow back thicker?,"Hair growth in PCOS is driven by the hormone levels, not by removing it. Addressing the hormonal cause is what changes the growth. Discuss treatment options with a doctor.",https://www.who.int/news-room/fact-sheets/detail/polycystic-ovary-syndrome,B
893,PCOS & Hormonal Health,Skin & hair changes,Does darkened skin in body folds relate to PCOS?,"Skin changes can accompany the metabolic problems linked with PCOS, such as insulin resistance. Show any such change to your doctor. It may prompt them to check your blood sugar.",https://www.who.int/news-room/fact-sheets/detail/polycystic-ovary-syndrome,B
894,PCOS & Hormonal Health,Skin & hair changes,"Should skin and hair problems be treated, or are they just cosmetic?","They are recognised medical features of PCOS and are treated as part of proper care. They also affect wellbeing and body image, which doctors are advised to ask about. Asking for treatment is entirely reasonable.",https://academic.oup.com/jcem/article/108/10/2447/7242360,B
895,PCOS & Hormonal Health,Skin & hair changes,How do skin and hair changes affect how women feel?,"Body image concerns are recognised in PCOS and doctors are advised to assess them. Feeling distressed about these changes is common and understandable. Say so at your appointment, because it is part of your care.",https://academic.oup.com/jcem/article/108/10/2447/7242360,B
896,PCOS & Hormonal Health,Skin & hair changes,I feel ashamed of my facial hair. Is that common?,"Yes, many women with PCOS feel this way, and body image distress is a recognised part of the condition. It is a medical symptom, not a personal failing. Treatment is available and it is worth asking for.",https://academic.oup.com/jcem/article/108/10/2447/7242360,B
897,PCOS & Hormonal Health,Skin & hair changes,Should I mention skin and hair changes even if I came about my periods?,"Yes, always mention them. Together they build the picture the doctor needs for a diagnosis. Skin and hair signs are among the key findings used.",https://www.who.int/news-room/fact-sheets/detail/polycystic-ovary-syndrome,B
898,PCOS & Hormonal Health,Skin & hair changes,Do skin and hair signs alone confirm PCOS?,"No, at least two of the three diagnostic findings are needed, and other causes must be excluded. Skin and hair changes count as one of them. A full assessment is still required.",https://www.who.int/news-room/fact-sheets/detail/polycystic-ovary-syndrome,B
899,PCOS & Hormonal Health,Skin & hair changes,Can blood tests show the cause of my hair growth?,"Yes, doctors measure total and free testosterone to look for raised male-type hormone levels. This helps confirm whether the hair growth is hormonal. Ask which tests are being done.",https://academic.oup.com/jcem/article/108/10/2447/7242360,B
900,PCOS & Hormonal Health,Skin & hair changes,Can acne and hair growth appear before the period problems?,The signs of PCOS can appear in different orders in different women. Any of them alone is worth mentioning. Do not wait for all the symptoms to appear before seeking help.,https://www.who.int/news-room/fact-sheets/detail/polycystic-ovary-syndrome,B
901,PCOS & Hormonal Health,Skin & hair changes,Are skin and hair changes worse in some women than others?,"Yes, the severity varies a great deal between women with PCOS. Some have marked changes and others almost none. Severity does not decide how important the other health checks are.",https://www.who.int/news-room/fact-sheets/detail/polycystic-ovary-syndrome,B
902,PCOS & Hormonal Health,Skin & hair changes,Will these changes go away after menopause?,PCOS symptoms can change over the course of life. It is managed as a long term condition rather than one that simply ends. Keep up your regular health checks regardless.,https://www.who.int/news-room/fact-sheets/detail/polycystic-ovary-syndrome,B
903,PCOS & Hormonal Health,Skin & hair changes,Does treating the hair and skin also treat the rest of PCOS?,"No. Treatments for hair and skin address those symptoms, but the blood sugar, blood pressure and cholesterol checks are still needed. PCOS care has several parts. Keep all of them going.",https://academic.oup.com/jcem/article/108/10/2447/7242360,B
904,PCOS & Hormonal Health,Skin & hair changes,Can lifestyle changes improve the skin and hair signs?,Lifestyle measures are recommended for all women with PCOS and support overall management. Medical treatment is usually also needed for hair and skin specifically. Use both together.,https://academic.oup.com/jcem/article/108/10/2447/7242360,B
905,PCOS & Hormonal Health,Skin & hair changes,Is laser or clinic hair removal necessary?,"It is one option some women choose, but it is not required and is not available everywhere. Treating the hormonal cause is the medical approach. Discuss what is realistic where you live.",https://www.who.int/news-room/fact-sheets/detail/polycystic-ovary-syndrome,B
906,PCOS & Hormonal Health,Skin & hair changes,Can I be treated for the hair and skin if I am not trying to conceive?,Yes. Treatment for these symptoms is offered regardless of whether you want children. Your comfort and wellbeing are valid reasons for care. Ask your doctor about the options.,https://www.who.int/news-room/fact-sheets/detail/polycystic-ovary-syndrome,B
907,PCOS & Hormonal Health,Skin & hair changes,Do I need to see a skin doctor or a general doctor?,"Start with a general doctor or health centre, who can assess you for PCOS as a whole. They can refer you onward if needed. The hormonal cause is what needs identifying first.",https://www.who.int/news-room/fact-sheets/detail/polycystic-ovary-syndrome,B
908,PCOS & Hormonal Health,Skin & hair changes,Is it worth going to a doctor just for acne?,"Yes, particularly if it comes with irregular periods or unwanted hair growth, because together they suggest PCOS. Acne alone is also treatable. Going is worthwhile either way.",https://www.who.int/news-room/fact-sheets/detail/polycystic-ovary-syndrome,B
909,PCOS & Hormonal Health,Skin & hair changes,What should I say to a doctor about my skin and hair?,"Describe where the hair grows, when it started, and whether your periods are irregular. Mention acne, oily skin and any hair thinning. Bringing your cycle record alongside makes the picture clear.",https://academic.oup.com/jcem/article/108/10/2447/7242360,B
910,PCOS & Hormonal Health,Thyroid & other hormonal imbalances,What is the thyroid?,"It is a gland in the neck that makes hormones controlling how the body uses energy. When it makes too little or too much, it affects many parts of the body. A blood test can check how it is working.",https://www.thyroid.org/new-ata-guidelines-for-thyroid-disease-in-preconception-pregnancy-and-postpartum/,B
911,PCOS & Hormonal Health,Thyroid & other hormonal imbalances,Can a thyroid problem affect my periods?,Thyroid problems are one of the conditions doctors consider when periods are disturbed. This is why other causes are excluded before PCOS is diagnosed. A blood test can check your thyroid.,https://www.who.int/news-room/fact-sheets/detail/polycystic-ovary-syndrome,B
912,PCOS & Hormonal Health,Thyroid & other hormonal imbalances,Can a thyroid problem make it harder to conceive?,"Thyroid disease is recognised as relevant to women with fertility difficulties, and specific guidance exists for assessing it before and during pregnancy. If you are struggling to conceive, ask about thyroid testing. It is a simple blood test.",https://www.thyroid.org/new-ata-guidelines-for-thyroid-disease-in-preconception-pregnancy-and-postpartum/,B
913,PCOS & Hormonal Health,Thyroid & other hormonal imbalances,Should my thyroid be checked if my periods are irregular?,"Because several hormonal conditions can disturb periods, doctors exclude other causes before diagnosing PCOS. Thyroid testing may be part of that. Ask your doctor which tests they are doing and why.",https://www.who.int/news-room/fact-sheets/detail/polycystic-ovary-syndrome,B
914,PCOS & Hormonal Health,Thyroid & other hormonal imbalances,What is an underactive thyroid?,"It means the thyroid is making too little hormone, which slows many body processes. It is one of the conditions covered by thyroid guidance for women before and during pregnancy. A doctor diagnoses it with a blood test.",https://www.thyroid.org/new-ata-guidelines-for-thyroid-disease-in-preconception-pregnancy-and-postpartum/,B
915,PCOS & Hormonal Health,Thyroid & other hormonal imbalances,What is an overactive thyroid?,"It means the thyroid is making too much hormone, which speeds many body processes. It is one of the recognised thyroid conditions affecting women in pregnancy and beyond. It needs medical assessment and treatment.",https://www.thyroid.org/new-ata-guidelines-for-thyroid-disease-in-preconception-pregnancy-and-postpartum/,B
916,PCOS & Hormonal Health,Thyroid & other hormonal imbalances,Should I have my thyroid checked in pregnancy?,"Thyroid function testing in pregnancy is covered by specific clinical guidance, and whether you need it depends on your situation. Ask your antenatal health worker. Do not arrange or interpret tests on your own.",https://www.thyroid.org/new-ata-guidelines-for-thyroid-disease-in-preconception-pregnancy-and-postpartum/,B
917,PCOS & Hormonal Health,Thyroid & other hormonal imbalances,Can thyroid problems appear after childbirth?,"Yes, thyroid problems occurring after childbirth are recognised and are specifically covered by clinical guidance. If you feel unusually tired, low, or unwell in the months after birth, mention it. A blood test can check for it.",https://www.thyroid.org/new-ata-guidelines-for-thyroid-disease-in-preconception-pregnancy-and-postpartum/,B
918,PCOS & Hormonal Health,Thyroid & other hormonal imbalances,Is iodine important for the thyroid?,"Iodine is needed for the thyroid to work, and guidance on iodine for women before, during and after pregnancy exists. Do not start supplements on your own. Ask a health worker what is advised where you live.",https://www.thyroid.org/new-ata-guidelines-for-thyroid-disease-in-preconception-pregnancy-and-postpartum/,B
919,PCOS & Hormonal Health,Thyroid & other hormonal imbalances,Can I breastfeed if I have a thyroid condition?,"Thyroid care during breastfeeding is specifically addressed in clinical guidance, so it is a manageable situation. Tell your doctor you are breastfeeding. Do not stop treatment or stop feeding without advice.",https://www.thyroid.org/new-ata-guidelines-for-thyroid-disease-in-preconception-pregnancy-and-postpartum/,B
920,PCOS & Hormonal Health,Thyroid & other hormonal imbalances,Can I have both PCOS and a thyroid problem?,"It is possible to have more than one hormonal condition. This is why doctors assess broadly rather than stopping at one diagnosis. Report all your symptoms, not only the ones you think are connected.",https://www.who.int/news-room/fact-sheets/detail/polycystic-ovary-syndrome,B
921,PCOS & Hormonal Health,Thyroid & other hormonal imbalances,How do I know if my symptoms are thyroid or PCOS?,"You cannot tell them apart from symptoms alone, because they overlap. Blood tests are what separate them. See a doctor rather than deciding for yourself.",https://www.who.int/news-room/fact-sheets/detail/polycystic-ovary-syndrome,B
922,PCOS & Hormonal Health,Thyroid & other hormonal imbalances,What other conditions can disturb periods besides PCOS?,"Endometriosis, adenomyosis, fibroids, bleeding disorders, premenstrual conditions, and early loss of ovary function are all recognised causes. Thyroid problems are also considered. This is why a proper assessment matters.",https://www.who.int/news-room/fact-sheets/detail/menstrual-health,B
923,PCOS & Hormonal Health,Thyroid & other hormonal imbalances,What is early loss of ovary function?,"It is a condition in which the ovaries stop working earlier than expected, and it is one of the recognised causes of menstrual problems. It needs medical assessment. Do not assume absent periods are always PCOS.",https://www.who.int/news-room/fact-sheets/detail/menstrual-health,B
924,PCOS & Hormonal Health,Thyroid & other hormonal imbalances,What are fibroids?,They are growths in the womb and are one of the recognised conditions associated with problematic menstruation. They can cause heavy or painful bleeding. A doctor can assess whether they are the cause.,https://www.who.int/news-room/fact-sheets/detail/menstrual-health,B
925,PCOS & Hormonal Health,Thyroid & other hormonal imbalances,What is endometriosis?,"It is a condition recognised as a cause of difficult and painful menstruation. It requires medical diagnosis. If your period pain is severe or worsening, ask to be assessed for it.",https://www.who.int/news-room/fact-sheets/detail/menstrual-health,B
926,PCOS & Hormonal Health,Thyroid & other hormonal imbalances,Can a bleeding disorder cause heavy periods?,"Yes, bleeding disorders are among the recognised causes of problematic menstrual bleeding. They are diagnosed with blood tests. Mention any easy bruising or bleeding elsewhere to your doctor.",https://www.who.int/news-room/fact-sheets/detail/menstrual-health,B
927,PCOS & Hormonal Health,Thyroid & other hormonal imbalances,Do I need to see a specialist for hormonal problems?,"Start at your nearest health centre or with a general doctor, who can do initial tests and refer you if needed. Care for these conditions is meant to start in general services. You do not need to find a specialist yourself first.",https://academic.oup.com/jcem/article/108/10/2447/7242360,B
928,PCOS & Hormonal Health,Thyroid & other hormonal imbalances,Can hormonal problems be treated?,"Yes, most hormonal conditions can be managed well once they are correctly identified. The difficulty is usually in getting diagnosed rather than in treatment. This is why testing matters.",https://www.who.int/news-room/fact-sheets/detail/polycystic-ovary-syndrome,B
929,PCOS & Hormonal Health,Thyroid & other hormonal imbalances,Should I take a hormone medicine someone recommended?,"No. Never take hormone medicines without a doctor prescribing them for you after tests. The same symptoms can come from opposite hormonal problems, so the wrong treatment can cause harm. Get tested first.",https://www.who.int/news-room/fact-sheets/detail/polycystic-ovary-syndrome,B
930,PCOS & Hormonal Health,Thyroid & other hormonal imbalances,How long do hormonal conditions last?,Many are long term conditions needing ongoing management rather than a one-off cure. Regular follow-up is part of the care. Keep your appointments even when you feel well.,https://www.who.int/news-room/fact-sheets/detail/polycystic-ovary-syndrome,B
931,PCOS & Hormonal Health,Thyroid & other hormonal imbalances,What should I tell the doctor about my hormonal symptoms?,"Describe your period pattern, any weight, hair, skin, energy or mood changes, and when each began. Bring a record of your cycle dates. The full picture is what lets them test correctly.",https://academic.oup.com/jcem/article/108/10/2447/7242360,B
932,PCOS & Hormonal Health,Lifestyle management,What lifestyle changes help with PCOS?,"Regular physical activity, either alone or together with healthy eating and practical habit changes, is recommended for all women with PCOS. It improves the metabolic side of the condition. It works best alongside medical follow-up.",https://academic.oup.com/jcem/article/108/10/2447/7242360,B
933,PCOS & Hormonal Health,Lifestyle management,Is lifestyle advice for every woman with PCOS or only some?,"It is recommended for all women with PCOS, whatever their weight. The benefits are about health, not appearance. Everyone with the diagnosis should be offered it.",https://academic.oup.com/jcem/article/108/10/2447/7242360,B
934,PCOS & Hormonal Health,Lifestyle management,Should the plan be made to suit me personally?,"Yes, lifestyle plans are meant to be developed in partnership with you, taking your preferences and goals into account. A plan that does not fit your life will not last. Say clearly what is and is not realistic for you.",https://academic.oup.com/jcem/article/108/10/2447/7242360,B
935,PCOS & Hormonal Health,Lifestyle management,Which diet is best for PCOS?,No one diet has been shown to be better than another. What is recommended is sustainable healthy eating that matches your own preferences and follows general healthy eating advice. Avoid very restrictive plans.,https://academic.oup.com/jcem/article/108/10/2447/7242360,B
936,PCOS & Hormonal Health,Lifestyle management,Should I cut out whole food groups?,"Restrictive and unbalanced eating is specifically discouraged in PCOS. Aim for a varied, sustainable pattern instead. If someone advises cutting out major foods, check with a doctor or dietitian first.",https://academic.oup.com/jcem/article/108/10/2447/7242360,B
937,PCOS & Hormonal Health,Lifestyle management,Do I need to buy special foods for PCOS?,"No. General healthy eating guidance applies, and ordinary home food eaten in a balanced way meets it. Expensive products are not required. Consistency matters more than special items.",https://academic.oup.com/jcem/article/108/10/2447/7242360,B
938,PCOS & Hormonal Health,Lifestyle management,How much activity should I aim for each week?,"About one hundred and fifty to three hundred minutes of moderate activity per week for adults, plus muscle strengthening twice a week. This follows general population guidance. Spread it across the week rather than doing it all at once.",https://academic.oup.com/jcem/article/108/10/2447/7242360,B
939,PCOS & Hormonal Health,Lifestyle management,Which type of exercise is best for PCOS?,No particular type or intensity has been shown to be better than others. Choose something you can do regularly and safely. Regularity matters more than the type.,https://academic.oup.com/jcem/article/108/10/2447/7242360,B
940,PCOS & Hormonal Health,Lifestyle management,Can housework and farm work count as my activity?,Activity that raises your breathing and heart rate counts towards the recommendation. Daily physical work can contribute. What matters is that it is regular and sustained.,https://academic.oup.com/jcem/article/108/10/2447/7242360,B
941,PCOS & Hormonal Health,Lifestyle management,Is exercise useful if my weight does not change?,"Yes. Exercise is recommended for its metabolic benefits in PCOS, which occur independently of weight change. Blood sugar and blood pressure can improve without the scale moving. Keep going.",https://academic.oup.com/jcem/article/108/10/2447/7242360,B
942,PCOS & Hormonal Health,Lifestyle management,Should the goal be losing weight or something else?,"The aims include preventing further weight gain and improving health markers, not only weight loss. If weight loss is appropriate, a realistic individual target can be set with a professional. There is no single number for everyone.",https://academic.oup.com/jcem/article/108/10/2447/7242360,B
943,PCOS & Hormonal Health,Lifestyle management,Is it normal to struggle with weight despite trying?,"Yes, many women with PCOS find this, and health workers are specifically advised to be aware of weight stigma. Struggling is not a personal failing. Ask for practical support rather than blaming yourself.",https://academic.oup.com/jcem/article/108/10/2447/7242360,B
944,PCOS & Hormonal Health,Lifestyle management,What is weight stigma and why does it matter here?,"It means being judged or treated poorly because of weight, and healthcare workers are advised to be conscious of it when discussing lifestyle in PCOS. It discourages women from seeking care. You are entitled to be treated respectfully.",https://academic.oup.com/jcem/article/108/10/2447/7242360,B
945,PCOS & Hormonal Health,Lifestyle management,Can PCOS affect my eating patterns?,"Disordered eating should be considered in PCOS regardless of a woman's weight, particularly in the context of weight management. If your relationship with food feels difficult or out of control, say so. It is a recognised part of the picture and help exists.",https://academic.oup.com/jcem/article/108/10/2447/7242360,B
946,PCOS & Hormonal Health,Lifestyle management,Should I be screened for low mood if I have PCOS?,"Yes, screening for depression is recommended for all adults and adolescents with PCOS, using tools suited to the local setting. Screening for anxiety is recommended in adults. If your doctor does not ask, raise it yourself.",https://academic.oup.com/jcem/article/108/10/2447/7242360,B
947,PCOS & Hormonal Health,Lifestyle management,What happens if the mood screening shows a problem?,"The doctor should assess you further, offer treatment, or refer you appropriately. Moderate or severe symptoms are not left unaddressed. Help is a normal part of PCOS care, not an extra.",https://academic.oup.com/jcem/article/108/10/2447/7242360,B
948,PCOS & Hormonal Health,Lifestyle management,Is anxiety and low mood common with PCOS?,"Yes, mental health effects including anxiety and depression are among the recognised features of PCOS. You are not imagining the connection. Tell your doctor, because it is treated as part of the condition.",https://www.who.int/news-room/fact-sheets/detail/polycystic-ovary-syndrome,B
949,PCOS & Hormonal Health,Lifestyle management,Does PCOS affect how I feel about my body?,"Body image disturbance is recognised in PCOS and doctors are advised to assess it. Changes in hair, skin and weight understandably affect how women feel. Talking about it is part of getting proper care.",https://academic.oup.com/jcem/article/108/10/2447/7242360,B
950,PCOS & Hormonal Health,Lifestyle management,How do I explain PCOS to my family?,"You can say it is a common hormonal condition affecting around one in ten women, which changes periods and hormone levels and needs regular check-ups. It is not caused by anything you did. Bringing a family member to an appointment can help them hear it from the doctor.",https://www.who.int/news-room/fact-sheets/detail/polycystic-ovary-syndrome,B
951,PCOS & Hormonal Health,Lifestyle management,How often do I need to see a doctor once diagnosed?,"Blood pressure yearly, blood sugar every one to three years, and cholesterol follow-up depending on your results and risks. Additional checks apply when planning a pregnancy. Your doctor will set your schedule.",https://academic.oup.com/jcem/article/108/10/2447/7242360,B
952,PCOS & Hormonal Health,Lifestyle management,Do I need follow-up if my symptoms are mild?,"Yes. The linked risks to blood sugar, blood pressure, heart and womb exist regardless of how troublesome your symptoms feel. Follow-up is about those risks. Keep attending.",https://www.who.int/news-room/fact-sheets/detail/polycystic-ovary-syndrome,B
953,PCOS & Hormonal Health,Lifestyle management,Can PCOS be cured?,"There is no cure, but symptoms can be managed effectively and the linked risks reduced. Many women live well with it. Ongoing care is what makes the difference.",https://www.who.int/news-room/fact-sheets/detail/polycystic-ovary-syndrome,B
954,PCOS & Hormonal Health,Lifestyle management,Will my PCOS get worse over time?,Symptoms can change over the course of life rather than simply worsening. Regular follow-up allows changes to be picked up and managed. Do not assume it will inevitably get worse.,https://www.who.int/news-room/fact-sheets/detail/polycystic-ovary-syndrome,B
955,PCOS & Hormonal Health,Lifestyle management,Should I stop treatment when symptoms improve?,Never stop a prescribed treatment without speaking to your doctor. Improvement often reflects the treatment working. Discuss any change with them first.,https://www.who.int/news-room/fact-sheets/detail/polycystic-ovary-syndrome,B
956,PCOS & Hormonal Health,Lifestyle management,What should I do if I am planning a pregnancy?,"Tell your doctor, because blood sugar and blood pressure should be checked when planning a pregnancy or fertility treatment. PCOS raises the chance of diabetes in pregnancy. Planning ahead makes the pregnancy safer.",https://academic.oup.com/jcem/article/108/10/2447/7242360,B
957,PCOS & Hormonal Health,Lifestyle management,Can I do anything to improve my chances of conceiving?,Lifestyle measures are recommended for all women with PCOS and support general health. Treatments to help ovulation exist and a doctor can discuss them. See someone early rather than trying alone for years.,https://www.who.int/news-room/fact-sheets/detail/polycystic-ovary-syndrome,B
958,PCOS & Hormonal Health,Lifestyle management,Where should PCOS care normally take place?,"Care is meant to be accessible in general primary care, with referral to specialists when needed. You should not have to find a specialist yourself first. Start at your nearest health centre.",https://academic.oup.com/jcem/article/108/10/2447/7242360,B
959,PCOS & Hormonal Health,Lifestyle management,What if my health worker does not know much about PCOS?,"Gaps in knowledge about PCOS among health workers are a recognised problem. You may ask for the specific checks, or seek another opinion. Taking a written record of your symptoms and cycle helps.",https://academic.oup.com/jcem/article/108/10/2447/7242360,B
960,PCOS & Hormonal Health,Lifestyle management,Should decisions about my treatment be made with me?,"Yes, shared decision making is emphasised throughout PCOS care, along with information that suits your language and situation. You are entitled to understand and agree with your treatment. Ask questions until it is clear.",https://academic.oup.com/jcem/article/108/10/2447/7242360,B
961,PCOS & Hormonal Health,Lifestyle management,Can I get information about PCOS in my own language?,Guidance emphasises that information resources should be tailored and culturally appropriate. Ask your health worker to explain in the language you are comfortable in. Understanding your condition is part of your care.,https://academic.oup.com/jcem/article/108/10/2447/7242360,B
962,PCOS & Hormonal Health,Lifestyle management,Is it worth managing PCOS if I feel well?,"Yes. The main reasons for care are the longer term risks to blood sugar, blood pressure, heart and womb, which often develop without symptoms. Feeling well does not mean these are being checked. Keep your appointments.",https://www.who.int/news-room/fact-sheets/detail/polycystic-ovary-syndrome,B
963,PCOS & Hormonal Health,Lifestyle management,What are the most important things to do after being diagnosed?,"Have your blood sugar, cholesterol and blood pressure checked, discuss your periods and any hair or skin symptoms, tell the doctor about your mood, and agree a realistic activity and eating plan. Then keep the follow-up schedule. Those steps cover most of what matters.",https://academic.oup.com/jcem/article/108/10/2447/7242360,B
964,PCOS & Hormonal Health,Lifestyle management,Can smoking or tobacco use make PCOS worse?,"PCOS is already linked with heart and blood vessel risks, so avoiding tobacco is important for that reason. Ask a health worker if you need help stopping. It is one of the clearest benefits available to you.",https://www.who.int/news-room/fact-sheets/detail/polycystic-ovary-syndrome,B
965,PCOS & Hormonal Health,Lifestyle management,Who can support me in living with PCOS?,"Your health worker, and where available a dietitian or counsellor, since PCOS care is meant to involve several kinds of support. Family understanding helps a great deal too. Ask what services exist in your area.",https://academic.oup.com/jcem/article/108/10/2447/7242360,B
966,PCOS & Hormonal Health,Myths about PCOS & hormones,Is it true that PCOS means I can never have children?,"No. PCOS is a leading cause of difficulty conceiving, but many women with PCOS do have children. Treatments to help the ovaries release eggs, and other fertility options, exist. See a doctor early rather than assuming.",https://www.who.int/news-room/fact-sheets/detail/polycystic-ovary-syndrome,B
967,PCOS & Hormonal Health,Myths about PCOS & hormones,Is PCOS caused by eating too much sugar?,"No. PCOS is a hormonal condition involving raised male-type hormone levels. Insulin problems are linked with it, but food choices are not the cause. Managing diet helps the metabolic side, but it did not create the condition.",https://www.who.int/news-room/fact-sheets/detail/polycystic-ovary-syndrome,B
968,PCOS & Hormonal Health,Myths about PCOS & hormones,Is PCOS a punishment or a result of something I did?,"No. It is a common hormonal condition affecting around one in ten women of childbearing age worldwide. Nothing you did brought it on. It deserves medical care, not shame.",https://www.who.int/news-room/fact-sheets/detail/polycystic-ovary-syndrome,B
969,PCOS & Hormonal Health,Myths about PCOS & hormones,Is PCOS rare?,"No, it is common, affecting an estimated ten to thirteen women in every hundred of childbearing age. It only seems rare because around seven in ten cases are never diagnosed. Many women around you may have it.",https://www.who.int/news-room/fact-sheets/detail/polycystic-ovary-syndrome,B
970,PCOS & Hormonal Health,Myths about PCOS & hormones,Do only overweight women get PCOS?,"No. PCOS occurs in women of all body sizes, which is why blood sugar testing is recommended regardless of weight. Being slim does not rule it out or remove the linked risks. Assessment is based on the signs, not the size.",https://academic.oup.com/jcem/article/108/10/2447/7242360,B
971,PCOS & Hormonal Health,Myths about PCOS & hormones,Will PCOS go away if I lose weight?,"Lifestyle change is recommended and helps the metabolic side, but PCOS has no cure and does not simply disappear. Many women need medical treatment as well. Keep up your check-ups whatever happens to your weight.",https://www.who.int/news-room/fact-sheets/detail/polycystic-ovary-syndrome,B
972,PCOS & Hormonal Health,Myths about PCOS & hormones,Does getting married or having a baby cure PCOS?,"No. PCOS is a long term condition that is managed rather than cured, and its symptoms can change across life. Pregnancy does not remove it. Continue your regular checks afterwards.",https://www.who.int/news-room/fact-sheets/detail/polycystic-ovary-syndrome,B
973,PCOS & Hormonal Health,Myths about PCOS & hormones,Is PCOS just an excuse for being lazy or overweight?,No. It is a recognised hormonal condition with measurable hormone changes and real linked risks including diabetes and heart disease. Health workers are advised to avoid weight stigma when discussing it. Dismissing it is not medically accurate.,https://academic.oup.com/jcem/article/108/10/2447/7242360,B
974,PCOS & Hormonal Health,Myths about PCOS & hormones,Is irregular bleeding just a normal part of being a woman?,No. Timely diagnosis and treatment of menstrual difficulties is part of what menstrual health means. Irregular cycles have causes that can be found and often treated. It should not simply be endured.,https://www.who.int/news-room/fact-sheets/detail/menstrual-health,B
975,PCOS & Hormonal Health,Myths about PCOS & hormones,Is period pain something all women must simply bear?,"No. More than two in three women who menstruate experience pain, but that does not make treatment unnecessary. Access to diagnosis and treatment for menstrual difficulties is part of proper health care. Ask for help.",https://www.who.int/news-room/fact-sheets/detail/menstrual-health,B
976,PCOS & Hormonal Health,Myths about PCOS & hormones,Is talking about periods shameful?,No. Freedom from menstruation-related stigma is one of the recognised parts of menstrual health. Doctors treat periods as an ordinary medical matter. Speaking openly gets you better care.,https://www.who.int/news-room/fact-sheets/detail/menstrual-health,B
977,PCOS & Hormonal Health,Myths about PCOS & hormones,Are ovarian cysts in PCOS dangerous growths?,"The small structures seen on a scan in PCOS are follicles, not disease cysts, despite the condition's name. This is why the finding is counted rather than treated as growths. Your doctor can explain your own scan.",https://academic.oup.com/jcem/article/108/10/2447/7242360,B
978,PCOS & Hormonal Health,Myths about PCOS & hormones,Does PCOS always need an operation?,"No. PCOS is managed with lifestyle measures and medicines, with fertility treatments where needed. Surgery is not the standard approach. Discuss the options with a doctor.",https://www.who.int/news-room/fact-sheets/detail/polycystic-ovary-syndrome,B
979,PCOS & Hormonal Health,Myths about PCOS & hormones,Can herbal remedies cure PCOS?,"There is no cure for PCOS, so no remedy can cure it. Some products may interact with treatments or be unsafe. Tell your doctor about anything you are taking and rely on assessed treatment.",https://www.who.int/news-room/fact-sheets/detail/polycystic-ovary-syndrome,B
980,PCOS & Hormonal Health,Myths about PCOS & hormones,Should I take a medicine that helped my friend's PCOS?,No. Treatments in PCOS are chosen after tests and depend on your particular findings and plans. The same symptoms can arise from different causes. Never take a prescribed medicine that was not prescribed for you.,https://academic.oup.com/jcem/article/108/10/2447/7242360,B
981,PCOS & Hormonal Health,Myths about PCOS & hormones,Does taking contraceptive pills for PCOS cause infertility later?,Combined hormonal contraceptive tablets are among the recognised treatments used in PCOS to regulate cycles. Whether they suit you is a medical decision. Discuss any concerns with your doctor rather than stopping treatment on hearsay.,https://www.who.int/news-room/fact-sheets/detail/polycystic-ovary-syndrome,B
982,PCOS & Hormonal Health,Myths about PCOS & hormones,"If my periods come, does that mean my PCOS is gone?","No. Bleeding can occur without an egg being released, and the linked risks to blood sugar, blood pressure and the womb remain. This is why follow-up continues regardless. Keep your check-ups.",https://www.who.int/news-room/fact-sheets/detail/polycystic-ovary-syndrome,B
983,PCOS & Hormonal Health,Myths about PCOS & hormones,Does everyone with irregular periods have PCOS?,"No. Endometriosis, adenomyosis, fibroids, bleeding disorders, premenstrual conditions and early loss of ovary function can all disturb periods. PCOS is one cause among several. Only assessment can tell which applies.",https://www.who.int/news-room/fact-sheets/detail/menstrual-health,B
984,PCOS & Hormonal Health,Myths about PCOS & hormones,Can I diagnose my own PCOS from symptoms online?,"No. Diagnosis needs at least two specific findings and exclusion of other causes, which requires tests. Self-diagnosis often misses another treatable condition. Go for a proper assessment.",https://www.who.int/news-room/fact-sheets/detail/polycystic-ovary-syndrome,B
985,PCOS & Hormonal Health,Myths about PCOS & hormones,Is PCOS only a problem for women who want children?,"No. It is linked with diabetes, high blood pressure, high cholesterol, heart disease, sleep problems, liver problems and changes in the womb lining. These affect every woman with the condition. Care is needed regardless of your family plans.",https://www.who.int/news-room/fact-sheets/detail/polycystic-ovary-syndrome,B
986,PCOS & Hormonal Health,Myths about PCOS & hormones,Does facial hair mean a woman is unfeminine?,"Unwanted hair growth in PCOS is caused by hormone levels, not by anything about a woman's character or worth. It is a medical symptom with treatments available. Body image distress from it is recognised and can be supported.",https://academic.oup.com/jcem/article/108/10/2447/7242360,B
987,PCOS & Hormonal Health,Myths about PCOS & hormones,Is acne caused by poor cleanliness?,No. Acne in PCOS results from raised male-type hormones increasing oil in the skin. Washing more will not resolve it. Treating the hormonal cause is the medical approach.,https://www.who.int/news-room/fact-sheets/detail/polycystic-ovary-syndrome,B
988,PCOS & Hormonal Health,Myths about PCOS & hormones,Is anaemia just weakness that women should expect?,"No. Anaemia is a measurable condition affecting around three in ten non-pregnant women and nearly four in ten pregnant women worldwide, and it is treatable. It causes real harm if ignored. Ask for a blood test.",https://www.who.int/news-room/fact-sheets/detail/anaemia,B
989,PCOS & Hormonal Health,Myths about PCOS & hormones,Do I need to be married before a doctor will check my hormones?,"Assessment for PCOS is based on your symptoms and health risks, not your marital status. The condition affects blood sugar, heart and womb health regardless. You are entitled to be assessed.",https://www.who.int/news-room/fact-sheets/detail/polycystic-ovary-syndrome,B
990,PCOS & Hormonal Health,Myths about PCOS & hormones,Is it too late to get diagnosed if I have had symptoms for years?,"No. Because around seven in ten women with PCOS are never diagnosed, many are diagnosed after years of symptoms. Diagnosis still allows the linked risks to be checked and managed. Go now rather than waiting longer.",https://www.who.int/news-room/fact-sheets/detail/polycystic-ovary-syndrome,B
991,PCOS & Hormonal Health,Myths about PCOS & hormones,Will a scan alone tell me if I have PCOS?,No. A scan finding is only one of three possible criteria and cannot diagnose PCOS alone. In adults it may not even be needed. Diagnosis needs the full assessment.,https://academic.oup.com/jcem/article/108/10/2447/7242360,B
992,PCOS & Hormonal Health,Myths about PCOS & hormones,Should my teenage daughter have a scan to check for PCOS?,"No, an ovary scan is not recommended for diagnosing PCOS in adolescents, because the ovaries commonly look that way at that age. Doctors assess teenagers differently and may reassess later. Take her to be seen, but expect a different approach.",https://academic.oup.com/jcem/article/108/10/2447/7242360,B
993,PCOS & Hormonal Health,Myths about PCOS & hormones,Is it normal for cycles to be irregular for years after they start?,"Cycles can take time to settle after periods begin, and this is why doctors are cautious about diagnosing PCOS in adolescents. That does not mean symptoms should be ignored. She should still be assessed and helped.",https://academic.oup.com/jcem/article/108/10/2447/7242360,B
994,PCOS & Hormonal Health,Myths about PCOS & hormones,Does stress alone cause PCOS?,"No. PCOS involves raised male-type hormone levels and is a distinct hormonal condition. Stress can affect cycles, which is one reason other causes are excluded before diagnosis. Only assessment can separate them.",https://www.who.int/news-room/fact-sheets/detail/polycystic-ovary-syndrome,B
995,PCOS & Hormonal Health,Myths about PCOS & hormones,Can PCOS be passed to my children?,"PCOS is a hormonal condition and the exact reasons it develops are not fully established. What is clear is that daughters with symptoms should be assessed, with the caution doctors apply at that age. Mention your own diagnosis when she is seen.",https://academic.oup.com/jcem/article/108/10/2447/7242360,B
996,PCOS & Hormonal Health,Myths about PCOS & hormones,Are anxiety and low mood in PCOS just in my head?,"No. Mental health effects including anxiety and depression are recognised features of PCOS, and screening for them is specifically recommended. They are part of the condition. Tell your doctor and ask for support.",https://www.who.int/news-room/fact-sheets/detail/polycystic-ovary-syndrome,B
997,PCOS & Hormonal Health,Myths about PCOS & hormones,Does having PCOS mean I will definitely get womb cancer?,"No. PCOS is linked with thickening of the womb lining and, less commonly, cancer of the womb lining, but this is a raised risk and not a certainty. Discussing very infrequent periods with a doctor is how the risk is managed. It is a reason to attend, not to panic.",https://www.who.int/news-room/fact-sheets/detail/polycystic-ovary-syndrome,B
998,PCOS & Hormonal Health,Myths about PCOS & hormones,Is it pointless going to a health centre because nothing can be done?,"No. Blood sugar, blood pressure and cholesterol checks, treatment for cycle, skin and hair symptoms, fertility help and mental health support are all part of PCOS care. Most of it is available in general services. Going is worthwhile.",https://academic.oup.com/jcem/article/108/10/2447/7242360,B
999,PCOS & Hormonal Health,Myths about PCOS & hormones,Is PCOS something I have to face alone?,"No. Around one in ten women of childbearing age have it, care is meant to be available through ordinary health services, and decisions are meant to be made together with you. Support exists. Ask your health worker what is available near you.",https://academic.oup.com/jcem/article/108/10/2447/7242360,B
1000,Women's Nutrition & Wellness,Balanced Diet & Healthy Eating,What does a balanced diet mean for women?,"A balanced diet includes a variety of foods from all food groups—fruits, vegetables, whole grains, protein, and dairy or dairy alternatives—in appropriate portions to meet nutrient needs. This is general health information, not a diagnosis. Consult a healthcare professional for personal medical advice.",USDA/HHS – Dietary Guidelines for Americans | https://www.dietaryguidelines.gov/,B
1001,Women's Nutrition & Wellness,Balanced Diet & Healthy Eating,Why are fruits and vegetables important in a woman's diet?,"Fruits and vegetables provide vitamins, minerals, fiber, and antioxidants that support overall health and help reduce the risk of chronic disease. This is general health information, not a diagnosis. Consult a healthcare professional for personal medical advice.",WHO – Healthy Diet Fact Sheet | https://www.who.int/news-room/fact-sheets/detail/healthy-diet,B
1002,Women's Nutrition & Wellness,Balanced Diet & Healthy Eating,How many servings of fruits and vegetables are recommended daily?,"General guidelines recommend filling about half the plate with fruits and vegetables at meals, though specific amounts depend on age, sex, and activity level. This is general health information, not a diagnosis. Consult a healthcare professional for personal medical advice.",USDA – MyPlate | https://www.myplate.gov/,B
1003,Women's Nutrition & Wellness,Balanced Diet & Healthy Eating,Why are whole grains recommended over refined grains?,"Whole grains retain more fiber, vitamins, and minerals than refined grains, supporting digestion and providing more sustained energy. This is general health information, not a diagnosis. Consult a healthcare professional for personal medical advice.",USDA/HHS – Dietary Guidelines for Americans | https://www.dietaryguidelines.gov/,B
1004,Women's Nutrition & Wellness,Balanced Diet & Healthy Eating,What is MyPlate and how can it guide healthy eating?,"MyPlate is a USDA visual guide that shows recommended proportions of fruits, vegetables, grains, protein, and dairy to help build balanced meals. This is general health information, not a diagnosis. Consult a healthcare professional for personal medical advice.",USDA – MyPlate | https://www.myplate.gov/,B
1005,Women's Nutrition & Wellness,Balanced Diet & Healthy Eating,How can portion control support a balanced diet?,"Paying attention to portion sizes helps prevent overeating and supports balanced nutrient and calorie intake throughout the day. This is general health information, not a diagnosis. Consult a healthcare professional for personal medical advice.",Mayo Clinic – Nutrition and Healthy Eating | https://www.mayoclinic.org/healthy-lifestyle/nutrition-and-healthy-eating/basics/nutrition-basics/hlv-20049477,B
1006,Women's Nutrition & Wellness,Balanced Diet & Healthy Eating,Why is variety important in a healthy diet?,"Eating a variety of foods helps ensure intake of a wide range of essential nutrients that no single food can provide alone. This is general health information, not a diagnosis. Consult a healthcare professional for personal medical advice.",WHO – Healthy Diet Fact Sheet | https://www.who.int/news-room/fact-sheets/detail/healthy-diet,B
1007,Women's Nutrition & Wellness,Balanced Diet & Healthy Eating,What role do vegetables play in disease prevention?,"Regular vegetable intake is linked to lower risks of heart disease, certain cancers, and other chronic conditions due to their fiber, vitamin, and antioxidant content. This is general health information, not a diagnosis. Consult a healthcare professional for personal medical advice.",WHO – Healthy Diet Fact Sheet | https://www.who.int/news-room/fact-sheets/detail/healthy-diet,B
1008,Women's Nutrition & Wellness,Balanced Diet & Healthy Eating,How can women incorporate more vegetables into meals?,"Adding vegetables to soups, salads, stir-fries, and snacks, or choosing them as side dishes, can help increase daily vegetable intake. This is general health information, not a diagnosis. Consult a healthcare professional for personal medical advice.",USDA – MyPlate | https://www.myplate.gov/,B
1009,Women's Nutrition & Wellness,Balanced Diet & Healthy Eating,What are examples of whole grain foods?,"Examples include brown rice, whole wheat bread, oats, quinoa, barley, and whole grain pasta. This is general health information, not a diagnosis. Consult a healthcare professional for personal medical advice.",USDA/HHS – Dietary Guidelines for Americans | https://www.dietaryguidelines.gov/,B
1010,Women's Nutrition & Wellness,Balanced Diet & Healthy Eating,Why should processed foods be limited?,"Many processed foods are high in added sugar, sodium, and unhealthy fats, which can increase the risk of weight gain and chronic disease if eaten frequently. This is general health information, not a diagnosis. Consult a healthcare professional for personal medical advice.",WHO – Healthy Diet Fact Sheet | https://www.who.int/news-room/fact-sheets/detail/healthy-diet,B
1011,Women's Nutrition & Wellness,Balanced Diet & Healthy Eating,How does added sugar affect overall health?,"Excess added sugar intake is linked to weight gain, increased risk of type 2 diabetes, and dental problems, so limiting intake is generally recommended. This is general health information, not a diagnosis. Consult a healthcare professional for personal medical advice.",USDA/HHS – Dietary Guidelines for Americans | https://www.dietaryguidelines.gov/,B
1012,Women's Nutrition & Wellness,Balanced Diet & Healthy Eating,Why is reading nutrition labels helpful?,"Nutrition labels help women make informed choices about calories, serving sizes, and nutrient content, including sugar, sodium, and fat. This is general health information, not a diagnosis. Consult a healthcare professional for personal medical advice.",USDA/HHS – Dietary Guidelines for Americans | https://www.dietaryguidelines.gov/,B
1013,Women's Nutrition & Wellness,Balanced Diet & Healthy Eating,What is the recommended daily sodium intake for adults?,"Most dietary guidelines recommend limiting sodium intake to less than 2,300 milligrams per day for most healthy adults. This is general health information, not a diagnosis. Consult a healthcare professional for personal medical advice.",USDA/HHS – Dietary Guidelines for Americans | https://www.dietaryguidelines.gov/,B
1014,Women's Nutrition & Wellness,Balanced Diet & Healthy Eating,How can meal planning support healthy eating habits?,"Planning meals in advance can help ensure balanced nutrition, reduce reliance on processed foods, and support consistent healthy choices. This is general health information, not a diagnosis. Consult a healthcare professional for personal medical advice.",CDC – Nutrition | https://www.cdc.gov/nutrition/index.html,B
1015,Women's Nutrition & Wellness,Balanced Diet & Healthy Eating,Why is breakfast often considered important for daily nutrition?,"Eating a balanced breakfast can help provide energy, support concentration, and make it easier to meet daily nutrient needs. This is general health information, not a diagnosis. Consult a healthcare professional for personal medical advice.",Cleveland Clinic – Nutrition | https://my.clevelandclinic.org/health/articles/22515-nutrition,B
1016,Women's Nutrition & Wellness,Balanced Diet & Healthy Eating,Can healthy eating habits be maintained on a limited budget?,"Yes, choosing seasonal produce, beans, whole grains, and frozen or canned fruits and vegetables can support healthy eating on a limited budget. This is general health information, not a diagnosis. Consult a healthcare professional for personal medical advice.",USDA – MyPlate | https://www.myplate.gov/,B
1017,Women's Nutrition & Wellness,Balanced Diet & Healthy Eating,Why do dietary guidelines recommend limiting saturated fat?,"High saturated fat intake is associated with increased LDL cholesterol and higher risk of heart disease, so guidelines recommend limiting it. This is general health information, not a diagnosis. Consult a healthcare professional for personal medical advice.",USDA/HHS – Dietary Guidelines for Americans | https://www.dietaryguidelines.gov/,B
1018,Women's Nutrition & Wellness,Balanced Diet & Healthy Eating,What is the role of legumes in a balanced diet?,"Legumes such as beans, lentils, and chickpeas provide plant-based protein, fiber, and important micronutrients as part of a balanced diet. This is general health information, not a diagnosis. Consult a healthcare professional for personal medical advice.",USDA – MyPlate | https://www.myplate.gov/,B
1019,Women's Nutrition & Wellness,Balanced Diet & Healthy Eating,How can women build a balanced plate at meals?,"A balanced plate typically includes about half vegetables and fruits, a quarter whole grains, and a quarter protein, along with a dairy or dairy-alternative source. This is general health information, not a diagnosis. Consult a healthcare professional for personal medical advice.",USDA – MyPlate | https://www.myplate.gov/,B
1020,Women's Nutrition & Wellness,Balanced Diet & Healthy Eating,Why is it recommended to limit ultra-processed foods?,"Ultra-processed foods are often high in added sugar, unhealthy fats, and sodium while being lower in fiber and nutrients, so limiting them supports better overall health. This is general health information, not a diagnosis. Consult a healthcare professional for personal medical advice.",WHO – Healthy Diet Fact Sheet | https://www.who.int/news-room/fact-sheets/detail/healthy-diet,B
1021,Women's Nutrition & Wellness,Balanced Diet & Healthy Eating,What are healthy snack options for women?,"Healthy snacks include fresh fruit, vegetables with hummus, nuts, yogurt, or whole-grain crackers, which provide nutrients without excess added sugar or sodium. This is general health information, not a diagnosis. Consult a healthcare professional for personal medical advice.",USDA – MyPlate | https://www.myplate.gov/,B
1022,Women's Nutrition & Wellness,Balanced Diet & Healthy Eating,Why is consistency more important than short-term diets?,"Sustainable, long-term eating patterns are more effective for overall health than short-term restrictive diets, which are often difficult to maintain. This is general health information, not a diagnosis. Consult a healthcare professional for personal medical advice.",Mayo Clinic – Nutrition and Healthy Eating | https://www.mayoclinic.org/healthy-lifestyle/nutrition-and-healthy-eating/basics/nutrition-basics/hlv-20049477,B
1023,Women's Nutrition & Wellness,Balanced Diet & Healthy Eating,Can skipping meals affect overall nutrition?,"Yes, regularly skipping meals can make it harder to meet daily nutrient needs and may lead to overeating later in the day. This is general health information, not a diagnosis. Consult a healthcare professional for personal medical advice.",Cleveland Clinic – Nutrition | https://my.clevelandclinic.org/health/articles/22515-nutrition,B
1024,Women's Nutrition & Wellness,Balanced Diet & Healthy Eating,How often should women aim to eat vegetables each day?,"Most guidelines recommend including vegetables at most meals throughout the day to help meet daily recommended intake levels. This is general health information, not a diagnosis. Consult a healthcare professional for personal medical advice.",USDA – MyPlate | https://www.myplate.gov/,B
1025,Women's Nutrition & Wellness,Essential Nutrients,What are macronutrients?,"Macronutrients are nutrients needed in larger amounts, including carbohydrates, protein, and fat, which provide the body's main sources of energy. This is general health information, not a diagnosis. Consult a healthcare professional for personal medical advice.",MedlinePlus – Nutrition | https://medlineplus.gov/nutrition.html,B
1026,Women's Nutrition & Wellness,Essential Nutrients,What are micronutrients?,"Micronutrients are vitamins and minerals needed in smaller amounts that support essential body functions such as immunity, bone health, and metabolism. This is general health information, not a diagnosis. Consult a healthcare professional for personal medical advice.",MedlinePlus – Nutrition | https://medlineplus.gov/nutrition.html,B
1027,Women's Nutrition & Wellness,Essential Nutrients,Why do women need a variety of vitamins and minerals?,"Different vitamins and minerals support distinct body functions, so a variety of nutrients is needed to maintain overall health. This is general health information, not a diagnosis. Consult a healthcare professional for personal medical advice.",WHO – Healthy Diet Fact Sheet | https://www.who.int/news-room/fact-sheets/detail/healthy-diet,B
1028,Women's Nutrition & Wellness,Essential Nutrients,What is the role of vitamin A in women's health?,"Vitamin A supports vision, immune function, and skin health, and is found in foods such as carrots, sweet potatoes, and leafy greens. This is general health information, not a diagnosis. Consult a healthcare professional for personal medical advice.",NHS – Vitamins and Minerals | https://www.nhs.uk/conditions/vitamins-and-minerals/,B
1029,Women's Nutrition & Wellness,Essential Nutrients,Why is vitamin C important for the body?,"Vitamin C supports immune function, wound healing, and helps the body absorb iron from plant-based foods. This is general health information, not a diagnosis. Consult a healthcare professional for personal medical advice.",NHS – Vitamins and Minerals | https://www.nhs.uk/conditions/vitamins-and-minerals/,B
1030,Women's Nutrition & Wellness,Essential Nutrients,What is the role of vitamin E in the diet?,"Vitamin E acts as an antioxidant that helps protect cells from damage and supports immune function. This is general health information, not a diagnosis. Consult a healthcare professional for personal medical advice.",NHS – Vitamins and Minerals | https://www.nhs.uk/conditions/vitamins-and-minerals/,B
1031,Women's Nutrition & Wellness,Essential Nutrients,Why are B vitamins important for energy metabolism?,"B vitamins help the body convert food into usable energy and support nerve function and red blood cell production. This is general health information, not a diagnosis. Consult a healthcare professional for personal medical advice.",NIH Office of Dietary Supplements – Vitamin B12 Fact Sheet | https://ods.od.nih.gov/factsheets/VitaminB12-Consumer/,B
1032,Women's Nutrition & Wellness,Essential Nutrients,What is the role of magnesium in the body?,"Magnesium supports muscle and nerve function, blood sugar regulation, and bone health. This is general health information, not a diagnosis. Consult a healthcare professional for personal medical advice.",NHS – Vitamins and Minerals | https://www.nhs.uk/conditions/vitamins-and-minerals/,B
1033,Women's Nutrition & Wellness,Essential Nutrients,Why is potassium important for women's health?,"Potassium helps regulate fluid balance, muscle function, and blood pressure. This is general health information, not a diagnosis. Consult a healthcare professional for personal medical advice.",NHS – Vitamins and Minerals | https://www.nhs.uk/conditions/vitamins-and-minerals/,B
1034,Women's Nutrition & Wellness,Essential Nutrients,What is the role of zinc in immune function?,"Zinc supports immune system function and wound healing, and is found in foods such as meat, beans, and nuts. This is general health information, not a diagnosis. Consult a healthcare professional for personal medical advice.",NHS – Vitamins and Minerals | https://www.nhs.uk/conditions/vitamins-and-minerals/,B
1035,Women's Nutrition & Wellness,Essential Nutrients,Why is iodine important for thyroid health?,"Iodine is essential for producing thyroid hormones, which regulate metabolism and overall energy balance. This is general health information, not a diagnosis. Consult a healthcare professional for personal medical advice.",NHS – Vitamins and Minerals | https://www.nhs.uk/conditions/vitamins-and-minerals/,B
1036,Women's Nutrition & Wellness,Essential Nutrients,What happens if a woman doesn't get enough essential nutrients?,"Inadequate nutrient intake over time can lead to deficiencies that may cause fatigue, weakened immunity, or other health problems depending on the nutrient involved. This is general health information, not a diagnosis. Consult a healthcare professional for personal medical advice.",MedlinePlus – Nutrition | https://medlineplus.gov/nutrition.html,B
1037,Women's Nutrition & Wellness,Essential Nutrients,Can nutrient needs differ by age for women?,"Yes, nutrient needs change across life stages, such as increased iron needs during reproductive years and increased calcium and vitamin D needs with age. This is general health information, not a diagnosis. Consult a healthcare professional for personal medical advice.",NIA – Healthy Eating | https://www.nia.nih.gov/health/healthy-eating-nutrition,B
1038,Women's Nutrition & Wellness,Essential Nutrients,What are antioxidants and why are they beneficial?,"Antioxidants are compounds found in foods like fruits and vegetables that help protect cells from damage caused by unstable molecules called free radicals. This is general health information, not a diagnosis. Consult a healthcare professional for personal medical advice.",WHO – Healthy Diet Fact Sheet | https://www.who.int/news-room/fact-sheets/detail/healthy-diet,B
1039,Women's Nutrition & Wellness,Essential Nutrients,Why is a colorful diet often recommended?,"Eating a variety of colorful fruits and vegetables helps ensure intake of different vitamins, minerals, and protective plant compounds. This is general health information, not a diagnosis. Consult a healthcare professional for personal medical advice.",USDA – MyPlate | https://www.myplate.gov/,B
1040,Women's Nutrition & Wellness,Essential Nutrients,Are supplements necessary for most healthy women?,"Most healthy women can meet nutrient needs through a balanced diet, though supplements may be recommended in specific situations as advised by a healthcare provider. This is general health information, not a diagnosis. Consult a healthcare professional for personal medical advice.",MedlinePlus – Nutrition | https://medlineplus.gov/nutrition.html,B
1041,Women's Nutrition & Wellness,Essential Nutrients,What is the difference between water-soluble and fat-soluble vitamins?,"Water-soluble vitamins, like vitamin C and B vitamins, dissolve in water and are not stored long-term, while fat-soluble vitamins, like A, D, E, and K, are stored in body fat. This is general health information, not a diagnosis. Consult a healthcare professional for personal medical advice.",NHS – Vitamins and Minerals | https://www.nhs.uk/conditions/vitamins-and-minerals/,B
1042,Women's Nutrition & Wellness,Essential Nutrients,Why is selenium important for the body?,"Selenium supports immune function and acts as an antioxidant, and is found in foods such as nuts, seafood, and whole grains. This is general health information, not a diagnosis. Consult a healthcare professional for personal medical advice.",NHS – Vitamins and Minerals | https://www.nhs.uk/conditions/vitamins-and-minerals/,B
1043,Women's Nutrition & Wellness,Essential Nutrients,Can nutrient deficiencies cause fatigue?,"Yes, deficiencies in nutrients such as iron, vitamin B12, or vitamin D can contribute to fatigue, though fatigue can have many other causes as well. This is general health information, not a diagnosis. Consult a healthcare professional for personal medical advice.",MedlinePlus – Nutrition | https://medlineplus.gov/nutrition.html,B
1044,Women's Nutrition & Wellness,Essential Nutrients,Why should nutrient needs be personalized to each woman?,"Individual factors such as age, activity level, health conditions, and life stage affect nutrient needs, so personalized guidance from a healthcare provider is helpful. This is general health information, not a diagnosis. Consult a healthcare professional for personal medical advice.",NIA – Healthy Eating | https://www.nia.nih.gov/health/healthy-eating-nutrition,B
1045,Women's Nutrition & Wellness,Essential Nutrients,What foods provide a wide range of essential nutrients?,"Foods such as leafy greens, legumes, whole grains, nuts, dairy or fortified alternatives, and lean protein sources provide a broad range of essential nutrients. This is general health information, not a diagnosis. Consult a healthcare professional for personal medical advice.",USDA – MyPlate | https://www.myplate.gov/,B
1046,Women's Nutrition & Wellness,Essential Nutrients,How can women identify if their diet lacks certain nutrients?,"A healthcare provider can assess diet history and, if needed, order blood tests to identify specific nutrient gaps or deficiencies. This is general health information, not a diagnosis. Consult a healthcare professional for personal medical advice.",MedlinePlus – Nutrition | https://medlineplus.gov/nutrition.html,B
1047,Women's Nutrition & Wellness,Iron & Anemia Prevention,Why do women need more iron than men?,"Women of reproductive age lose iron through menstrual blood loss, which increases their daily iron requirements compared to men. This is general health information, not a diagnosis. Consult a healthcare professional for personal medical advice.",NIH Office of Dietary Supplements – Iron Fact Sheet | https://ods.od.nih.gov/factsheets/Iron-Consumer/,B
1048,Women's Nutrition & Wellness,Iron & Anemia Prevention,What are good dietary sources of iron?,"Good iron sources include red meat, poultry, fish, beans, lentils, tofu, and iron-fortified cereals. This is general health information, not a diagnosis. Consult a healthcare professional for personal medical advice.",NIH Office of Dietary Supplements – Iron Fact Sheet | https://ods.od.nih.gov/factsheets/Iron-Consumer/,B
1049,Women's Nutrition & Wellness,Iron & Anemia Prevention,What is iron-deficiency anemia?,"Iron-deficiency anemia is a condition in which the body lacks enough iron to produce adequate healthy red blood cells, leading to reduced oxygen delivery in the body. This is general health information, not a diagnosis. Consult a healthcare professional for personal medical advice.",Mayo Clinic – Iron Deficiency Anemia | https://www.mayoclinic.org/diseases-conditions/iron-deficiency-anemia/symptoms-causes/syc-20355034,B
1050,Women's Nutrition & Wellness,Iron & Anemia Prevention,What are common symptoms of iron-deficiency anemia?,"Common symptoms include fatigue, weakness, pale skin, shortness of breath, and dizziness, though a doctor's evaluation is needed to confirm the diagnosis. This is general health information, not a diagnosis. Consult a healthcare professional for personal medical advice.",MedlinePlus – Iron Deficiency Anemia | https://medlineplus.gov/irondeficiencyanemia.html,B
1051,Women's Nutrition & Wellness,Iron & Anemia Prevention,How does vitamin C help with iron absorption?,"Vitamin C enhances the absorption of non-heme iron from plant foods when eaten together, such as pairing citrus fruit with beans or leafy greens. This is general health information, not a diagnosis. Consult a healthcare professional for personal medical advice.",NIH Office of Dietary Supplements – Iron Fact Sheet | https://ods.od.nih.gov/factsheets/Iron-Consumer/,B
1052,Women's Nutrition & Wellness,Iron & Anemia Prevention,What foods can reduce iron absorption if eaten together?,"Foods and drinks such as tea, coffee, and calcium-rich foods can reduce iron absorption when consumed at the same time as iron-rich meals. This is general health information, not a diagnosis. Consult a healthcare professional for personal medical advice.",NIH Office of Dietary Supplements – Iron Fact Sheet | https://ods.od.nih.gov/factsheets/Iron-Consumer/,B
1053,Women's Nutrition & Wellness,Iron & Anemia Prevention,Why are women of reproductive age at higher risk for iron deficiency?,"Regular menstrual blood loss combined with dietary intake that may not fully replace lost iron puts women of reproductive age at higher risk for deficiency. This is general health information, not a diagnosis. Consult a healthcare professional for personal medical advice.",NIH Office of Dietary Supplements – Iron Fact Sheet | https://ods.od.nih.gov/factsheets/Iron-Consumer/,B
1054,Women's Nutrition & Wellness,Iron & Anemia Prevention,What is the difference between heme and non-heme iron?,"Heme iron, found in animal foods, is more easily absorbed by the body, while non-heme iron, found in plant foods, is absorbed less efficiently but can be enhanced with vitamin C. This is general health information, not a diagnosis. Consult a healthcare professional for personal medical advice.",NIH Office of Dietary Supplements – Iron Fact Sheet | https://ods.od.nih.gov/factsheets/Iron-Consumer/,B
1055,Women's Nutrition & Wellness,Iron & Anemia Prevention,Can vegetarians and vegans get enough iron?,"Yes, with careful meal planning that includes iron-rich plant foods and vitamin C to enhance absorption, vegetarians and vegans can meet their iron needs. This is general health information, not a diagnosis. Consult a healthcare professional for personal medical advice.",NIH Office of Dietary Supplements – Iron Fact Sheet | https://ods.od.nih.gov/factsheets/Iron-Consumer/,B
1056,Women's Nutrition & Wellness,Iron & Anemia Prevention,When should a woman consider iron supplements?,"Iron supplements should only be taken based on a healthcare provider's recommendation, typically after blood tests confirm low iron levels or anemia. This is general health information, not a diagnosis. Consult a healthcare professional for personal medical advice.",MedlinePlus – Iron Deficiency Anemia | https://medlineplus.gov/irondeficiencyanemia.html,B
1057,Women's Nutrition & Wellness,Iron & Anemia Prevention,Can too much iron be harmful?,"Yes, excessive iron intake, especially from supplements, can cause digestive issues and, in high amounts, more serious health problems, so supplementation should be medically guided. This is general health information, not a diagnosis. Consult a healthcare professional for personal medical advice.",NIH Office of Dietary Supplements – Iron Fact Sheet | https://ods.od.nih.gov/factsheets/Iron-Consumer/,B
1058,Women's Nutrition & Wellness,Iron & Anemia Prevention,How is iron-deficiency anemia diagnosed?,"Iron-deficiency anemia is diagnosed through blood tests that measure hemoglobin, hematocrit, and iron levels, ordered by a healthcare provider. This is general health information, not a diagnosis. Consult a healthcare professional for personal medical advice.",Mayo Clinic – Iron Deficiency Anemia | https://www.mayoclinic.org/diseases-conditions/iron-deficiency-anemia/symptoms-causes/syc-20355034,B
1059,Women's Nutrition & Wellness,Iron & Anemia Prevention,What blood test checks for anemia?,"A complete blood count (CBC) is commonly used to check for anemia, sometimes along with additional iron studies. This is general health information, not a diagnosis. Consult a healthcare professional for personal medical advice.",Mayo Clinic – Iron Deficiency Anemia | https://www.mayoclinic.org/diseases-conditions/iron-deficiency-anemia/symptoms-causes/syc-20355034,B
1060,Women's Nutrition & Wellness,Iron & Anemia Prevention,Can fatigue always be attributed to iron deficiency?,"No, fatigue can have many causes, so it should be evaluated by a healthcare provider rather than automatically assumed to be due to iron deficiency. This is general health information, not a diagnosis. Consult a healthcare professional for personal medical advice.",MedlinePlus – Iron Deficiency Anemia | https://medlineplus.gov/irondeficiencyanemia.html,B
1061,Women's Nutrition & Wellness,Iron & Anemia Prevention,How can women prevent iron-deficiency anemia through diet?,"Eating iron-rich foods regularly, pairing them with vitamin C sources, and having periodic checkups can help prevent iron-deficiency anemia. This is general health information, not a diagnosis. Consult a healthcare professional for personal medical advice.",NIH Office of Dietary Supplements – Iron Fact Sheet | https://ods.od.nih.gov/factsheets/Iron-Consumer/,B
1062,Women's Nutrition & Wellness,Iron & Anemia Prevention,Can heavy menstrual bleeding contribute to iron deficiency?,"Yes, heavy or prolonged menstrual bleeding can increase iron loss and raise the risk of iron-deficiency anemia over time. This is general health information, not a diagnosis. Consult a healthcare professional for personal medical advice.",Mayo Clinic – Iron Deficiency Anemia | https://www.mayoclinic.org/diseases-conditions/iron-deficiency-anemia/symptoms-causes/syc-20355034,B
1063,Women's Nutrition & Wellness,Iron & Anemia Prevention,What is the recommended daily iron intake for women of reproductive age?,"Many guidelines recommend around 18 milligrams of iron daily for women of reproductive age, though individual needs can vary. This is general health information, not a diagnosis. Consult a healthcare professional for personal medical advice.",NIH Office of Dietary Supplements – Iron Fact Sheet | https://ods.od.nih.gov/factsheets/Iron-Consumer/,B
1064,Women's Nutrition & Wellness,Iron & Anemia Prevention,Should iron supplements be taken with food or on an empty stomach?,"Iron supplements are often better absorbed on an empty stomach, but may be taken with food if they cause stomach upset; a healthcare provider can advise the best approach. This is general health information, not a diagnosis. Consult a healthcare professional for personal medical advice.",NIH Office of Dietary Supplements – Iron Fact Sheet | https://ods.od.nih.gov/factsheets/Iron-Consumer/,B
1065,Women's Nutrition & Wellness,Iron & Anemia Prevention,When should a woman see a doctor about possible anemia symptoms?,"A woman should see a doctor if she experiences persistent fatigue, pale skin, dizziness, or shortness of breath, so appropriate testing and evaluation can be done. This is general health information, not a diagnosis. Consult a healthcare professional for personal medical advice.",Mayo Clinic – Iron Deficiency Anemia | https://www.mayoclinic.org/diseases-conditions/iron-deficiency-anemia/symptoms-causes/syc-20355034,B
1066,Women's Nutrition & Wellness,Calcium & Vitamin D,Why is calcium important for women's health?,"Calcium is essential for building and maintaining strong bones and teeth, and also supports muscle function, nerve signaling, and heart health. This is general health information, not a diagnosis. Consult a healthcare professional for personal medical advice.",NIH Office of Dietary Supplements – Calcium Fact Sheet | https://ods.od.nih.gov/factsheets/Calcium-Consumer/,B
1067,Women's Nutrition & Wellness,Calcium & Vitamin D,What are good dietary sources of calcium?,"Good sources include dairy products, fortified plant milks, leafy greens, tofu made with calcium sulfate, and canned fish with bones. This is general health information, not a diagnosis. Consult a healthcare professional for personal medical advice.",NIH Office of Dietary Supplements – Calcium Fact Sheet | https://ods.od.nih.gov/factsheets/Calcium-Consumer/,B
1068,Women's Nutrition & Wellness,Calcium & Vitamin D,How much calcium do adult women need daily?,"Most adult women need around 1,000 milligrams of calcium daily, with higher amounts recommended for older women, as advised by a healthcare provider. This is general health information, not a diagnosis. Consult a healthcare professional for personal medical advice.",NIH Office of Dietary Supplements – Calcium Fact Sheet | https://ods.od.nih.gov/factsheets/Calcium-Consumer/,B
1069,Women's Nutrition & Wellness,Calcium & Vitamin D,Why is vitamin D important for calcium absorption?,"Vitamin D helps the body absorb calcium from the digestive tract, making it essential for maintaining healthy bones alongside adequate calcium intake. This is general health information, not a diagnosis. Consult a healthcare professional for personal medical advice.",NIH Office of Dietary Supplements – Vitamin D Fact Sheet | https://ods.od.nih.gov/factsheets/VitaminD-Consumer/,B
1070,Women's Nutrition & Wellness,Calcium & Vitamin D,What are good sources of vitamin D?,"Vitamin D sources include fatty fish, egg yolks, fortified milk and cereals, and sunlight exposure on the skin. This is general health information, not a diagnosis. Consult a healthcare professional for personal medical advice.",NIH Office of Dietary Supplements – Vitamin D Fact Sheet | https://ods.od.nih.gov/factsheets/VitaminD-Consumer/,B
1071,Women's Nutrition & Wellness,Calcium & Vitamin D,How much vitamin D do most adult women need daily?,"Most adult women need around 600 to 800 international units of vitamin D daily, though needs can vary and should be confirmed with a healthcare provider. This is general health information, not a diagnosis. Consult a healthcare professional for personal medical advice.",NIH Office of Dietary Supplements – Vitamin D Fact Sheet | https://ods.od.nih.gov/factsheets/VitaminD-Consumer/,B
1072,Women's Nutrition & Wellness,Calcium & Vitamin D,Can vitamin D deficiency affect bone health?,"Yes, low vitamin D levels can impair calcium absorption and contribute to weakened bones over time. This is general health information, not a diagnosis. Consult a healthcare professional for personal medical advice.",NIH Office of Dietary Supplements – Vitamin D Fact Sheet | https://ods.od.nih.gov/factsheets/VitaminD-Consumer/,B
1073,Women's Nutrition & Wellness,Calcium & Vitamin D,What factors increase the risk of vitamin D deficiency?,"Limited sun exposure, darker skin tone, certain medical conditions, and low dietary intake can all increase the risk of vitamin D deficiency. This is general health information, not a diagnosis. Consult a healthcare professional for personal medical advice.",NIH Office of Dietary Supplements – Vitamin D Fact Sheet | https://ods.od.nih.gov/factsheets/VitaminD-Consumer/,B
1074,Women's Nutrition & Wellness,Calcium & Vitamin D,Can sunlight provide enough vitamin D for most people?,"Sunlight exposure can help the body produce vitamin D, but the amount needed varies based on skin tone, geographic location, season, and sun protection use. This is general health information, not a diagnosis. Consult a healthcare professional for personal medical advice.",NIH Office of Dietary Supplements – Vitamin D Fact Sheet | https://ods.od.nih.gov/factsheets/VitaminD-Consumer/,B
1075,Women's Nutrition & Wellness,Calcium & Vitamin D,What happens if calcium intake is consistently too low?,"Chronically low calcium intake can weaken bones over time and increase the long-term risk of fractures and bone-related conditions. This is general health information, not a diagnosis. Consult a healthcare professional for personal medical advice.",NIH Office of Dietary Supplements – Calcium Fact Sheet | https://ods.od.nih.gov/factsheets/Calcium-Consumer/,B
1076,Women's Nutrition & Wellness,Calcium & Vitamin D,Are calcium supplements necessary for all women?,"No, calcium supplements are not necessary for everyone; many women can meet their needs through diet, and supplementation should be individually assessed. This is general health information, not a diagnosis. Consult a healthcare professional for personal medical advice.",NIH Office of Dietary Supplements – Calcium Fact Sheet | https://ods.od.nih.gov/factsheets/Calcium-Consumer/,B
1077,Women's Nutrition & Wellness,Calcium & Vitamin D,Can excessive calcium intake cause problems?,"Yes, taking in too much calcium, particularly from supplements, can cause digestive issues and, in some cases, kidney stones or other complications. This is general health information, not a diagnosis. Consult a healthcare professional for personal medical advice.",NIH Office of Dietary Supplements – Calcium Fact Sheet | https://ods.od.nih.gov/factsheets/Calcium-Consumer/,B
1078,Women's Nutrition & Wellness,Calcium & Vitamin D,Why is calcium especially important during the reproductive years?,"Adequate calcium intake during the reproductive years helps build and maintain peak bone mass, which supports bone health later in life. This is general health information, not a diagnosis. Consult a healthcare professional for personal medical advice.",NIH Office of Dietary Supplements – Calcium Fact Sheet | https://ods.od.nih.gov/factsheets/Calcium-Consumer/,B
1079,Women's Nutrition & Wellness,Calcium & Vitamin D,What non-dairy foods provide calcium?,"Non-dairy calcium sources include fortified plant milks, calcium-set tofu, leafy greens like kale, almonds, and fortified orange juice. This is general health information, not a diagnosis. Consult a healthcare professional for personal medical advice.",NIH Office of Dietary Supplements – Calcium Fact Sheet | https://ods.od.nih.gov/factsheets/Calcium-Consumer/,B
1080,Women's Nutrition & Wellness,Calcium & Vitamin D,Can vitamin D be obtained through diet alone?,"It can be challenging to get enough vitamin D from diet alone, so a combination of fortified foods, sensible sun exposure, and sometimes supplements may be needed. This is general health information, not a diagnosis. Consult a healthcare professional for personal medical advice.",NIH Office of Dietary Supplements – Vitamin D Fact Sheet | https://ods.od.nih.gov/factsheets/VitaminD-Consumer/,B
1081,Women's Nutrition & Wellness,Calcium & Vitamin D,Why might women who avoid dairy need to plan their calcium intake carefully?,"Dairy is a major calcium source for many people, so those who avoid it need to intentionally include other calcium-rich foods to meet their needs. This is general health information, not a diagnosis. Consult a healthcare professional for personal medical advice.",NIH Office of Dietary Supplements – Calcium Fact Sheet | https://ods.od.nih.gov/factsheets/Calcium-Consumer/,B
1082,Women's Nutrition & Wellness,Calcium & Vitamin D,Can low vitamin D affect mood and energy?,"Some research suggests a link between low vitamin D levels and fatigue or low mood, though more research is needed and other causes should also be considered. This is general health information, not a diagnosis. Consult a healthcare professional for personal medical advice.",NIH Office of Dietary Supplements – Vitamin D Fact Sheet | https://ods.od.nih.gov/factsheets/VitaminD-Consumer/,B
1083,Women's Nutrition & Wellness,Calcium & Vitamin D,Should women get their vitamin D levels tested?,"Testing may be recommended for women with risk factors for deficiency or symptoms of concern, based on a healthcare provider's assessment. This is general health information, not a diagnosis. Consult a healthcare professional for personal medical advice.",NIH Office of Dietary Supplements – Vitamin D Fact Sheet | https://ods.od.nih.gov/factsheets/VitaminD-Consumer/,B
1084,Women's Nutrition & Wellness,Calcium & Vitamin D,What role does calcium play beyond bone health?,"Beyond bone health, calcium is involved in muscle contraction, nerve transmission, blood clotting, and heart function. This is general health information, not a diagnosis. Consult a healthcare professional for personal medical advice.",NIH Office of Dietary Supplements – Calcium Fact Sheet | https://ods.od.nih.gov/factsheets/Calcium-Consumer/,B
1085,Women's Nutrition & Wellness,Calcium & Vitamin D,How can women support long-term bone health starting in early adulthood?,"Getting adequate calcium and vitamin D, engaging in regular weight-bearing exercise, and avoiding smoking can help support bone health starting in early adulthood. This is general health information, not a diagnosis. Consult a healthcare professional for personal medical advice.",NIH Office of Dietary Supplements – Calcium Fact Sheet | https://ods.od.nih.gov/factsheets/Calcium-Consumer/,B
1086,Women's Nutrition & Wellness,Protein & Healthy Fats,Why is protein important for women's health?,"Protein supports muscle repair and growth, immune function, hormone production, and overall tissue maintenance. This is general health information, not a diagnosis. Consult a healthcare professional for personal medical advice.",Mayo Clinic – Protein: Heart-Healthy Eating | https://www.mayoclinic.org/healthy-lifestyle/nutrition-and-healthy-eating/in-depth/protein/art-20045829,B
1087,Women's Nutrition & Wellness,Protein & Healthy Fats,What are good sources of protein?,"Good protein sources include lean meat, poultry, fish, eggs, dairy, beans, lentils, tofu, and nuts. This is general health information, not a diagnosis. Consult a healthcare professional for personal medical advice.",Mayo Clinic – Protein: Heart-Healthy Eating | https://www.mayoclinic.org/healthy-lifestyle/nutrition-and-healthy-eating/in-depth/protein/art-20045829,B
1088,Women's Nutrition & Wellness,Protein & Healthy Fats,How much protein do most adult women need daily?,"General guidelines suggest around 0.8 grams of protein per kilogram of body weight daily for most adult women, though needs can vary by activity level and life stage. This is general health information, not a diagnosis. Consult a healthcare professional for personal medical advice.",Mayo Clinic – Protein: Heart-Healthy Eating | https://www.mayoclinic.org/healthy-lifestyle/nutrition-and-healthy-eating/in-depth/protein/art-20045829,B
1089,Women's Nutrition & Wellness,Protein & Healthy Fats,Can plant-based sources provide enough protein?,"Yes, with a varied diet including legumes, whole grains, nuts, and seeds, plant-based sources can provide adequate protein. This is general health information, not a diagnosis. Consult a healthcare professional for personal medical advice.",USDA – MyPlate | https://www.myplate.gov/,B
1090,Women's Nutrition & Wellness,Protein & Healthy Fats,What are complete versus incomplete proteins?,"Complete proteins contain all essential amino acids the body needs, typically from animal sources, while incomplete proteins lack one or more and are common in individual plant foods, though combining plant foods can provide all essential amino acids. This is general health information, not a diagnosis. Consult a healthcare professional for personal medical advice.",Mayo Clinic – Protein: Heart-Healthy Eating | https://www.mayoclinic.org/healthy-lifestyle/nutrition-and-healthy-eating/in-depth/protein/art-20045829,B
1091,Women's Nutrition & Wellness,Protein & Healthy Fats,Why are healthy fats important in the diet?,"Healthy fats support cell function, hormone production, nutrient absorption, and provide a concentrated source of energy. This is general health information, not a diagnosis. Consult a healthcare professional for personal medical advice.",Mayo Clinic – Dietary Fats: Know Which Types to Choose | https://www.mayoclinic.org/healthy-lifestyle/nutrition-and-healthy-eating/in-depth/fat/art-20045550,B
1092,Women's Nutrition & Wellness,Protein & Healthy Fats,What is the difference between saturated and unsaturated fats?,"Saturated fats, found mainly in animal products, can raise LDL cholesterol when eaten in excess, while unsaturated fats, found in plant oils and fish, generally support heart health. This is general health information, not a diagnosis. Consult a healthcare professional for personal medical advice.",NHS – Fat: The Facts | https://www.nhs.uk/live-well/eat-well/food-types/different-fats-nutrition/,B
1093,Women's Nutrition & Wellness,Protein & Healthy Fats,What foods are good sources of unsaturated fats?,"Good sources include olive oil, avocados, nuts, seeds, and fatty fish. This is general health information, not a diagnosis. Consult a healthcare professional for personal medical advice.",Mayo Clinic – Dietary Fats: Know Which Types to Choose | https://www.mayoclinic.org/healthy-lifestyle/nutrition-and-healthy-eating/in-depth/fat/art-20045550,B
1094,Women's Nutrition & Wellness,Protein & Healthy Fats,Why should trans fats be avoided?,"Trans fats raise LDL cholesterol and lower HDL cholesterol, increasing the risk of heart disease, so they should be avoided or strictly limited. This is general health information, not a diagnosis. Consult a healthcare professional for personal medical advice.",NHS – Fat: The Facts | https://www.nhs.uk/live-well/eat-well/food-types/different-fats-nutrition/,B
1095,Women's Nutrition & Wellness,Protein & Healthy Fats,What are omega-3 fatty acids and why are they important?,"Omega-3 fatty acids are a type of healthy fat that support heart and brain health and have anti-inflammatory properties. This is general health information, not a diagnosis. Consult a healthcare professional for personal medical advice.",Mayo Clinic – Dietary Fats: Know Which Types to Choose | https://www.mayoclinic.org/healthy-lifestyle/nutrition-and-healthy-eating/in-depth/fat/art-20045550,B
1096,Women's Nutrition & Wellness,Protein & Healthy Fats,What foods are rich in omega-3 fatty acids?,"Fatty fish such as salmon and sardines, walnuts, flaxseeds, and chia seeds are rich sources of omega-3 fatty acids. This is general health information, not a diagnosis. Consult a healthcare professional for personal medical advice.",Mayo Clinic – Dietary Fats: Know Which Types to Choose | https://www.mayoclinic.org/healthy-lifestyle/nutrition-and-healthy-eating/in-depth/fat/art-20045550,B
1097,Women's Nutrition & Wellness,Protein & Healthy Fats,Can too much saturated fat affect heart health?,"Yes, consistently high saturated fat intake is linked to increased LDL cholesterol and a higher risk of heart disease. This is general health information, not a diagnosis. Consult a healthcare professional for personal medical advice.",NHS – Fat: The Facts | https://www.nhs.uk/live-well/eat-well/food-types/different-fats-nutrition/,B
1098,Women's Nutrition & Wellness,Protein & Healthy Fats,Why is fish recommended as part of a healthy diet?,"Fish, especially fatty fish, provides high-quality protein and omega-3 fatty acids that support heart and brain health. This is general health information, not a diagnosis. Consult a healthcare professional for personal medical advice.",Mayo Clinic – Dietary Fats: Know Which Types to Choose | https://www.mayoclinic.org/healthy-lifestyle/nutrition-and-healthy-eating/in-depth/fat/art-20045550,B
1099,Women's Nutrition & Wellness,Protein & Healthy Fats,What role does protein play in muscle maintenance?,"Protein provides the building blocks needed to repair and maintain muscle tissue, which is especially important as women age. This is general health information, not a diagnosis. Consult a healthcare professional for personal medical advice.",Mayo Clinic – Protein: Heart-Healthy Eating | https://www.mayoclinic.org/healthy-lifestyle/nutrition-and-healthy-eating/in-depth/protein/art-20045829,B
1100,Women's Nutrition & Wellness,Protein & Healthy Fats,Are protein supplements necessary for most women?,"Most women can meet protein needs through food alone, and supplements are generally not necessary unless recommended by a healthcare provider for a specific reason. This is general health information, not a diagnosis. Consult a healthcare professional for personal medical advice.",Mayo Clinic – Protein: Heart-Healthy Eating | https://www.mayoclinic.org/healthy-lifestyle/nutrition-and-healthy-eating/in-depth/protein/art-20045829,B
1101,Women's Nutrition & Wellness,Protein & Healthy Fats,Why is it recommended to limit fried and processed foods high in fat?,"These foods are often high in unhealthy fats, calories, and sodium, which can contribute to weight gain and increased disease risk over time. This is general health information, not a diagnosis. Consult a healthcare professional for personal medical advice.",WHO – Healthy Diet Fact Sheet | https://www.who.int/news-room/fact-sheets/detail/healthy-diet,B
1102,Women's Nutrition & Wellness,Protein & Healthy Fats,Can healthy fats support hormone production?,"Yes, dietary fats are needed to produce certain hormones and support the absorption of fat-soluble vitamins important for overall health. This is general health information, not a diagnosis. Consult a healthcare professional for personal medical advice.",Mayo Clinic – Dietary Fats: Know Which Types to Choose | https://www.mayoclinic.org/healthy-lifestyle/nutrition-and-healthy-eating/in-depth/fat/art-20045550,B
1103,Women's Nutrition & Wellness,Hydration,How much water do women generally need each day?,"General guidance suggests about 2.7 liters (around 11 cups) of total fluids daily for women, including water and fluids from food, though individual needs vary. This is general health information, not a diagnosis. Consult a healthcare professional for personal medical advice.",Mayo Clinic – Water: How Much Should You Drink Every Day? | https://www.mayoclinic.org/healthy-lifestyle/nutrition-and-healthy-eating/in-depth/water/art-20044256,B
1104,Women's Nutrition & Wellness,Hydration,Why is staying hydrated important for overall health?,"Adequate hydration supports digestion, temperature regulation, joint lubrication, nutrient transport, and overall organ function. This is general health information, not a diagnosis. Consult a healthcare professional for personal medical advice.",Mayo Clinic – Water: How Much Should You Drink Every Day? | https://www.mayoclinic.org/healthy-lifestyle/nutrition-and-healthy-eating/in-depth/water/art-20044256,B
1105,Women's Nutrition & Wellness,Hydration,What are signs of mild dehydration?,"Signs of mild dehydration include thirst, dry mouth, dark yellow urine, fatigue, and headache. This is general health information, not a diagnosis. Consult a healthcare professional for personal medical advice.",Mayo Clinic – Water: How Much Should You Drink Every Day? | https://www.mayoclinic.org/healthy-lifestyle/nutrition-and-healthy-eating/in-depth/water/art-20044256,B
1106,Women's Nutrition & Wellness,Hydration,Can water needs increase during exercise?,"Yes, physical activity increases fluid loss through sweat, so water intake should increase before, during, and after exercise. This is general health information, not a diagnosis. Consult a healthcare professional for personal medical advice.",Mayo Clinic – Water: How Much Should You Drink Every Day? | https://www.mayoclinic.org/healthy-lifestyle/nutrition-and-healthy-eating/in-depth/water/art-20044256,B
1107,Women's Nutrition & Wellness,Hydration,Do all fluids count toward daily hydration needs?,"Most fluids, including water, milk, and herbal tea, contribute to hydration, though water is generally the best primary choice without added sugar or calories. This is general health information, not a diagnosis. Consult a healthcare professional for personal medical advice.",Mayo Clinic – Water: How Much Should You Drink Every Day? | https://www.mayoclinic.org/healthy-lifestyle/nutrition-and-healthy-eating/in-depth/water/art-20044256,B
1108,Women's Nutrition & Wellness,Hydration,Can dehydration affect energy levels and concentration?,"Yes, even mild dehydration can contribute to fatigue, reduced concentration, and headaches. This is general health information, not a diagnosis. Consult a healthcare professional for personal medical advice.",Mayo Clinic – Water: How Much Should You Drink Every Day? | https://www.mayoclinic.org/healthy-lifestyle/nutrition-and-healthy-eating/in-depth/water/art-20044256,B
1109,Women's Nutrition & Wellness,Hydration,Why is water usually the best choice for hydration?,"Water hydrates effectively without adding sugar, calories, or caffeine, making it the preferred choice for most daily fluid needs. This is general health information, not a diagnosis. Consult a healthcare professional for personal medical advice.",NHS – Eat Well | https://www.nhs.uk/live-well/eat-well/,B
1110,Women's Nutrition & Wellness,Hydration,Can drinking enough water support skin health?,"Adequate hydration supports overall skin function, though skin health is also influenced by many other factors such as genetics and skincare habits. This is general health information, not a diagnosis. Consult a healthcare professional for personal medical advice.",Mayo Clinic – Water: How Much Should You Drink Every Day? | https://www.mayoclinic.org/healthy-lifestyle/nutrition-and-healthy-eating/in-depth/water/art-20044256,B
1111,Women's Nutrition & Wellness,Hydration,How can women tell if they are drinking enough water?,"Pale yellow urine and infrequent thirst are generally good indicators of adequate hydration for most healthy women. This is general health information, not a diagnosis. Consult a healthcare professional for personal medical advice.",Mayo Clinic – Water: How Much Should You Drink Every Day? | https://www.mayoclinic.org/healthy-lifestyle/nutrition-and-healthy-eating/in-depth/water/art-20044256,B
1112,Women's Nutrition & Wellness,Hydration,Are sports drinks necessary for everyday hydration?,"No, sports drinks are generally unnecessary for everyday hydration and are more useful during prolonged, intense exercise; water is sufficient for most daily needs. This is general health information, not a diagnosis. Consult a healthcare professional for personal medical advice.",Mayo Clinic – Water: How Much Should You Drink Every Day? | https://www.mayoclinic.org/healthy-lifestyle/nutrition-and-healthy-eating/in-depth/water/art-20044256,B
1113,Women's Nutrition & Wellness,Hydration,Can caffeinated drinks contribute to hydration?,"Yes, moderate caffeinated beverages can contribute to daily fluid intake, though water remains the best primary source of hydration. This is general health information, not a diagnosis. Consult a healthcare professional for personal medical advice.",Mayo Clinic – Water: How Much Should You Drink Every Day? | https://www.mayoclinic.org/healthy-lifestyle/nutrition-and-healthy-eating/in-depth/water/art-20044256,B
1114,Women's Nutrition & Wellness,Hydration,Why is hydration important during hot weather or illness?,"Hot weather and illness, especially with fever, vomiting, or diarrhea, increase fluid loss, making adequate hydration particularly important during these times. This is general health information, not a diagnosis. Consult a healthcare professional for personal medical advice.",Mayo Clinic – Water: How Much Should You Drink Every Day? | https://www.mayoclinic.org/healthy-lifestyle/nutrition-and-healthy-eating/in-depth/water/art-20044256,B
1115,Women's Nutrition & Wellness,Hydration,Can fruits and vegetables contribute to hydration?,"Yes, many fruits and vegetables, such as watermelon and cucumber, have high water content and contribute to overall daily hydration. This is general health information, not a diagnosis. Consult a healthcare professional for personal medical advice.",Mayo Clinic – Water: How Much Should You Drink Every Day? | https://www.mayoclinic.org/healthy-lifestyle/nutrition-and-healthy-eating/in-depth/water/art-20044256,B
1116,Women's Nutrition & Wellness,Hydration,When should dehydration be treated as a medical concern?,"Severe dehydration symptoms such as confusion, rapid heartbeat, very dark urine, dizziness, or inability to keep fluids down require prompt medical evaluation. This is general health information, not a diagnosis. Consult a healthcare professional for personal medical advice.",Mayo Clinic – Water: How Much Should You Drink Every Day? | https://www.mayoclinic.org/healthy-lifestyle/nutrition-and-healthy-eating/in-depth/water/art-20044256,B
1117,Women's Nutrition & Wellness,Healthy Weight & Weight Management,What is considered a healthy weight range for women?,"A healthy weight range varies by individual height, body composition, and health status, and is often assessed using tools like BMI alongside other health indicators. This is general health information, not a diagnosis. Consult a healthcare professional for personal medical advice.",CDC – Healthy Weight and Growth | https://www.cdc.gov/healthy-weight-growth/index.html,B
1118,Women's Nutrition & Wellness,Healthy Weight & Weight Management,Why is body mass index (BMI) used as a general screening tool?,"BMI provides a simple estimate of body weight relative to height and is used as a general screening tool to identify potential weight-related health risks. This is general health information, not a diagnosis. Consult a healthcare professional for personal medical advice.",CDC – About Body Mass Index (BMI) | https://www.cdc.gov/bmi/about/index.html,B
1119,Women's Nutrition & Wellness,Healthy Weight & Weight Management,What are the limitations of BMI as a measurement?,"BMI does not directly measure body fat or account for muscle mass, body composition, or fat distribution, so it should be considered alongside other health measures. This is general health information, not a diagnosis. Consult a healthcare professional for personal medical advice.",CDC – About Body Mass Index (BMI) | https://www.cdc.gov/bmi/about/index.html,B
1120,Women's Nutrition & Wellness,Healthy Weight & Weight Management,Why is gradual weight loss generally recommended over rapid weight loss?,"Gradual weight loss is more likely to be sustainable and is associated with better preservation of muscle mass and long-term success. This is general health information, not a diagnosis. Consult a healthcare professional for personal medical advice.",Mayo Clinic – Weight Loss Basics | https://www.mayoclinic.org/healthy-lifestyle/weight-loss/basics/weight-loss-basics/hlv-20049483,B
1121,Women's Nutrition & Wellness,Healthy Weight & Weight Management,Can crash diets be harmful to long-term health?,"Yes, crash diets can lead to nutrient deficiencies, muscle loss, and are often followed by weight regain, making them less effective long-term. This is general health information, not a diagnosis. Consult a healthcare professional for personal medical advice.",Mayo Clinic – Weight Loss Basics | https://www.mayoclinic.org/healthy-lifestyle/weight-loss/basics/weight-loss-basics/hlv-20049483,B
1122,Women's Nutrition & Wellness,Healthy Weight & Weight Management,What role does physical activity play in weight management?,"Regular physical activity helps burn calories, preserve muscle mass, and supports long-term weight management alongside a balanced diet. This is general health information, not a diagnosis. Consult a healthcare professional for personal medical advice.",CDC – Physical Activity Guidelines | https://www.cdc.gov/physical-activity-basics/guidelines/index.html,B
1123,Women's Nutrition & Wellness,Healthy Weight & Weight Management,Why is sleep important for maintaining a healthy weight?,"Poor sleep is linked to hormonal changes that can increase appetite and cravings, making adequate sleep an important factor in weight management. This is general health information, not a diagnosis. Consult a healthcare professional for personal medical advice.",CDC – Sleep and Health | https://www.cdc.gov/sleep/about/index.html,B
1124,Women's Nutrition & Wellness,Healthy Weight & Weight Management,Can stress affect weight management?,"Yes, chronic stress can affect eating patterns and hormone levels in ways that may contribute to weight gain for some individuals. This is general health information, not a diagnosis. Consult a healthcare professional for personal medical advice.",Mayo Clinic – Weight Loss Basics | https://www.mayoclinic.org/healthy-lifestyle/weight-loss/basics/weight-loss-basics/hlv-20049483,B
1125,Women's Nutrition & Wellness,Healthy Weight & Weight Management,Why do calorie needs vary between individuals?,"Calorie needs depend on factors such as age, sex, body size, activity level, and metabolism, so needs differ from person to person. This is general health information, not a diagnosis. Consult a healthcare professional for personal medical advice.",USDA/HHS – Dietary Guidelines for Americans | https://www.dietaryguidelines.gov/,B
1126,Women's Nutrition & Wellness,Healthy Weight & Weight Management,What is a sustainable approach to weight management?,"A sustainable approach includes balanced eating, regular physical activity, adequate sleep, and realistic, gradual goals rather than extreme restriction. This is general health information, not a diagnosis. Consult a healthcare professional for personal medical advice.",Mayo Clinic – Weight Loss Basics | https://www.mayoclinic.org/healthy-lifestyle/weight-loss/basics/weight-loss-basics/hlv-20049483,B
1127,Women's Nutrition & Wellness,Healthy Weight & Weight Management,Can being underweight also pose health risks?,"Yes, being underweight can be associated with nutrient deficiencies, weakened immunity, and other health concerns, and should be evaluated by a healthcare provider. This is general health information, not a diagnosis. Consult a healthcare professional for personal medical advice.",CDC – Healthy Weight and Growth | https://www.cdc.gov/healthy-weight-growth/index.html,B
1128,Women's Nutrition & Wellness,Healthy Weight & Weight Management,Why is waist circumference sometimes used alongside BMI?,"Waist circumference can help indicate abdominal fat distribution, which is linked to cardiovascular and metabolic risk, providing additional information beyond BMI alone. This is general health information, not a diagnosis. Consult a healthcare professional for personal medical advice.",CDC – About Body Mass Index (BMI) | https://www.cdc.gov/bmi/about/index.html,B
1129,Women's Nutrition & Wellness,Healthy Weight & Weight Management,Can weight management support long-term disease prevention?,"Yes, maintaining a healthy weight is associated with reduced risk of conditions such as type 2 diabetes, heart disease, and certain cancers. This is general health information, not a diagnosis. Consult a healthcare professional for personal medical advice.",WHO – Noncommunicable Diseases Fact Sheet | https://www.who.int/news-room/fact-sheets/detail/noncommunicable-diseases,B
1130,Women's Nutrition & Wellness,Healthy Weight & Weight Management,Why should extreme or restrictive diets generally be avoided?,"Extreme diets can be difficult to sustain, may cause nutrient deficiencies, and are often not effective for long-term weight or health management. This is general health information, not a diagnosis. Consult a healthcare professional for personal medical advice.",Mayo Clinic – Weight Loss Basics | https://www.mayoclinic.org/healthy-lifestyle/weight-loss/basics/weight-loss-basics/hlv-20049483,B
1131,Women's Nutrition & Wellness,Healthy Weight & Weight Management,Can portion sizes affect weight management efforts?,"Yes, larger portion sizes can contribute to excess calorie intake, so being mindful of portions supports weight management goals. This is general health information, not a diagnosis. Consult a healthcare professional for personal medical advice.",Mayo Clinic – Nutrition and Healthy Eating | https://www.mayoclinic.org/healthy-lifestyle/nutrition-and-healthy-eating/basics/nutrition-basics/hlv-20049477,B
1132,Women's Nutrition & Wellness,Healthy Weight & Weight Management,Why is it important to focus on overall health rather than weight alone?,"Focusing on overall health, including diet quality, activity, and wellbeing, supports more sustainable habits than focusing on weight or the scale alone. This is general health information, not a diagnosis. Consult a healthcare professional for personal medical advice.",CDC – Healthy Weight and Growth | https://www.cdc.gov/healthy-weight-growth/index.html,B
1133,Women's Nutrition & Wellness,Healthy Weight & Weight Management,Can regular meal timing support healthy weight management?,"Consistent meal timing can help regulate hunger cues and may support more balanced eating patterns for some individuals. This is general health information, not a diagnosis. Consult a healthcare professional for personal medical advice.",Mayo Clinic – Nutrition and Healthy Eating | https://www.mayoclinic.org/healthy-lifestyle/nutrition-and-healthy-eating/basics/nutrition-basics/hlv-20049477,B
1134,Women's Nutrition & Wellness,Healthy Weight & Weight Management,Should women set weight goals with a healthcare provider?,"Yes, working with a healthcare provider helps ensure weight goals are safe, realistic, and appropriate for individual health circumstances. This is general health information, not a diagnosis. Consult a healthcare professional for personal medical advice.",CDC – Healthy Weight and Growth | https://www.cdc.gov/healthy-weight-growth/index.html,B
1135,Women's Nutrition & Wellness,Healthy Weight & Weight Management,Can excessive dieting affect nutrient intake?,"Yes, overly restrictive dieting can lead to inadequate intake of essential vitamins and minerals, which can affect overall health. This is general health information, not a diagnosis. Consult a healthcare professional for personal medical advice.",Mayo Clinic – Weight Loss Basics | https://www.mayoclinic.org/healthy-lifestyle/weight-loss/basics/weight-loss-basics/hlv-20049483,B
1136,Women's Nutrition & Wellness,Healthy Weight & Weight Management,Why is a balanced approach to eating better than eliminating entire food groups?,"Eliminating entire food groups can lead to nutrient gaps, while a balanced approach helps ensure adequate intake of all essential nutrients. This is general health information, not a diagnosis. Consult a healthcare professional for personal medical advice.",USDA/HHS – Dietary Guidelines for Americans | https://www.dietaryguidelines.gov/,B
1137,Women's Nutrition & Wellness,Nutrition During Different Life Stages,How do nutritional needs change during adolescence for girls?,"Adolescence involves increased needs for calcium, iron, and overall calories to support growth, bone development, and the onset of menstruation. This is general health information, not a diagnosis. Consult a healthcare professional for personal medical advice.",NIA – Healthy Eating | https://www.nia.nih.gov/health/healthy-eating-nutrition,B
1138,Women's Nutrition & Wellness,Nutrition During Different Life Stages,What nutrients are especially important during young adulthood?,"Calcium, vitamin D, iron, and folate are especially important during young adulthood to support bone health and reproductive health. This is general health information, not a diagnosis. Consult a healthcare professional for personal medical advice.",USDA/HHS – Dietary Guidelines for Americans | https://www.dietaryguidelines.gov/,B
1139,Women's Nutrition & Wellness,Nutrition During Different Life Stages,How do nutritional needs change with aging?,"With aging, calorie needs often decrease while the need for certain nutrients like calcium, vitamin D, and vitamin B12 may increase. This is general health information, not a diagnosis. Consult a healthcare professional for personal medical advice.",NIA – Nutrition as You Age | https://www.nia.nih.gov/health/healthy-eating-nutrition/nutrition-you-age,B
1140,Women's Nutrition & Wellness,Nutrition During Different Life Stages,Why do calorie needs often decrease with age?,"Calorie needs often decrease with age due to a natural decline in muscle mass and lower overall activity levels. This is general health information, not a diagnosis. Consult a healthcare professional for personal medical advice.",NIA – Nutrition as You Age | https://www.nia.nih.gov/health/healthy-eating-nutrition/nutrition-you-age,B
1141,Women's Nutrition & Wellness,Nutrition During Different Life Stages,What nutrients become more important in later adulthood?,"Calcium, vitamin D, vitamin B12, protein, and fiber become especially important for supporting bone, muscle, and digestive health in later adulthood. This is general health information, not a diagnosis. Consult a healthcare professional for personal medical advice.",NIA – Nutrition as You Age | https://www.nia.nih.gov/health/healthy-eating-nutrition/nutrition-you-age,B
1142,Women's Nutrition & Wellness,Nutrition During Different Life Stages,Can appetite changes affect nutrition in older women?,"Yes, reduced appetite in older age can make it harder to meet nutrient needs, so nutrient-dense food choices become especially important. This is general health information, not a diagnosis. Consult a healthcare professional for personal medical advice.",NIA – Nutrition as You Age | https://www.nia.nih.gov/health/healthy-eating-nutrition/nutrition-you-age,B
1143,Women's Nutrition & Wellness,Nutrition During Different Life Stages,Why is protein intake important for older women?,"Adequate protein helps preserve muscle mass and strength, which naturally decline with age. This is general health information, not a diagnosis. Consult a healthcare professional for personal medical advice.",NIA – Nutrition as You Age | https://www.nia.nih.gov/health/healthy-eating-nutrition/nutrition-you-age,B
1144,Women's Nutrition & Wellness,Nutrition During Different Life Stages,Can nutrient absorption change with age?,"Yes, absorption of certain nutrients, such as vitamin B12, can decrease with age due to changes in digestive function. This is general health information, not a diagnosis. Consult a healthcare professional for personal medical advice.",NIH Office of Dietary Supplements – Vitamin B12 Fact Sheet | https://ods.od.nih.gov/factsheets/VitaminB12-Consumer/,B
1145,Women's Nutrition & Wellness,Nutrition During Different Life Stages,What dietary adjustments help support healthy aging?,"Prioritizing nutrient-dense foods, adequate protein, calcium, vitamin D, fiber, and hydration supports healthy aging. This is general health information, not a diagnosis. Consult a healthcare professional for personal medical advice.",NIA – Nutrition as You Age | https://www.nia.nih.gov/health/healthy-eating-nutrition/nutrition-you-age,B
1146,Women's Nutrition & Wellness,Nutrition During Different Life Stages,Why is vitamin B12 absorption sometimes reduced in older adults?,"Reduced stomach acid production with age can impair the body's ability to absorb vitamin B12 from food, sometimes requiring supplementation. This is general health information, not a diagnosis. Consult a healthcare professional for personal medical advice.",NIH Office of Dietary Supplements – Vitamin B12 Fact Sheet | https://ods.od.nih.gov/factsheets/VitaminB12-Consumer/,B
1147,Women's Nutrition & Wellness,Nutrition During Different Life Stages,Can hydration needs change with age?,"Older adults may have a reduced sense of thirst, making it important to consciously maintain adequate fluid intake. This is general health information, not a diagnosis. Consult a healthcare professional for personal medical advice.",Mayo Clinic – Water: How Much Should You Drink Every Day? | https://www.mayoclinic.org/healthy-lifestyle/nutrition-and-healthy-eating/in-depth/water/art-20044256,B
1148,Women's Nutrition & Wellness,Nutrition During Different Life Stages,Why is fiber intake important throughout adulthood?,"Fiber supports digestive health, helps regulate blood sugar, and contributes to heart health across all stages of adulthood. This is general health information, not a diagnosis. Consult a healthcare professional for personal medical advice.",Mayo Clinic – Dietary Fiber | https://www.mayoclinic.org/healthy-lifestyle/nutrition-and-healthy-eating/in-depth/fiber/art-20043983,B
1149,Women's Nutrition & Wellness,Nutrition During Different Life Stages,Can nutrition needs differ between reproductive and postreproductive years?,"Yes, nutrient priorities can shift over time, such as changing calorie needs and an increased focus on bone-supporting nutrients in later years. This is general health information, not a diagnosis. Consult a healthcare professional for personal medical advice.",NIA – Healthy Eating | https://www.nia.nih.gov/health/healthy-eating-nutrition,B
1150,Women's Nutrition & Wellness,Nutrition During Different Life Stages,Why is it important to reassess dietary needs at different life stages?,"Nutrient needs change due to factors like growth, activity level, and aging, so periodically reassessing diet helps ensure ongoing adequate nutrition. This is general health information, not a diagnosis. Consult a healthcare professional for personal medical advice.",NIA – Healthy Eating | https://www.nia.nih.gov/health/healthy-eating-nutrition,B
1151,Women's Nutrition & Wellness,Nutrition During Different Life Stages,Can chronic health conditions affect nutritional needs?,"Yes, conditions such as diabetes or heart disease can require specific dietary adjustments, which should be guided by a healthcare provider. This is general health information, not a diagnosis. Consult a healthcare professional for personal medical advice.",MedlinePlus – Nutrition | https://medlineplus.gov/nutrition.html,B
1152,Women's Nutrition & Wellness,Nutrition During Different Life Stages,Why should older women pay attention to calcium and vitamin D intake?,"Bone density naturally declines with age, so adequate calcium and vitamin D help support bone strength and reduce fracture risk. This is general health information, not a diagnosis. Consult a healthcare professional for personal medical advice.",NIH Office of Dietary Supplements – Calcium Fact Sheet | https://ods.od.nih.gov/factsheets/Calcium-Consumer/,B
1153,Women's Nutrition & Wellness,Nutrition During Different Life Stages,Can social factors affect nutrition in older women?,"Yes, factors such as living alone, limited mobility, or reduced income can affect access to and preparation of nutritious meals in older age. This is general health information, not a diagnosis. Consult a healthcare professional for personal medical advice.",NIA – Nutrition as You Age | https://www.nia.nih.gov/health/healthy-eating-nutrition/nutrition-you-age,B
1154,Women's Nutrition & Wellness,Nutrition During Different Life Stages,Why is muscle-preserving nutrition important as women age?,"Preserving muscle mass supports strength, balance, and independence, and adequate protein intake plays a key role in this process. This is general health information, not a diagnosis. Consult a healthcare professional for personal medical advice.",NIA – Nutrition as You Age | https://www.nia.nih.gov/health/healthy-eating-nutrition/nutrition-you-age,B
1155,Women's Nutrition & Wellness,Nutrition During Different Life Stages,Can nutrition affect immune function at different life stages?,"Yes, adequate intake of nutrients such as vitamin C, vitamin D, zinc, and protein supports healthy immune function throughout life. This is general health information, not a diagnosis. Consult a healthcare professional for personal medical advice.",MedlinePlus – Nutrition | https://medlineplus.gov/nutrition.html,B
1156,Women's Nutrition & Wellness,Nutrition During Different Life Stages,Why should young women build healthy eating habits early?,"Establishing healthy eating habits early in life supports long-term health, helps build strong bones, and reduces future disease risk. This is general health information, not a diagnosis. Consult a healthcare professional for personal medical advice.",Office on Women's Health – Healthy Eating | https://www.womenshealth.gov/healthy-eating,B
1157,Women's Nutrition & Wellness,Nutrition During Different Life Stages,Can nutrient needs vary based on activity level across life stages?,"Yes, more physically active women generally require more calories and certain nutrients compared to less active individuals at the same life stage. This is general health information, not a diagnosis. Consult a healthcare professional for personal medical advice.",USDA/HHS – Dietary Guidelines for Americans | https://www.dietaryguidelines.gov/,B
1158,Women's Nutrition & Wellness,Physical Activity & Wellness,How much physical activity is recommended for adult women each week?,"Guidelines generally recommend at least 150 minutes of moderate-intensity aerobic activity per week, along with muscle-strengthening activities on two or more days. This is general health information, not a diagnosis. Consult a healthcare professional for personal medical advice.",CDC – Physical Activity Guidelines | https://www.cdc.gov/physical-activity-basics/guidelines/index.html,B
1159,Women's Nutrition & Wellness,Physical Activity & Wellness,What are the benefits of regular physical activity for women?,"Regular physical activity supports heart health, bone strength, weight management, mood, and reduces the risk of many chronic diseases. This is general health information, not a diagnosis. Consult a healthcare professional for personal medical advice.",WHO – Physical Activity Fact Sheet | https://www.who.int/news-room/fact-sheets/detail/physical-activity,B
1160,Women's Nutrition & Wellness,Physical Activity & Wellness,Why is a mix of aerobic and strength training exercise recommended?,"Aerobic exercise supports heart and lung health, while strength training builds and preserves muscle and bone strength, so combining both provides broader health benefits. This is general health information, not a diagnosis. Consult a healthcare professional for personal medical advice.",CDC – Physical Activity Guidelines | https://www.cdc.gov/physical-activity-basics/guidelines/index.html,B
1161,Women's Nutrition & Wellness,Physical Activity & Wellness,Can physical activity help reduce the risk of chronic disease?,"Yes, regular physical activity is associated with a reduced risk of heart disease, type 2 diabetes, and certain cancers. This is general health information, not a diagnosis. Consult a healthcare professional for personal medical advice.",WHO – Physical Activity Fact Sheet | https://www.who.int/news-room/fact-sheets/detail/physical-activity,B
1162,Women's Nutrition & Wellness,Physical Activity & Wellness,Why is strength training important for women?,"Strength training helps maintain muscle mass, supports bone density, and improves overall functional strength as women age. This is general health information, not a diagnosis. Consult a healthcare professional for personal medical advice.",CDC – Physical Activity Guidelines | https://www.cdc.gov/physical-activity-basics/guidelines/index.html,B
1163,Women's Nutrition & Wellness,Physical Activity & Wellness,Can regular exercise support bone health?,"Yes, weight-bearing and resistance exercises stimulate bone formation and can help maintain bone density over time. This is general health information, not a diagnosis. Consult a healthcare professional for personal medical advice.",CDC – Physical Activity Guidelines | https://www.cdc.gov/physical-activity-basics/guidelines/index.html,B
1164,Women's Nutrition & Wellness,Physical Activity & Wellness,Why is physical activity beneficial for heart health?,"Regular activity strengthens the heart muscle, helps manage blood pressure and cholesterol, and improves overall cardiovascular fitness. This is general health information, not a diagnosis. Consult a healthcare professional for personal medical advice.",WHO – Physical Activity Fact Sheet | https://www.who.int/news-room/fact-sheets/detail/physical-activity,B
1165,Women's Nutrition & Wellness,Physical Activity & Wellness,How can women safely start a new exercise routine?,"Starting gradually, choosing enjoyable activities, and consulting a healthcare provider beforehand, especially with existing health conditions, supports a safe start to exercise. This is general health information, not a diagnosis. Consult a healthcare professional for personal medical advice.",Office on Women's Health – Fitness | https://www.womenshealth.gov/fitness,B
1166,Women's Nutrition & Wellness,Physical Activity & Wellness,Can physical activity improve sleep quality?,"Yes, regular physical activity is associated with improved sleep quality and duration for many people. This is general health information, not a diagnosis. Consult a healthcare professional for personal medical advice.",CDC – Sleep and Health | https://www.cdc.gov/sleep/about/index.html,B
1167,Women's Nutrition & Wellness,Physical Activity & Wellness,Why is flexibility and balance training beneficial as women age?,"Flexibility and balance exercises help maintain mobility and reduce the risk of falls as women age. This is general health information, not a diagnosis. Consult a healthcare professional for personal medical advice.",CDC – Physical Activity Guidelines | https://www.cdc.gov/physical-activity-basics/guidelines/index.html,B
1168,Women's Nutrition & Wellness,Physical Activity & Wellness,Can moderate activity be broken into shorter sessions throughout the day?,"Yes, physical activity guidelines allow moderate activity to be accumulated in shorter sessions throughout the day rather than all at once. This is general health information, not a diagnosis. Consult a healthcare professional for personal medical advice.",CDC – Physical Activity Guidelines | https://www.cdc.gov/physical-activity-basics/guidelines/index.html,B
1169,Women's Nutrition & Wellness,Physical Activity & Wellness,What counts as moderate-intensity physical activity?,"Moderate-intensity activities include brisk walking, water aerobics, or casual cycling, where breathing and heart rate increase but conversation is still possible. This is general health information, not a diagnosis. Consult a healthcare professional for personal medical advice.",CDC – Physical Activity Guidelines | https://www.cdc.gov/physical-activity-basics/guidelines/index.html,B
1170,Women's Nutrition & Wellness,Physical Activity & Wellness,What counts as vigorous-intensity physical activity?,"Vigorous-intensity activities include running, fast cycling, or aerobic dancing, where breathing becomes hard and fast, making conversation difficult. This is general health information, not a diagnosis. Consult a healthcare professional for personal medical advice.",CDC – Physical Activity Guidelines | https://www.cdc.gov/physical-activity-basics/guidelines/index.html,B
1171,Women's Nutrition & Wellness,Physical Activity & Wellness,Why is reducing sedentary time important for health?,"Prolonged sitting is linked to increased health risks independent of exercise habits, so reducing sedentary time supports overall wellness. This is general health information, not a diagnosis. Consult a healthcare professional for personal medical advice.",WHO – Physical Activity Fact Sheet | https://www.who.int/news-room/fact-sheets/detail/physical-activity,B
1172,Women's Nutrition & Wellness,Physical Activity & Wellness,Can walking be an effective form of exercise?,"Yes, brisk walking is an effective, accessible form of moderate-intensity exercise that provides significant health benefits. This is general health information, not a diagnosis. Consult a healthcare professional for personal medical advice.",CDC – Physical Activity Guidelines | https://www.cdc.gov/physical-activity-basics/guidelines/index.html,B
1173,Women's Nutrition & Wellness,Physical Activity & Wellness,Should women consult a doctor before starting a new exercise program?,"Women with existing health conditions or who have been inactive for a long time should consult a doctor before starting a new, more intense exercise program. This is general health information, not a diagnosis. Consult a healthcare professional for personal medical advice.",Office on Women's Health – Fitness | https://www.womenshealth.gov/fitness,B
1174,Women's Nutrition & Wellness,Physical Activity & Wellness,Can physical activity support healthy weight management?,"Yes, regular physical activity helps burn calories and preserve muscle mass, supporting overall weight management alongside a balanced diet. This is general health information, not a diagnosis. Consult a healthcare professional for personal medical advice.",CDC – Physical Activity Guidelines | https://www.cdc.gov/physical-activity-basics/guidelines/index.html,B
1175,Women's Nutrition & Wellness,Physical Activity & Wellness,Why is consistency important in a physical activity routine?,"Consistent activity over time provides more sustained health benefits than occasional or irregular exercise. This is general health information, not a diagnosis. Consult a healthcare professional for personal medical advice.",WHO – Physical Activity Fact Sheet | https://www.who.int/news-room/fact-sheets/detail/physical-activity,B
1176,Women's Nutrition & Wellness,Physical Activity & Wellness,Can exercise help manage stress levels?,"Yes, regular physical activity can help reduce stress and improve overall mood through various physiological and psychological effects. This is general health information, not a diagnosis. Consult a healthcare professional for personal medical advice.",CDC – Physical Activity Guidelines | https://www.cdc.gov/physical-activity-basics/guidelines/index.html,B
1177,Women's Nutrition & Wellness,Physical Activity & Wellness,Why is warming up and cooling down important during exercise?,"Warming up prepares muscles and the cardiovascular system for activity, while cooling down helps the body gradually return to a resting state, reducing injury risk. This is general health information, not a diagnosis. Consult a healthcare professional for personal medical advice.",Office on Women's Health – Fitness | https://www.womenshealth.gov/fitness,B
1178,Women's Nutrition & Wellness,Physical Activity & Wellness,Why is staying active important for long-term independence in older age?,"Regular physical activity helps maintain strength, balance, and mobility, which supports independence and reduces fall risk in older age. This is general health information, not a diagnosis. Consult a healthcare professional for personal medical advice.",CDC – Physical Activity Guidelines | https://www.cdc.gov/physical-activity-basics/guidelines/index.html,B
1179,Women's Nutrition & Wellness,Physical Activity & Wellness,Can group or social exercise activities improve motivation?,"Yes, group or social exercise settings can improve motivation, accountability, and enjoyment, helping support long-term physical activity habits. This is general health information, not a diagnosis. Consult a healthcare professional for personal medical advice.",Office on Women's Health – Fitness | https://www.womenshealth.gov/fitness,B
1180,Women's Nutrition & Wellness,Healthy Lifestyle & Prevention,What lifestyle habits support long-term disease prevention in women?,"Habits such as balanced nutrition, regular physical activity, avoiding tobacco, limiting alcohol, adequate sleep, and regular health screenings support long-term disease prevention. This is general health information, not a diagnosis. Consult a healthcare professional for personal medical advice.",WHO – Noncommunicable Diseases Fact Sheet | https://www.who.int/news-room/fact-sheets/detail/noncommunicable-diseases,B
1181,Women's Nutrition & Wellness,Healthy Lifestyle & Prevention,Why is avoiding tobacco important for women's health?,"Tobacco use significantly increases the risk of heart disease, cancer, and respiratory conditions, so avoiding it is a key part of disease prevention. This is general health information, not a diagnosis. Consult a healthcare professional for personal medical advice.",WHO – Tobacco Fact Sheet | https://www.who.int/news-room/fact-sheets/detail/tobacco,B
1182,Women's Nutrition & Wellness,Healthy Lifestyle & Prevention,How does limiting alcohol intake support overall health?,"Limiting alcohol intake reduces the risk of liver disease, certain cancers, and other long-term health complications. This is general health information, not a diagnosis. Consult a healthcare professional for personal medical advice.",CDC – Alcohol Use and Your Health | https://www.cdc.gov/alcohol/about-alcohol-use/index.html,B
1183,Women's Nutrition & Wellness,Healthy Lifestyle & Prevention,Why are regular health check-ups important for prevention?,"Regular check-ups allow early detection of potential health issues, enabling timely treatment and better long-term outcomes. This is general health information, not a diagnosis. Consult a healthcare professional for personal medical advice.",CDC – Nutrition | https://www.cdc.gov/nutrition/index.html,B
1184,Women's Nutrition & Wellness,Healthy Lifestyle & Prevention,Can a healthy lifestyle reduce the risk of heart disease?,"Yes, a combination of balanced diet, regular exercise, avoiding tobacco, and managing weight and blood pressure can significantly reduce heart disease risk. This is general health information, not a diagnosis. Consult a healthcare professional for personal medical advice.",WHO – Noncommunicable Diseases Fact Sheet | https://www.who.int/news-room/fact-sheets/detail/noncommunicable-diseases,B
1185,Women's Nutrition & Wellness,Healthy Lifestyle & Prevention,Why is sun protection considered part of a healthy lifestyle?,"Protecting skin from excessive sun exposure helps reduce the risk of skin damage and skin cancer over time. This is general health information, not a diagnosis. Consult a healthcare professional for personal medical advice.",CDC – Nutrition | https://www.cdc.gov/nutrition/index.html,B
1186,Women's Nutrition & Wellness,Healthy Lifestyle & Prevention,Can adequate sleep be considered part of a healthy lifestyle?,"Yes, adequate, quality sleep supports immune function, mental clarity, weight management, and overall physical health. This is general health information, not a diagnosis. Consult a healthcare professional for personal medical advice.",CDC – Sleep and Health | https://www.cdc.gov/sleep/about/index.html,B
1187,Women's Nutrition & Wellness,Healthy Lifestyle & Prevention,Why is stress management important for overall wellness?,"Chronic stress can negatively affect the body, including blood pressure, sleep, and eating habits, making stress management an important part of overall wellness. This is general health information, not a diagnosis. Consult a healthcare professional for personal medical advice.",CDC – Nutrition | https://www.cdc.gov/nutrition/index.html,B
1188,Women's Nutrition & Wellness,Healthy Lifestyle & Prevention,Can hand hygiene help prevent illness?,"Yes, regular handwashing is one of the most effective ways to prevent the spread of infections and illness. This is general health information, not a diagnosis. Consult a healthcare professional for personal medical advice.",CDC – Food Safety | https://www.cdc.gov/food-safety/index.html,B
1189,Women's Nutrition & Wellness,Healthy Lifestyle & Prevention,Why is food safety important in everyday cooking?,"Proper food handling and cooking practices help prevent foodborne illness caused by harmful bacteria and other pathogens. This is general health information, not a diagnosis. Consult a healthcare professional for personal medical advice.",CDC – Food Safety | https://www.cdc.gov/food-safety/index.html,B
1190,Women's Nutrition & Wellness,Healthy Lifestyle & Prevention,What are safe food storage practices to prevent foodborne illness?,"Safe practices include refrigerating perishable foods promptly, storing raw and cooked foods separately, and following recommended storage temperatures and timeframes. This is general health information, not a diagnosis. Consult a healthcare professional for personal medical advice.",CDC – Food Safety | https://www.cdc.gov/food-safety/index.html,B
1191,Women's Nutrition & Wellness,Healthy Lifestyle & Prevention,Why is handwashing important before preparing food?,"Handwashing before food preparation helps prevent the transfer of harmful bacteria and viruses onto food. This is general health information, not a diagnosis. Consult a healthcare professional for personal medical advice.",CDC – Food Safety | https://www.cdc.gov/food-safety/index.html,B
1192,Women's Nutrition & Wellness,Healthy Lifestyle & Prevention,Can a healthy lifestyle reduce cancer risk?,"Yes, factors such as avoiding tobacco, limiting alcohol, maintaining a healthy weight, and eating a balanced diet are associated with reduced cancer risk. This is general health information, not a diagnosis. Consult a healthcare professional for personal medical advice.",WHO – Noncommunicable Diseases Fact Sheet | https://www.who.int/news-room/fact-sheets/detail/noncommunicable-diseases,B
1193,Women's Nutrition & Wellness,Healthy Lifestyle & Prevention,Why is maintaining social connections considered part of overall wellness?,"Strong social connections are linked to better overall wellbeing and can support healthier lifestyle habits and resilience. This is general health information, not a diagnosis. Consult a healthcare professional for personal medical advice.",CDC – Nutrition | https://www.cdc.gov/nutrition/index.html,B
1194,Women's Nutrition & Wellness,Healthy Lifestyle & Prevention,Can regular preventive screenings be considered part of a healthy lifestyle?,"Yes, keeping up with recommended preventive screenings helps detect health issues early and supports overall long-term wellness. This is general health information, not a diagnosis. Consult a healthcare professional for personal medical advice.",CDC – Nutrition | https://www.cdc.gov/nutrition/index.html,B
1195,Women's Nutrition & Wellness,Healthy Lifestyle & Prevention,Why is avoiding excessive processed meat consumption recommended?,"High consumption of processed meat has been linked to increased risk of certain cancers and heart disease, so moderation is generally recommended. This is general health information, not a diagnosis. Consult a healthcare professional for personal medical advice.",WHO – Healthy Diet Fact Sheet | https://www.who.int/news-room/fact-sheets/detail/healthy-diet,B
1196,Women's Nutrition & Wellness,Healthy Lifestyle & Prevention,Can a healthy lifestyle improve long-term quality of life?,"Yes, consistent healthy habits are associated with improved physical function, reduced disease risk, and better overall quality of life over time. This is general health information, not a diagnosis. Consult a healthcare professional for personal medical advice.",WHO – Noncommunicable Diseases Fact Sheet | https://www.who.int/news-room/fact-sheets/detail/noncommunicable-diseases,B
1197,Women's Nutrition & Wellness,Healthy Lifestyle & Prevention,Why is moderation more sustainable than extreme dietary restriction?,"Moderation allows for a varied, enjoyable diet that is easier to maintain long-term compared to overly restrictive approaches that are difficult to sustain. This is general health information, not a diagnosis. Consult a healthcare professional for personal medical advice.",USDA/HHS – Dietary Guidelines for Americans | https://www.dietaryguidelines.gov/,B
1198,Women's Nutrition & Wellness,Healthy Lifestyle & Prevention,"Can small, consistent lifestyle changes lead to significant health benefits?","Yes, small, sustainable changes in diet, activity, and habits can accumulate over time to produce meaningful improvements in health. This is general health information, not a diagnosis. Consult a healthcare professional for personal medical advice.",WHO – Noncommunicable Diseases Fact Sheet | https://www.who.int/news-room/fact-sheets/detail/noncommunicable-diseases,B
1199,Women's Nutrition & Wellness,Healthy Lifestyle & Prevention,Why is it helpful to set realistic and personalized wellness goals?,"Realistic, personalized goals are more achievable and sustainable, helping women build lasting healthy habits suited to their individual circumstances. This is general health information, not a diagnosis. Consult a healthcare professional for personal medical advice.",CDC – Nutrition | https://www.cdc.gov/nutrition/index.html,B
1200,Women's Nutrition & Wellness,Balanced Diet & Healthy Eating,Why are fruits and vegetables important in a healthy diet?,"Fruits and vegetables provide vitamins, minerals, fiber, and other beneficial nutrients. Including a variety of them can support overall health and help form a balanced eating pattern. This is general health information, not a diagnosis. Consult a healthcare professional for personal medical advice.",Office on Women's Health – Healthy Eating and Women | https://womenshealth.gov/healthy-eating/healthy-eating-and-women,B
1201,Women's Nutrition & Wellness,Balanced Diet & Healthy Eating,Why are whole grains useful in a healthy eating pattern?,"Whole grains provide fiber and nutrients and can be part of a balanced eating pattern. Choosing whole-grain foods more often can help increase fiber intake. This is general health information, not a diagnosis. Consult a healthcare professional for personal medical advice.",Office on Women's Health – Healthy Eating and Women | https://womenshealth.gov/healthy-eating/healthy-eating-and-women,B
1202,Women's Nutrition & Wellness,Balanced Diet & Healthy Eating,Should women avoid all carbohydrates to eat healthily?,"No. Carbohydrates are an essential nutrient, and healthy eating can include nutrient-rich carbohydrate foods such as whole grains, fruits, vegetables, and beans. This is general health information, not a diagnosis. Consult a healthcare professional for personal medical advice.",Office on Women's Health – Healthy Eating and Women | https://womenshealth.gov/healthy-eating/healthy-eating-and-women,B
1203,Women's Nutrition & Wellness,Balanced Diet & Healthy Eating,Is there one special diet that every woman should follow?,"No. There is no single diet that is best for every woman. A healthy eating pattern can be adapted to personal needs, preferences, culture, and health conditions. This is general health information, not a diagnosis. Consult a healthcare professional for personal medical advice.",Office on Women's Health – How to Eat for Health | https://womenshealth.gov/healthy-eating/how-eat-health,B
1204,Women's Nutrition & Wellness,Balanced Diet & Healthy Eating,Why is it helpful to limit foods high in added sugar?,"Frequently eating foods and drinks high in added sugar can make it harder to maintain a balanced eating pattern. Choosing nutrient-dense foods more often can help support overall health. This is general health information, not a diagnosis. Consult a healthcare professional for personal medical advice.",Office on Women's Health – Healthy Eating and Women | https://womenshealth.gov/healthy-eating/healthy-eating-and-women,B
1205,Women's Nutrition & Wellness,Essential Nutrients,Why is iron important for women's health?,"Iron is needed to make hemoglobin, a protein in red blood cells that carries oxygen throughout the body. Adequate iron intake is especially important during the reproductive years. This is general health information, not a diagnosis. Consult a healthcare professional for personal medical advice.",NIH Office of Dietary Supplements – Iron | https://ods.od.nih.gov/factsheets/iron-consumer/,B
1206,Women's Nutrition & Wellness,Essential Nutrients,What foods provide iron?,"Iron is found in foods such as meat, seafood, poultry, beans, lentils, nuts, and some fortified foods. Plant sources provide nonheme iron, which the body absorbs differently from the heme iron in animal foods. This is general health information, not a diagnosis. Consult a healthcare professional for personal medical advice.",NIH Office of Dietary Supplements – Iron | https://ods.od.nih.gov/factsheets/iron-consumer/,B
1207,Women's Nutrition & Wellness,Essential Nutrients,Can vitamin C help the body absorb iron from plant foods?,"Yes. Vitamin C can improve absorption of nonheme iron from plant foods. Including vitamin-C-rich foods with plant sources of iron can therefore support iron absorption. This is general health information, not a diagnosis. Consult a healthcare professional for personal medical advice.",NIH Office of Dietary Supplements – Iron | https://ods.od.nih.gov/factsheets/iron-consumer/,B
1208,Women's Nutrition & Wellness,Essential Nutrients,Why is vitamin B12 important?,"Vitamin B12 helps keep blood and nerve cells healthy and is needed to make DNA. Good food sources include animal foods and some fortified foods. This is general health information, not a diagnosis. Consult a healthcare professional for personal medical advice.",Office on Women's Health – Vitamins and Minerals for Women | https://womenshealth.gov/healthy-eating/how-eat-health/vitamins-and-minerals-women,B
1209,Women's Nutrition & Wellness,Essential Nutrients,Why is folate important for general health?,"Folate is a B vitamin involved in making DNA and blood cells. It is an important nutrient for overall health, although pregnancy-specific folic acid guidance belongs in the pregnancy domain. This is general health information, not a diagnosis. Consult a healthcare professional for personal medical advice.",Office on Women's Health – Vitamins and Minerals for Women | https://womenshealth.gov/healthy-eating/how-eat-health/vitamins-and-minerals-women,B
1210,Women's Nutrition & Wellness,Essential Nutrients,Why is fiber important in the diet?,"Fiber is an important part of a healthy eating pattern. Fiber-rich foods include beans, whole grains, fruits, vegetables, and nuts, and adequate intake can support digestive and overall health. This is general health information, not a diagnosis. Consult a healthcare professional for personal medical advice.",Office on Women's Health – Healthy Eating and Women | https://womenshealth.gov/healthy-eating/healthy-eating-and-women,B
1211,Women's Nutrition & Wellness,Iron & Anemia Prevention,What are common food sources of iron for women?,"Iron-rich foods include meat, seafood, poultry, beans, lentils, nuts, and fortified foods. A varied diet can provide iron, but some people may need individualized advice about supplements. This is general health information, not a diagnosis. Consult a healthcare professional for personal medical advice.",NIH Office of Dietary Supplements – Iron | https://ods.od.nih.gov/factsheets/iron-consumer/,B
1212,Women's Nutrition & Wellness,Iron & Anemia Prevention,What are possible signs of iron deficiency?,"Iron deficiency can lead to anemia and may be associated with tiredness, weakness, or difficulty concentrating. Symptoms can have many causes, so persistent symptoms should be evaluated by a healthcare professional. This is general health information, not a diagnosis. Consult a healthcare professional for personal medical advice.",NIH Office of Dietary Supplements – Iron | https://ods.od.nih.gov/factsheets/iron-consumer/,B
1213,Women's Nutrition & Wellness,Iron & Anemia Prevention,Can taking too much iron be harmful?,"Yes. Excessive iron intake can be harmful, and iron supplements should not be taken unnecessarily or in high amounts without appropriate medical advice. This is general health information, not a diagnosis. Consult a healthcare professional for personal medical advice.",NIH Office of Dietary Supplements – Iron | https://ods.od.nih.gov/factsheets/iron-consumer/,B
1214,Women's Nutrition & Wellness,Iron & Anemia Prevention,Who may be at higher risk of iron deficiency?,"Risk can be higher when iron needs are greater or when dietary intake or absorption is inadequate. People with certain health conditions or blood loss may also be at risk. A healthcare professional can assess individual risk and testing needs. This is general health information, not a diagnosis. Consult a healthcare professional for personal medical advice.",NIH Office of Dietary Supplements – Iron | https://ods.od.nih.gov/factsheets/iron-consumer/,B
1215,Women's Nutrition & Wellness,Hydration & General Wellness,Why is hydration important for everyday health?,"Water is needed for normal body functions, and inadequate fluid intake can lead to dehydration. Fluid needs vary with factors such as activity, age, weather, and health conditions. This is general health information, not a diagnosis. Consult a healthcare professional for personal medical advice.",MedlinePlus – Water in Diet | https://medlineplus.gov/ency/article/002471.htm,B
1216,Women's Nutrition & Wellness,Hydration & General Wellness,What are common signs of dehydration in adults?,"Possible signs include thirst, dry mouth, dark-colored urine, reduced urination, tiredness, and dizziness. Severe dehydration can be dangerous and requires prompt medical attention. This is general health information, not a diagnosis. Consult a healthcare professional for personal medical advice.",MedlinePlus – Dehydration | https://medlineplus.gov/dehydration.html,B
1217,Women's Nutrition & Wellness,Hydration & General Wellness,When might a person need more fluids?,"Fluid needs may increase during hot weather, exercise, sweating, fever, vomiting, or diarrhea. People with certain medical conditions may need individualized fluid advice. This is general health information, not a diagnosis. Consult a healthcare professional for personal medical advice.",MedlinePlus – Dehydration | https://medlineplus.gov/dehydration.html,B
1218,Women's Nutrition & Wellness,Hydration & General Wellness,Is water the only source of fluid?,"No. Fluids also come from other beverages and from foods that contain water. Individual needs vary, so people with medical conditions should ask their healthcare professional about appropriate fluid intake. This is general health information, not a diagnosis. Consult a healthcare professional for personal medical advice.",MedlinePlus – Water in Diet | https://medlineplus.gov/ency/article/002471.htm,B
1219,Women's Nutrition & Wellness,Hydration & General Wellness,When is dehydration an emergency?,"Severe dehydration can cause serious problems such as confusion, fainting, very little or no urination, rapid heartbeat, or rapid breathing. These signs require prompt medical attention. This is general health information, not a diagnosis. Consult a healthcare professional for personal medical advice.",MedlinePlus – Dehydration | https://medlineplus.gov/dehydration.html,B
1220,Women's Nutrition & Wellness,Physical Activity & Exercise,How much moderate aerobic activity should adults generally aim for each week?,"Adults should generally aim for at least 150 minutes of moderate-intensity aerobic activity per week, with additional benefits from more activity. People should adapt activity to their abilities and health status. This is general health information, not a diagnosis. Consult a healthcare professional for personal medical advice.",CDC – Physical Activity Guidelines for Americans | https://stacks.cdc.gov/view/cdc/121857,B
1221,Women's Nutrition & Wellness,Physical Activity & Exercise,How often should adults do muscle-strengthening activity?,"Adults should generally do muscle-strengthening activities on two or more days each week. Activities should involve the major muscle groups and be appropriate for the person's fitness and health status. This is general health information, not a diagnosis. Consult a healthcare professional for personal medical advice.",CDC – Physical Activity Guidelines for Americans | https://stacks.cdc.gov/view/cdc/121857,B
1222,Women's Nutrition & Wellness,Physical Activity & Exercise,Can walking count as physical activity?,"Yes. Brisk walking can provide moderate-intensity aerobic activity and can be included in a regular exercise routine. The appropriate amount and intensity depend on individual ability and health. This is general health information, not a diagnosis. Consult a healthcare professional for personal medical advice.",CDC – Physical Activity Guidelines for Americans | https://stacks.cdc.gov/view/cdc/121857,B
1223,Women's Nutrition & Wellness,Physical Activity & Exercise,Is some physical activity better than none?,"Yes. People who are least active can benefit from even modest increases in moderate-to-vigorous physical activity. Gradually increasing activity can be a practical way to become more active. This is general health information, not a diagnosis. Consult a healthcare professional for personal medical advice.",CDC – Physical Activity Guidelines for Americans | https://stacks.cdc.gov/view/cdc/121857,B
1224,Women's Nutrition & Wellness,Physical Activity & Exercise,Why should adults reduce prolonged sitting?,"Moving more and sitting less can provide health benefits. Replacing some sedentary time with physical activity is encouraged as part of an active lifestyle. This is general health information, not a diagnosis. Consult a healthcare professional for personal medical advice.",CDC – Physical Activity Guidelines for Americans | https://stacks.cdc.gov/view/cdc/121857,B
1225,Women's Nutrition & Wellness,Physical Activity & Exercise,Can physical activity help with healthy weight management?,"Regular physical activity can support healthy weight management and help preserve muscle during weight loss. Nutrition and activity both contribute to maintaining a healthy weight. This is general health information, not a diagnosis. Consult a healthcare professional for personal medical advice.",CDC – Physical Activity Guidelines for Americans | https://stacks.cdc.gov/view/cdc/121857,B
1226,Women's Nutrition & Wellness,Healthy Weight & Weight Management,What is a healthy approach to weight management?,"A healthy approach focuses on sustainable eating habits, regular physical activity, and overall health rather than rapid weight loss. Individual goals should take health conditions and personal circumstances into account. This is general health information, not a diagnosis. Consult a healthcare professional for personal medical advice.",Office on Women's Health – Healthy Eating and Women | https://womenshealth.gov/healthy-eating/healthy-eating-and-women,B
1227,Women's Nutrition & Wellness,Healthy Weight & Weight Management,Does physical activity benefit health even if weight does not change?,"Yes. Physical activity provides health benefits that are generally independent of body weight. It can support cardiovascular health, fitness, muscle strength, and other aspects of well-being. This is general health information, not a diagnosis. Consult a healthcare professional for personal medical advice.",CDC – Physical Activity Guidelines for Americans | https://stacks.cdc.gov/view/cdc/121857,B
1228,Women's Nutrition & Wellness,Healthy Weight & Weight Management,Why is gradual weight management often preferable to extreme dieting?,"Gradual, sustainable changes can be easier to maintain than highly restrictive approaches. A healthy eating pattern and regular activity are generally more useful long-term strategies than extreme dieting. This is general health information, not a diagnosis. Consult a healthcare professional for personal medical advice.",Office on Women's Health – How to Eat for Health | https://womenshealth.gov/healthy-eating/how-eat-health,B
1229,Women's Nutrition & Wellness,Healthy Weight & Weight Management,Should women skip meals to manage their weight?,"Skipping meals is not required for healthy weight management. A balanced eating pattern with appropriate portions and regular meals or snacks can be adapted to individual needs. This is general health information, not a diagnosis. Consult a healthcare professional for personal medical advice.",Office on Women's Health – Healthy Eating and Women | https://womenshealth.gov/healthy-eating/healthy-eating-and-women,B
1230,Women's Nutrition & Wellness,Sleep & Rest,How much sleep do most adults need?,"Most adults generally need at least seven hours of sleep per night, although individual needs can vary. Consistently getting too little sleep may affect health and daily functioning. This is general health information, not a diagnosis. Consult a healthcare professional for personal medical advice.",CDC – Short Sleep Duration and Sleep Difficulties Among Adults | https://www.cdc.gov/nchs/products/databriefs/db559.htm,B
1231,Women's Nutrition & Wellness,Sleep & Rest,Why is a regular sleep schedule helpful?,"Keeping a consistent sleep and wake schedule can support a stable sleep routine. Good sleep habits are part of overall sleep health. This is general health information, not a diagnosis. Consult a healthcare professional for personal medical advice.",National Institute on Aging – Sleep | https://www.nia.nih.gov/health/sleep,B
1232,Women's Nutrition & Wellness,Sleep & Rest,Can lack of sleep affect daytime functioning?,"Yes. Insufficient or poor-quality sleep can affect alertness, concentration, and daily functioning. Persistent sleep problems should be discussed with a healthcare professional. This is general health information, not a diagnosis. Consult a healthcare professional for personal medical advice.",National Institute on Aging – Sleep | https://www.nia.nih.gov/health/sleep,B
1233,Women's Nutrition & Wellness,Sleep & Rest,When should persistent sleep problems be discussed with a healthcare professional?,"Persistent difficulty falling asleep, staying asleep, or getting enough sleep can have many causes. If sleep problems continue or interfere with daily life, discussing them with a healthcare professional is appropriate. This is general health information, not a diagnosis. Consult a healthcare professional for personal medical advice.",National Institute on Aging – Sleep | https://www.nia.nih.gov/health/sleep,B
1234,Women's Nutrition & Wellness,Common Everyday Ailments,Can missing meals contribute to headaches?,"Missing meals can be associated with tension headaches in some people. Regular meals, adequate hydration, and good sleep may help prevent some common headache triggers. This is general health information, not a diagnosis. Consult a healthcare professional for personal medical advice.",MedlinePlus – Headache | https://medlineplus.gov/headache.html,B
1235,Women's Nutrition & Wellness,Common Everyday Ailments,When does a headache need urgent medical attention?,"A sudden, severe, or unusually intense headache can be a warning sign and may require urgent medical evaluation, especially when accompanied by neurological symptoms, fever, stiff neck, confusion, or loss of consciousness. This is general health information, not a diagnosis. Consult a healthcare professional for personal medical advice.",MedlinePlus – Headaches: Danger Signs | https://medlineplus.gov/ency/patientinstructions/000424.htm,B
1236,Women's Nutrition & Wellness,Common Everyday Ailments,Can poor sleep contribute to headaches?,"Poor sleep can be associated with headaches, and sleep problems are a common lifestyle factor linked with some headaches. Persistent or severe headaches should be assessed by a healthcare professional. This is general health information, not a diagnosis. Consult a healthcare professional for personal medical advice.",MedlinePlus – Headache | https://medlineplus.gov/headache.html,B
1237,Women's Nutrition & Wellness,Common Everyday Ailments,Can dehydration cause tiredness or dizziness?,"Yes. Dehydration can cause symptoms such as tiredness and dizziness, along with thirst, dry mouth, and darker urine. Severe symptoms require prompt medical attention. This is general health information, not a diagnosis. Consult a healthcare professional for personal medical advice.",MedlinePlus – Dehydration | https://medlineplus.gov/dehydration.html,B
1238,Women's Nutrition & Wellness,Common Everyday Ailments,What should someone do if fatigue persists without a clear reason?,"Persistent fatigue can have many possible causes, including sleep problems, anemia, illness, medications, or other conditions. If fatigue continues or interferes with daily life, a healthcare professional can help determine whether evaluation is needed. This is general health information, not a diagnosis. Consult a healthcare professional for personal medical advice.",Office on Women's Health – Healthy Eating and Women | https://womenshealth.gov/healthy-eating/healthy-eating-and-women,B
1239,Women's Nutrition & Wellness,Preventive Health Check-ups,Why are preventive health check-ups important?,"Preventive care can help identify health risks or conditions early and support healthy habits. The appropriate checks depend on age, personal risk factors, and medical history. This is general health information, not a diagnosis. Consult a healthcare professional for personal medical advice.",Office on Women's Health – Healthy Eating | https://womenshealth.gov/healthy-eating,B
1240,Women's Nutrition & Wellness,Preventive Health Check-ups,Should health screenings be the same for every woman?,"No. Screening needs vary according to age, personal and family history, risk factors, and other health considerations. A healthcare professional can recommend appropriate screening based on individual circumstances. This is general health information, not a diagnosis. Consult a healthcare professional for personal medical advice.",Office on Women's Health – Healthy Eating | https://womenshealth.gov/healthy-eating,B
1241,Women's Nutrition & Wellness,Preventive Health Check-ups,Why is it useful to discuss supplements with a healthcare professional?,"Supplements can interact with medicines or provide nutrients in amounts that are not appropriate for everyone. Discussing supplements with a healthcare professional can help determine whether they are needed and safe. This is general health information, not a diagnosis. Consult a healthcare professional for personal medical advice.",Office on Women's Health – Vitamins and Minerals for Women | https://womenshealth.gov/healthy-eating/how-eat-health/vitamins-and-minerals-women,B
1242,Women's Nutrition & Wellness,Preventive Health Check-ups,Can healthy eating help reduce the risk of some chronic diseases?,"Yes. Healthy eating can help support a healthy weight and lower the risk of conditions such as heart disease and diabetes. It works as part of an overall healthy lifestyle. This is general health information, not a diagnosis. Consult a healthcare professional for personal medical advice.",Office on Women's Health – Healthy Eating and Women | https://womenshealth.gov/healthy-eating/healthy-eating-and-women,B
1243,Women's Nutrition & Wellness,Preventive Health Check-ups,Why is it important to consider family health history?,"Family health history can help identify patterns of health conditions and may influence screening or prevention discussions. Sharing relevant family history with a healthcare professional can support individualized care. This is general health information, not a diagnosis. Consult a healthcare professional for personal medical advice.",Office on Women's Health – Healthy Eating | https://womenshealth.gov/healthy-eating,B
1244,Women's Nutrition & Wellness,Hydration & General Wellness,Can drinking enough fluids help prevent dehydration during exercise?,"Yes. Physical activity can increase fluid loss through sweating, especially in hot conditions, so replacing lost fluids helps reduce dehydration risk. Individual needs vary with activity and conditions. This is general health information, not a diagnosis. Consult a healthcare professional for personal medical advice.",MedlinePlus – Dehydration | https://medlineplus.gov/dehydration.html,B
1245,Women's Nutrition & Wellness,Essential Nutrients,Why is calcium important for general women's health?,"Calcium is an important mineral for bones and other normal body functions. Food sources include dairy products, some vegetables, and calcium-fortified foods. This is general health information, not a diagnosis. Consult a healthcare professional for personal medical advice.",Office on Women's Health – Healthy Eating and Women | https://womenshealth.gov/healthy-eating/healthy-eating-and-women,B
1246,Women's Nutrition & Wellness,Physical Activity & Exercise,Can strength training help maintain muscle?,"Yes. Muscle-strengthening activity can help build and maintain muscle strength. It is an important part of a balanced physical activity routine. This is general health information, not a diagnosis. Consult a healthcare professional for personal medical advice.",CDC – Physical Activity Guidelines for Americans | https://stacks.cdc.gov/view/cdc/121857,B
1247,Women's Nutrition & Wellness,Sleep & Rest,Can a relaxing bedtime routine support better sleep?,"A consistent and relaxing bedtime routine can support healthy sleep habits. If sleep problems persist or interfere with daily life, discuss them with a healthcare professional. This is general health information, not a diagnosis. Consult a healthcare professional for personal medical advice.",National Institute on Aging – Sleep | https://www.nia.nih.gov/health/sleep,B
1248,Women's Nutrition & Wellness,Balanced Diet & Healthy Eating,Why should women include different types of protein foods?,"Different protein foods can provide protein along with other nutrients. Beans, lentils, nuts, seeds, eggs, seafood, poultry, and other protein foods can be included as part of a varied eating pattern. This is general health information, not a diagnosis. Consult a healthcare professional for personal medical advice.",Office on Women's Health – Healthy Eating and Women | https://womenshealth.gov/healthy-eating/healthy-eating-and-women,B
1249,Women's Nutrition & Wellness,Preventive Health Check-ups,Why should persistent or unexplained symptoms be discussed with a healthcare professional?,"Symptoms such as persistent fatigue, dizziness, or recurring headaches can have many possible causes. A healthcare professional can determine whether further evaluation or testing is appropriate. This is general health information, not a diagnosis. Consult a healthcare professional for personal medical advice.",MedlinePlus – Headache | https://medlineplus.gov/headache.html,B
1250,Menopause & Menopausal Health,Perimenopause & Menopause Basics,What is menopause?,"Menopause is the point in time when a woman has gone 12 consecutive months without a menstrual period, marking the permanent end of menstrual cycles due to declining ovarian hormone production. This is general health information, not a diagnosis. Consult a healthcare professional for personal medical advice.",NIA – What Is Menopause? | https://www.nia.nih.gov/health/menopause/what-menopause,B
1251,Menopause & Menopausal Health,Perimenopause & Menopause Basics,What is perimenopause?,"Perimenopause is the transitional period leading up to menopause, during which hormone levels fluctuate and periods become irregular, often lasting several years. This is general health information, not a diagnosis. Consult a healthcare professional for personal medical advice.",Mayo Clinic – Perimenopause | https://www.mayoclinic.org/diseases-conditions/perimenopause/symptoms-causes/syc-20354666,B
1252,Menopause & Menopausal Health,Perimenopause & Menopause Basics,At what age does menopause typically occur?,"Menopause most commonly occurs between ages 45 and 55, with the average age in many Western countries being around 51. This is general health information, not a diagnosis. Consult a healthcare professional for personal medical advice.",Office on Women's Health – Menopause | https://www.womenshealth.gov/menopause,B
1253,Menopause & Menopausal Health,Perimenopause & Menopause Basics,What is the average age of menopause onset?,"The average age of natural menopause is about 51 years, though it can vary based on genetics, health history, and lifestyle factors. This is general health information, not a diagnosis. Consult a healthcare professional for personal medical advice.",NIA – What Is Menopause? | https://www.nia.nih.gov/health/menopause/what-menopause,B
1254,Menopause & Menopausal Health,Perimenopause & Menopause Basics,How is menopause officially diagnosed?,"Menopause is diagnosed retrospectively after a woman has had no menstrual period for 12 consecutive months, without another cause for the absence of periods. This is general health information, not a diagnosis. Consult a healthcare professional for personal medical advice.",Mayo Clinic – Menopause | https://www.mayoclinic.org/diseases-conditions/menopause/symptoms-causes/syc-20353397,B
1255,Menopause & Menopausal Health,Perimenopause & Menopause Basics,What is premature menopause?,"Premature menopause refers to menopause occurring before age 40, which can result from genetic factors, autoimmune conditions, or medical treatments. This is general health information, not a diagnosis. Consult a healthcare professional for personal medical advice.",Cleveland Clinic – Premature and Early Menopause | https://my.clevelandclinic.org/health/diseases/21138-premature-menopause,B
1256,Menopause & Menopausal Health,Perimenopause & Menopause Basics,What is early menopause?,"Early menopause is menopause that occurs between ages 40 and 45, earlier than the typical average age range. This is general health information, not a diagnosis. Consult a healthcare professional for personal medical advice.",Cleveland Clinic – Premature and Early Menopause | https://my.clevelandclinic.org/health/diseases/21138-premature-menopause,B
1257,Menopause & Menopausal Health,Perimenopause & Menopause Basics,What is surgical menopause?,"Surgical menopause occurs when both ovaries are surgically removed, causing an abrupt drop in hormone levels and immediate onset of menopause regardless of age. This is general health information, not a diagnosis. Consult a healthcare professional for personal medical advice.",Cleveland Clinic – Menopause | https://my.clevelandclinic.org/health/diseases/21841-menopause,B
1258,Menopause & Menopausal Health,Perimenopause & Menopause Basics,How does surgical menopause differ from natural menopause?,"Surgical menopause happens suddenly after ovary removal, while natural menopause occurs gradually over years as ovarian hormone production declines on its own. This is general health information, not a diagnosis. Consult a healthcare professional for personal medical advice.",Cleveland Clinic – Menopause | https://my.clevelandclinic.org/health/diseases/21841-menopause,B
1259,Menopause & Menopausal Health,Perimenopause & Menopause Basics,What hormonal changes occur during perimenopause?,"During perimenopause, estrogen and progesterone levels fluctuate irregularly before declining, while follicle-stimulating hormone (FSH) levels gradually rise. This is general health information, not a diagnosis. Consult a healthcare professional for personal medical advice.",Mayo Clinic – Perimenopause | https://www.mayoclinic.org/diseases-conditions/perimenopause/symptoms-causes/syc-20354666,B
1260,Menopause & Menopausal Health,Perimenopause & Menopause Basics,What role does estrogen play in menopause?,"Estrogen regulates the menstrual cycle and affects bone, heart, skin, and vaginal tissue; its decline during menopause contributes to many associated symptoms. This is general health information, not a diagnosis. Consult a healthcare professional for personal medical advice.",NIA – What Is Menopause? | https://www.nia.nih.gov/health/menopause/what-menopause,B
1261,Menopause & Menopausal Health,Perimenopause & Menopause Basics,What role does progesterone play in menopause?,"Progesterone helps regulate the menstrual cycle and prepares the uterine lining; its decline during perimenopause contributes to irregular periods. This is general health information, not a diagnosis. Consult a healthcare professional for personal medical advice.",Mayo Clinic – Perimenopause | https://www.mayoclinic.org/diseases-conditions/perimenopause/symptoms-causes/syc-20354666,B
1262,Menopause & Menopausal Health,Perimenopause & Menopause Basics,What role does FSH play in confirming menopause?,"Follicle-stimulating hormone (FSH) rises as ovarian function declines, and elevated FSH levels can support a menopause diagnosis alongside clinical symptoms. This is general health information, not a diagnosis. Consult a healthcare professional for personal medical advice.",MedlinePlus – Menopause | https://medlineplus.gov/menopause.html,B
1263,Menopause & Menopausal Health,Perimenopause & Menopause Basics,How long does perimenopause typically last?,"Perimenopause can last anywhere from a few months to about 10 years, with an average duration of around four years. This is general health information, not a diagnosis. Consult a healthcare professional for personal medical advice.",Cleveland Clinic – Perimenopause | https://my.clevelandclinic.org/health/diseases/21608-perimenopause,B
1264,Menopause & Menopausal Health,Perimenopause & Menopause Basics,What triggers the start of perimenopause?,"Perimenopause begins as the ovaries gradually produce less estrogen and the number of remaining egg follicles declines with age. This is general health information, not a diagnosis. Consult a healthcare professional for personal medical advice.",Mayo Clinic – Perimenopause | https://www.mayoclinic.org/diseases-conditions/perimenopause/symptoms-causes/syc-20354666,B
1265,Menopause & Menopausal Health,Perimenopause & Menopause Basics,Can smoking affect the age of menopause onset?,"Yes, smoking is associated with reaching menopause one to two years earlier than non-smokers on average. This is general health information, not a diagnosis. Consult a healthcare professional for personal medical advice.",Cleveland Clinic – Premature and Early Menopause | https://my.clevelandclinic.org/health/diseases/21138-premature-menopause,B
1266,Menopause & Menopausal Health,Perimenopause & Menopause Basics,Does family history affect the age of menopause?,"Yes, genetics play a significant role, and women often experience menopause around a similar age to their mothers or sisters. This is general health information, not a diagnosis. Consult a healthcare professional for personal medical advice.",Cleveland Clinic – Menopause | https://my.clevelandclinic.org/health/diseases/21841-menopause,B
1267,Menopause & Menopausal Health,Perimenopause & Menopause Basics,What is the difference between perimenopause and menopause?,"Perimenopause is the transitional phase with fluctuating hormones and irregular periods, while menopause is the single point marking 12 months without a period. This is general health information, not a diagnosis. Consult a healthcare professional for personal medical advice.",Mayo Clinic – Perimenopause | https://www.mayoclinic.org/diseases-conditions/perimenopause/symptoms-causes/syc-20354666,B
1268,Menopause & Menopausal Health,Perimenopause & Menopause Basics,What is postmenopause?,"Postmenopause refers to the years following menopause, during which hormone levels remain low and menopausal symptoms may gradually ease for many women. This is general health information, not a diagnosis. Consult a healthcare professional for personal medical advice.",Cleveland Clinic – Menopause | https://my.clevelandclinic.org/health/diseases/21841-menopause,B
1269,Menopause & Menopausal Health,Perimenopause & Menopause Basics,Is menopause a disease?,"No, menopause is a natural biological transition, not a disease, although it can bring symptoms and long-term health considerations that may need management. This is general health information, not a diagnosis. Consult a healthcare professional for personal medical advice.",WHO – Menopause Fact Sheet | https://www.who.int/news-room/fact-sheets/detail/menopause,B
1270,Menopause & Menopausal Health,Perimenopause & Menopause Basics,Can menopause happen suddenly?,"Natural menopause develops gradually over years, but surgical or medically induced menopause can occur abruptly after ovary removal or certain treatments. This is general health information, not a diagnosis. Consult a healthcare professional for personal medical advice.",Cleveland Clinic – Menopause | https://my.clevelandclinic.org/health/diseases/21841-menopause,B
1271,Menopause & Menopausal Health,Perimenopause & Menopause Basics,What is induced menopause?,"Induced menopause results from medical interventions such as surgery, chemotherapy, or radiation that stop ovarian function before natural menopause would occur. This is general health information, not a diagnosis. Consult a healthcare professional for personal medical advice.",Cleveland Clinic – Premature and Early Menopause | https://my.clevelandclinic.org/health/diseases/21138-premature-menopause,B
1272,Menopause & Menopausal Health,Perimenopause & Menopause Basics,Does chemotherapy cause menopause?,"Certain chemotherapy drugs can damage ovarian function and trigger temporary or permanent menopause, depending on the drug type, dose, and a woman's age. This is general health information, not a diagnosis. Consult a healthcare professional for personal medical advice.",Cleveland Clinic – Premature and Early Menopause | https://my.clevelandclinic.org/health/diseases/21138-premature-menopause,B
1273,Menopause & Menopausal Health,Perimenopause & Menopause Basics,Can menopause be diagnosed with a blood test alone?,"Blood tests measuring FSH and estrogen can support a diagnosis, but menopause is typically confirmed based on 12 months without a period along with symptoms and age. This is general health information, not a diagnosis. Consult a healthcare professional for personal medical advice.",MedlinePlus – Menopause | https://medlineplus.gov/menopause.html,B
1274,Menopause & Menopausal Health,Perimenopause & Menopause Basics,What is the climacteric?,"The climacteric is another term for the broader menopausal transition period, encompassing perimenopause, menopause, and early postmenopause. This is general health information, not a diagnosis. Consult a healthcare professional for personal medical advice.",WHO – Menopause Fact Sheet | https://www.who.int/news-room/fact-sheets/detail/menopause,B
1275,Menopause & Menopausal Health,Perimenopause & Menopause Basics,Why does perimenopause cause hormonal fluctuations?,"As the number of functioning ovarian follicles declines, hormone production becomes inconsistent from cycle to cycle, causing unpredictable estrogen and progesterone levels. This is general health information, not a diagnosis. Consult a healthcare professional for personal medical advice.",Mayo Clinic – Perimenopause | https://www.mayoclinic.org/diseases-conditions/perimenopause/symptoms-causes/syc-20354666,B
1276,Menopause & Menopausal Health,Perimenopause & Menopause Basics,Can perimenopause start in the late 30s?,"Yes, perimenopause can begin in the late 30s for some women, although it more commonly starts in the mid-to-late 40s. This is general health information, not a diagnosis. Consult a healthcare professional for personal medical advice.",Cleveland Clinic – Perimenopause | https://my.clevelandclinic.org/health/diseases/21608-perimenopause,B
1277,Menopause & Menopausal Health,Perimenopause & Menopause Basics,What is the typical duration of the menopausal transition?,"The full menopausal transition, from first symptoms of perimenopause through menopause, commonly spans four to eight years. This is general health information, not a diagnosis. Consult a healthcare professional for personal medical advice.",Cleveland Clinic – Perimenopause | https://my.clevelandclinic.org/health/diseases/21608-perimenopause,B
1278,Menopause & Menopausal Health,Perimenopause & Menopause Basics,Does menopause affect fertility?,"Yes, fertility declines significantly during perimenopause and ends at menopause, when the ovaries stop releasing eggs. This is general health information, not a diagnosis. Consult a healthcare professional for personal medical advice.",Office on Women's Health – Menopause | https://www.womenshealth.gov/menopause,B
1279,Menopause & Menopausal Health,Perimenopause & Menopause Basics,Can a woman get pregnant during perimenopause?,"Yes, pregnancy is still possible during perimenopause because ovulation can still occur irregularly until menopause is reached. This is general health information, not a diagnosis. Consult a healthcare professional for personal medical advice.",Mayo Clinic – Perimenopause | https://www.mayoclinic.org/diseases-conditions/perimenopause/symptoms-causes/syc-20354666,B
1280,Menopause & Menopausal Health,Perimenopause & Menopause Basics,What is ovarian reserve and how does it relate to menopause?,"Ovarian reserve refers to the remaining supply of eggs in the ovaries; as this reserve naturally declines with age, it contributes to the onset of perimenopause and menopause. This is general health information, not a diagnosis. Consult a healthcare professional for personal medical advice.",Mayo Clinic – Perimenopause | https://www.mayoclinic.org/diseases-conditions/perimenopause/symptoms-causes/syc-20354666,B
1281,Menopause & Menopausal Health,Perimenopause & Menopause Basics,What is anti-Mullerian hormone's (AMH) role in perimenopause?,"AMH levels reflect ovarian reserve and tend to decline as a woman approaches menopause, though it is not routinely required to diagnose perimenopause. This is general health information, not a diagnosis. Consult a healthcare professional for personal medical advice.",MedlinePlus – Menopause | https://medlineplus.gov/menopause.html,B
1282,Menopause & Menopausal Health,Perimenopause & Menopause Basics,How do genetics influence menopause timing?,"Genetic factors significantly influence the age of menopause onset, which is why menopause timing often runs in families. This is general health information, not a diagnosis. Consult a healthcare professional for personal medical advice.",Cleveland Clinic – Menopause | https://my.clevelandclinic.org/health/diseases/21841-menopause,B
1283,Menopause & Menopausal Health,Perimenopause & Menopause Basics,Is menopause the same for every woman?,"No, the timing, symptoms, and severity of menopause vary widely between individuals due to genetics, health status, and lifestyle factors. This is general health information, not a diagnosis. Consult a healthcare professional for personal medical advice.",WHO – Menopause Fact Sheet | https://www.who.int/news-room/fact-sheets/detail/menopause,B
1284,Menopause & Menopausal Health,Perimenopause & Menopause Basics,What is the difference between natural and medically induced menopause?,"Natural menopause occurs gradually as ovarian function declines with age, while medically induced menopause results abruptly from surgery, chemotherapy, or radiation therapy. This is general health information, not a diagnosis. Consult a healthcare professional for personal medical advice.",Cleveland Clinic – Premature and Early Menopause | https://my.clevelandclinic.org/health/diseases/21138-premature-menopause,B
1285,Menopause & Menopausal Health,Common Symptoms,What are the most common symptoms of perimenopause?,"Common symptoms include irregular periods, hot flashes, night sweats, sleep disturbances, vaginal dryness, and mood changes. This is general health information, not a diagnosis. Consult a healthcare professional for personal medical advice.",Mayo Clinic – Perimenopause | https://www.mayoclinic.org/diseases-conditions/perimenopause/symptoms-causes/syc-20354666,B
1286,Menopause & Menopausal Health,Common Symptoms,What causes hot flashes?,"Hot flashes are thought to result from declining estrogen affecting the brain's temperature-regulating center, causing sudden sensations of heat, flushing, and sweating. This is general health information, not a diagnosis. Consult a healthcare professional for personal medical advice.",Cleveland Clinic – Hot Flashes | https://my.clevelandclinic.org/health/symptoms/17787-hot-flashes,B
1287,Menopause & Menopausal Health,Common Symptoms,How long do hot flashes typically last?,"Individual hot flashes usually last a few minutes, but the overall pattern of hot flashes can persist for several years around the menopausal transition. This is general health information, not a diagnosis. Consult a healthcare professional for personal medical advice.",NIA – Hot Flashes: What Can I Do? | https://www.nia.nih.gov/health/menopause/hot-flashes-what-can-i-do,B
1288,Menopause & Menopausal Health,Common Symptoms,What triggers hot flashes?,"Common triggers include caffeine, alcohol, spicy foods, stress, warm environments, and tight clothing, although triggers vary between individuals. This is general health information, not a diagnosis. Consult a healthcare professional for personal medical advice.",NIA – Hot Flashes: What Can I Do? | https://www.nia.nih.gov/health/menopause/hot-flashes-what-can-i-do,B
1289,Menopause & Menopausal Health,Common Symptoms,What are night sweats?,"Night sweats are episodes of excessive sweating during sleep, often linked to hot flashes occurring at night due to hormonal changes. This is general health information, not a diagnosis. Consult a healthcare professional for personal medical advice.",Cleveland Clinic – Night Sweats | https://my.clevelandclinic.org/health/symptoms/21484-night-sweats,B
1290,Menopause & Menopausal Health,Common Symptoms,How are night sweats related to hot flashes?,"Night sweats are essentially hot flashes that occur during sleep, caused by the same hormonal fluctuations affecting body temperature regulation. This is general health information, not a diagnosis. Consult a healthcare professional for personal medical advice.",Cleveland Clinic – Night Sweats | https://my.clevelandclinic.org/health/symptoms/21484-night-sweats,B
1291,Menopause & Menopausal Health,Common Symptoms,Why does menopause cause sleep problems?,"Hormonal changes, night sweats, and increased anxiety during menopause can disrupt sleep patterns and make it harder to fall or stay asleep. This is general health information, not a diagnosis. Consult a healthcare professional for personal medical advice.",NIA – Menopause and Sleep | https://www.nia.nih.gov/health/menopause/what-menopause,B
1292,Menopause & Menopausal Health,Common Symptoms,What sleep changes are common during perimenopause?,"Many women experience difficulty falling asleep, frequent nighttime waking, and reduced overall sleep quality during perimenopause. This is general health information, not a diagnosis. Consult a healthcare professional for personal medical advice.",Cleveland Clinic – Perimenopause | https://my.clevelandclinic.org/health/diseases/21608-perimenopause,B
1293,Menopause & Menopausal Health,Common Symptoms,Can menopause cause joint pain?,"Yes, some women experience joint aches and stiffness during the menopausal transition, possibly linked to declining estrogen levels. This is general health information, not a diagnosis. Consult a healthcare professional for personal medical advice.",Cleveland Clinic – Menopause | https://my.clevelandclinic.org/health/diseases/21841-menopause,B
1294,Menopause & Menopausal Health,Common Symptoms,Why does vaginal dryness occur during menopause?,"Lower estrogen levels cause vaginal tissues to become thinner, less elastic, and less lubricated, leading to dryness and discomfort. This is general health information, not a diagnosis. Consult a healthcare professional for personal medical advice.",NHS – Vaginal Dryness | https://www.nhs.uk/conditions/vaginal-dryness/,B
1295,Menopause & Menopausal Health,Common Symptoms,What causes changes in skin during menopause?,"Declining estrogen reduces collagen production, which can lead to thinner, drier, and less elastic skin during and after menopause. This is general health information, not a diagnosis. Consult a healthcare professional for personal medical advice.",Cleveland Clinic – Menopause | https://my.clevelandclinic.org/health/diseases/21841-menopause,B
1296,Menopause & Menopausal Health,Common Symptoms,Can menopause affect hair texture or thickness?,"Yes, hormonal changes during menopause can lead to thinning hair on the scalp and, in some cases, increased facial hair growth. This is general health information, not a diagnosis. Consult a healthcare professional for personal medical advice.",Cleveland Clinic – Menopause | https://my.clevelandclinic.org/health/diseases/21841-menopause,B
1297,Menopause & Menopausal Health,Common Symptoms,Why do some women experience brain fog during perimenopause?,"Fluctuating hormone levels, poor sleep, and stress during perimenopause can contribute to temporary difficulties with concentration and memory, often called brain fog. This is general health information, not a diagnosis. Consult a healthcare professional for personal medical advice.",NIA – Menopause Symptoms and Relief | https://www.nia.nih.gov/health/menopause/menopause-symptoms-and-relief,B
1298,Menopause & Menopausal Health,Common Symptoms,Can menopause cause memory lapses?,"Some women report mild memory lapses or forgetfulness during the menopausal transition, which are often temporary and related to hormonal and sleep changes. This is general health information, not a diagnosis. Consult a healthcare professional for personal medical advice.",NIA – Menopause Symptoms and Relief | https://www.nia.nih.gov/health/menopause/menopause-symptoms-and-relief,B
1299,Menopause & Menopausal Health,Common Symptoms,What is a vasomotor symptom?,"Vasomotor symptoms refer to hot flashes and night sweats, which result from the body's altered temperature regulation during menopause. This is general health information, not a diagnosis. Consult a healthcare professional for personal medical advice.",NIA – Hot Flashes: What Can I Do? | https://www.nia.nih.gov/health/menopause/hot-flashes-what-can-i-do,B
1300,Menopause & Menopausal Health,Common Symptoms,Can menopause cause heart palpitations?,"Some women notice occasional heart palpitations during menopause, which are often benign but should be evaluated by a doctor if frequent or severe. This is general health information, not a diagnosis. Consult a healthcare professional for personal medical advice.",Cleveland Clinic – Menopause | https://my.clevelandclinic.org/health/diseases/21841-menopause,B
1301,Menopause & Menopausal Health,Common Symptoms,Why does menopause sometimes cause headaches?,"Hormonal fluctuations during perimenopause can trigger or worsen headaches and migraines in some women, particularly those with a prior history of hormone-related headaches. This is general health information, not a diagnosis. Consult a healthcare professional for personal medical advice.",Cleveland Clinic – Menopause | https://my.clevelandclinic.org/health/diseases/21841-menopause,B
1302,Menopause & Menopausal Health,Common Symptoms,Can menopause affect bladder control?,"Yes, declining estrogen can weaken pelvic tissues and contribute to urinary urgency, frequency, or stress incontinence in some women. This is general health information, not a diagnosis. Consult a healthcare professional for personal medical advice.",Cleveland Clinic – Genitourinary Syndrome of Menopause | https://my.clevelandclinic.org/health/diseases/21884-genitourinary-syndrome-of-menopause-gsm,B
1303,Menopause & Menopausal Health,Common Symptoms,What is genitourinary syndrome of menopause?,"Genitourinary syndrome of menopause describes a group of symptoms, including vaginal dryness and urinary changes, caused by low estrogen affecting the vaginal and urinary tract tissues. This is general health information, not a diagnosis. Consult a healthcare professional for personal medical advice.",Cleveland Clinic – Genitourinary Syndrome of Menopause | https://my.clevelandclinic.org/health/diseases/21884-genitourinary-syndrome-of-menopause-gsm,B
1304,Menopause & Menopausal Health,Common Symptoms,Can menopause cause weight gain?,"Many women experience weight gain and changes in body fat distribution during menopause, related to hormonal shifts, aging, and reduced muscle mass. This is general health information, not a diagnosis. Consult a healthcare professional for personal medical advice.",NIA – Menopause Symptoms and Relief | https://www.nia.nih.gov/health/menopause/menopause-symptoms-and-relief,B
1305,Menopause & Menopausal Health,Common Symptoms,Why does fat distribution change during menopause?,"Declining estrogen is associated with a shift toward increased abdominal fat storage rather than the hip and thigh distribution common before menopause. This is general health information, not a diagnosis. Consult a healthcare professional for personal medical advice.",NIA – Menopause Symptoms and Relief | https://www.nia.nih.gov/health/menopause/menopause-symptoms-and-relief,B
1306,Menopause & Menopausal Health,Common Symptoms,Can menopause cause breast tenderness?,"Yes, fluctuating hormone levels during perimenopause can cause breast tenderness or soreness, similar to premenstrual symptoms. This is general health information, not a diagnosis. Consult a healthcare professional for personal medical advice.",Cleveland Clinic – Perimenopause | https://my.clevelandclinic.org/health/diseases/21608-perimenopause,B
1307,Menopause & Menopausal Health,Common Symptoms,Does menopause affect libido?,"Hormonal changes, vaginal dryness, and other symptoms during menopause can affect sexual desire and comfort for some women, though experiences vary widely. This is general health information, not a diagnosis. Consult a healthcare professional for personal medical advice.",NHS – Menopause and Perimenopause | https://www.nhs.uk/conditions/menopause-and-perimenopause/,B
1308,Menopause & Menopausal Health,Common Symptoms,Can menopause cause dizziness?,"Some women report occasional dizziness during menopause, possibly linked to hormonal changes, sleep disruption, or hot flashes. This is general health information, not a diagnosis. Consult a healthcare professional for personal medical advice.",Cleveland Clinic – Menopause | https://my.clevelandclinic.org/health/diseases/21841-menopause,B
1309,Menopause & Menopausal Health,Common Symptoms,Why do hot flashes vary in severity between women?,"Hot flash severity depends on factors such as genetics, body weight, smoking status, and individual sensitivity to hormonal changes. This is general health information, not a diagnosis. Consult a healthcare professional for personal medical advice.",NIA – Hot Flashes: What Can I Do? | https://www.nia.nih.gov/health/menopause/hot-flashes-what-can-i-do,B
1310,Menopause & Menopausal Health,Common Symptoms,Can menopause cause tingling sensations (formication)?,"Some women experience unusual skin sensations such as tingling or a crawling feeling, thought to be related to hormonal effects on the nervous system. This is general health information, not a diagnosis. Consult a healthcare professional for personal medical advice.",Cleveland Clinic – Menopause | https://my.clevelandclinic.org/health/diseases/21841-menopause,B
1311,Menopause & Menopausal Health,Common Symptoms,Does menopause cause dry eyes or mouth?,"Yes, reduced estrogen can decrease moisture production in mucous membranes, sometimes leading to dry eyes or a dry mouth. This is general health information, not a diagnosis. Consult a healthcare professional for personal medical advice.",Cleveland Clinic – Menopause | https://my.clevelandclinic.org/health/diseases/21841-menopause,B
1312,Menopause & Menopausal Health,Common Symptoms,Can perimenopause cause acne?,"Hormonal fluctuations during perimenopause can trigger adult acne breakouts in some women, similar to hormonal acne at other life stages. This is general health information, not a diagnosis. Consult a healthcare professional for personal medical advice.",Cleveland Clinic – Perimenopause | https://my.clevelandclinic.org/health/diseases/21608-perimenopause,B
1313,Menopause & Menopausal Health,Common Symptoms,What is the typical duration of vasomotor symptoms overall?,"Hot flashes and night sweats can persist for an average of seven to ten years, though duration varies significantly between individuals. This is general health information, not a diagnosis. Consult a healthcare professional for personal medical advice.",NIA – Hot Flashes: What Can I Do? | https://www.nia.nih.gov/health/menopause/hot-flashes-what-can-i-do,B
1314,Menopause & Menopausal Health,Common Symptoms,Can menopause symptoms come and go over years?,"Yes, symptoms such as hot flashes and mood changes can fluctuate in intensity and may persist intermittently for several years. This is general health information, not a diagnosis. Consult a healthcare professional for personal medical advice.",NIA – Menopause Symptoms and Relief | https://www.nia.nih.gov/health/menopause/menopause-symptoms-and-relief,B
1315,Menopause & Menopausal Health,Common Symptoms,Does caffeine worsen hot flashes?,"Caffeine is a commonly reported trigger that can worsen hot flashes in some women, though sensitivity varies by individual. This is general health information, not a diagnosis. Consult a healthcare professional for personal medical advice.",NIA – Hot Flashes: What Can I Do? | https://www.nia.nih.gov/health/menopause/hot-flashes-what-can-i-do,B
1316,Menopause & Menopausal Health,Common Symptoms,Does alcohol worsen hot flashes?,"Alcohol can trigger or intensify hot flashes in some women by causing blood vessels to widen and body temperature to rise. This is general health information, not a diagnosis. Consult a healthcare professional for personal medical advice.",NIA – Hot Flashes: What Can I Do? | https://www.nia.nih.gov/health/menopause/hot-flashes-what-can-i-do,B
1317,Menopause & Menopausal Health,Common Symptoms,Can stress worsen menopause symptoms?,"Yes, stress can intensify hot flashes, disrupt sleep, and worsen the overall experience of menopausal symptoms. This is general health information, not a diagnosis. Consult a healthcare professional for personal medical advice.",NIA – Menopause Symptoms and Relief | https://www.nia.nih.gov/health/menopause/menopause-symptoms-and-relief,B
1318,Menopause & Menopausal Health,Common Symptoms,Can menopause cause muscle aches?,"Some women experience generalized muscle aches during the menopausal transition, potentially related to hormonal changes affecting muscle and connective tissue. This is general health information, not a diagnosis. Consult a healthcare professional for personal medical advice.",Cleveland Clinic – Menopause | https://my.clevelandclinic.org/health/diseases/21841-menopause,B
1319,Menopause & Menopausal Health,Common Symptoms,Why does perimenopause sometimes cause breast pain?,"Fluctuating estrogen and progesterone levels during perimenopause can cause breast tissue sensitivity and tenderness, similar to premenstrual changes. This is general health information, not a diagnosis. Consult a healthcare professional for personal medical advice.",Cleveland Clinic – Perimenopause | https://my.clevelandclinic.org/health/diseases/21608-perimenopause,B
1320,Menopause & Menopausal Health,Common Symptoms,Can menopause affect body temperature regulation?,"Yes, declining estrogen affects the hypothalamus, the brain region that regulates body temperature, leading to hot flashes and temperature sensitivity. This is general health information, not a diagnosis. Consult a healthcare professional for personal medical advice.",Cleveland Clinic – Hot Flashes | https://my.clevelandclinic.org/health/symptoms/17787-hot-flashes,B
1321,Menopause & Menopausal Health,Common Symptoms,Does menopause cause changes in body odor?,"Increased sweating from hot flashes and night sweats during menopause can lead to noticeable changes in body odor for some women. This is general health information, not a diagnosis. Consult a healthcare professional for personal medical advice.",Cleveland Clinic – Night Sweats | https://my.clevelandclinic.org/health/symptoms/21484-night-sweats,B
1322,Menopause & Menopausal Health,Common Symptoms,Can menopause cause restless legs at night?,"Some women report new or worsened restless leg sensations during menopause, which may be related to hormonal changes and disrupted sleep. This is general health information, not a diagnosis. Consult a healthcare professional for personal medical advice.",NIA – Menopause and Sleep | https://www.nia.nih.gov/health/menopause/what-menopause,B
1323,Menopause & Menopausal Health,Common Symptoms,Why do some women have no noticeable menopause symptoms?,"Symptom experience varies widely due to genetics, hormone sensitivity, and lifestyle factors, and some women transition through menopause with minimal symptoms. This is general health information, not a diagnosis. Consult a healthcare professional for personal medical advice.",WHO – Menopause Fact Sheet | https://www.who.int/news-room/fact-sheets/detail/menopause,B
1324,Menopause & Menopausal Health,Common Symptoms,Can perimenopause symptoms affect daily functioning?,"Yes, for some women, symptoms like severe hot flashes, poor sleep, and fatigue can significantly interfere with work and daily activities, warranting medical support. This is general health information, not a diagnosis. Consult a healthcare professional for personal medical advice.",NIA – Menopause Symptoms and Relief | https://www.nia.nih.gov/health/menopause/menopause-symptoms-and-relief,B
1325,Menopause & Menopausal Health,Periods During Perimenopause,How do periods change during perimenopause?,"Periods often become irregular in timing, flow, and duration during perimenopause as hormone levels fluctuate and ovulation becomes inconsistent. This is general health information, not a diagnosis. Consult a healthcare professional for personal medical advice.",Mayo Clinic – Perimenopause | https://www.mayoclinic.org/diseases-conditions/perimenopause/symptoms-causes/syc-20354666,B
1326,Menopause & Menopausal Health,Periods During Perimenopause,Is irregular bleeding normal during perimenopause?,"Some irregularity in cycle length and flow is common during perimenopause, but significant or unusual bleeding changes should be discussed with a doctor. This is general health information, not a diagnosis. Consult a healthcare professional for personal medical advice.",Cleveland Clinic – Perimenopause | https://my.clevelandclinic.org/health/diseases/21608-perimenopause,B
1327,Menopause & Menopausal Health,Periods During Perimenopause,Can periods become heavier during perimenopause?,"Yes, some women experience heavier menstrual bleeding during perimenopause due to hormonal fluctuations, though very heavy bleeding should be medically evaluated. This is general health information, not a diagnosis. Consult a healthcare professional for personal medical advice.",Office on Women's Health – Uterine Fibroids | https://www.womenshealth.gov/a-z-topics/uterine-fibroids,B
1328,Menopause & Menopausal Health,Periods During Perimenopause,Can periods become lighter during perimenopause?,"Yes, periods can also become lighter or shorter during perimenopause as ovarian hormone production declines. This is general health information, not a diagnosis. Consult a healthcare professional for personal medical advice.",Mayo Clinic – Perimenopause | https://www.mayoclinic.org/diseases-conditions/perimenopause/symptoms-causes/syc-20354666,B
1329,Menopause & Menopausal Health,Periods During Perimenopause,What causes irregular cycle length in perimenopause?,"Irregular cycles result from inconsistent ovulation and fluctuating estrogen and progesterone levels as ovarian function declines. This is general health information, not a diagnosis. Consult a healthcare professional for personal medical advice.",Mayo Clinic – Perimenopause | https://www.mayoclinic.org/diseases-conditions/perimenopause/symptoms-causes/syc-20354666,B
1330,Menopause & Menopausal Health,Periods During Perimenopause,How many months without a period confirms menopause?,"Twelve consecutive months without a menstrual period, without another cause, confirms that menopause has occurred. This is general health information, not a diagnosis. Consult a healthcare professional for personal medical advice.",Mayo Clinic – Menopause | https://www.mayoclinic.org/diseases-conditions/menopause/symptoms-causes/syc-20353397,B
1331,Menopause & Menopausal Health,Periods During Perimenopause,Can perimenopause cause skipped periods?,"Yes, skipping one or more periods is common during perimenopause as ovulation becomes less regular. This is general health information, not a diagnosis. Consult a healthcare professional for personal medical advice.",Cleveland Clinic – Perimenopause | https://my.clevelandclinic.org/health/diseases/21608-perimenopause,B
1332,Menopause & Menopausal Health,Periods During Perimenopause,Is spotting between periods common during perimenopause?,"Some spotting between periods can occur during perimenopause, but persistent or unexplained spotting should be evaluated by a healthcare provider. This is general health information, not a diagnosis. Consult a healthcare professional for personal medical advice.",Office on Women's Health – Uterine Fibroids | https://www.womenshealth.gov/a-z-topics/uterine-fibroids,B
1333,Menopause & Menopausal Health,Periods During Perimenopause,When should heavy bleeding during perimenopause be evaluated?,"Bleeding that soaks through pads or tampons every hour for several hours, includes large clots, or causes significant fatigue should be evaluated promptly by a doctor. This is general health information, not a diagnosis. Consult a healthcare professional for personal medical advice.",Office on Women's Health – Uterine Fibroids | https://www.womenshealth.gov/a-z-topics/uterine-fibroids,B
1334,Menopause & Menopausal Health,Periods During Perimenopause,Can perimenopause cause periods closer together?,"Yes, shortened cycles with periods occurring more frequently are a common pattern in early perimenopause. This is general health information, not a diagnosis. Consult a healthcare professional for personal medical advice.",Mayo Clinic – Perimenopause | https://www.mayoclinic.org/diseases-conditions/perimenopause/symptoms-causes/syc-20354666,B
1335,Menopause & Menopausal Health,Periods During Perimenopause,Can perimenopause cause periods farther apart?,"Yes, as perimenopause progresses, cycles often lengthen and periods may occur less frequently before stopping altogether. This is general health information, not a diagnosis. Consult a healthcare professional for personal medical advice.",Cleveland Clinic – Perimenopause | https://my.clevelandclinic.org/health/diseases/21608-perimenopause,B
1336,Menopause & Menopausal Health,Periods During Perimenopause,Is bleeding after menopause ever normal?,"No, any vaginal bleeding after 12 months without a period is considered abnormal and should be promptly evaluated by a healthcare professional. This is general health information, not a diagnosis. Consult a healthcare professional for personal medical advice.",Mayo Clinic – Postmenopausal Bleeding | https://www.mayoclinic.org/symptoms/postmenopausal-bleeding/basics/definition/sym-20050971,B
1337,Menopause & Menopausal Health,Periods During Perimenopause,What should a woman do if she bleeds after 12 months without a period?,"She should contact a healthcare provider promptly, as postmenopausal bleeding requires medical evaluation to rule out serious underlying causes. This is general health information, not a diagnosis. Consult a healthcare professional for personal medical advice.",Mayo Clinic – Postmenopausal Bleeding | https://www.mayoclinic.org/symptoms/postmenopausal-bleeding/basics/definition/sym-20050971,B
1338,Menopause & Menopausal Health,Periods During Perimenopause,Can perimenopause bleeding patterns indicate other conditions?,"Yes, irregular bleeding can sometimes be related to fibroids, polyps, thyroid issues, or other conditions, so persistent changes warrant medical evaluation. This is general health information, not a diagnosis. Consult a healthcare professional for personal medical advice.",Office on Women's Health – Uterine Fibroids | https://www.womenshealth.gov/a-z-topics/uterine-fibroids,B
1339,Menopause & Menopausal Health,Periods During Perimenopause,Does perimenopause affect PMS-like symptoms?,"Yes, some women notice worsened premenstrual-type symptoms such as bloating, breast tenderness, or irritability during perimenopause due to hormonal fluctuations. This is general health information, not a diagnosis. Consult a healthcare professional for personal medical advice.",Cleveland Clinic – Perimenopause | https://my.clevelandclinic.org/health/diseases/21608-perimenopause,B
1340,Menopause & Menopausal Health,Periods During Perimenopause,Can perimenopause cause prolonged periods lasting many days?,"Yes, some women experience longer-lasting periods during perimenopause, though bleeding lasting significantly longer than usual should be discussed with a doctor. This is general health information, not a diagnosis. Consult a healthcare professional for personal medical advice.",Office on Women's Health – Uterine Fibroids | https://www.womenshealth.gov/a-z-topics/uterine-fibroids,B
1341,Menopause & Menopausal Health,Periods During Perimenopause,What is considered abnormal uterine bleeding in perimenopause?,"Abnormal bleeding includes very heavy flow, bleeding lasting more than seven days, bleeding between periods, or cycles shorter than 21 days, and should be medically assessed. This is general health information, not a diagnosis. Consult a healthcare professional for personal medical advice.",Office on Women's Health – Uterine Fibroids | https://www.womenshealth.gov/a-z-topics/uterine-fibroids,B
1342,Menopause & Menopausal Health,Periods During Perimenopause,Can fibroids cause heavier bleeding during perimenopause?,"Yes, uterine fibroids are a common cause of heavy or prolonged bleeding during perimenopause and can be evaluated with a pelvic exam or ultrasound. This is general health information, not a diagnosis. Consult a healthcare professional for personal medical advice.",Office on Women's Health – Uterine Fibroids | https://www.womenshealth.gov/a-z-topics/uterine-fibroids,B
1343,Menopause & Menopausal Health,Periods During Perimenopause,Can thyroid changes contribute to menstrual irregularity in perimenopause?,"Yes, thyroid disorders can cause menstrual irregularities that may overlap with perimenopause symptoms, so thyroid testing is sometimes part of the evaluation. This is general health information, not a diagnosis. Consult a healthcare professional for personal medical advice.",MedlinePlus – Menopause | https://medlineplus.gov/menopause.html,B
1344,Menopause & Menopausal Health,Periods During Perimenopause,Should a woman track her periods during perimenopause?,"Yes, tracking cycle length, flow, and symptoms can help identify patterns and provide useful information for healthcare providers. This is general health information, not a diagnosis. Consult a healthcare professional for personal medical advice.",Cleveland Clinic – Perimenopause | https://my.clevelandclinic.org/health/diseases/21608-perimenopause,B
1345,Menopause & Menopausal Health,Periods During Perimenopause,Can hormonal contraception be used to manage perimenopausal bleeding?,"Some hormonal methods can help regulate bleeding patterns during perimenopause, but suitability depends on individual health factors and should be discussed with a doctor. This is general health information, not a diagnosis. Consult a healthcare professional for personal medical advice.",NHS – Hormone Replacement Therapy (HRT) | https://www.nhs.uk/conditions/hormone-replacement-therapy-hrt/,B
1346,Menopause & Menopausal Health,Periods During Perimenopause,Does ovulation still occur during perimenopause?,"Ovulation continues to occur during perimenopause but becomes increasingly irregular and unpredictable as menopause approaches. This is general health information, not a diagnosis. Consult a healthcare professional for personal medical advice.",Mayo Clinic – Perimenopause | https://www.mayoclinic.org/diseases-conditions/perimenopause/symptoms-causes/syc-20354666,B
1347,Menopause & Menopausal Health,Periods During Perimenopause,Can perimenopausal bleeding changes affect anemia risk?,"Yes, prolonged or heavy bleeding during perimenopause can increase the risk of iron-deficiency anemia and may need medical evaluation. This is general health information, not a diagnosis. Consult a healthcare professional for personal medical advice.",Office on Women's Health – Uterine Fibroids | https://www.womenshealth.gov/a-z-topics/uterine-fibroids,B
1348,Menopause & Menopausal Health,Periods During Perimenopause,When is an endometrial biopsy recommended for abnormal bleeding?,"A doctor may recommend an endometrial biopsy for persistent abnormal bleeding, especially heavy or irregular bleeding in perimenopause or any bleeding after menopause, to rule out serious causes. This is general health information, not a diagnosis. Consult a healthcare professional for personal medical advice.",Mayo Clinic – Postmenopausal Bleeding | https://www.mayoclinic.org/symptoms/postmenopausal-bleeding/basics/definition/sym-20050971,B
1349,Menopause & Menopausal Health,Periods During Perimenopause,Can perimenopause cause clots during periods?,"Yes, heavier bleeding during perimenopause can be accompanied by blood clots, though large or frequent clots should be evaluated by a healthcare provider. This is general health information, not a diagnosis. Consult a healthcare professional for personal medical advice.",Office on Women's Health – Uterine Fibroids | https://www.womenshealth.gov/a-z-topics/uterine-fibroids,B
1350,Menopause & Menopausal Health,Bone Health & Osteoporosis,Why does menopause increase osteoporosis risk?,"Estrogen helps protect bone density, so its decline after menopause accelerates bone loss and increases the risk of osteoporosis. This is general health information, not a diagnosis. Consult a healthcare professional for personal medical advice.",NIA – Osteoporosis | https://www.nia.nih.gov/health/osteoporosis/osteoporosis,B
1351,Menopause & Menopausal Health,Bone Health & Osteoporosis,What is osteoporosis?,"Osteoporosis is a condition in which bones become weak and brittle due to loss of bone density, increasing the risk of fractures. This is general health information, not a diagnosis. Consult a healthcare professional for personal medical advice.",Mayo Clinic – Osteoporosis | https://www.mayoclinic.org/diseases-conditions/osteoporosis/symptoms-causes/syc-20351968,B
1352,Menopause & Menopausal Health,Bone Health & Osteoporosis,How does estrogen loss affect bone density?,"Estrogen loss speeds up the breakdown of bone tissue relative to new bone formation, leading to a net loss of bone density over time. This is general health information, not a diagnosis. Consult a healthcare professional for personal medical advice.",NIA – Osteoporosis | https://www.nia.nih.gov/health/osteoporosis/osteoporosis,B
1353,Menopause & Menopausal Health,Bone Health & Osteoporosis,What is a DEXA scan?,"A DEXA scan is a specialized low-dose X-ray test that measures bone mineral density to diagnose osteoporosis or assess fracture risk. This is general health information, not a diagnosis. Consult a healthcare professional for personal medical advice.",Mayo Clinic – Osteoporosis | https://www.mayoclinic.org/diseases-conditions/osteoporosis/symptoms-causes/syc-20351968,B
1354,Menopause & Menopausal Health,Bone Health & Osteoporosis,When should women get a bone density test?,"Bone density testing is generally recommended for women starting at age 65, or earlier for those with risk factors for osteoporosis. This is general health information, not a diagnosis. Consult a healthcare professional for personal medical advice.",NIA – Osteoporosis | https://www.nia.nih.gov/health/osteoporosis/osteoporosis,B
1355,Menopause & Menopausal Health,Bone Health & Osteoporosis,What is osteopenia?,"Osteopenia is a condition of lower-than-normal bone density that is not as severe as osteoporosis but may increase future fracture risk. This is general health information, not a diagnosis. Consult a healthcare professional for personal medical advice.",Mayo Clinic – Osteoporosis | https://www.mayoclinic.org/diseases-conditions/osteoporosis/symptoms-causes/syc-20351968,B
1356,Menopause & Menopausal Health,Bone Health & Osteoporosis,What are risk factors for osteoporosis after menopause?,"Risk factors include low body weight, smoking, excessive alcohol use, family history, low calcium and vitamin D intake, and prolonged inactivity. This is general health information, not a diagnosis. Consult a healthcare professional for personal medical advice.",Cleveland Clinic – Osteoporosis | https://my.clevelandclinic.org/health/diseases/4443-osteoporosis,B
1357,Menopause & Menopausal Health,Bone Health & Osteoporosis,Can weight-bearing exercise help prevent bone loss?,"Yes, weight-bearing and resistance exercises help stimulate bone formation and can slow bone loss after menopause. This is general health information, not a diagnosis. Consult a healthcare professional for personal medical advice.",CDC – Bone Health | https://www.cdc.gov/bone-health/index.html,B
1358,Menopause & Menopausal Health,Bone Health & Osteoporosis,How much calcium do postmenopausal women need daily?,"Postmenopausal women generally need about 1,200 milligrams of calcium daily, though individual needs should be confirmed with a healthcare provider. This is general health information, not a diagnosis. Consult a healthcare professional for personal medical advice.",NIH Office of Dietary Supplements – Calcium Fact Sheet | https://ods.od.nih.gov/factsheets/Calcium-Consumer/,B
1359,Menopause & Menopausal Health,Bone Health & Osteoporosis,How much vitamin D do postmenopausal women need daily?,"Most postmenopausal women need around 600 to 800 international units of vitamin D daily, though some may require more based on blood levels. This is general health information, not a diagnosis. Consult a healthcare professional for personal medical advice.",NIH Office of Dietary Supplements – Vitamin D Fact Sheet | https://ods.od.nih.gov/factsheets/VitaminD-Consumer/,B
1360,Menopause & Menopausal Health,Bone Health & Osteoporosis,What foods are good sources of calcium?,"Good calcium sources include dairy products, fortified plant milks, leafy greens, tofu, and canned fish with bones such as sardines. This is general health information, not a diagnosis. Consult a healthcare professional for personal medical advice.",NIH Office of Dietary Supplements – Calcium Fact Sheet | https://ods.od.nih.gov/factsheets/Calcium-Consumer/,B
1361,Menopause & Menopausal Health,Bone Health & Osteoporosis,What foods are good sources of vitamin D?,"Vitamin D sources include fatty fish, egg yolks, fortified milk and cereals, and sunlight exposure on the skin. This is general health information, not a diagnosis. Consult a healthcare professional for personal medical advice.",NIH Office of Dietary Supplements – Vitamin D Fact Sheet | https://ods.od.nih.gov/factsheets/VitaminD-Consumer/,B
1362,Menopause & Menopausal Health,Bone Health & Osteoporosis,Can sunlight exposure help vitamin D levels?,"Yes, skin exposure to sunlight helps the body produce vitamin D, though the amount needed varies by skin tone, location, and season. This is general health information, not a diagnosis. Consult a healthcare professional for personal medical advice.",NHS – Vitamin D | https://www.nhs.uk/conditions/vitamins-and-minerals/vitamin-d/,B
1363,Menopause & Menopausal Health,Bone Health & Osteoporosis,Does smoking increase osteoporosis risk?,"Yes, smoking is linked to lower bone density and higher fracture risk, partly by interfering with calcium absorption and hormone levels. This is general health information, not a diagnosis. Consult a healthcare professional for personal medical advice.",Cleveland Clinic – Osteoporosis | https://my.clevelandclinic.org/health/diseases/4443-osteoporosis,B
1364,Menopause & Menopausal Health,Bone Health & Osteoporosis,Does alcohol intake affect bone density?,"Excessive alcohol consumption can interfere with calcium absorption and bone formation, increasing osteoporosis risk over time. This is general health information, not a diagnosis. Consult a healthcare professional for personal medical advice.",Cleveland Clinic – Osteoporosis | https://my.clevelandclinic.org/health/diseases/4443-osteoporosis,B
1365,Menopause & Menopausal Health,Bone Health & Osteoporosis,What is a fragility fracture?,"A fragility fracture is a broken bone resulting from a fall from standing height or less, often indicating underlying weakened bone from osteoporosis. This is general health information, not a diagnosis. Consult a healthcare professional for personal medical advice.",NIA – Osteoporosis | https://www.nia.nih.gov/health/osteoporosis/osteoporosis,B
1366,Menopause & Menopausal Health,Bone Health & Osteoporosis,Which bones are most commonly affected by osteoporosis fractures?,"The hip, spine, and wrist are the bones most commonly affected by osteoporosis-related fractures. This is general health information, not a diagnosis. Consult a healthcare professional for personal medical advice.",Mayo Clinic – Osteoporosis | https://www.mayoclinic.org/diseases-conditions/osteoporosis/symptoms-causes/syc-20351968,B
1367,Menopause & Menopausal Health,Bone Health & Osteoporosis,Can osteoporosis be prevented?,"While not always fully preventable, adequate calcium and vitamin D intake, regular weight-bearing exercise, and avoiding smoking can significantly reduce osteoporosis risk. This is general health information, not a diagnosis. Consult a healthcare professional for personal medical advice.",CDC – Bone Health | https://www.cdc.gov/bone-health/index.html,B
1368,Menopause & Menopausal Health,Bone Health & Osteoporosis,What medications are used to treat osteoporosis?,"Treatment options include bisphosphonates, hormone-related therapies, and other bone-strengthening medications prescribed based on individual risk and health status. This is general health information, not a diagnosis. Consult a healthcare professional for personal medical advice.",NIA – Osteoporosis | https://www.nia.nih.gov/health/osteoporosis/osteoporosis,B
1369,Menopause & Menopausal Health,Bone Health & Osteoporosis,Does hormone therapy help protect bone density?,"Yes, estrogen-containing hormone therapy can help preserve bone density, though its use for this purpose depends on individual risks and benefits discussed with a doctor. This is general health information, not a diagnosis. Consult a healthcare professional for personal medical advice.",Mayo Clinic – Hormone Therapy | https://www.mayoclinic.org/diseases-conditions/menopause/in-depth/hormone-therapy/art-20046372,B
1370,Menopause & Menopausal Health,Bone Health & Osteoporosis,What is the FRAX tool?,"FRAX is a clinical assessment tool that estimates a person's 10-year risk of major osteoporotic fracture based on factors like age, bone density, and health history. This is general health information, not a diagnosis. Consult a healthcare professional for personal medical advice.",NIA – Osteoporosis | https://www.nia.nih.gov/health/osteoporosis/osteoporosis,B
1371,Menopause & Menopausal Health,Bone Health & Osteoporosis,Can resistance training improve bone strength?,"Yes, resistance and strength training exercises help build muscle and stimulate bone formation, supporting long-term bone health. This is general health information, not a diagnosis. Consult a healthcare professional for personal medical advice.",CDC – Bone Health | https://www.cdc.gov/bone-health/index.html,B
1372,Menopause & Menopausal Health,Bone Health & Osteoporosis,Are dairy products necessary for bone health?,"Dairy is a convenient calcium source, but non-dairy foods like fortified plant milks, leafy greens, and calcium-set tofu can also meet calcium needs. This is general health information, not a diagnosis. Consult a healthcare professional for personal medical advice.",NIH Office of Dietary Supplements – Calcium Fact Sheet | https://ods.od.nih.gov/factsheets/Calcium-Consumer/,B
1373,Menopause & Menopausal Health,Bone Health & Osteoporosis,Can calcium supplements replace dietary calcium?,"Supplements can help fill gaps, but obtaining calcium primarily from food is generally preferred; a healthcare provider can advise on whether supplementation is needed. This is general health information, not a diagnosis. Consult a healthcare professional for personal medical advice.",NIH Office of Dietary Supplements – Calcium Fact Sheet | https://ods.od.nih.gov/factsheets/Calcium-Consumer/,B
1374,Menopause & Menopausal Health,Bone Health & Osteoporosis,What lifestyle changes support bone health after menopause?,"Regular weight-bearing exercise, adequate calcium and vitamin D, avoiding smoking, and limiting alcohol all support bone health after menopause. This is general health information, not a diagnosis. Consult a healthcare professional for personal medical advice.",CDC – Bone Health | https://www.cdc.gov/bone-health/index.html,B
1375,Menopause & Menopausal Health,Bone Health & Osteoporosis,Does low body weight increase osteoporosis risk?,"Yes, having a low body weight is associated with lower bone density and a higher risk of osteoporosis and fractures. This is general health information, not a diagnosis. Consult a healthcare professional for personal medical advice.",Cleveland Clinic – Osteoporosis | https://my.clevelandclinic.org/health/diseases/4443-osteoporosis,B
1376,Menopause & Menopausal Health,Bone Health & Osteoporosis,Can osteoporosis be silent without symptoms?,"Yes, osteoporosis often has no symptoms until a fracture occurs, which is why it is sometimes called a silent disease. This is general health information, not a diagnosis. Consult a healthcare professional for personal medical advice.",Mayo Clinic – Osteoporosis | https://www.mayoclinic.org/diseases-conditions/osteoporosis/symptoms-causes/syc-20351968,B
1377,Menopause & Menopausal Health,Bone Health & Osteoporosis,How often should bone density be rechecked?,"Follow-up frequency depends on initial results and individual risk factors, but is often every one to two years; a doctor can advise the appropriate schedule. This is general health information, not a diagnosis. Consult a healthcare professional for personal medical advice.",NIA – Osteoporosis | https://www.nia.nih.gov/health/osteoporosis/osteoporosis,B
1378,Menopause & Menopausal Health,Bone Health & Osteoporosis,Can excessive caffeine intake affect calcium absorption?,"High caffeine intake may slightly reduce calcium absorption, though moderate intake is generally not a major concern for most women with adequate calcium intake. This is general health information, not a diagnosis. Consult a healthcare professional for personal medical advice.",NIH Office of Dietary Supplements – Calcium Fact Sheet | https://ods.od.nih.gov/factsheets/Calcium-Consumer/,B
1379,Menopause & Menopausal Health,Bone Health & Osteoporosis,Does vitamin K play a role in bone health?,"Vitamin K supports proteins involved in bone metabolism and may contribute to bone strength, though it works alongside calcium and vitamin D rather than replacing them. This is general health information, not a diagnosis. Consult a healthcare professional for personal medical advice.",NIA – Osteoporosis | https://www.nia.nih.gov/health/osteoporosis/osteoporosis,B
1380,Menopause & Menopausal Health,Menopause-Specific Nutrition,What dietary changes can help manage menopause symptoms?,"A balanced diet rich in fruits, vegetables, whole grains, lean protein, and calcium-rich foods, along with limiting caffeine, alcohol, and added sugar, can help manage symptoms. This is general health information, not a diagnosis. Consult a healthcare professional for personal medical advice.",Office on Women's Health – Menopause Treatment | https://www.womenshealth.gov/menopause/menopause-treatment,B
1381,Menopause & Menopausal Health,Menopause-Specific Nutrition,Can phytoestrogens help with menopause symptoms?,"Phytoestrogens, plant compounds with weak estrogen-like effects, may modestly help some women with hot flashes, though evidence is mixed and effects vary by individual. This is general health information, not a diagnosis. Consult a healthcare professional for personal medical advice.",NIA – Menopause Symptoms and Relief | https://www.nia.nih.gov/health/menopause/menopause-symptoms-and-relief,B
1382,Menopause & Menopausal Health,Menopause-Specific Nutrition,What foods contain phytoestrogens?,"Phytoestrogens are found in soy products, flaxseeds, legumes, and some whole grains. This is general health information, not a diagnosis. Consult a healthcare professional for personal medical advice.",NIA – Menopause Symptoms and Relief | https://www.nia.nih.gov/health/menopause/menopause-symptoms-and-relief,B
1383,Menopause & Menopausal Health,Menopause-Specific Nutrition,Does soy affect menopause symptoms?,"Some studies suggest soy foods may modestly reduce hot flash frequency for some women, though individual responses vary and more research continues. This is general health information, not a diagnosis. Consult a healthcare professional for personal medical advice.",NIA – Menopause Symptoms and Relief | https://www.nia.nih.gov/health/menopause/menopause-symptoms-and-relief,B
1384,Menopause & Menopausal Health,Menopause-Specific Nutrition,Can a Mediterranean-style diet benefit menopausal women?,"Yes, a Mediterranean-style diet rich in vegetables, fruits, whole grains, and healthy fats is associated with better heart and metabolic health during and after menopause. This is general health information, not a diagnosis. Consult a healthcare professional for personal medical advice.",Office on Women's Health – Heart Disease | https://www.womenshealth.gov/heart-disease,B
1385,Menopause & Menopausal Health,Menopause-Specific Nutrition,How much protein do menopausal women need?,"Protein needs increase somewhat after menopause to help preserve muscle mass, with many guidelines suggesting higher intake than younger adults, though individual needs vary. This is general health information, not a diagnosis. Consult a healthcare professional for personal medical advice.",Office on Women's Health – Menopause Treatment | https://www.womenshealth.gov/menopause/menopause-treatment,B
1386,Menopause & Menopausal Health,Menopause-Specific Nutrition,Why is protein intake important during menopause?,"Adequate protein helps maintain muscle mass and strength, which naturally decline with age and hormonal changes after menopause. This is general health information, not a diagnosis. Consult a healthcare professional for personal medical advice.",Office on Women's Health – Menopause Treatment | https://www.womenshealth.gov/menopause/menopause-treatment,B
1387,Menopause & Menopausal Health,Menopause-Specific Nutrition,Can spicy foods worsen hot flashes?,"Yes, spicy foods are a commonly reported trigger that can intensify hot flashes in some women. This is general health information, not a diagnosis. Consult a healthcare professional for personal medical advice.",NIA – Hot Flashes: What Can I Do? | https://www.nia.nih.gov/health/menopause/hot-flashes-what-can-i-do,B
1388,Menopause & Menopausal Health,Menopause-Specific Nutrition,Should menopausal women limit added sugar?,"Yes, limiting added sugar supports healthy weight management and reduces the risk of metabolic conditions that become more common after menopause. This is general health information, not a diagnosis. Consult a healthcare professional for personal medical advice.",Office on Women's Health – Heart Disease | https://www.womenshealth.gov/heart-disease,B
1389,Menopause & Menopausal Health,Menopause-Specific Nutrition,Can fiber intake help during menopause?,"Yes, adequate fiber supports digestive health, helps manage weight, and contributes to heart health, which becomes more important after menopause. This is general health information, not a diagnosis. Consult a healthcare professional for personal medical advice.",Office on Women's Health – Heart Disease | https://www.womenshealth.gov/heart-disease,B
1390,Menopause & Menopausal Health,Menopause-Specific Nutrition,Does hydration affect menopause symptoms?,"Staying well-hydrated can help manage symptoms like dry skin and may support overall comfort during hot flashes and night sweats. This is general health information, not a diagnosis. Consult a healthcare professional for personal medical advice.",NIA – Menopause Symptoms and Relief | https://www.nia.nih.gov/health/menopause/menopause-symptoms-and-relief,B
1391,Menopause & Menopausal Health,Menopause-Specific Nutrition,Can omega-3 fatty acids help with menopause symptoms?,"Omega-3 fatty acids from fish and plant sources support heart health and may offer modest benefits for mood and joint comfort during menopause. This is general health information, not a diagnosis. Consult a healthcare professional for personal medical advice.",Office on Women's Health – Heart Disease | https://www.womenshealth.gov/heart-disease,B
1392,Menopause & Menopausal Health,Menopause-Specific Nutrition,Should menopausal women limit caffeine intake?,"Limiting caffeine may help reduce hot flashes and improve sleep quality for some women during menopause. This is general health information, not a diagnosis. Consult a healthcare professional for personal medical advice.",NIA – Hot Flashes: What Can I Do? | https://www.nia.nih.gov/health/menopause/hot-flashes-what-can-i-do,B
1393,Menopause & Menopausal Health,Menopause-Specific Nutrition,Should menopausal women limit alcohol intake?,"Yes, limiting alcohol can help reduce hot flashes, support better sleep, and lower long-term health risks such as certain cancers and bone loss. This is general health information, not a diagnosis. Consult a healthcare professional for personal medical advice.",Cleveland Clinic – Osteoporosis | https://my.clevelandclinic.org/health/diseases/4443-osteoporosis,B
1394,Menopause & Menopausal Health,Menopause-Specific Nutrition,Can menopause increase risk of nutrient deficiencies?,"Menopause itself doesn't directly cause deficiencies, but changing dietary habits, absorption, and increased needs for calcium and vitamin D make monitoring nutrient intake important. This is general health information, not a diagnosis. Consult a healthcare professional for personal medical advice.",NIH Office of Dietary Supplements – Calcium Fact Sheet | https://ods.od.nih.gov/factsheets/Calcium-Consumer/,B
1395,Menopause & Menopausal Health,Menopause-Specific Nutrition,Why is iron intake less critical after menopause?,"Once periods stop, women no longer lose iron through monthly menstrual bleeding, so iron requirements typically decrease compared to reproductive years. This is general health information, not a diagnosis. Consult a healthcare professional for personal medical advice.",MedlinePlus – Menopause | https://medlineplus.gov/menopause.html,B
1396,Menopause & Menopausal Health,Menopause-Specific Nutrition,What role does magnesium play for menopausal women?,"Magnesium supports bone health, muscle function, and may help with sleep quality, making it a useful nutrient to include through diet during menopause. This is general health information, not a diagnosis. Consult a healthcare professional for personal medical advice.",NIH Office of Dietary Supplements – Calcium Fact Sheet | https://ods.od.nih.gov/factsheets/Calcium-Consumer/,B
1397,Menopause & Menopausal Health,Menopause-Specific Nutrition,Can a high-sodium diet affect menopausal women's health?,"Yes, excess sodium intake can raise blood pressure and increase cardiovascular risk, which is already elevated after menopause. This is general health information, not a diagnosis. Consult a healthcare professional for personal medical advice.",Office on Women's Health – Heart Disease | https://www.womenshealth.gov/heart-disease,B
1398,Menopause & Menopausal Health,Menopause-Specific Nutrition,How can menopausal women manage weight through diet?,"Focusing on portion control, whole foods, adequate protein and fiber, and limiting processed foods and added sugars can support healthy weight management. This is general health information, not a diagnosis. Consult a healthcare professional for personal medical advice.",NIA – Menopause Symptoms and Relief | https://www.nia.nih.gov/health/menopause/menopause-symptoms-and-relief,B
1399,Menopause & Menopausal Health,Menopause-Specific Nutrition,Are there foods that trigger hot flashes?,"Common reported triggers include caffeine, alcohol, spicy foods, and hot beverages, although triggers vary from person to person. This is general health information, not a diagnosis. Consult a healthcare professional for personal medical advice.",NIA – Hot Flashes: What Can I Do? | https://www.nia.nih.gov/health/menopause/hot-flashes-what-can-i-do,B
1400,Menopause & Menopausal Health,Menopause-Specific Nutrition,Can a plant-based diet help menopause symptoms?,"A plant-based diet rich in whole foods and phytoestrogens may help some women manage symptoms and supports overall cardiovascular health. This is general health information, not a diagnosis. Consult a healthcare professional for personal medical advice.",Office on Women's Health – Heart Disease | https://www.womenshealth.gov/heart-disease,B
1401,Menopause & Menopausal Health,Menopause-Specific Nutrition,Does menopause change calorie needs?,"Metabolism tends to slow with age, and many women need somewhat fewer calories after menopause to maintain the same weight compared to earlier years. This is general health information, not a diagnosis. Consult a healthcare professional for personal medical advice.",NIA – Menopause Symptoms and Relief | https://www.nia.nih.gov/health/menopause/menopause-symptoms-and-relief,B
1402,Menopause & Menopausal Health,Menopause-Specific Nutrition,"Can menopausal women benefit from smaller, frequent meals?","Some women find smaller, more frequent meals help manage blood sugar and reduce bloating, though the best eating pattern varies by individual. This is general health information, not a diagnosis. Consult a healthcare professional for personal medical advice.",Office on Women's Health – Menopause Treatment | https://www.womenshealth.gov/menopause/menopause-treatment,B
1403,Menopause & Menopausal Health,Menopause-Specific Nutrition,What role do whole grains play in menopause nutrition?,"Whole grains provide fiber and nutrients that support heart health, digestion, and stable blood sugar, all relevant to postmenopausal health. This is general health information, not a diagnosis. Consult a healthcare professional for personal medical advice.",Office on Women's Health – Heart Disease | https://www.womenshealth.gov/heart-disease,B
1404,Menopause & Menopausal Health,Menopause-Specific Nutrition,Can vitamin B12 needs change after menopause?,"Absorption of vitamin B12 can decrease with age, so postmenopausal women, especially older adults, should ensure adequate intake through diet or supplements as advised by a doctor. This is general health information, not a diagnosis. Consult a healthcare professional for personal medical advice.",MedlinePlus – Menopause | https://medlineplus.gov/menopause.html,B
1405,Menopause & Menopausal Health,Menopause-Specific Nutrition,Should menopausal women take a multivitamin?,"Whether a multivitamin is needed depends on individual diet and nutrient levels; this should be discussed with a healthcare provider rather than assumed necessary for everyone. This is general health information, not a diagnosis. Consult a healthcare professional for personal medical advice.",NIH Office of Dietary Supplements – Calcium Fact Sheet | https://ods.od.nih.gov/factsheets/Calcium-Consumer/,B
1406,Menopause & Menopausal Health,Menopause-Specific Nutrition,Can excess weight worsen menopause symptoms?,"Yes, higher body weight is associated with more frequent and severe hot flashes in some studies, and weight management may help reduce symptom severity. This is general health information, not a diagnosis. Consult a healthcare professional for personal medical advice.",NIA – Menopause Symptoms and Relief | https://www.nia.nih.gov/health/menopause/menopause-symptoms-and-relief,B
1407,Menopause & Menopausal Health,Menopause-Specific Nutrition,What is the role of healthy fats in menopause nutrition?,"Unsaturated fats from sources like olive oil, nuts, and fish support heart health and help the body absorb fat-soluble vitamins important during menopause. This is general health information, not a diagnosis. Consult a healthcare professional for personal medical advice.",Office on Women's Health – Heart Disease | https://www.womenshealth.gov/heart-disease,B
1408,Menopause & Menopausal Health,Menopause-Specific Nutrition,Can menopausal women reduce cardiovascular risk through diet?,"Yes, a diet low in saturated fat and sodium and rich in fruits, vegetables, and whole grains can help reduce cardiovascular risk, which rises after menopause. This is general health information, not a diagnosis. Consult a healthcare professional for personal medical advice.",Office on Women's Health – Heart Disease | https://www.womenshealth.gov/heart-disease,B
1409,Menopause & Menopausal Health,Menopause-Specific Nutrition,Are there specific eating patterns recommended for postmenopausal heart health?,"Heart-healthy eating patterns such as the Mediterranean or DASH diets are commonly recommended to support cardiovascular health after menopause. This is general health information, not a diagnosis. Consult a healthcare professional for personal medical advice.",Office on Women's Health – Heart Disease | https://www.womenshealth.gov/heart-disease,B
1410,Menopause & Menopausal Health,Managing Symptoms & When to Seek Care,What is hormone replacement therapy (HRT)?,"HRT is a treatment that replaces declining estrogen, and sometimes progesterone, to help relieve menopausal symptoms such as hot flashes and vaginal dryness. This is general health information, not a diagnosis. Consult a healthcare professional for personal medical advice.",NHS – Hormone Replacement Therapy (HRT) | https://www.nhs.uk/conditions/hormone-replacement-therapy-hrt/,B
1411,Menopause & Menopausal Health,Managing Symptoms & When to Seek Care,What are the benefits of HRT?,"HRT can effectively reduce hot flashes, night sweats, and vaginal dryness, and may help protect bone density in appropriate candidates. This is general health information, not a diagnosis. Consult a healthcare professional for personal medical advice.",Mayo Clinic – Hormone Therapy | https://www.mayoclinic.org/diseases-conditions/menopause/in-depth/hormone-therapy/art-20046372,B
1412,Menopause & Menopausal Health,Managing Symptoms & When to Seek Care,What are the risks of HRT?,"Risks can include a potential increase in certain risks such as blood clots, stroke, or breast cancer depending on the type, dose, and individual health history. This is general health information, not a diagnosis. Consult a healthcare professional for personal medical advice.",Mayo Clinic – Hormone Therapy | https://www.mayoclinic.org/diseases-conditions/menopause/in-depth/hormone-therapy/art-20046372,B
1413,Menopause & Menopausal Health,Managing Symptoms & When to Seek Care,Who should avoid HRT?,"Women with a history of certain cancers, blood clots, liver disease, or unexplained vaginal bleeding may need to avoid or carefully evaluate HRT with a doctor. This is general health information, not a diagnosis. Consult a healthcare professional for personal medical advice.",NHS – Hormone Replacement Therapy (HRT) | https://www.nhs.uk/conditions/hormone-replacement-therapy-hrt/,B
1414,Menopause & Menopausal Health,Managing Symptoms & When to Seek Care,What types of HRT are available?,"HRT options include estrogen-only therapy, combined estrogen-progestogen therapy, and various forms such as pills, patches, gels, and vaginal preparations. This is general health information, not a diagnosis. Consult a healthcare professional for personal medical advice.",NHS – Hormone Replacement Therapy (HRT) | https://www.nhs.uk/conditions/hormone-replacement-therapy-hrt/,B
1415,Menopause & Menopausal Health,Managing Symptoms & When to Seek Care,What is the difference between systemic and local (vaginal) estrogen therapy?,"Systemic therapy treats body-wide symptoms like hot flashes, while local vaginal estrogen targets vaginal and urinary symptoms with minimal absorption into the bloodstream. This is general health information, not a diagnosis. Consult a healthcare professional for personal medical advice.",Mayo Clinic – Hormone Therapy | https://www.mayoclinic.org/diseases-conditions/menopause/in-depth/hormone-therapy/art-20046372,B
1416,Menopause & Menopausal Health,Managing Symptoms & When to Seek Care,How long can HRT be used?,"Duration of HRT use depends on individual symptoms, risks, and goals, and should be periodically reviewed with a healthcare provider rather than following a fixed timeline. This is general health information, not a diagnosis. Consult a healthcare professional for personal medical advice.",NHS – Hormone Replacement Therapy (HRT) | https://www.nhs.uk/conditions/hormone-replacement-therapy-hrt/,B
1417,Menopause & Menopausal Health,Managing Symptoms & When to Seek Care,What non-hormonal treatments exist for hot flashes?,"Non-hormonal options include certain antidepressants, gabapentin, lifestyle changes, and cognitive behavioral therapy, which can be discussed with a doctor. This is general health information, not a diagnosis. Consult a healthcare professional for personal medical advice.",NIA – Menopause Symptoms and Relief | https://www.nia.nih.gov/health/menopause/menopause-symptoms-and-relief,B
1418,Menopause & Menopausal Health,Managing Symptoms & When to Seek Care,Can cognitive behavioral therapy help with menopause symptoms?,"Yes, cognitive behavioral therapy has been shown to help some women cope with hot flashes, sleep problems, and the emotional impact of menopause symptoms. This is general health information, not a diagnosis. Consult a healthcare professional for personal medical advice.",NIA – Menopause Symptoms and Relief | https://www.nia.nih.gov/health/menopause/menopause-symptoms-and-relief,B
1419,Menopause & Menopausal Health,Managing Symptoms & When to Seek Care,Can lifestyle changes reduce hot flash frequency?,"Yes, avoiding triggers like caffeine and alcohol, maintaining a healthy weight, and managing stress can help reduce hot flash frequency and severity. This is general health information, not a diagnosis. Consult a healthcare professional for personal medical advice.",NIA – Hot Flashes: What Can I Do? | https://www.nia.nih.gov/health/menopause/hot-flashes-what-can-i-do,B
1420,Menopause & Menopausal Health,Managing Symptoms & When to Seek Care,What over-the-counter options may help mild menopause symptoms?,"Over-the-counter vaginal moisturizers and lubricants can help with dryness, while general strategies like layered clothing can help manage hot flashes; a pharmacist or doctor can advise further. This is general health information, not a diagnosis. Consult a healthcare professional for personal medical advice.",NHS – Vaginal Dryness | https://www.nhs.uk/conditions/vaginal-dryness/,B
1421,Menopause & Menopausal Health,Managing Symptoms & When to Seek Care,Can vaginal moisturizers help with dryness?,"Yes, regular use of vaginal moisturizers can help relieve ongoing vaginal dryness associated with menopause. This is general health information, not a diagnosis. Consult a healthcare professional for personal medical advice.",NHS – Vaginal Dryness | https://www.nhs.uk/conditions/vaginal-dryness/,B
1422,Menopause & Menopausal Health,Managing Symptoms & When to Seek Care,Can vaginal lubricants help with intercourse discomfort?,"Yes, water- or silicone-based lubricants can reduce discomfort during intercourse related to menopausal vaginal dryness. This is general health information, not a diagnosis. Consult a healthcare professional for personal medical advice.",NHS – Vaginal Dryness | https://www.nhs.uk/conditions/vaginal-dryness/,B
1423,Menopause & Menopausal Health,Managing Symptoms & When to Seek Care,When should a woman see a doctor about menopause symptoms?,"A woman should see a doctor if symptoms are severe, persistent, affecting quality of life, or if she has questions about treatment options like HRT. This is general health information, not a diagnosis. Consult a healthcare professional for personal medical advice.",Office on Women's Health – Menopause Treatment | https://www.womenshealth.gov/menopause/menopause-treatment,B
1424,Menopause & Menopausal Health,Managing Symptoms & When to Seek Care,What symptoms during menopause require urgent medical attention?,"Heavy or unusual bleeding, bleeding after menopause, severe chest pain, difficulty breathing, fainting, or sudden neurological symptoms require urgent medical evaluation. This is general health information, not a diagnosis. Consult a healthcare professional for personal medical advice.",Mayo Clinic – Postmenopausal Bleeding | https://www.mayoclinic.org/symptoms/postmenopausal-bleeding/basics/definition/sym-20050971,B
1425,Menopause & Menopausal Health,Managing Symptoms & When to Seek Care,Can antidepressants help manage hot flashes?,"Certain low-dose antidepressants have been shown to help reduce hot flashes in some women, particularly those who cannot or choose not to use hormone therapy. This is general health information, not a diagnosis. Consult a healthcare professional for personal medical advice.",NIA – Menopause Symptoms and Relief | https://www.nia.nih.gov/health/menopause/menopause-symptoms-and-relief,B
1426,Menopause & Menopausal Health,Managing Symptoms & When to Seek Care,What is the role of a gynecologist during menopause?,"A gynecologist can help diagnose menopause, discuss treatment options, monitor gynecological health, and address symptoms like abnormal bleeding or vaginal changes. This is general health information, not a diagnosis. Consult a healthcare professional for personal medical advice.",Office on Women's Health – Menopause | https://www.womenshealth.gov/menopause,B
1427,Menopause & Menopausal Health,Managing Symptoms & When to Seek Care,Can exercise reduce menopause symptoms?,"Regular physical activity can improve sleep, mood, bone health, and weight management, and may help reduce the impact of some menopause symptoms. This is general health information, not a diagnosis. Consult a healthcare professional for personal medical advice.",CDC – Physical Activity Guidelines | https://www.cdc.gov/physical-activity-basics/guidelines/index.html,B
1428,Menopause & Menopausal Health,Managing Symptoms & When to Seek Care,How can sleep hygiene help with menopause-related insomnia?,"Maintaining a consistent sleep schedule, keeping the bedroom cool, and limiting screens and caffeine before bed can improve sleep quality during menopause. This is general health information, not a diagnosis. Consult a healthcare professional for personal medical advice.",NIA – Menopause and Sleep | https://www.nia.nih.gov/health/menopause/what-menopause,B
1429,Menopause & Menopausal Health,Managing Symptoms & When to Seek Care,Can relaxation techniques help hot flashes?,"Techniques such as slow breathing and mindfulness may help some women reduce the intensity or distress of hot flashes. This is general health information, not a diagnosis. Consult a healthcare professional for personal medical advice.",NIA – Menopause Symptoms and Relief | https://www.nia.nih.gov/health/menopause/menopause-symptoms-and-relief,B
1430,Menopause & Menopausal Health,Managing Symptoms & When to Seek Care,What should a woman do if hot flashes severely disrupt daily life?,"She should consult a healthcare provider to discuss treatment options, including hormonal and non-hormonal therapies tailored to her needs. This is general health information, not a diagnosis. Consult a healthcare professional for personal medical advice.",NIA – Hot Flashes: What Can I Do? | https://www.nia.nih.gov/health/menopause/hot-flashes-what-can-i-do,B
1431,Menopause & Menopausal Health,Managing Symptoms & When to Seek Care,Can weight loss reduce hot flash severity?,"Yes, for women with overweight or obesity, losing weight has been associated with a reduction in hot flash frequency and severity in some studies. This is general health information, not a diagnosis. Consult a healthcare professional for personal medical advice.",NIA – Menopause Symptoms and Relief | https://www.nia.nih.gov/health/menopause/menopause-symptoms-and-relief,B
1432,Menopause & Menopausal Health,Managing Symptoms & When to Seek Care,Is it necessary to treat every menopause symptom?,"No, treatment decisions depend on how much symptoms affect quality of life; mild symptoms may not require treatment, while bothersome symptoms can be discussed with a doctor. This is general health information, not a diagnosis. Consult a healthcare professional for personal medical advice.",Office on Women's Health – Menopause Treatment | https://www.womenshealth.gov/menopause/menopause-treatment,B
1433,Menopause & Menopausal Health,Managing Symptoms & When to Seek Care,What questions should a woman ask her doctor about menopause?,"Useful questions include asking about symptom management options, HRT risks and benefits, bone and heart health screening, and when to seek further evaluation. This is general health information, not a diagnosis. Consult a healthcare professional for personal medical advice.",Office on Women's Health – Menopause Treatment | https://www.womenshealth.gov/menopause/menopause-treatment,B
1434,Menopause & Menopausal Health,Managing Symptoms & When to Seek Care,Can complementary therapies like acupuncture help menopause symptoms?,"Some women report symptom relief from acupuncture, though scientific evidence is mixed, and it should be discussed with a doctor alongside other treatments. This is general health information, not a diagnosis. Consult a healthcare professional for personal medical advice.",NIA – Menopause Symptoms and Relief | https://www.nia.nih.gov/health/menopause/menopause-symptoms-and-relief,B
1435,Menopause & Menopausal Health,Managing Symptoms & When to Seek Care,Should herbal supplements be used for menopause symptoms?,"Herbal supplements are not regulated the same way as medications, so their safety and effectiveness vary; a doctor should be consulted before use, especially alongside other medications. This is general health information, not a diagnosis. Consult a healthcare professional for personal medical advice.",NIA – Menopause Symptoms and Relief | https://www.nia.nih.gov/health/menopause/menopause-symptoms-and-relief,B
1436,Menopause & Menopausal Health,Managing Symptoms & When to Seek Care,Are black cohosh supplements effective for hot flashes?,"Evidence on black cohosh for hot flashes is mixed and inconclusive, so it should be used cautiously and discussed with a healthcare provider first. This is general health information, not a diagnosis. Consult a healthcare professional for personal medical advice.",NIA – Menopause Symptoms and Relief | https://www.nia.nih.gov/health/menopause/menopause-symptoms-and-relief,B
1437,Menopause & Menopausal Health,Managing Symptoms & When to Seek Care,When should sudden chest pain during menopause be treated as an emergency?,"Sudden or severe chest pain, especially with shortness of breath, sweating, or pain spreading to the arm or jaw, requires immediate emergency medical care. This is general health information, not a diagnosis. Consult a healthcare professional for personal medical advice.",Office on Women's Health – Heart Disease | https://www.womenshealth.gov/heart-disease,B
1438,Menopause & Menopausal Health,Managing Symptoms & When to Seek Care,When should severe or unusual bleeding be urgently evaluated?,"Bleeding that is unusually heavy, prolonged, or occurs after 12 months without a period should be evaluated by a doctor promptly rather than assumed to be normal. This is general health information, not a diagnosis. Consult a healthcare professional for personal medical advice.",Mayo Clinic – Postmenopausal Bleeding | https://www.mayoclinic.org/symptoms/postmenopausal-bleeding/basics/definition/sym-20050971,B
1439,Menopause & Menopausal Health,Managing Symptoms & When to Seek Care,When should fainting during menopause be medically evaluated?,"Any episode of fainting or loss of consciousness should be promptly evaluated by a healthcare professional to rule out serious underlying causes. This is general health information, not a diagnosis. Consult a healthcare professional for personal medical advice.",Mayo Clinic – Menopause | https://www.mayoclinic.org/diseases-conditions/menopause/symptoms-causes/syc-20353397,B
1440,Menopause & Menopausal Health,Managing Symptoms & When to Seek Care,When should sudden severe headache or neurological symptoms be evaluated?,"Sudden severe headache, vision changes, weakness, numbness, or difficulty speaking require immediate emergency medical evaluation, as these are not typical menopause symptoms. This is general health information, not a diagnosis. Consult a healthcare professional for personal medical advice.",Mayo Clinic – Menopause | https://www.mayoclinic.org/diseases-conditions/menopause/symptoms-causes/syc-20353397,B
1441,Menopause & Menopausal Health,Managing Symptoms & When to Seek Care,When should difficulty breathing be treated as an emergency?,"Severe or sudden difficulty breathing is a medical emergency and requires immediate care rather than being attributed to menopause symptoms. This is general health information, not a diagnosis. Consult a healthcare professional for personal medical advice.",Office on Women's Health – Heart Disease | https://www.womenshealth.gov/heart-disease,B
1442,Menopause & Menopausal Health,Managing Symptoms & When to Seek Care,Can pelvic floor exercises help with menopause-related bladder symptoms?,"Yes, pelvic floor exercises can strengthen muscles that support bladder control and may reduce urinary leakage related to menopause. This is general health information, not a diagnosis. Consult a healthcare professional for personal medical advice.",Cleveland Clinic – Genitourinary Syndrome of Menopause | https://my.clevelandclinic.org/health/diseases/21884-genitourinary-syndrome-of-menopause-gsm,B
1443,Menopause & Menopausal Health,Managing Symptoms & When to Seek Care,What treatments are available for genitourinary syndrome of menopause?,"Treatments include vaginal moisturizers, lubricants, local vaginal estrogen therapy, and pelvic floor exercises, depending on symptom severity and individual health. This is general health information, not a diagnosis. Consult a healthcare professional for personal medical advice.",Cleveland Clinic – Genitourinary Syndrome of Menopause | https://my.clevelandclinic.org/health/diseases/21884-genitourinary-syndrome-of-menopause-gsm,B
1444,Menopause & Menopausal Health,Managing Symptoms & When to Seek Care,Can a woman start HRT years after menopause began?,"Starting HRT long after menopause may carry different risks and benefits, so timing should be individually assessed and discussed with a healthcare provider. This is general health information, not a diagnosis. Consult a healthcare professional for personal medical advice.",Mayo Clinic – Hormone Therapy | https://www.mayoclinic.org/diseases-conditions/menopause/in-depth/hormone-therapy/art-20046372,B
1445,Menopause & Menopausal Health,Managing Symptoms & When to Seek Care,What monitoring is needed while on HRT?,"Women on HRT typically need periodic follow-up visits to review symptoms, side effects, and ongoing suitability of treatment with their healthcare provider. This is general health information, not a diagnosis. Consult a healthcare professional for personal medical advice.",NHS – Hormone Replacement Therapy (HRT) | https://www.nhs.uk/conditions/hormone-replacement-therapy-hrt/,B
1446,Menopause & Menopausal Health,Managing Symptoms & When to Seek Care,Can HRT be stopped abruptly?,"HRT can sometimes be stopped, but tapering may reduce the return of symptoms; the approach should be guided by a healthcare provider. This is general health information, not a diagnosis. Consult a healthcare professional for personal medical advice.",NHS – Hormone Replacement Therapy (HRT) | https://www.nhs.uk/conditions/hormone-replacement-therapy-hrt/,B
1447,Menopause & Menopausal Health,Managing Symptoms & When to Seek Care,What lifestyle habits support better sleep during menopause?,"Keeping a cool bedroom, regular exercise, limiting late caffeine and alcohol, and a consistent bedtime routine can support better sleep during menopause. This is general health information, not a diagnosis. Consult a healthcare professional for personal medical advice.",NIA – Menopause and Sleep | https://www.nia.nih.gov/health/menopause/what-menopause,B
1448,Menopause & Menopausal Health,Managing Symptoms & When to Seek Care,Can wearing layered clothing help manage hot flashes?,"Yes, wearing layers that can be easily removed helps manage sudden temperature changes associated with hot flashes. This is general health information, not a diagnosis. Consult a healthcare professional for personal medical advice.",NIA – Hot Flashes: What Can I Do? | https://www.nia.nih.gov/health/menopause/hot-flashes-what-can-i-do,B
1449,Menopause & Menopausal Health,Managing Symptoms & When to Seek Care,Should new or worsening symptoms during HRT be reported to a doctor?,"Yes, any new, worsening, or concerning symptoms while taking HRT should be reported promptly to a healthcare provider for evaluation. This is general health information, not a diagnosis. Consult a healthcare professional for personal medical advice.",NHS – Hormone Replacement Therapy (HRT) | https://www.nhs.uk/conditions/hormone-replacement-therapy-hrt/,B
1450,Menopause & Menopausal Health,Post-Menopause Health Screening,Why is cardiovascular screening important after menopause?,"The decline in estrogen after menopause is linked to increased cardiovascular risk, making regular blood pressure and cholesterol checks important. This is general health information, not a diagnosis. Consult a healthcare professional for personal medical advice.",Office on Women's Health – Heart Disease | https://www.womenshealth.gov/heart-disease,B
1451,Menopause & Menopausal Health,Post-Menopause Health Screening,How does menopause affect heart disease risk?,"After menopause, women's risk of heart disease rises and gradually approaches that of men, partly due to the loss of estrogen's protective cardiovascular effects. This is general health information, not a diagnosis. Consult a healthcare professional for personal medical advice.",Office on Women's Health – Heart Disease | https://www.womenshealth.gov/heart-disease,B
1452,Menopause & Menopausal Health,Post-Menopause Health Screening,What blood pressure checks are recommended after menopause?,"Regular blood pressure checks, typically at least annually or as advised by a doctor, are recommended to monitor cardiovascular risk after menopause. This is general health information, not a diagnosis. Consult a healthcare professional for personal medical advice.",Office on Women's Health – Heart Disease | https://www.womenshealth.gov/heart-disease,B
1453,Menopause & Menopausal Health,Post-Menopause Health Screening,How often should cholesterol be checked after menopause?,"Cholesterol levels should generally be checked every four to six years, or more often based on individual risk factors, as advised by a healthcare provider. This is general health information, not a diagnosis. Consult a healthcare professional for personal medical advice.",Office on Women's Health – Heart Disease | https://www.womenshealth.gov/heart-disease,B
1454,Menopause & Menopausal Health,Post-Menopause Health Screening,Why is diabetes screening relevant after menopause?,"Metabolic changes after menopause, including weight and fat distribution shifts, can increase the risk of type 2 diabetes, making periodic screening important. This is general health information, not a diagnosis. Consult a healthcare professional for personal medical advice.",Office on Women's Health – Heart Disease | https://www.womenshealth.gov/heart-disease,B
1455,Menopause & Menopausal Health,Post-Menopause Health Screening,How often should mammograms be done after menopause?,"Mammogram frequency recommendations vary by guideline and individual risk, generally every one to two years for women in their 50s and beyond; a doctor can advise the right schedule. This is general health information, not a diagnosis. Consult a healthcare professional for personal medical advice.",CDC – Breast Cancer Screening | https://www.cdc.gov/breast-cancer/screening/index.html,B
1456,Menopause & Menopausal Health,Post-Menopause Health Screening,Why is bone density screening important after menopause?,"Bone density screening helps detect osteoporosis early, since bone loss accelerates after menopause and often has no symptoms until a fracture occurs. This is general health information, not a diagnosis. Consult a healthcare professional for personal medical advice.",NIA – Osteoporosis | https://www.nia.nih.gov/health/osteoporosis/osteoporosis,B
1457,Menopause & Menopausal Health,Post-Menopause Health Screening,When should cervical cancer screening stop?,"Many guidelines suggest cervical cancer screening can stop around age 65 for women with a history of adequate prior negative screening, but this should be individually confirmed with a doctor. This is general health information, not a diagnosis. Consult a healthcare professional for personal medical advice.",CDC – Cervical Cancer Screening | https://www.cdc.gov/cervical-cancer/screening/index.html,B
1458,Menopause & Menopausal Health,Post-Menopause Health Screening,What is the recommended frequency of Pap smears for postmenopausal women?,"Pap smear frequency depends on age and prior results but is commonly every three to five years for average-risk women, as advised by a healthcare provider. This is general health information, not a diagnosis. Consult a healthcare professional for personal medical advice.",CDC – Cervical Cancer Screening | https://www.cdc.gov/cervical-cancer/screening/index.html,B
1459,Menopause & Menopausal Health,Post-Menopause Health Screening,Why is colorectal cancer screening recommended around this age?,"Colorectal cancer risk increases with age, so screening, generally starting around age 45 to 50, helps detect precancerous changes or cancer early. This is general health information, not a diagnosis. Consult a healthcare professional for personal medical advice.",CDC – Colorectal Cancer Screening | https://www.cdc.gov/colorectal-cancer/screening/index.html,B
1460,Menopause & Menopausal Health,Post-Menopause Health Screening,What screenings are recommended for postmenopausal women overall?,"Common recommended screenings include blood pressure, cholesterol, blood sugar, bone density, mammograms, and colorectal and cervical cancer screening as appropriate for age and risk. This is general health information, not a diagnosis. Consult a healthcare professional for personal medical advice.",Office on Women's Health – Menopause Treatment | https://www.womenshealth.gov/menopause/menopause-treatment,B
1461,Menopause & Menopausal Health,Post-Menopause Health Screening,Can menopause increase the risk of endometrial cancer?,"Postmenopausal risk factors such as obesity and unopposed estrogen exposure can raise endometrial cancer risk, which is why postmenopausal bleeding must always be evaluated. This is general health information, not a diagnosis. Consult a healthcare professional for personal medical advice.",Mayo Clinic – Postmenopausal Bleeding | https://www.mayoclinic.org/symptoms/postmenopausal-bleeding/basics/definition/sym-20050971,B
1462,Menopause & Menopausal Health,Post-Menopause Health Screening,Why should postmenopausal bleeding always be evaluated?,"Postmenopausal bleeding can sometimes indicate serious conditions such as endometrial cancer, so it should never be assumed to be harmless and always requires medical evaluation. This is general health information, not a diagnosis. Consult a healthcare professional for personal medical advice.",Mayo Clinic – Postmenopausal Bleeding | https://www.mayoclinic.org/symptoms/postmenopausal-bleeding/basics/definition/sym-20050971,B
1463,Menopause & Menopausal Health,Post-Menopause Health Screening,What is the purpose of a pelvic exam after menopause?,"A pelvic exam helps assess vaginal, cervical, and uterine health, and can help identify changes related to menopause or other gynecological conditions. This is general health information, not a diagnosis. Consult a healthcare professional for personal medical advice.",Office on Women's Health – Menopause | https://www.womenshealth.gov/menopause,B
1464,Menopause & Menopausal Health,Post-Menopause Health Screening,Should thyroid function be checked after menopause?,"Thyroid testing may be recommended if symptoms suggest thyroid dysfunction, as thyroid disorders can overlap with or mimic some menopause symptoms. This is general health information, not a diagnosis. Consult a healthcare professional for personal medical advice.",MedlinePlus – Menopause | https://medlineplus.gov/menopause.html,B
1465,Menopause & Menopausal Health,Post-Menopause Health Screening,Why is weight and BMI monitoring important postmenopause?,"Monitoring weight helps track cardiovascular and metabolic risk, since weight gain and fat redistribution are common after menopause. This is general health information, not a diagnosis. Consult a healthcare professional for personal medical advice.",Office on Women's Health – Heart Disease | https://www.womenshealth.gov/heart-disease,B
1466,Menopause & Menopausal Health,Post-Menopause Health Screening,Can postmenopausal women still need HPV testing?,"Yes, HPV testing may still be part of cervical cancer screening for postmenopausal women depending on age and screening history, as advised by a doctor. This is general health information, not a diagnosis. Consult a healthcare professional for personal medical advice.",CDC – Cervical Cancer Screening | https://www.cdc.gov/cervical-cancer/screening/index.html,B
1467,Menopause & Menopausal Health,Post-Menopause Health Screening,Why is eye health screening important after menopause?,"Hormonal changes and aging can affect eye health, so regular eye exams help detect issues like dry eyes or age-related vision changes. This is general health information, not a diagnosis. Consult a healthcare professional for personal medical advice.",MedlinePlus – Menopause | https://medlineplus.gov/menopause.html,B
1468,Menopause & Menopausal Health,Post-Menopause Health Screening,Why is dental health screening still important postmenopause?,"Hormonal changes after menopause can affect gum and bone health in the mouth, making regular dental checkups important for oral health. This is general health information, not a diagnosis. Consult a healthcare professional for personal medical advice.",MedlinePlus – Menopause | https://medlineplus.gov/menopause.html,B
1469,Menopause & Menopausal Health,Post-Menopause Health Screening,Why might a doctor check kidney function during postmenopausal screening?,"Kidney function may be checked as part of general health monitoring, especially if a woman has risk factors like high blood pressure or diabetes that become more common after menopause. This is general health information, not a diagnosis. Consult a healthcare professional for personal medical advice.",Office on Women's Health – Heart Disease | https://www.womenshealth.gov/heart-disease,B
1470,Menopause & Menopausal Health,Post-Menopause Health Screening,Why is skin cancer screening relevant during this life stage?,"Skin cancer risk increases with age and cumulative sun exposure, so periodic skin checks remain important for postmenopausal women. This is general health information, not a diagnosis. Consult a healthcare professional for personal medical advice.",MedlinePlus – Menopause | https://medlineplus.gov/menopause.html,B
1471,Menopause & Menopausal Health,Post-Menopause Health Screening,How often should a general health check-up occur postmenopause?,"Most postmenopausal women benefit from an annual health check-up to review screenings, medications, and any new symptoms with their doctor. This is general health information, not a diagnosis. Consult a healthcare professional for personal medical advice.",Office on Women's Health – Menopause Treatment | https://www.womenshealth.gov/menopause/menopause-treatment,B
1472,Menopause & Menopausal Health,Post-Menopause Health Screening,Can postmenopausal women benefit from a cardiovascular risk assessment?,"Yes, a cardiovascular risk assessment considering blood pressure, cholesterol, weight, and lifestyle factors can help guide prevention strategies after menopause. This is general health information, not a diagnosis. Consult a healthcare professional for personal medical advice.",Office on Women's Health – Heart Disease | https://www.womenshealth.gov/heart-disease,B
1473,Menopause & Menopausal Health,Post-Menopause Health Screening,What role does a primary care provider play in postmenopausal screening?,"A primary care provider helps coordinate recommended screenings, monitor overall health, and refer to specialists as needed after menopause. This is general health information, not a diagnosis. Consult a healthcare professional for personal medical advice.",Office on Women's Health – Menopause Treatment | https://www.womenshealth.gov/menopause/menopause-treatment,B
1474,Menopause & Menopausal Health,Post-Menopause Health Screening,Why is it important to update screening schedules with a doctor after menopause?,"Screening needs can change with age and menopausal status, so reviewing schedules with a doctor ensures appropriate and timely preventive care. This is general health information, not a diagnosis. Consult a healthcare professional for personal medical advice.",Office on Women's Health – Menopause Treatment | https://www.womenshealth.gov/menopause/menopause-treatment,B
1475,Menopause & Menopausal Health,Menopause Myths,Is it true that menopause always causes severe mood swings?,"No, mood changes vary widely between women; some experience noticeable mood changes while others do not, and severity depends on many individual factors. This is general health information, not a diagnosis. Consult a healthcare professional for personal medical advice.",NIA – Menopause Symptoms and Relief | https://www.nia.nih.gov/health/menopause/menopause-symptoms-and-relief,B
1476,Menopause & Menopausal Health,Menopause Myths,Is it true that menopause ends a woman's sex life?,"No, while some women experience changes like vaginal dryness or reduced libido, many remain sexually active and satisfied, especially with appropriate symptom management. This is general health information, not a diagnosis. Consult a healthcare professional for personal medical advice.",NHS – Menopause and Perimenopause | https://www.nhs.uk/conditions/menopause-and-perimenopause/,B
1477,Menopause & Menopausal Health,Menopause Myths,Is it true that HRT is unsafe for all women?,"No, HRT carries different risks and benefits depending on individual health history, and many women can safely use it under medical guidance. This is general health information, not a diagnosis. Consult a healthcare professional for personal medical advice.",Mayo Clinic – Hormone Therapy | https://www.mayoclinic.org/diseases-conditions/menopause/in-depth/hormone-therapy/art-20046372,B
1478,Menopause & Menopausal Health,Menopause Myths,Is it true that menopause happens suddenly overnight?,"No, natural menopause is typically a gradual transition over several years, except in cases of surgical or medically induced menopause. This is general health information, not a diagnosis. Consult a healthcare professional for personal medical advice.",Mayo Clinic – Perimenopause | https://www.mayoclinic.org/diseases-conditions/perimenopause/symptoms-causes/syc-20354666,B
1479,Menopause & Menopausal Health,Menopause Myths,Is it true that weight gain during menopause cannot be managed?,"No, while hormonal changes can contribute to weight gain, diet, exercise, and lifestyle strategies can help manage weight during and after menopause. This is general health information, not a diagnosis. Consult a healthcare professional for personal medical advice.",NIA – Menopause Symptoms and Relief | https://www.nia.nih.gov/health/menopause/menopause-symptoms-and-relief,B
1480,Menopause & Menopausal Health,Menopause Myths,Is it true that only older women experience perimenopause symptoms?,"No, perimenopause can begin in the late 30s or early 40s for some women, well before the average age of menopause. This is general health information, not a diagnosis. Consult a healthcare professional for personal medical advice.",Cleveland Clinic – Perimenopause | https://my.clevelandclinic.org/health/diseases/21608-perimenopause,B
1481,Menopause & Menopausal Health,Menopause Myths,Is it true that natural remedies are always safer than HRT?,"No, natural or herbal remedies are not automatically safer, as their safety and effectiveness are less regulated and can vary; all options should be discussed with a doctor. This is general health information, not a diagnosis. Consult a healthcare professional for personal medical advice.",NIA – Menopause Symptoms and Relief | https://www.nia.nih.gov/health/menopause/menopause-symptoms-and-relief,B
1482,Menopause & Menopausal Health,Menopause Myths,Is it true that menopause is a disease that needs to be cured?,"No, menopause is a natural biological transition, not a disease, although some symptoms can be managed with appropriate care if they affect quality of life. This is general health information, not a diagnosis. Consult a healthcare professional for personal medical advice.",WHO – Menopause Fact Sheet | https://www.who.int/news-room/fact-sheets/detail/menopause,B
1483,Menopause & Menopausal Health,Menopause Myths,Is it true that all women need HRT?,"No, HRT is one option among several for managing symptoms, and not every woman needs or chooses to use it. This is general health information, not a diagnosis. Consult a healthcare professional for personal medical advice.",Office on Women's Health – Menopause Treatment | https://www.womenshealth.gov/menopause/menopause-treatment,B
1484,Menopause & Menopausal Health,Menopause Myths,Is it true that menopause symptoms are 'all in a woman's head'?,"No, menopause symptoms result from real physiological hormonal changes and are not imagined or purely psychological. This is general health information, not a diagnosis. Consult a healthcare professional for personal medical advice.",NIA – What Is Menopause? | https://www.nia.nih.gov/health/menopause/what-menopause,B
1485,Menopause & Menopausal Health,Menopause Myths,Is it true that periods stop abruptly for everyone at menopause?,"No, most women experience a gradual change in period patterns during perimenopause before periods stop completely, although surgical menopause can cause an abrupt stop. This is general health information, not a diagnosis. Consult a healthcare professional for personal medical advice.",Mayo Clinic – Perimenopause | https://www.mayoclinic.org/diseases-conditions/perimenopause/symptoms-causes/syc-20354666,B
1486,Menopause & Menopausal Health,Menopause Myths,Is it true that soy products are dangerous for menopausal women?,"No, moderate soy consumption is generally considered safe for most women and may offer modest symptom relief for some, according to current evidence. This is general health information, not a diagnosis. Consult a healthcare professional for personal medical advice.",NIA – Menopause Symptoms and Relief | https://www.nia.nih.gov/health/menopause/menopause-symptoms-and-relief,B
1487,Menopause & Menopausal Health,Menopause Myths,Is it true that menopause automatically causes osteoporosis in every woman?,"No, while menopause increases osteoporosis risk due to estrogen decline, not every woman develops osteoporosis, especially with preventive measures. This is general health information, not a diagnosis. Consult a healthcare professional for personal medical advice.",NIA – Osteoporosis | https://www.nia.nih.gov/health/osteoporosis/osteoporosis,B
1488,Menopause & Menopausal Health,Menopause Myths,Is it true that hot flashes only happen during the day?,"No, hot flashes can occur at any time, including at night, when they are commonly called night sweats. This is general health information, not a diagnosis. Consult a healthcare professional for personal medical advice.",Cleveland Clinic – Night Sweats | https://my.clevelandclinic.org/health/symptoms/21484-night-sweats,B
1489,Menopause & Menopausal Health,Menopause Myths,Is it true that menopause means a woman is no longer healthy?,"No, menopause is a normal life stage, and with appropriate lifestyle habits and healthcare, women can remain healthy and active after menopause. This is general health information, not a diagnosis. Consult a healthcare professional for personal medical advice.",WHO – Menopause Fact Sheet | https://www.who.int/news-room/fact-sheets/detail/menopause,B
1490,Menopause & Menopausal Health,Menopause Myths,Is it true that exercise should be avoided during menopause?,"No, regular exercise is generally beneficial during menopause for bone, heart, and overall health, unless a doctor advises otherwise for a specific condition. This is general health information, not a diagnosis. Consult a healthcare professional for personal medical advice.",CDC – Physical Activity Guidelines | https://www.cdc.gov/physical-activity-basics/guidelines/index.html,B
1491,Menopause & Menopausal Health,Menopause Myths,Is it true that menopause only lasts a few months?,"No, the menopausal transition, including perimenopause, often lasts several years, and some symptoms can persist even longer. This is general health information, not a diagnosis. Consult a healthcare professional for personal medical advice.",Cleveland Clinic – Perimenopause | https://my.clevelandclinic.org/health/diseases/21608-perimenopause,B
1492,Menopause & Menopausal Health,Menopause Myths,Is it true that hysterectomy always causes immediate menopause?,"No, a hysterectomy that removes the uterus but leaves the ovaries intact does not cause immediate menopause, though it does stop periods; menopause occurs when the ovaries stop functioning. This is general health information, not a diagnosis. Consult a healthcare professional for personal medical advice.",Cleveland Clinic – Menopause | https://my.clevelandclinic.org/health/diseases/21841-menopause,B
1493,Menopause & Menopausal Health,Menopause Myths,Is it true that calcium supplements alone prevent osteoporosis?,"No, calcium supplements alone are not sufficient; osteoporosis prevention also requires vitamin D, weight-bearing exercise, and avoiding risk factors like smoking. This is general health information, not a diagnosis. Consult a healthcare professional for personal medical advice.",NIA – Osteoporosis | https://www.nia.nih.gov/health/osteoporosis/osteoporosis,B
1494,Menopause & Menopausal Health,Menopause Myths,Is it true that menopause cannot be discussed with a doctor until periods stop completely?,"No, women can and should discuss perimenopause symptoms with a doctor as soon as they notice changes, without waiting for periods to fully stop. This is general health information, not a diagnosis. Consult a healthcare professional for personal medical advice.",Office on Women's Health – Menopause Treatment | https://www.womenshealth.gov/menopause/menopause-treatment,B
1495,Menopause & Menopausal Health,Menopause Myths,Is it true that early menopause is always caused by lifestyle choices?,"No, early menopause can result from genetics, autoimmune conditions, medical treatments, or unknown causes, not solely from lifestyle factors. This is general health information, not a diagnosis. Consult a healthcare professional for personal medical advice.",Cleveland Clinic – Premature and Early Menopause | https://my.clevelandclinic.org/health/diseases/21138-premature-menopause,B
1496,Menopause & Menopausal Health,Menopause Myths,Is it true that men go through an identical hormonal 'menopause'?,"No, while some men experience gradual testosterone decline with age, this process differs biologically from the more defined hormonal changes of female menopause. This is general health information, not a diagnosis. Consult a healthcare professional for personal medical advice.",WHO – Menopause Fact Sheet | https://www.who.int/news-room/fact-sheets/detail/menopause,B
1497,Menopause & Menopausal Health,Menopause Myths,Is it true that vaginal dryness during menopause is untreatable?,"No, vaginal dryness can often be effectively managed with moisturizers, lubricants, or local estrogen therapy, so it should not be left untreated. This is general health information, not a diagnosis. Consult a healthcare professional for personal medical advice.",NHS – Vaginal Dryness | https://www.nhs.uk/conditions/vaginal-dryness/,B
1498,Menopause & Menopausal Health,Menopause Myths,Is it true that menopause symptoms are the same in every culture and population?,"No, research shows menopause symptom experience and reporting can vary across different cultures and populations due to genetic, lifestyle, and social factors. This is general health information, not a diagnosis. Consult a healthcare professional for personal medical advice.",WHO – Menopause Fact Sheet | https://www.who.int/news-room/fact-sheets/detail/menopause,B
1499,Menopause & Menopausal Health,Menopause Myths,"Is it true that once perimenopause starts, pregnancy is impossible?","No, pregnancy remains possible during perimenopause because ovulation can still occur irregularly until menopause is fully reached. This is general health information, not a diagnosis. Consult a healthcare professional for personal medical advice.",Mayo Clinic – Perimenopause | https://www.mayoclinic.org/diseases-conditions/perimenopause/symptoms-causes/syc-20354666,B
1500,Fertility & Reproductive Health,STIs/RTIs and Their Impact on Fertility,How can untreated STIs affect fertility?,"Untreated infections like chlamydia and gonorrhea can cause pelvic inflammatory disease, which can lead to scarring and blockage of the fallopian tubes, potentially causing infertility.",https://www.who.int/health-topics/sexually-transmitted-infections,B
1501,Fertility & Reproductive Health,STIs/RTIs and Their Impact on Fertility,What is pelvic inflammatory disease (PID)?,"PID is an infection of the female reproductive organs, usually caused by untreated STIs, which can cause chronic pain and, if not treated promptly, can damage the fallopian tubes.",https://www.cdc.gov/std/default.htm,B
1502,Fertility & Reproductive Health,STIs/RTIs and Their Impact on Fertility,Which STIs can affect fertility?,"Untreated infections of chlamydia and gonorrhea can cause pelvic inflammatory disease (PID), which can damage the fallopian tubes and increase the risk of infertility.",https://www.cdc.gov/std/default.htm,B
1503,Fertility & Reproductive Health,STIs/RTIs and Their Impact on Fertility,Can STIs affect fertility in men as well?,"Yes, some STIs can cause inflammation and scarring in the epididymis in men, which can affect sperm quality or transport.",https://www.who.int/health-topics/sexually-transmitted-infections,B
1504,Fertility & Reproductive Health,STIs/RTIs and Their Impact on Fertility,How often should screening for sexually transmitted infections (STIs) be done?,"Screening recommendations vary, but sexually active individuals with new or multiple partners are generally advised to get tested at least annually, or more often based on risk.",https://www.cdc.gov/std/default.htm,B
1505,Fertility & Reproductive Health,STIs/RTIs and Their Impact on Fertility,Can timely treatment of an STI help prevent infertility?,"Yes, early diagnosis and treatment can prevent the infection from spreading and causing lasting damage, so regular screening is important.",https://www.ncbi.nlm.nih.gov/pmc/?term=sexually+transmitted+infection+fertility,B
1506,Fertility & Reproductive Health,STIs/RTIs and Their Impact on Fertility,Is it normal for cycle length to vary by a few days each month?,"Yes, some natural variation in cycle length is normal; consistently very irregular cycles warrant a conversation with a doctor.",https://www.mayoclinic.org/healthy-lifestyle/getting-pregnant/in-depth/ovulation-signs/art-20047239,B
1507,Fertility & Reproductive Health,STIs/RTIs and Their Impact on Fertility,What is PID (Pelvic Inflammatory Disease) and how does it cause infertility?,"PID is an infection of the uterus, fallopian tubes, and ovaries, often caused by an untreated STI, which can cause scarring and blockage in the tubes and increase the risk of infertility.",https://www.acog.org/womens-health/faqs/evaluating-infertility,B
1508,Fertility & Reproductive Health,STIs/RTIs and Their Impact on Fertility,Does smoking affect fertility in both partners?,"Yes, smoking is linked to reduced egg quality and earlier menopause in women, and reduced sperm count and motility in men.",https://www.who.int/health-topics/reproductive-health,B
1509,Fertility & Reproductive Health,STIs/RTIs and Their Impact on Fertility,Can STIs be harmful even if there are no visible symptoms?,"Yes, many STIs such as chlamydia are often symptomless, but without treatment they can silently damage the reproductive organs.",https://www.ncbi.nlm.nih.gov/pmc/?term=female+fertility,B
1510,Fertility & Reproductive Health,STIs/RTIs and Their Impact on Fertility,Does using condoms to prevent STIs help protect fertility?,"Yes, using condoms reduces the risk of STIs, which in turn reduces the risk of infertility caused by infection.",https://www.who.int/health-topics/reproductive-health,B
1511,Fertility & Reproductive Health,STIs/RTIs and Their Impact on Fertility,What is Chlamydia and how does it affect fertility?,"Chlamydia is a common bacterial STI that, if left untreated, can damage the fallopian tubes and increase the risk of infertility.",https://www.cdc.gov/std/,B
1512,Fertility & Reproductive Health,STIs/RTIs and Their Impact on Fertility,What are the common symptoms of Gonorrhea?,"Gonorrhea often has no visible symptoms, but some people may experience unusual discharge, pain during urination, or pelvic pain.",https://www.cdc.gov/std/,B
1513,Fertility & Reproductive Health,STIs/RTIs and Their Impact on Fertility,Can fertility return after treatment for an STI?,"With timely treatment, fertility is usually preserved, but if the infection has already damaged the tubes, that damage may not be reversible.",https://www.cdc.gov/std/,B
1514,Fertility & Reproductive Health,STIs/RTIs and Their Impact on Fertility,Can an STI be passed to a baby during pregnancy?,"Yes, some STIs such as HIV, syphilis, and gonorrhea can be transmitted from mother to baby during pregnancy or childbirth, so screening is important.",https://www.cdc.gov/std/,B
1515,Fertility & Reproductive Health,STIs/RTIs and Their Impact on Fertility,Does HPV (Human Papillomavirus) affect fertility?,"HPV itself does not directly affect fertility, but some of its treatments (such as cervical surgery) can affect fertility.",https://www.cdc.gov/std/,B
1516,Fertility & Reproductive Health,STIs/RTIs and Their Impact on Fertility,What tests are done to diagnose an STI?,"Blood tests, urine tests, and swab tests are commonly used to diagnose STIs.",https://www.cdc.gov/std/,B
1517,Fertility & Reproductive Health,STIs/RTIs and Their Impact on Fertility,Does having PID more than once increase the risk of infertility?,"Yes, repeated episodes of PID cause more damage to the fallopian tubes, which increases the risk of infertility.",https://www.cdc.gov/std/,B
1518,Fertility & Reproductive Health,STIs/RTIs and Their Impact on Fertility,Should both partners be treated together for an STI?,"Yes, both partners should be treated together to prevent the risk of reinfection.",https://www.cdc.gov/std/,B
1519,Fertility & Reproductive Health,STIs/RTIs and Their Impact on Fertility,Can pregnancy occur despite having an STI?,"Yes, pregnancy can occur despite some STIs, but it can be risky for the pregnancy and the baby's health, so treatment is important.",https://www.cdc.gov/std/,B
1520,Fertility & Reproductive Health,STIs/RTIs and Their Impact on Fertility,Does Syphilis affect an unborn baby?,"Yes, untreated syphilis can cause serious complications in an unborn baby or lead to pregnancy loss.",https://www.cdc.gov/std/,B
1521,Fertility & Reproductive Health,STIs/RTIs and Their Impact on Fertility,Is STI testing necessary before planning a pregnancy?,"Yes, getting tested for STIs before planning a pregnancy helps ensure good health and a safe pregnancy.",https://www.acog.org/womens-health,B
1522,Fertility & Reproductive Health,STIs/RTIs and Their Impact on Fertility,Does an untreated STI increase the risk of ectopic pregnancy?,"Yes, damage to the fallopian tubes from an untreated STI can increase the risk of ectopic (tubal) pregnancy.",https://www.cdc.gov/std/,B
1523,Fertility & Reproductive Health,STIs/RTIs and Their Impact on Fertility,Do STI symptoms differ between men and women?,"Yes, symptoms of some STIs differ or may be absent in men and women, which is why regular screening is important.",https://www.cdc.gov/std/,B
1524,Fertility & Reproductive Health,STIs/RTIs and Their Impact on Fertility,Can an HIV-positive woman become pregnant?,"Yes, with proper medical treatment and monitoring, an HIV-positive woman can have a safe pregnancy and reduce the risk of transmission to the baby.",https://www.cdc.gov/std/,B
1525,Fertility & Reproductive Health,STIs/RTIs and Their Impact on Fertility,Can STIs be completely prevented?,"Consistent condom use, regular screening, and limiting sexual partners can reduce the risk of STIs, but there is no complete guarantee.",https://www.cdc.gov/std/,B
1526,Fertility & Reproductive Health,STIs/RTIs and Their Impact on Fertility,Do repeated STIs mean more damage to fertility?,"Yes, repeated infections can cause increasing damage to the reproductive organs, which raises the risk to fertility.",https://www.cdc.gov/std/,B
1527,Fertility & Reproductive Health,STIs/RTIs and Their Impact on Fertility,Does Herpes affect pregnancy?,"Yes, if herpes is active during pregnancy or delivery, it can be transmitted to the baby, so a doctor's supervision is necessary.",https://www.cdc.gov/std/,B
1528,Fertility & Reproductive Health,STIs/RTIs and Their Impact on Fertility,Are young women at higher risk of STIs?,"Yes, young women are at higher risk of certain STIs due to the biological structure of the cervix.",https://www.cdc.gov/std/,B
1529,Fertility & Reproductive Health,STIs/RTIs and Their Impact on Fertility,Can scar tissue from an STI block the fallopian tubes?,"Yes, inflammation from an untreated STI can create scar tissue in the tubes, which can partially or completely block them.",https://www.cdc.gov/std/,B
1530,Fertility & Reproductive Health,STIs/RTIs and Their Impact on Fertility,Should intercourse be avoided during STI treatment?,"Yes, intercourse should be avoided until treatment is complete and a doctor confirms it's safe, to prevent reinfection.",https://www.cdc.gov/std/,B
1531,Fertility & Reproductive Health,STIs/RTIs and Their Impact on Fertility,Can regular STI screening protect future fertility?,"Yes, early diagnosis and treatment can protect fertility by preventing damage to the tubes and reproductive organs.",https://www.cdc.gov/std/,B
1532,Fertility & Reproductive Health,Causes of Infertility and When to Seek Help,What is the medical definition of infertility?,"Infertility is generally defined as the inability to conceive after 12 months of regular, unprotected intercourse (or 6 months if the woman is over 35).",https://www.who.int/health-topics/infertility,B
1533,Fertility & Reproductive Health,Causes of Infertility and When to Seek Help,When should a couple see a doctor about fertility concerns?,"Couples should see a doctor after 12 months of trying (6 months if the woman is 35+), or sooner if they know of risk factors such as irregular cycles or prior pelvic surgery.",https://www.acog.org/womens-health/faqs/evaluating-infertility,B
1534,Fertility & Reproductive Health,Causes of Infertility and When to Seek Help,What are common causes of infertility in women?,"Common causes include ovulation disorders (such as PCOS), blocked fallopian tubes, endometriosis, uterine abnormalities, and age-related decline in egg quality.",https://www.mayoclinic.org/diseases-conditions/female-infertility/symptoms-causes/syc-20354308,B
1535,Fertility & Reproductive Health,Causes of Infertility and When to Seek Help,What are common causes of infertility in men?,"Causes include low sperm count, poor sperm motility, hormonal imbalances, varicocele, and blockages in the reproductive tract.",https://www.who.int/health-topics/infertility,B
1536,Fertility & Reproductive Health,Causes of Infertility and When to Seek Help,How common is it for infertility to be due to the man or the woman?,"In roughly a third of cases the cause lies with the female partner, a third with the male partner, and a third involves both or is unexplained.",https://www.who.int/health-topics/infertility,B
1537,Fertility & Reproductive Health,Causes of Infertility and When to Seek Help,What tests are typically done to diagnose infertility?,"Common tests include hormone blood tests, ovulation tracking, semen analysis, and imaging such as ultrasound or hysterosalpingography to examine the tubes and uterus.",https://www.acog.org/womens-health/faqs/evaluating-infertility,B
1538,Fertility & Reproductive Health,Causes of Infertility and When to Seek Help,Does infertility mean having a child is impossible?,"No, many causes of infertility are treatable with medication, surgery, or assisted reproductive technologies such as IUI or IVF.",https://www.who.int/health-topics/infertility,B
1539,Fertility & Reproductive Health,Causes of Infertility and When to Seek Help,Can blocked fallopian tubes be treated?,"Depending on the cause and severity, blocked tubes can sometimes be treated surgically, or the couple can bypass the blockage using IVF.",https://www.mayoclinic.org/diseases-conditions/female-infertility/symptoms-causes/syc-20354308,B
1540,Fertility & Reproductive Health,Causes of Infertility and When to Seek Help,How does endometriosis cause infertility?,"Endometriosis can cause scarring, adhesions, and inflammation that disrupt pelvic anatomy and interfere with egg release, fertilization, or implantation.",https://www.mayoclinic.org/diseases-conditions/female-infertility/symptoms-causes/syc-20354308,B
1541,Fertility & Reproductive Health,Causes of Infertility and When to Seek Help,What is unexplained infertility?,"This is a diagnosis given when standard fertility tests for both partners come back normal, but pregnancy still hasn't occurred after a year of trying.",https://www.acog.org/womens-health/faqs/evaluating-infertility,B
1542,Fertility & Reproductive Health,Causes of Infertility and When to Seek Help,When should you consult a doctor if pregnancy isn't happening?,"A woman under 35 should consult a doctor after a year of trying, and a woman 35 or older should consult after 6 months of trying.",https://www.who.int/health-topics/reproductive-health,B
1543,Fertility & Reproductive Health,Causes of Infertility and When to Seek Help,How does PCOS (Polycystic Ovary Syndrome) cause infertility?,"PCOS disrupts hormonal balance, making ovulation irregular or absent, which creates difficulty in becoming pregnant.",https://www.ncbi.nlm.nih.gov/pmc/?term=female+fertility,B
1544,Fertility & Reproductive Health,Causes of Infertility and When to Seek Help,What is Intrauterine Insemination (IUI)?,IUI is a fertility treatment where sperm is placed directly into the uterus around the time of ovulation to increase the chances of conception.,https://www.acog.org/womens-health/faqs/evaluating-infertility,B
1545,Fertility & Reproductive Health,Causes of Infertility and When to Seek Help,What role does semen analysis play in diagnosing fertility?,"A semen analysis checks sperm count, motility, and morphology, and is usually one of the first tests done when investigating a couple's fertility.",https://www.acog.org/womens-health/faqs/evaluating-infertility,B
1546,Fertility & Reproductive Health,Causes of Infertility and When to Seek Help,Can extremes of weight (too low or too high) cause infertility?,"Yes, being significantly underweight or overweight can affect hormonal balance and disrupt ovulation, increasing the risk of infertility.",https://www.mayoclinic.org/diseases-conditions/female-infertility/symptoms-causes/syc-20354308,B
1547,Fertility & Reproductive Health,Causes of Infertility and When to Seek Help,Does smoking increase the risk of infertility in women?,"Yes, smoking can affect egg quality and reduce ovarian reserve, increasing the risk of infertility.",https://www.mayoclinic.org/diseases-conditions/female-infertility/symptoms-causes/syc-20354308,B
1548,Fertility & Reproductive Health,Causes of Infertility and When to Seek Help,What is secondary infertility?,Secondary infertility is when a couple has previously conceived but has difficulty conceiving naturally again.,https://www.mayoclinic.org/diseases-conditions/female-infertility/symptoms-causes/syc-20354308,B
1549,Fertility & Reproductive Health,Causes of Infertility and When to Seek Help,Does long-term use of birth control pills cause infertility?,"No, long-term use of birth control pills does not cause permanent infertility; fertility generally returns after stopping the pills.",https://www.who.int/news-room/fact-sheets/detail/family-planning-contraception,B
1550,Fertility & Reproductive Health,Causes of Infertility and When to Seek Help,What is ovarian reserve testing?,Ovarian reserve testing is a blood test that helps estimate the quantity and quality of a woman's remaining eggs.,https://www.mayoclinic.org/diseases-conditions/female-infertility/symptoms-causes/syc-20354308,B
1551,Fertility & Reproductive Health,Causes of Infertility and When to Seek Help,Does sperm quality decline with age?,"Yes, although men produce sperm throughout life, sperm quality and motility can decline as age increases.",https://www.mayoclinic.org/diseases-conditions/male-infertility/symptoms-causes/syc-20374773,B
1552,Fertility & Reproductive Health,Causes of Infertility and When to Seek Help,Can fibroids cause infertility?,"Yes, some fibroids that affect the shape of the uterus or the fallopian tubes can interfere with becoming or staying pregnant.",https://www.mayoclinic.org/diseases-conditions/female-infertility/symptoms-causes/syc-20354308,B
1553,Fertility & Reproductive Health,Causes of Infertility and When to Seek Help,Is hormonal imbalance a cause of infertility?,"Yes, imbalances in thyroid or other hormones can affect ovulation and cause infertility.",https://www.mayoclinic.org/diseases-conditions/female-infertility/symptoms-causes/syc-20354308,B
1554,Fertility & Reproductive Health,Causes of Infertility and When to Seek Help,Is IVF success rate related to age?,"Yes, IVF success rates are generally higher at a younger age and decline as age increases.",https://www.acog.org/womens-health,B
1555,Fertility & Reproductive Health,Causes of Infertility and When to Seek Help,What tests are done to diagnose male infertility?,"Semen analysis is the primary test for diagnosing male infertility, checking sperm count, motility, and shape.",https://www.mayoclinic.org/diseases-conditions/male-infertility/symptoms-causes/syc-20374773,B
1556,Fertility & Reproductive Health,Causes of Infertility and When to Seek Help,Can a varicocele cause male infertility?,"Yes, swelling of the veins in the scrotum (varicocele) can affect sperm production and quality, causing infertility.",https://www.mayoclinic.org/diseases-conditions/male-infertility/symptoms-causes/syc-20374773,B
1557,Fertility & Reproductive Health,Causes of Infertility and When to Seek Help,Is getting a second opinion helpful in infertility treatment?,"Yes, getting a second opinion from another specialist can help you understand different treatment options and make the best decision.",https://www.mayoclinic.org/diseases-conditions/female-infertility/symptoms-causes/syc-20354308,B
1558,Fertility & Reproductive Health,Causes of Infertility and When to Seek Help,Is stress a direct cause of infertility?,"Stress itself has not been proven to directly cause infertility, but it can affect hormones and ovulation, making it harder to conceive.",https://www.mayoclinic.org/diseases-conditions/female-infertility/symptoms-causes/syc-20354308,B
1559,Fertility & Reproductive Health,Causes of Infertility and When to Seek Help,Is infertility treatment expensive?,The cost of treatment varies by method and country; IUI is generally less expensive than IVF.,https://www.acog.org/womens-health,B
1560,Fertility & Reproductive Health,Causes of Infertility and When to Seek Help,Is egg freezing a way to preserve fertility?,"Yes, egg freezing gives women the chance to preserve healthy eggs for future use, especially for medical treatment or age-related reasons.",https://www.acog.org/womens-health,B
1561,Fertility & Reproductive Health,Causes of Infertility and When to Seek Help,Does infertility affect a woman's emotional health?,"Yes, infertility can affect mental stress, sadness, and relationships, so emotional support and counseling are important.",https://www.mayoclinic.org/diseases-conditions/female-infertility/symptoms-causes/syc-20354308,B
1562,Fertility & Reproductive Health,Causes of Infertility and When to Seek Help,Does family history (infertility in the family) have an effect?,"Yes, some conditions such as premature ovarian failure can run in families, so family history matters.",https://www.mayoclinic.org/diseases-conditions/female-infertility/symptoms-causes/syc-20354308,B
1563,Fertility & Reproductive Health,Causes of Infertility and When to Seek Help,Can environmental factors cause infertility?,"Yes, certain chemicals, pollution, and overuse of certain medications can affect fertility.",https://www.mayoclinic.org/diseases-conditions/female-infertility/symptoms-causes/syc-20354308,B
1564,Fertility & Reproductive Health,Trying to Conceive,How long does it usually take healthy couples to conceive?,"Most healthy couples having regular, unprotected intercourse conceive within a year; about 80-85% of couples become pregnant within a year.",https://www.acog.org/womens-health/faqs/evaluating-infertility,B
1565,Fertility & Reproductive Health,Trying to Conceive,How often should a couple have intercourse when trying to conceive?,Having intercourse every 1-2 days during the fertile window increases the likelihood that sperm is present when an egg is released.,https://www.mayoclinic.org/diseases-conditions/female-infertility/symptoms-causes/syc-20354308,B
1566,Fertility & Reproductive Health,Trying to Conceive,Does age affect a woman's ability to conceive?,"Yes, women's fertility naturally declines from the late 20s, more markedly after 35, due to a decline in egg quantity and quality.",https://www.acog.org/womens-health/faqs/evaluating-infertility,B
1567,Fertility & Reproductive Health,Trying to Conceive,Can lifestyle factors improve the chances of conceiving?,"Maintaining a healthy weight, avoiding smoking and excess alcohol, managing stress, and eating a balanced diet can all support fertility.",https://www.who.int/health-topics/reproductive-health,B
1568,Fertility & Reproductive Health,Trying to Conceive,Should a woman take folic acid while trying to conceive?,"Yes, the WHO and most health authorities recommend starting folic acid supplementation before pregnancy to reduce the risk of neural tube defects.",https://www.who.int/health-topics/reproductive-health,B
1569,Fertility & Reproductive Health,Trying to Conceive,Can stress prevent pregnancy?,"High chronic stress can disrupt ovulation and hormone regulation, which may reduce the chances of pregnancy, though it is rarely the sole cause of infertility.",https://www.mayoclinic.org/diseases-conditions/female-infertility/symptoms-causes/syc-20354308,B
1570,Fertility & Reproductive Health,Trying to Conceive,Is it common not to conceive in the first few months of trying?,"Yes, this is completely normal; conception is a chance each cycle, not a guarantee, so trying for several months is common.",https://www.acog.org/womens-health/faqs/evaluating-infertility,B
1571,Fertility & Reproductive Health,Trying to Conceive,Does male fertility also decline with age?,"Yes, sperm quality, motility, and count can gradually decline with age, though the decline is usually slower than the decline in female fertility.",https://www.mayoclinic.org/diseases-conditions/female-infertility/symptoms-causes/syc-20354308,B
1572,Fertility & Reproductive Health,Trying to Conceive,What lifestyle habits can reduce male fertility?,"Smoking, heavy alcohol use, obesity, excess heat exposure to the testicles, and certain medications can all reduce sperm quality.",https://www.who.int/health-topics/reproductive-health,B
1573,Fertility & Reproductive Health,Trying to Conceive,Can being underweight or overweight affect conception?,"Yes, both being underweight and overweight can disrupt ovulation and hormonal balance, reducing the chances of conception.",https://www.mayoclinic.org/diseases-conditions/female-infertility/symptoms-causes/syc-20354308,B
1574,Fertility & Reproductive Health,Trying to Conceive,Does weight affect fertility?,"Yes, being significantly underweight or overweight can affect ovulation and hormonal balance, so maintaining a healthy weight is beneficial for fertility.",https://www.mayoclinic.org/diseases-conditions/female-infertility/symptoms-causes/syc-20354308,B
1575,Fertility & Reproductive Health,Trying to Conceive,How often should intercourse happen while trying to conceive?,"Having intercourse every other day or during the fertile window increases the chance of conception, as it maintains good sperm quality while providing the best opportunities.",https://www.who.int/health-topics/infertility,B
1576,Fertility & Reproductive Health,Trying to Conceive,Does smoking affect fertility?,"Yes, smoking reduces fertility in both men and women, and can increase the risk of delayed conception or infertility.",https://www.ncbi.nlm.nih.gov/pmc/?term=female+fertility,B
1577,Fertility & Reproductive Health,Trying to Conceive,Can a hysterosalpingogram (HSG) diagnose blocked tubes?,"Yes, an HSG is an X-ray procedure that uses dye to check whether the fallopian tubes are open, helping identify blockages that can cause infertility.",https://www.acog.org/womens-health/faqs/evaluating-infertility,B
1578,Fertility & Reproductive Health,Trying to Conceive,Does drinking alcohol affect fertility?,"Heavy alcohol use can negatively affect ovulation in women and sperm quality in men, so limiting intake or abstaining is advised.",https://www.ncbi.nlm.nih.gov/pmc/?term=female+fertility,B
1579,Fertility & Reproductive Health,Trying to Conceive,Can pregnancy occur right after stopping birth control pills?,"Yes, many women ovulate and can conceive soon after stopping the pill, though for some it may take a few months for cycles to become regular.",https://www.plannedparenthood.org/learn/birth-control,B
1580,Fertility & Reproductive Health,Trying to Conceive,Do certain foods increase the chance of getting pregnant?,"A balanced diet rich in folic acid, iron, and antioxidants can support overall fertility health, but no single food guarantees pregnancy.",https://www.acog.org/womens-health,B
1581,Fertility & Reproductive Health,Trying to Conceive,Does vitamin D deficiency affect fertility?,"Some research suggests vitamin D deficiency may affect fertility, but its full role is still being studied.",https://www.mayoclinic.org/diseases-conditions/female-infertility/symptoms-causes/syc-20354308,B
1582,Fertility & Reproductive Health,Trying to Conceive,Should a woman get a check-up before trying to conceive?,"Yes, a pre-pregnancy check-up can identify possible health issues, start folic acid, and check vaccination status to prepare for a safe pregnancy.",https://www.acog.org/womens-health,B
1583,Fertility & Reproductive Health,Trying to Conceive,Does lack of sleep affect fertility?,"Yes, insufficient sleep can disrupt hormonal balance, affecting ovulation and sperm production.",https://www.mayoclinic.org/diseases-conditions/female-infertility/symptoms-causes/syc-20354308,B
1584,Fertility & Reproductive Health,Trying to Conceive,Does cold or hot weather affect the chance of conceiving?,"Weather itself does not directly affect the chance of conceiving, but excessive heat can temporarily affect sperm quality.",https://www.mayoclinic.org/diseases-conditions/male-infertility/symptoms-causes/syc-20374773,B
1585,Fertility & Reproductive Health,Trying to Conceive,Should both partners get a fertility check-up at the same time?,"Yes, about a third of infertility cases are due to the man, a third due to the woman, and the rest involve both or are unexplained, so checking both together is important.",https://www.mayoclinic.org/diseases-conditions/female-infertility/symptoms-causes/syc-20354308,B
1586,Fertility & Reproductive Health,Trying to Conceive,Can using lubricant reduce the chance of conceiving?,"Some common lubricants can affect sperm motility, so choosing a 'fertility-friendly' lubricant is better if one is needed.",https://www.mayoclinic.org/diseases-conditions/male-infertility/symptoms-causes/syc-20374773,B
1587,Fertility & Reproductive Health,Trying to Conceive,Does heat from mobile phones or laptops affect male fertility?,"Some research suggests keeping heat near the scrotum for long periods can affect sperm quality, though its exact effect is still being studied.",https://www.mayoclinic.org/diseases-conditions/male-infertility/symptoms-causes/syc-20374773,B
1588,Fertility & Reproductive Health,Trying to Conceive,Should caffeine be completely avoided while trying to conceive?,"Complete avoidance isn't necessary, but limiting caffeine intake (to roughly under 200mg per day) is generally recommended.",https://www.acog.org/womens-health,B
1589,Fertility & Reproductive Health,Trying to Conceive,Should you exercise while trying to conceive?,"Yes, moderate exercise supports overall health and a healthy weight, which benefits fertility; just avoid extremely intense exercise.",https://www.acog.org/womens-health,B
1590,Fertility & Reproductive Health,Trying to Conceive,Does obesity affect male fertility too?,"Yes, obesity can affect hormonal balance and sperm quality in men, reducing fertility.",https://www.mayoclinic.org/diseases-conditions/male-infertility/symptoms-causes/syc-20374773,B
1591,Fertility & Reproductive Health,Trying to Conceive,Are stress-reduction methods helpful while trying to conceive?,"Yes, relaxation techniques, counseling, and support can help manage the stress of trying to conceive, though they don't guarantee pregnancy.",https://www.mayoclinic.org/diseases-conditions/female-infertility/symptoms-causes/syc-20354308,B
1592,Fertility & Reproductive Health,Trying to Conceive,Should you see a doctor right away if pregnancy hasn't happened after a year of trying?,"Yes, seeing a doctor is recommended after a year of unsuccessful trying for those under 35, and after 6 months for those older.",https://www.acog.org/womens-health,B
1593,Fertility & Reproductive Health,Trying to Conceive,Should women over 35 see a doctor sooner?,"Yes, because fertility declines with age, women over 35 should see a doctor after just 6 months of unsuccessful trying.",https://www.acog.org/womens-health,B
1594,Fertility & Reproductive Health,Trying to Conceive,Can hot baths (saunas) affect male fertility?,"Yes, frequent sauna or hot tub use can temporarily reduce sperm quality, since sperm production requires a cooler temperature.",https://www.mayoclinic.org/diseases-conditions/male-infertility/symptoms-causes/syc-20374773,B
1595,Fertility & Reproductive Health,Contraception and Family Planning Methods,What are the main methods of family planning?,"Main types include hormonal methods (pills, patches, injections, implants), barrier methods (condoms, diaphragms), intrauterine devices (IUDs), permanent methods (sterilization), and natural/fertility awareness methods.",https://www.who.int/health-topics/family-planning-contraception,B
1596,Fertility & Reproductive Health,Contraception and Family Planning Methods,How effective are external condoms?,"With perfect use, external condoms are about 98% effective, but typical-use effectiveness is closer to 85%, due to inconsistent or incorrect use.",https://www.cdc.gov/reproductivehealth/index.html,B
1597,Fertility & Reproductive Health,Contraception and Family Planning Methods,How do combined oral contraceptive pills work?,"Combined oral contraceptive pills use synthetic hormones to prevent ovulation, thicken cervical mucus, and thin the uterine lining, making pregnancy unlikely.",https://www.plannedparenthood.org/learn/birth-control,B
1598,Fertility & Reproductive Health,Contraception and Family Planning Methods,What is an IUD and how long can it last?,"An IUD is a small device placed in the uterus; hormonal IUDs last 3-8 years and copper IUDs last 10-12 years, depending on the brand.",https://www.acog.org/womens-health/faqs/contraception,B
1599,Fertility & Reproductive Health,Contraception and Family Planning Methods,Does fertility take time to return after IUD removal?,"No, fertility usually returns quickly after IUD removal, and it is not associated with long-term infertility.",https://www.acog.org/womens-health/faqs/contraception,B
1600,Fertility & Reproductive Health,Contraception and Family Planning Methods,Does the emergency contraceptive pill end a pregnancy?,"No, emergency contraception works mainly by delaying or preventing ovulation and does not end an existing pregnancy.",https://www.who.int/health-topics/family-planning-contraception,B
1601,Fertility & Reproductive Health,Contraception and Family Planning Methods,Within how many hours should the emergency contraceptive pill be taken?,"It should be taken as soon as possible, ideally within 72 hours, though some formulations remain effective up to 120 hours after intercourse.",https://www.who.int/health-topics/family-planning-contraception,B
1602,Fertility & Reproductive Health,Contraception and Family Planning Methods,Can using contraceptive methods cause permanent infertility?,"No, virtually all reversible contraceptive methods do not cause permanent infertility; normal fertility usually returns after stopping the method.",https://www.plannedparenthood.org/learn/birth-control,B
1603,Fertility & Reproductive Health,Contraception and Family Planning Methods,What's the difference between natural family planning and contraceptive methods?,"Natural family planning relies on tracking fertile days to avoid or plan intercourse, while contraception uses hormonal or physical methods to actively prevent pregnancy.",https://www.who.int/health-topics/family-planning-contraception,B
1604,Fertility & Reproductive Health,Contraception and Family Planning Methods,How effective is the withdrawal method?,"The typical-use failure rate of withdrawal is about 20%, making it far less reliable than hormonal methods, condoms, or IUDs.",https://www.cdc.gov/reproductivehealth/index.html,B
1605,Fertility & Reproductive Health,Contraception and Family Planning Methods,What is sterilization and can it be reversed?,"Sterilization (tubal ligation for women, vasectomy for men) is a permanent procedure that blocks the tubes carrying eggs or sperm. While reversal is sometimes possible, it does not guarantee restored fertility.",https://www.acog.org/womens-health/faqs/contraception,B
1606,Fertility & Reproductive Health,Contraception and Family Planning Methods,How quickly does fertility return after stopping birth control pills?,"For most women, ovulation and a normal menstrual cycle return within a few weeks to a few months after stopping the pill.",https://www.ncbi.nlm.nih.gov/pmc/?term=female+fertility,B
1607,Fertility & Reproductive Health,Contraception and Family Planning Methods,How long can a contraceptive implant last?,"A hormonal implant is typically effective for 3-5 years, depending on the brand, and can be removed by a doctor at any time.",https://www.mayoclinic.org/diseases-conditions/female-infertility/symptoms-causes/syc-20354308,B
1608,Fertility & Reproductive Health,Contraception and Family Planning Methods,What is IVF and when is it recommended?,"IVF (in vitro fertilization) involves fertilizing eggs with sperm outside the body and transferring the resulting embryo into the uterus; it is often recommended for blocked tubes, severe male-factor infertility, or after other treatments have failed.",https://www.who.int/health-topics/infertility,B
1609,Fertility & Reproductive Health,Contraception and Family Planning Methods,What barrier methods exist besides condoms?,Diaphragms and cervical caps are barrier methods used along with spermicide to prevent sperm from reaching the uterus.,https://www.ncbi.nlm.nih.gov/pmc/?term=female+fertility,B
1610,Fertility & Reproductive Health,Contraception and Family Planning Methods,Are birth control pills safe for every woman?,"They are generally safe, but women with certain health conditions (such as a history of blood clots or who smoke) should consult a doctor before use.",https://www.acog.org/womens-health/faqs/evaluating-infertility,B
1611,Fertility & Reproductive Health,Contraception and Family Planning Methods,How effective is the diaphragm?,"With correct use the diaphragm is about 94% effective, but with typical use effectiveness is somewhat lower, around 88%.",https://www.ncbi.nlm.nih.gov/pmc/?term=female+fertility,B
1612,Fertility & Reproductive Health,Contraception and Family Planning Methods,Do contraceptive methods also protect against STIs?,Condoms are the only contraceptive method that also provides significant protection against STIs; other methods only prevent pregnancy.,https://www.acog.org/womens-health/faqs/evaluating-infertility,B
1613,Fertility & Reproductive Health,Contraception and Family Planning Methods,Can the emergency contraceptive pill replace regular contraception?,"No, the emergency pill is not meant for regular use; it is only for emergency situations and is not as effective as regular contraceptive methods.",https://www.ncbi.nlm.nih.gov/pmc/?term=female+fertility,B
1614,Fertility & Reproductive Health,Contraception and Family Planning Methods,How long does the contraceptive injection (Depo-Provera) remain effective?,The contraceptive injection is given once every 3 months and is highly effective with correct use.,https://www.plannedparenthood.org/learn/birth-control,B
1615,Fertility & Reproductive Health,Contraception and Family Planning Methods,How does the contraceptive patch work?,The contraceptive patch releases hormones through the skin to prevent ovulation and is changed weekly.,https://www.plannedparenthood.org/learn/birth-control,B
1616,Fertility & Reproductive Health,Contraception and Family Planning Methods,How effective is the contraceptive vaginal ring?,"Used correctly, the vaginal ring is over 99% effective and is replaced monthly.",https://www.plannedparenthood.org/learn/birth-control,B
1617,Fertility & Reproductive Health,Contraception and Family Planning Methods,Can birth control pills be used while breastfeeding?,"Yes, progestin-only pills are considered safe during breastfeeding, but it's best to consult a doctor.",https://www.who.int/news-room/fact-sheets/detail/family-planning-contraception,B
1618,Fertility & Reproductive Health,Contraception and Family Planning Methods,Can a vasectomy be reversed?,"In some cases surgical reversal is possible, but success is not guaranteed, so it should be considered a permanent method.",https://www.plannedparenthood.org/learn/birth-control,B
1619,Fertility & Reproductive Health,Contraception and Family Planning Methods,What is tubal ligation?,Tubal ligation is a surgical procedure in which a woman's fallopian tubes are closed or cut to permanently prevent pregnancy.,https://www.acog.org/womens-health,B
1620,Fertility & Reproductive Health,Contraception and Family Planning Methods,Do non-hormonal contraceptive methods exist?,"Yes, the copper IUD, condoms, and diaphragm are non-hormonal contraceptive methods.",https://www.who.int/news-room/fact-sheets/detail/family-planning-contraception,B
1621,Fertility & Reproductive Health,Contraception and Family Planning Methods,What's the difference between a copper IUD and a hormonal IUD?,"The copper IUD works without hormones and can last up to 10 years, while the hormonal IUD releases hormones and can last 3 to 8 years.",https://www.plannedparenthood.org/learn/birth-control,B
1622,Fertility & Reproductive Health,Contraception and Family Planning Methods,Do birth control pills affect body weight?,"Some women may notice a slight weight change, but most research has not found a strong, direct link between hormonal contraception and weight.",https://www.plannedparenthood.org/learn/birth-control,B
1623,Fertility & Reproductive Health,Contraception and Family Planning Methods,Does the choice of contraceptive method change with age?,"Yes, the choice of contraceptive method can change based on age, health status, and future plans for pregnancy; consulting a doctor is best.",https://www.who.int/news-room/fact-sheets/detail/family-planning-contraception,B
1624,Fertility & Reproductive Health,Contraception and Family Planning Methods,What's the difference between the emergency pill and regular birth control pills?,"The emergency pill is taken once after unprotected intercourse to prevent pregnancy, while regular pills are taken daily on a routine basis.",https://www.plannedparenthood.org/learn/birth-control,B
1625,Fertility & Reproductive Health,Contraception and Family Planning Methods,Is IUD insertion a painful procedure?,"Some cramping or mild pain may be felt during IUD insertion, which usually eases after a short time.",https://www.plannedparenthood.org/learn/birth-control,B
1626,Fertility & Reproductive Health,Myths About Fertility,Myth: A woman's age doesn't affect fertility. Is this true?,"No, this is a myth; as a woman ages, especially after 35, the quantity and quality of her eggs decline, which reduces fertility.",https://www.who.int/health-topics/reproductive-health,B
1627,Fertility & Reproductive Health,Myths About Fertility,"Myth: Only women's fertility is related to age, not men's. Is this true?","No, men's fertility also declines with age, though more gradually; sperm quality and quantity can be affected at an older age.",https://www.who.int/health-topics/infertility,B
1628,Fertility & Reproductive Health,Myths About Fertility,"Myth: Once you've been pregnant, fertility problems are over. Is this true?","No, this is a myth; secondary infertility is common, and difficulty conceiving again can occur despite a previous pregnancy.",https://www.plannedparenthood.org/learn/birth-control,B
1629,Fertility & Reproductive Health,Myths About Fertility,Myth: You can always tell you're ovulating by pain alone. Is this true?,"This is false; many people ovulate without any noticeable pain, so pain alone isn't a reliable sign.",https://www.mayoclinic.org/healthy-lifestyle/getting-pregnant/in-depth/ovulation-signs/art-20047239,B
1630,Fertility & Reproductive Health,Myths About Fertility,Myth: Douching after sex prevents pregnancy. Is this true?,"This is a myth; douching after intercourse does not prevent pregnancy, because sperm can reach the cervix within seconds to minutes of ejaculation, and douching can also disrupt the vagina's natural bacteria.",https://www.who.int/health-topics/family-planning-contraception,B
1631,Fertility & Reproductive Health,Myths About Fertility,Myth: Stress has no connection to fertility. Is this true?,"Not entirely true; high stress can indirectly affect hormonal balance and ovulation, though it is rarely the main cause of infertility on its own.",https://www.ncbi.nlm.nih.gov/pmc/?term=female+fertility,B
1632,Fertility & Reproductive Health,Myths About Fertility,Myth: Raising your legs after intercourse increases the chance of pregnancy. Is this true?,"No, there is no solid scientific evidence that a position or raising the legs increases the chance of pregnancy.",https://www.acog.org/womens-health/faqs/evaluating-infertility,B
1633,Fertility & Reproductive Health,Myths About Fertility,Myth: Delay in having a baby is always the woman's fault. Is this true?,"No, this is a myth; infertility can be due to the man, the woman, both, or unexplained causes, so testing both partners is necessary.",https://www.ncbi.nlm.nih.gov/pmc/?term=female+fertility,B
1634,Fertility & Reproductive Health,Myths About Fertility,Myth: You can't get pregnant the first time you have intercourse. Is this true?,"No, pregnancy can occur even the first time, if it happens during the fertile window, so it should not be considered safe.",https://www.plannedparenthood.org/learn/pregnancy,B
1635,Fertility & Reproductive Health,Myths About Fertility,Myth: A breastfeeding woman cannot get pregnant. Is this true?,"No, a woman can still ovulate while breastfeeding, especially if breastfeeding is not consistent, so it should not be considered a reliable contraceptive method.",https://www.plannedparenthood.org/learn/birth-control,B
1636,Fertility & Reproductive Health,Myths About Fertility,"Myth: After one miscarriage, you can't get pregnant again. Is this true?","No, most women can have a healthy pregnancy after a miscarriage, though repeated miscarriages warrant a medical evaluation.",https://www.mayoclinic.org/diseases-conditions/female-infertility/symptoms-causes/syc-20354308,B
1637,Fertility & Reproductive Health,Myths About Fertility,Myth: Whether the baby is a boy or girl depends on the woman. Is this true?,"No, the baby's sex is determined by the father's sperm (X or Y chromosome); the mother's egg has no bearing on it.",https://www.acog.org/womens-health,B
1638,Fertility & Reproductive Health,Myths About Fertility,Myth: Intense stretching or exercise after intercourse increases the chance of pregnancy. Is this true?,"No, no particular post-intercourse movement or stretch has been shown to scientifically increase the chance of pregnancy.",https://www.acog.org/womens-health,B
1639,Fertility & Reproductive Health,Myths About Fertility,Myth: A regular period means there's no fertility problem. Is this true?,"No, a regular period is generally a good sign, but other causes such as blocked tubes or a male factor can still cause infertility.",https://www.mayoclinic.org/diseases-conditions/female-infertility/symptoms-causes/syc-20354308,B
1640,Fertility & Reproductive Health,Myths About Fertility,Myth: Long-term use of birth control pills causes permanent infertility. Is this true?,"No, this is a common misconception; fertility usually returns within a short time for most women after stopping the pill.",https://www.plannedparenthood.org/learn/birth-control,B
1641,Fertility & Reproductive Health,Myths About Fertility,Myth: Men are always fertile; their fertility never declines. Is this true?,"No, male fertility also declines with age, though it declines less rapidly than female fertility.",https://www.mayoclinic.org/diseases-conditions/male-infertility/symptoms-causes/syc-20374773,B
1642,Fertility & Reproductive Health,Myths About Fertility,Myth: A woman who has been pregnant once will always be able to get pregnant. Is this true?,"No, fertility can change over time due to age, health conditions, or other factors; a first pregnancy doesn't guarantee future ones.",https://www.mayoclinic.org/diseases-conditions/female-infertility/symptoms-causes/syc-20354308,B
1643,Fertility & Reproductive Health,Myths About Fertility,Myth: Having intercourse in a certain position increases the chance of pregnancy. Is this true?,"No, there is no strong scientific evidence that any particular position increases the pregnancy rate.",https://www.acog.org/womens-health,B
1644,Fertility & Reproductive Health,Myths About Fertility,Myth: A woman can only ovulate once a year. Is this true?,"No, a woman typically ovulates during every menstrual cycle (about once a month), not just once a year.",https://www.acog.org/womens-health,B
1645,Fertility & Reproductive Health,Myths About Fertility,Myth: Infertility is always the woman's fault. Is this true?,"No, infertility can be caused by the man, the woman, or both with roughly equal likelihood, and in some cases the cause remains unknown.",https://www.mayoclinic.org/diseases-conditions/female-infertility/symptoms-causes/syc-20354308,B
1646,Fertility & Reproductive Health,Myths About Fertility,Myth: Fertility problems always come with visible symptoms. Is this true?,"No, many fertility problems have no visible symptoms and can only be found through medical testing.",https://www.mayoclinic.org/diseases-conditions/female-infertility/symptoms-causes/syc-20354308,B
1647,Fertility & Reproductive Health,Myths About Fertility,"Myth: Once an STI is treated, it has no further effect on fertility. Is this true?","No, if the STI had already damaged the tubes or other organs before treatment, that damage can persist even after treatment.",https://www.mayoclinic.org/diseases-conditions/female-infertility/symptoms-causes/syc-20354308,B
1648,Fertility & Reproductive Health,Myths About Fertility,Myth: Using hormonal contraception causes birth defects in future children. Is this true?,"No, there is no proven link between using hormonal contraception and future children's birth health.",https://www.plannedparenthood.org/learn/birth-control,B
1649,Fertility & Reproductive Health,Myths About Fertility,Myth: Only older women need IVF. Is this true?,"No, women or couples of any age may need IVF for a variety of medical reasons.",https://www.acog.org/womens-health,B
1650,Fertility & Reproductive Health,Myths About Fertility,Myth: A woman who exercises regularly is immune to fertility problems. Is this true?,"No, exercise is beneficial for health, but extremely intense exercise can itself disrupt ovulation.",https://www.mayoclinic.org/diseases-conditions/female-infertility/symptoms-causes/syc-20354308,B
1651,Fertility & Reproductive Health,Myths About Fertility,Myth: Bathing before or after intercourse can prevent pregnancy. Is this true?,"No, bathing is not an effective way to prevent pregnancy; sperm enters the reproductive tract during intercourse itself.",https://www.plannedparenthood.org/learn/birth-control,B
1652,Fertility & Reproductive Health,Myths About Fertility,Myth: A woman with a normal weight has no fertility problems. Is this true?,"No, fertility problems can occur due to hormonal, genetic, or structural causes even with a normal weight.",https://www.mayoclinic.org/diseases-conditions/female-infertility/symptoms-causes/syc-20354308,B
1653,Fertility & Reproductive Health,Myths About Fertility,Myth: Infertility is always permanent and cannot be treated. Is this true?,"No, many causes of infertility are treatable, and many women go on to conceive after treatment.",https://www.mayoclinic.org/diseases-conditions/female-infertility/symptoms-causes/syc-20354308,B
1654,Fertility & Reproductive Health,Myths About Fertility,Myth: Older men have no chance of fertility problems. Is this true?,"No, sperm quality can also decline in men as they age, though it's less pronounced than in women.",https://www.mayoclinic.org/diseases-conditions/male-infertility/symptoms-causes/syc-20374773,B
1655,Fertility & Reproductive Health,Myths About Fertility,"Myth: Once you've conceived, it will always be just as easy again. Is this true?","No, changes in age and health over time don't guarantee the same ease for a subsequent pregnancy.",https://www.mayoclinic.org/diseases-conditions/female-infertility/symptoms-causes/syc-20354308,B
1656,Fertility & Reproductive Health,Myths About Fertility,"Myth: Fertility problems only happen to older women, not young ones. Is this true?","No, young women can also have fertility problems due to PCOS, endometriosis, and other causes.",https://www.mayoclinic.org/diseases-conditions/female-infertility/symptoms-causes/syc-20354308,B
1657,Fertility & Reproductive Health,Reproductive Organ Anatomy and Function,What are the main female reproductive organs?,"They include the ovaries (which produce eggs and hormones), fallopian tubes, uterus, cervix, and vagina.",https://www.who.int/health-topics/reproductive-health,B
1658,Fertility & Reproductive Health,Reproductive Organ Anatomy and Function,What is the function of the ovaries?,"The ovaries release an egg each month and produce the hormones estrogen and progesterone, which regulate the menstrual cycle.",https://www.who.int/health-topics/reproductive-health,B
1659,Fertility & Reproductive Health,Reproductive Organ Anatomy and Function,What is the function of the fallopian tubes?,"The fallopian tubes carry the egg from the ovary to the uterus, and are usually where fertilization by sperm occurs.",https://www.who.int/health-topics/reproductive-health,B
1660,Fertility & Reproductive Health,Reproductive Organ Anatomy and Function,What is the function of the uterus?,The uterus is where a fertilized egg implants and grows during pregnancy; its lining (endometrium) thickens each cycle and sheds if pregnancy does not occur.,https://www.who.int/health-topics/reproductive-health,B
1661,Fertility & Reproductive Health,Reproductive Organ Anatomy and Function,What is the cervix and what is its function?,"The cervix is the lower, narrow part of the uterus that connects to the vagina; it produces mucus that changes throughout the cycle and dilates during childbirth.",https://www.who.int/health-topics/reproductive-health,B
1662,Fertility & Reproductive Health,Reproductive Organ Anatomy and Function,What are the main organs of the male reproductive system?,"They include the testes (which produce sperm and testosterone), epididymis, vas deferens, prostate gland, and penis.",https://www.who.int/health-topics/reproductive-health,B
1663,Fertility & Reproductive Health,Reproductive Organ Anatomy and Function,Where is sperm produced and how does it mature?,Sperm is produced in the testes and then matures and is stored in the epididymis before being transported through the vas deferens during ejaculation.,https://www.who.int/health-topics/reproductive-health,B
1664,Fertility & Reproductive Health,Reproductive Organ Anatomy and Function,What is the function of the ovary?,The ovaries produce eggs and hormones (estrogen and progesterone) that control the menstrual cycle and fertility.,https://www.acog.org/womens-health/faqs/evaluating-infertility,B
1665,Fertility & Reproductive Health,Reproductive Organ Anatomy and Function,How is caffeine intake related to fertility?,"Some research links very high caffeine intake (500mg+/day) to a modest reduction in fertility, so moderate intake is generally advised while trying to conceive.",https://www.ncbi.nlm.nih.gov/pmc/?term=female+fertility,B
1666,Fertility & Reproductive Health,Reproductive Organ Anatomy and Function,Can irregular periods signal a fertility problem?,"Irregular periods can indicate irregular or absent ovulation, one of the most common and treatable causes of difficulty conceiving.",https://www.mayoclinic.org/diseases-conditions/female-infertility/symptoms-causes/syc-20354308,B
1667,Fertility & Reproductive Health,Reproductive Organ Anatomy and Function,How does thyroid function affect fertility?,"Both an underactive and an overactive thyroid can disrupt the menstrual cycle and ovulation, which is why thyroid testing is a common part of a fertility work-up.",https://www.ncbi.nlm.nih.gov/pmc/?term=female+fertility,B
1668,Fertility & Reproductive Health,Reproductive Organ Anatomy and Function,What role does the vagina play in the reproductive system?,"The vagina is a tube-like organ connecting the cervix to the outside of the body; it serves as the passage for intercourse, menstrual flow, and childbirth.",https://www.mayoclinic.org/diseases-conditions/female-infertility/symptoms-causes/syc-20354308,B
1669,Fertility & Reproductive Health,Reproductive Organ Anatomy and Function,Where is the egg (ovum) produced and how is it released?,"The egg is produced in the ovary, and during ovulation each month a mature egg is released from the ovary into the fallopian tube.",https://www.ncbi.nlm.nih.gov/pmc/?term=female+fertility,B
1670,Fertility & Reproductive Health,Reproductive Organ Anatomy and Function,How many eggs does a woman have in her ovaries at birth?,"A woman is born with roughly one to two million immature eggs, which decrease in number over time as she ages.",https://www.acog.org/womens-health,B
1671,Fertility & Reproductive Health,Reproductive Organ Anatomy and Function,What is the endometrium and what is its function?,"The endometrium is the inner lining of the uterus that thickens each cycle to prepare to receive a fertilized egg; if pregnancy doesn't occur, it is shed as the menstrual period.",https://www.acog.org/womens-health,B
1672,Fertility & Reproductive Health,Reproductive Organ Anatomy and Function,What is the relationship between the vagina and the cervix?,"The cervix is the lower, narrow part of the uterus that opens into the vagina, providing a passage between the two.",https://www.acog.org/womens-health,B
1673,Fertility & Reproductive Health,Reproductive Organ Anatomy and Function,How long does it take for sperm to be produced in the testes?,The complete process of sperm maturation typically takes about 64 days.,https://www.mayoclinic.org/diseases-conditions/male-infertility/symptoms-causes/syc-20374773,B
1674,Fertility & Reproductive Health,Reproductive Organ Anatomy and Function,What is the function of the seminal vesicle?,The seminal vesicle produces a fluid that forms most of the semen and provides sperm with energy and protection.,https://www.mayoclinic.org/diseases-conditions/male-infertility/symptoms-causes/syc-20374773,B
1675,Fertility & Reproductive Health,Reproductive Organ Anatomy and Function,What is the function of the prostate gland?,"The prostate gland produces a fluid that becomes part of the semen, providing nourishment and protection for sperm.",https://www.mayoclinic.org/diseases-conditions/male-infertility/symptoms-causes/syc-20374773,B
1676,Fertility & Reproductive Health,Reproductive Organ Anatomy and Function,What is the epididymis?,The epididymis is a coiled tube where sperm is stored and matures after leaving the testes.,https://www.mayoclinic.org/diseases-conditions/male-infertility/symptoms-causes/syc-20374773,B
1677,Fertility & Reproductive Health,Reproductive Organ Anatomy and Function,How many phases does the menstrual cycle have?,"The menstrual cycle generally consists of four main phases: menstruation, the follicular phase, ovulation, and the luteal phase.",https://www.acog.org/womens-health,B
1678,Fertility & Reproductive Health,Reproductive Organ Anatomy and Function,What are the main hormones in the body related to fertility?,"FSH, LH, estrogen, and progesterone are the main hormones controlling fertility and the menstrual cycle.",https://www.acog.org/womens-health,B
1679,Fertility & Reproductive Health,Reproductive Organ Anatomy and Function,What role do the hormones FSH and LH play in fertility?,"FSH stimulates the maturation of eggs, and LH triggers ovulation; together they control the menstrual cycle.",https://www.acog.org/womens-health,B
1680,Fertility & Reproductive Health,Reproductive Organ Anatomy and Function,What is the function of the hormone progesterone?,Progesterone prepares the uterine lining for pregnancy and helps maintain a pregnancy.,https://www.acog.org/womens-health,B
1681,Fertility & Reproductive Health,Reproductive Organ Anatomy and Function,What is the function of the hormone estrogen?,"Estrogen plays an important role in egg development, thickening of the uterine lining, and a woman's overall reproductive health.",https://www.acog.org/womens-health,B
1682,Fertility & Reproductive Health,Reproductive Organ Anatomy and Function,Does temperature play a role in male fertility?,"Yes, for sperm production the scrotum needs to stay slightly cooler than the body's normal temperature.",https://www.mayoclinic.org/diseases-conditions/male-infertility/symptoms-causes/syc-20374773,B
1683,Fertility & Reproductive Health,Reproductive Organ Anatomy and Function,What is the relationship between the uterine lining and menstruation?,"If pregnancy does not occur, the thickened uterine lining is shed, which is called menstruation.",https://www.acog.org/womens-health,B
1684,Fertility & Reproductive Health,Reproductive Organ Anatomy and Function,What process happens from the egg and sperm meeting to forming a zygote?,"When a sperm enters an egg, the genetic material of both combine to form a zygote, which then travels to the uterus and implants in the uterine lining.",https://www.acog.org/womens-health,B
1685,Fertility & Reproductive Health,Reproductive Organ Anatomy and Function,Does the function of the ovaries work the same way in every woman?,"The basic function is the same, but the number and quality of eggs and hormonal response can vary from woman to woman.",https://www.acog.org/womens-health,B
1686,Fertility & Reproductive Health,Reproductive Organ Anatomy and Function,What is the function of the scrotum in the male reproductive system?,"The scrotum holds the testes outside the body, regulating their temperature to provide a suitable environment for sperm production.",https://www.mayoclinic.org/diseases-conditions/male-infertility/symptoms-causes/syc-20374773,B
1687,Fertility & Reproductive Health,Reproductive Organ Anatomy and Function,Does a hormonal imbalance affect the function of the reproductive organs?,"Yes, a hormonal imbalance can affect ovulation, sperm production, and overall reproductive function.",https://www.acog.org/womens-health,B
1688,Fertility & Reproductive Health,Birth Spacing,What is the minimum recommended gap between two births?,"The WHO recommends waiting at least 24 months after a live birth before trying for the next pregnancy, to reduce the risks of preterm birth, low birth weight, and complications for the mother.",https://www.who.int/health-topics/family-planning-contraception,B
1689,Fertility & Reproductive Health,Birth Spacing,What is the minimum recommended gap after a pregnancy before trying again?,"WHO recommends waiting at least 6 months after a miscarriage or abortion before the next pregnancy, to allow the body to recover and reduce the risk of complications.",https://www.who.int/health-topics/family-planning-contraception,B
1690,Fertility & Reproductive Health,Birth Spacing,Can becoming pregnant again too soon be risky?,"Yes, too short a gap is linked to preterm birth, low birth weight, and other complications for the next child.",https://www.who.int/health-topics/family-planning-contraception,B
1691,Fertility & Reproductive Health,Birth Spacing,What contraceptive methods can be used while breastfeeding?,"Options include IUDs, implants, injections, and pills, chosen based on breastfeeding status, health history, and how long a gap is needed.",https://www.who.int/health-topics/family-planning-contraception,B
1692,Fertility & Reproductive Health,Birth Spacing,Is breastfeeding itself a method of preventing pregnancy?,"Exclusive breastfeeding can suppress ovulation for up to 6 months after birth (the lactational amenorrhea method), but it is only reliable under specific strict conditions.",https://www.who.int/health-topics/family-planning-contraception,B
1693,Fertility & Reproductive Health,Birth Spacing,What risks can a short gap between children pose to the mother?,"A short gap can increase the mother's risk of anemia, preterm birth, and other pregnancy complications.",https://www.acog.org/womens-health/faqs/evaluating-infertility,B
1694,Fertility & Reproductive Health,Birth Spacing,How long should you wait for the next pregnancy after a cesarean delivery?,It is generally recommended to wait at least 18-24 months after a cesarean so the uterine scar can fully heal.,https://www.who.int/health-topics/reproductive-health,B
1695,Fertility & Reproductive Health,Birth Spacing,Does birth spacing also affect the child's health?,"Yes, proper spacing is associated with healthier weight, better nutrition, and fewer complications for the child, while a short gap can negatively affect the child's development.",https://www.ncbi.nlm.nih.gov/pmc/?term=female+fertility,B
1696,Fertility & Reproductive Health,Birth Spacing,What is the relationship between the mother's age and birth spacing?,"Older mothers have a somewhat higher risk of health complications, so it's important to consult a doctor about appropriate spacing.",https://www.mayoclinic.org/healthy-lifestyle/getting-pregnant/in-depth/ovulation-signs/art-20047239,B
1697,Fertility & Reproductive Health,Birth Spacing,Does a short gap after a cesarean increase the risk of uterine rupture?,"Yes, a very short gap after a cesarean can put pressure on the uterine scar, increasing the risk of uterine rupture.",https://www.who.int/news-room/fact-sheets/detail/family-planning-contraception,B
1698,Fertility & Reproductive Health,Birth Spacing,Can too long a gap between pregnancies also be risky?,"A very long gap can increase certain risks due to the mother's advancing age, but it is generally not as risky as too short a gap.",https://www.who.int/news-room/fact-sheets/detail/family-planning-contraception,B
1699,Fertility & Reproductive Health,Birth Spacing,Is there a link between becoming a mother at a young age and birth spacing?,"Yes, the combination of becoming a mother at a young age and a short gap before the next pregnancy can be risky for the health of both mother and child.",https://www.who.int/news-room/fact-sheets/detail/family-planning-contraception,B
1700,Fertility & Reproductive Health,Birth Spacing,What minimum interval between two births does the WHO recommend?,The WHO generally recommends at least a 24-month interval between two births to support the health of both mother and child.,https://www.who.int/news-room/fact-sheets/detail/family-planning-contraception,B
1701,Fertility & Reproductive Health,Birth Spacing,Can a short gap lead to a premature birth?,"Yes, a short birth interval can increase the risk of preterm birth because the mother's body doesn't have enough time to fully recover.",https://www.who.int/news-room/fact-sheets/detail/family-planning-contraception,B
1702,Fertility & Reproductive Health,Birth Spacing,Can a short gap result in a lower birth weight for the baby?,"Yes, a short interval between pregnancies can increase the risk of low birth weight, because the mother's nutritional reserves may not be fully restored.",https://www.who.int/news-room/fact-sheets/detail/family-planning-contraception,B
1703,Fertility & Reproductive Health,Birth Spacing,Is birth spacing related to maternal anemia?,"Yes, becoming pregnant again too soon can prevent the mother's iron stores from fully recovering, increasing the risk of anemia.",https://www.who.int/news-room/fact-sheets/detail/family-planning-contraception,B
1704,Fertility & Reproductive Health,Birth Spacing,Does proper birth spacing also affect the child's mental development?,"Yes, some research suggests proper spacing gives the mother more opportunity to focus on and care for each child, which can support the child's development.",https://www.who.int/news-room/fact-sheets/detail/family-planning-contraception,B
1705,Fertility & Reproductive Health,Birth Spacing,Should you wait until a child is weaned before trying to conceive again?,"It isn't strictly necessary, but waiting until at least the recommended interval (24 months) is better for the health of both mother and future child.",https://www.who.int/news-room/fact-sheets/detail/family-planning-contraception,B
1706,Fertility & Reproductive Health,Birth Spacing,Does family planning help manage birth spacing?,"Yes, using contraceptive methods plays an important role in maintaining a healthy interval between births.",https://www.who.int/news-room/fact-sheets/detail/family-planning-contraception,B
1707,Fertility & Reproductive Health,Birth Spacing,Does a short gap affect both children's health equally?,"A short gap poses more risk to the younger (later-born) child and the mother's health, while the older child may also receive less attention as a result.",https://www.who.int/news-room/fact-sheets/detail/family-planning-contraception,B
1708,Fertility & Reproductive Health,Birth Spacing,Should you wait before trying again after a miscarriage (abortion)?,"Yes, doctors generally advise waiting a few months to allow the body to fully recover; the exact duration depends on individual circumstances.",https://www.acog.org/womens-health,B
1709,Fertility & Reproductive Health,Birth Spacing,Is birth spacing determined differently for an older mother?,"Yes, for an older mother, a doctor gives individualized advice about spacing, taking into account her health status and declining fertility window.",https://www.acog.org/womens-health,B
1710,Fertility & Reproductive Health,Birth Spacing,Should the spacing for a third child be the same as for the first two?,"The same minimum 24-month rule generally applies, but the mother's health should be discussed with a doctor.",https://www.who.int/news-room/fact-sheets/detail/family-planning-contraception,B
1711,Fertility & Reproductive Health,Birth Spacing,Does proper spacing help the mother's physical recovery?,"Yes, adequate spacing gives the mother's body a chance to replenish nutrient stores and fully recover.",https://www.who.int/news-room/fact-sheets/detail/family-planning-contraception,B
1712,Fertility & Reproductive Health,Birth Spacing,Should the interval before another pregnancy be different after having twins?,"Carrying twins puts more strain on the body, so a doctor may recommend a somewhat longer interval than usual.",https://www.acog.org/womens-health,B
1713,Fertility & Reproductive Health,Birth Spacing,Does a short gap increase the risk of birth defects?,"Some research suggests a very short gap may slightly increase the risk of certain birth complications, so proper spacing is recommended.",https://www.who.int/news-room/fact-sheets/detail/family-planning-contraception,B
1714,Fertility & Reproductive Health,Birth Spacing,Is there a link between the mother's nutrition and birth spacing?,"Yes, becoming pregnant too soon can prevent the mother's nutrient stores (such as iron and folic acid) from fully recovering, which can affect the next pregnancy.",https://www.who.int/news-room/fact-sheets/detail/family-planning-contraception,B
1715,Fertility & Reproductive Health,Birth Spacing,Does family planning counseling help with planning birth spacing?,"Yes, counseling helps a couple choose the best contraceptive method and interval based on their individual health and circumstances.",https://www.who.int/news-room/fact-sheets/detail/family-planning-contraception,B
1716,Fertility & Reproductive Health,Birth Spacing,Does a short gap increase the chance of breastfeeding problems?,"Yes, if the mother becomes pregnant again soon, milk production can be affected in some cases.",https://www.who.int/news-room/fact-sheets/detail/family-planning-contraception,B
1717,Fertility & Reproductive Health,Birth Spacing,Is the ideal birth spacing the same for every woman?,"The basic principle is the same, but it can vary depending on the mother's age, health, and history of previous pregnancies.",https://www.who.int/news-room/fact-sheets/detail/family-planning-contraception,B
1718,Fertility & Reproductive Health,Birth Spacing,Should spacing be different after a first child born at an older age?,"Yes, after a first child born at an older age, given the declining fertility window, a doctor may suggest a somewhat shorter interval, but the mother's health remains the key factor.",https://www.acog.org/womens-health,B
1719,Fertility & Reproductive Health,How Conception and the Fertile Window Work,How does conception actually happen?,Conception happens when an egg released during ovulation meets and is fertilized by sperm in the fallopian tube; the fertilized egg then travels to the uterus and implants in its lining.,https://www.mayoclinic.org/healthy-lifestyle/getting-pregnant/in-depth/ovulation-signs/art-20047239,B
1720,Fertility & Reproductive Health,How Conception and the Fertile Window Work,What is the fertile window in the menstrual cycle?,"The fertile window is roughly the 5 days before ovulation plus the day of ovulation, since sperm can survive up to 5 days and the egg survives 12-24 hours after release.",https://www.mayoclinic.org/healthy-lifestyle/getting-pregnant/in-depth/ovulation-signs/art-20047239,B
1721,Fertility & Reproductive Health,How Conception and the Fertile Window Work,When does ovulation typically occur in a 28-day cycle?,"In an average 28-day cycle, ovulation typically occurs around day 14, counting from the first day of the last period.",https://www.mayoclinic.org/healthy-lifestyle/getting-pregnant/in-depth/ovulation-signs/art-20047239,B
1722,Fertility & Reproductive Health,How Conception and the Fertile Window Work,What are the physical signs of ovulation?,"Physical signs of ovulation include cervical mucus becoming clear and stretchy, mild lower abdominal pain (mittelschmerz), a slight rise in basal body temperature, and increased sex drive.",https://www.mayoclinic.org/healthy-lifestyle/getting-pregnant/in-depth/ovulation-signs/art-20047239,B
1723,Fertility & Reproductive Health,How Conception and the Fertile Window Work,Can ovulation happen at different times each month?,"Yes, cycle length and ovulation timing can vary month to month due to stress, illness, weight changes, or hormonal fluctuations, so tracking multiple cycles gives a more accurate picture.",https://www.who.int/health-topics/reproductive-health,B
1724,Fertility & Reproductive Health,How Conception and the Fertile Window Work,Does intercourse only on the exact day of ovulation guarantee pregnancy?,"No, intercourse only on the exact day doesn't guarantee pregnancy; sperm can survive up to 5 days and the egg about 24 hours, so timing helps but isn't certain.",https://www.mayoclinic.org/diseases-conditions/female-infertility/symptoms-causes/syc-20354308,B
1725,Fertility & Reproductive Health,How Conception and the Fertile Window Work,What is cervical mucus tracking and how does it help?,"Tracking the change in mucus from dry/sticky to clear, stretchy, and egg-white-like around ovulation helps identify the most fertile days.",https://www.mayoclinic.org/healthy-lifestyle/getting-pregnant/in-depth/ovulation-signs/art-20047239,B
1726,Fertility & Reproductive Health,How Conception and the Fertile Window Work,Are ovulation predictor kits reliable?,"They are generally reliable when used correctly, since they detect the LH hormone surge, but their accuracy can be lower for women with irregular cycles.",https://www.ncbi.nlm.nih.gov/pmc/?term=ovulation+tracking,B
1727,Fertility & Reproductive Health,How Conception and the Fertile Window Work,Can a woman get pregnant right after her period ends?,"This is possible, especially for women with short cycles, since sperm can survive several days and ovulation can occur soon after the period ends.",https://www.who.int/health-topics/reproductive-health,B
1728,Fertility & Reproductive Health,How Conception and the Fertile Window Work,What role does basal body temperature play in tracking fertility?,"Basal body temperature rises slightly (about 0.5°F) after ovulation due to progesterone; tracking it over a few months helps understand past ovulation patterns, though it confirms ovulation after the fact rather than predicting it in advance.",https://www.mayoclinic.org/healthy-lifestyle/getting-pregnant/in-depth/ovulation-signs/art-20047239,B
1729,Fertility & Reproductive Health,How Conception and the Fertile Window Work,What is the fertile window?,"The fertile window is the days when pregnancy is most likely to occur, generally the 5 days before ovulation plus the day of ovulation.",https://www.ncbi.nlm.nih.gov/pmc/?term=female+fertility,B
1730,Fertility & Reproductive Health,How Conception and the Fertile Window Work,When does ovulation usually occur in the menstrual cycle?,"In a 28-day cycle, ovulation usually occurs around day 14, but this can vary from woman to woman and cycle to cycle.",https://www.acog.org/womens-health/faqs/evaluating-infertility,B
1731,Fertility & Reproductive Health,How Conception and the Fertile Window Work,Can cervical mucus indicate fertility?,"Yes, near ovulation cervical mucus becomes clear, stretchy, and egg-white-like, which is a sign of fertile days.",https://www.acog.org/womens-health/faqs/evaluating-infertility,B
1732,Fertility & Reproductive Health,How Conception and the Fertile Window Work,What lifestyle change has the strongest evidence for improving fertility outcomes?,Maintaining a healthy body weight (a BMI in the normal range) has the strongest evidence for improving both natural conception rates and response to fertility treatment.,https://www.ncbi.nlm.nih.gov/pmc/?term=female+fertility,B
1733,Fertility & Reproductive Health,How Conception and the Fertile Window Work,How long does the egg survive after ovulation?,"The egg typically survives 12-24 hours after ovulation, so intercourse during or before that window increases the chance of pregnancy.",https://www.mayoclinic.org/healthy-lifestyle/getting-pregnant/in-depth/ovulation-signs/art-20047239,B
1734,Fertility & Reproductive Health,How Conception and the Fertile Window Work,What is the gap between ovulation and the start of the next period?,"Ovulation usually occurs about 14 days before the next period, though this can vary with cycle length.",https://www.acog.org/womens-health,B
1735,Fertility & Reproductive Health,How Conception and the Fertile Window Work,Is the fertile window the same for every woman?,"No, the timing of the fertile window can vary depending on each woman's cycle length and regularity.",https://www.acog.org/womens-health,B
1736,Fertility & Reproductive Health,How Conception and the Fertile Window Work,How long can sperm survive in a woman's body?,"Sperm can survive in the female reproductive tract for 3 to 5 days, which extends the fertile window.",https://www.acog.org/womens-health,B
1737,Fertility & Reproductive Health,How Conception and the Fertile Window Work,Can cervical position also indicate fertility?,"Yes, near ovulation the cervix becomes softer, higher, and slightly open, which can be a sign of the fertile window.",https://www.acog.org/womens-health,B
1738,Fertility & Reproductive Health,How Conception and the Fertile Window Work,Can women using hormonal contraception track their fertile window?,"No, hormonal contraception prevents ovulation, so tracking a fertile window during its use will not give accurate results.",https://www.plannedparenthood.org/learn/birth-control,B
1739,Fertility & Reproductive Health,How Conception and the Fertile Window Work,Is the egg released before or after ovulation?,The egg is released from the ovary during ovulation itself and then travels to the fallopian tube.,https://www.acog.org/womens-health,B
1740,Fertility & Reproductive Health,How Conception and the Fertile Window Work,Is there only one best day for conception?,"The fertile window spans several days (a few days before ovulation plus the day of ovulation), not just a single day.",https://www.acog.org/womens-health,B
1741,Fertility & Reproductive Health,How Conception and the Fertile Window Work,Can women with irregular cycles use ovulation predictor kits?,"Yes, but results may not always be accurate with irregular cycles, so combining them with basal body temperature or cervical mucus tracking is better.",https://www.acog.org/womens-health,B
1742,Fertility & Reproductive Health,How Conception and the Fertile Window Work,How long should you wait before taking a pregnancy test?,"You should generally test about 14 days after ovulation, or after a missed period, to get an accurate result.",https://www.acog.org/womens-health,B
1743,Fertility & Reproductive Health,How Conception and the Fertile Window Work,Can a woman release more than one egg in a cycle?,"Yes, in some cycles more than one egg can be released, which can increase the chance of twins.",https://www.acog.org/womens-health,B
1744,Fertility & Reproductive Health,How Conception and the Fertile Window Work,Are fertility apps accurate for tracking ovulation?,"Fertility apps can be a helpful tool, but their accuracy depends on the regularity of the woman's cycle and the accuracy of the data entered.",https://www.acog.org/womens-health,B
1745,Fertility & Reproductive Health,How Conception and the Fertile Window Work,How does the texture of cervical mucus change near ovulation?,"Near ovulation, cervical mucus becomes clear, stretchy, and egg-white-like, which makes it easier for sperm to move.",https://www.acog.org/womens-health,B
1746,Fertility & Reproductive Health,How Conception and the Fertile Window Work,Does basal body temperature rise before or after ovulation?,"Basal body temperature rises slightly after ovulation, which confirms that ovulation has occurred, but is less useful for predicting it in advance.",https://www.acog.org/womens-health,B
1747,Fertility & Reproductive Health,How Conception and the Fertile Window Work,Can breastfeeding delay ovulation?,"Yes, especially frequent and consistent breastfeeding can delay ovulation, but it is not a complete or reliable contraceptive method.",https://www.who.int/news-room/fact-sheets/detail/family-planning-contraception,B
1748,Fertility & Reproductive Health,How Conception and the Fertile Window Work,Can women with PCOS accurately track ovulation?,"PCOS can make ovulation irregular, which can make tracking difficult; in such cases, a doctor's guidance is helpful.",https://www.mayoclinic.org/diseases-conditions/female-infertility/symptoms-causes/syc-20354308,B
1749,Fertility & Reproductive Health,How Conception and the Fertile Window Work,Can a woman ovulate twice in the same month?,"In rare cases a second release can occur within 24 hours, but ovulating twice at separate, distinct times in the same cycle is not common.",https://www.acog.org/womens-health,B
1750,Vaginal & Personal Hygiene,Causes of Odor and Itching,Is a normal vaginal odor common?,"Yes, a mild, natural odor is normal and varies from person to person. A strong, foul, or fishy odor usually signals a problem.",https://www.acog.org/womens-health/faqs/vaginitis,B
1751,Vaginal & Personal Hygiene,Causes of Odor and Itching,What commonly causes vaginal itching?,"Common causes include yeast infections, bacterial vaginosis, irritation from soaps or products, allergic reactions, or skin conditions such as eczema.",https://www.mayoclinic.org/diseases-conditions/vaginitis/symptoms-causes/syc-20354707,B
1752,Vaginal & Personal Hygiene,Causes of Odor and Itching,Can scented hygiene products cause itching or irritation?,"Yes, scented soaps, wipes, and sprays can irritate sensitive vaginal skin and disrupt its natural balance, often causing itching or discomfort.",https://www.plannedparenthood.org/learn/health-and-wellness/vaginal-health,B
1753,Vaginal & Personal Hygiene,Causes of Odor and Itching,Does a strong fishy odor usually point to a specific condition?,"A strong fishy odor, especially after intercourse, is a classic sign of bacterial vaginosis and should be evaluated by a healthcare provider.",https://www.cdc.gov/std/bv/default.htm,B
1754,Vaginal & Personal Hygiene,Causes of Odor and Itching,When should vaginal itching be checked by a doctor?,"Itching that is persistent, severe, or accompanied by unusual discharge, odor, redness, or swelling should be evaluated rather than self-treated for a long period.",https://www.mayoclinic.org/diseases-conditions/vaginitis/symptoms-causes/syc-20354707,B
1755,Vaginal & Personal Hygiene,Causes of Odor and Itching,Is it normal for vaginal pH to change during the menstrual cycle?,"Yes, vaginal pH can fluctuate slightly during the cycle and is also affected by factors such as intercourse and hormonal changes.",https://www.ncbi.nlm.nih.gov/pmc/?term=vaginal+microbiome+hygiene,B
1756,Vaginal & Personal Hygiene,Causes of Odor and Itching,Can tight synthetic underwear increase infection risk more than cotton?,"Yes, synthetic, non-breathable fabric traps more heat and moisture than cotton, creating conditions that favor yeast or bacterial growth.",https://www.mayoclinic.org/diseases-conditions/yeast-infection/symptoms-causes/syc-20378999,B
1757,Vaginal & Personal Hygiene,Causes of Odor and Itching,Is a mild odor from the vagina common?,"Yes, a mild, natural odor is common and can change with sweat or the menstrual cycle; but if the odor becomes strong and fishy, it can be a sign of bacterial vaginosis.",https://www.cdc.gov/std/bv/default.htm,B
1758,Vaginal & Personal Hygiene,Causes of Odor and Itching,Should scented panty liners be used to mask odor?,"No, scented products can irritate the skin rather than mask odor; if odor is a concern, it's better to see a doctor to determine the cause.",https://www.mayoclinic.org/diseases-conditions/vaginitis/symptoms-causes/syc-20354707,B
1759,Vaginal & Personal Hygiene,Causes of Odor and Itching,Is increased odor after exercise normal?,"Yes, increased sweating during exercise can temporarily increase odor; showering promptly and changing out of sweaty clothes helps reduce it.",https://www.ncbi.nlm.nih.gov/pmc/?term=vaginal+microbiome+hygiene,B
1760,Vaginal & Personal Hygiene,Causes of Odor and Itching,Is itching always caused by poor hygiene?,"No, itching can also be caused by infection, allergies, reactions to soaps or fabrics, or other skin conditions; it isn't always directly related to a lack of hygiene.",https://www.mayoclinic.org/diseases-conditions/vaginitis/symptoms-causes/syc-20354707,B
1761,Vaginal & Personal Hygiene,Causes of Odor and Itching,Can certain foods affect vaginal odor?,"Some foods like garlic or spicy items can mildly and temporarily affect odor, but the effect is generally small and short-lived.",https://www.ncbi.nlm.nih.gov/pmc/?term=vaginal+microbiome+hygiene,B
1762,Vaginal & Personal Hygiene,Causes of Odor and Itching,Does odor change during pregnancy?,"Yes, hormonal changes during pregnancy can change both discharge and odor, which is usually normal.",https://www.plannedparenthood.org/learn/health-and-wellness/vaginal-health,B
1763,Vaginal & Personal Hygiene,Causes of Odor and Itching,Does sweating increase odor?,"Yes, since the genital area has sweat glands, more sweat or heat can increase odor, especially with tight clothing.",https://www.plannedparenthood.org/learn/health-and-wellness/vaginal-health,B
1764,Vaginal & Personal Hygiene,Causes of Odor and Itching,Do garlic and onions in the diet affect odor?,"Yes, some strong spicy foods can temporarily change the odor of the body's sweat and discharge.",https://www.plannedparenthood.org/learn/health-and-wellness/vaginal-health,B
1765,Vaginal & Personal Hygiene,Causes of Odor and Itching,Do hormonal birth control pills affect odor?,"Hormonal changes can affect the amount and consistency of discharge, which can slightly change odor as well.",https://www.plannedparenthood.org/learn/health-and-wellness/vaginal-health,B
1766,Vaginal & Personal Hygiene,Causes of Odor and Itching,Does smoking affect vaginal odor?,Smoking can affect the body's overall odor and can also disrupt the balance of healthy vaginal bacteria.,https://www.cdc.gov/std/bv/,B
1767,Vaginal & Personal Hygiene,Causes of Odor and Itching,Does itching get worse at night?,"For some people, itching can feel worse at night due to increased warmth and moisture, especially with a yeast infection.",https://www.mayoclinic.org/diseases-conditions/yeast-infection/symptoms-causes/syc-20378999,B
1768,Vaginal & Personal Hygiene,Causes of Odor and Itching,Can vaginal itching be caused by an allergy?,"Yes, allergies to soap, detergent, condoms, or scented products are a common cause of vaginal itching.",https://www.plannedparenthood.org/learn/health-and-wellness/vaginal-health,B
1769,Vaginal & Personal Hygiene,Causes of Odor and Itching,Can detergent cause itching?,"Yes, laundry detergent with harsh chemicals that remains on underwear can cause irritation and itching.",https://www.plannedparenthood.org/learn/health-and-wellness/vaginal-health,B
1770,Vaginal & Personal Hygiene,Causes of Odor and Itching,Does odor increase during menstruation?,"Yes, a slightly different odor during menstruation is normal due to bacteria in the blood and exposure to air; changing pads promptly can help reduce it.",https://www.plannedparenthood.org/learn/health-and-wellness/vaginal-health,B
1771,Vaginal & Personal Hygiene,Causes of Odor and Itching,Does itching along with a strong fishy odor point to a specific condition?,"Yes, this combination of signs usually points to bacterial vaginosis and should be evaluated by a doctor.",https://www.cdc.gov/std/bv/,B
1772,Vaginal & Personal Hygiene,Causes of Odor and Itching,What home precautions can soothe itching before seeing a specialist?,"Washing the external area with plain warm water, wearing breathable cotton underwear, and avoiding scented products can provide temporary relief, but persistent itching needs a doctor's evaluation.",https://www.plannedparenthood.org/learn/health-and-wellness/vaginal-health,B
1773,Vaginal & Personal Hygiene,Causes of Odor and Itching,Is a temporary odor after intercourse normal?,"Yes, a temporary odor from mixed fluids during intercourse is normal and usually goes away within a few hours.",https://www.plannedparenthood.org/learn/health-and-wellness/vaginal-health,B
1774,Vaginal & Personal Hygiene,Causes of Odor and Itching,Can diabetes cause itching or odor?,"Yes, uncontrolled diabetes can raise blood sugar levels, increasing the risk of yeast infections, which cause itching.",https://www.mayoclinic.org/diseases-conditions/yeast-infection/symptoms-causes/syc-20378999,B
1775,Vaginal & Personal Hygiene,Causes of Odor and Itching,Can obesity increase odor?,"Excess weight can increase sweating and heat, which can raise the risk of bacterial growth and odor.",https://www.plannedparenthood.org/learn/health-and-wellness/vaginal-health,B
1776,Vaginal & Personal Hygiene,Causes of Odor and Itching,Does vaginal itching go away on its own?,"Mild, temporary itching can go away on its own, but persistent or severe itching requires treatment.",https://www.mayoclinic.org/diseases-conditions/yeast-infection/symptoms-causes/syc-20378999,B
1777,Vaginal & Personal Hygiene,Causes of Odor and Itching,At what age do women notice more odor?,Odor becomes more noticeable after puberty and the start of menstruation due to increased hormonal activity.,https://www.plannedparenthood.org/learn/health-and-wellness/vaginal-health,B
1778,Vaginal & Personal Hygiene,Causes of Odor and Itching,Can chlorinated water cause itching?,"Yes, chlorinated swimming pool water can disrupt the natural pH and cause irritation and itching.",https://www.plannedparenthood.org/learn/health-and-wellness/vaginal-health,B
1779,Vaginal & Personal Hygiene,Causes of Odor and Itching,Does redness or swelling in the itchy area need urgent medical attention?,"Yes, itching accompanied by swelling, redness, or severe irritation should be seen by a doctor promptly.",https://www.mayoclinic.org/diseases-conditions/yeast-infection/symptoms-causes/syc-20378999,B
1780,Vaginal & Personal Hygiene,Causes of Odor and Itching,Can not wearing underwear at night reduce itching?,"Yes, removing underwear at night keeps the area airier, and reduced moisture can lessen itching.",https://www.plannedparenthood.org/learn/health-and-wellness/vaginal-health,B
1781,Vaginal & Personal Hygiene,Causes of Odor and Itching,Can vaginal odor be completely eliminated?,Eliminating the natural mild odor completely isn't possible or necessary; it can simply be kept in check with healthy hygiene habits.,https://www.plannedparenthood.org/learn/health-and-wellness/vaginal-health,B
1782,Vaginal & Personal Hygiene,Causes of Odor and Itching,Can scented talcum powder increase itching?,"Yes, scented talcum powder can cause irritation and itching, so it should not be used on the genital area.",https://www.plannedparenthood.org/learn/health-and-wellness/vaginal-health,B
1783,Vaginal & Personal Hygiene,Causes of Odor and Itching,Can a change in vaginal pH cause odor?,"Yes, a change in the vagina's natural acidic pH can disrupt the bacterial balance and increase odor.",https://www.cdc.gov/std/bv/,B
1784,Vaginal & Personal Hygiene,Causes of Odor and Itching,"Is itching alone, without any other symptom, a cause for concern?","Mild, temporary itching alone can be common, but if it persists or worsens, it should be checked by a doctor.",https://www.mayoclinic.org/diseases-conditions/yeast-infection/symptoms-causes/syc-20378999,B
1785,Vaginal & Personal Hygiene,Causes of Odor and Itching,Can dryness during menopause increase itching?,"Yes, declining estrogen causes vaginal dryness during menopause, which can cause itching and discomfort.",https://www.plannedparenthood.org/learn/health-and-wellness/vaginal-health,B
1786,Vaginal & Personal Hygiene,Hygiene Products and Practices,Are vaginal douches recommended for cleaning?,"No, douching is generally not recommended because it disrupts the natural bacterial balance and can increase the risk of infection.",https://www.plannedparenthood.org/learn/health-and-wellness/vaginal-health,B
1787,Vaginal & Personal Hygiene,Hygiene Products and Practices,Are scented panty liners safe for daily use?,"Unscented options are generally safer, since scented liners can irritate sensitive skin and contribute to itching or allergic reactions for some people.",https://www.plannedparenthood.org/learn/health-and-wellness/vaginal-health,B
1788,Vaginal & Personal Hygiene,Hygiene Products and Practices,Is it necessary to use a specific 'feminine wash' product?,"No, plain warm water is generally enough. If a wash is used, a gentle, pH-balanced, fragrance-free product is better than harsh soap.",https://www.nhs.uk/live-well/sexual-health/,B
1789,Vaginal & Personal Hygiene,Hygiene Products and Practices,Can vaginal wipes disrupt the natural vaginal flora?,"Yes, wipes containing fragrance or alcohol can disrupt the vagina's natural pH and bacteria, potentially causing irritation or infection.",https://www.ncbi.nlm.nih.gov/pmc/?term=vaginal+microbiome+hygiene,B
1790,Vaginal & Personal Hygiene,Hygiene Products and Practices,Is talcum powder safe to use on the genital area?,"Long-term genital use of talcum powder has raised health concerns in some studies, so many health authorities advise against routine use in this area.",https://www.ncbi.nlm.nih.gov/pmc/?term=vaginal+microbiome+hygiene,B
1791,Vaginal & Personal Hygiene,Hygiene Products and Practices,Can swimming in a pool or hot tub cause vaginal infections?,"Sitting for long periods in a wet swimsuit or in chemically treated water can sometimes cause irritation or infection in some people, so changing out of wet clothing promptly is advised.",https://www.mayoclinic.org/diseases-conditions/yeast-infection/symptoms-causes/syc-20378999,B
1792,Vaginal & Personal Hygiene,Hygiene Products and Practices,Is it necessary to use an intimate wash?,"No, plain warm water is generally enough; if an intimate wash is used, choose a pH-balanced, unscented product and use it only on the external area.",https://www.plannedparenthood.org/learn/health-and-wellness/vaginal-health,B
1793,Vaginal & Personal Hygiene,Hygiene Products and Practices,Is using a menstrual cup better than tampons?,"Both methods are safe; a menstrual cup is eco-friendly and can be used for longer (up to 12 hours), but the choice depends on personal comfort and need.",https://www.plannedparenthood.org/learn/health-and-wellness/vaginal-health,B
1794,Vaginal & Personal Hygiene,Hygiene Products and Practices,How safe are cloth pads to use?,"Properly washed and dried cloth pads are safe, but regular cleaning and changing are necessary to avoid increasing infection risk.",https://www.plannedparenthood.org/learn/health-and-wellness/vaginal-health,B
1795,Vaginal & Personal Hygiene,Hygiene Products and Practices,Should a tampon not be kept in for more than a certain number of hours?,"A tampon should not be used for more than 8 hours, to reduce the risk of a serious condition like toxic shock syndrome.",https://www.cdc.gov/toxic-shock-syndrome/about/index.html,B
1796,Vaginal & Personal Hygiene,Hygiene Products and Practices,What is Toxic Shock Syndrome (TSS) and how is it related to tampons?,"TSS is a rare but serious bacterial condition associated with leaving a tampon in for too long; symptoms include fever, rash, and dizziness.",https://www.cdc.gov/toxic-shock-syndrome/about/index.html,B
1797,Vaginal & Personal Hygiene,Hygiene Products and Practices,Is it safe to use shaving cream on the vaginal area?,"A gentle, unscented shaving cream can be used, but avoid creams with harsh chemicals to prevent irritation.",https://www.plannedparenthood.org/learn/health-and-wellness/vaginal-health,B
1798,Vaginal & Personal Hygiene,Hygiene Products and Practices,Is laser hair removal safe for the genital area?,"Laser hair removal done by a trained professional is generally considered safe, but it's best to consult a skin specialist beforehand.",https://www.plannedparenthood.org/learn/health-and-wellness/vaginal-health,B
1799,Vaginal & Personal Hygiene,Hygiene Products and Practices,Is special cleaning needed after waxing?,"Yes, gently keeping the area clean after waxing and avoiding tight clothing reduces the risk of irritation and infection.",https://www.plannedparenthood.org/learn/health-and-wellness/vaginal-health,B
1800,Vaginal & Personal Hygiene,Hygiene Products and Practices,What precautions should be taken when using a razor?,"Using a clean, sharp razor, applying shaving cream or gel, and shaving in the direction of hair growth can help avoid nicks and infection.",https://www.plannedparenthood.org/learn/health-and-wellness/vaginal-health,B
1801,Vaginal & Personal Hygiene,Hygiene Products and Practices,Should a specially made soap be used for the vaginal area?,"Most experts advise that a special soap isn't necessary; a gentle, unscented soap or just water is enough.",https://www.plannedparenthood.org/learn/health-and-wellness/vaginal-health,B
1802,Vaginal & Personal Hygiene,Hygiene Products and Practices,Does changing a tampon frequently reduce infection risk?,"Yes, changing tampons on time reduces the risk of bacterial growth and TSS.",https://www.cdc.gov/toxic-shock-syndrome/about/index.html,B
1803,Vaginal & Personal Hygiene,Hygiene Products and Practices,Is it necessary to boil a menstrual cup before reusing it?,"Yes, the menstrual cup should be boiled to sterilize it at the start of each cycle to keep it safe.",https://www.plannedparenthood.org/learn/health-and-wellness/vaginal-health,B
1804,Vaginal & Personal Hygiene,Hygiene Products and Practices,How effective is period underwear?,Period underwear is an effective option for light to moderate flow and is also eco-friendly since it's reusable.,https://www.plannedparenthood.org/learn/health-and-wellness/vaginal-health,B
1805,Vaginal & Personal Hygiene,Hygiene Products and Practices,Should scented tampons be avoided?,"Yes, scented tampons can cause irritation and disrupt the vagina's natural bacterial balance, so unscented tampons are better.",https://www.plannedparenthood.org/learn/health-and-wellness/vaginal-health,B
1806,Vaginal & Personal Hygiene,Hygiene Products and Practices,Can the same tampon be used for an entire night?,"It can be used if it's for less than 8 hours, but it's better to change it right before sleep and immediately upon waking.",https://www.cdc.gov/toxic-shock-syndrome/about/index.html,B
1807,Vaginal & Personal Hygiene,Hygiene Products and Practices,Is using steam (yoni steaming) beneficial for vaginal hygiene?,"According to medical experts, there is no proven medical benefit to yoni steaming, and it can increase the risk of irritation or infection.",https://www.plannedparenthood.org/learn/health-and-wellness/vaginal-health,B
1808,Vaginal & Personal Hygiene,Hygiene Products and Practices,Should scented body wash be used on the vaginal area?,"No, scented body wash can be harsh on the vagina's sensitive skin and can cause irritation.",https://www.plannedparenthood.org/learn/health-and-wellness/vaginal-health,B
1809,Vaginal & Personal Hygiene,Hygiene Products and Practices,Should the vaginal area be exfoliated?,"No, there is no need to exfoliate the internal vaginal area; just gently keep the external area clean.",https://www.plannedparenthood.org/learn/health-and-wellness/vaginal-health,B
1810,Vaginal & Personal Hygiene,Hygiene Products and Practices,Are intimate-area lightening creams safe to use?,"Most experts advise avoiding them, as they may contain harsh chemicals that can cause irritation or allergic reactions.",https://www.plannedparenthood.org/learn/health-and-wellness/vaginal-health,B
1811,Vaginal & Personal Hygiene,Hygiene Products and Practices,Is the menstrual disc a safe alternative?,"Yes, a menstrual disc used correctly is a safe, longer-wear alternative.",https://www.plannedparenthood.org/learn/health-and-wellness/vaginal-health,B
1812,Vaginal & Personal Hygiene,Hygiene Products and Practices,Should wearing two pads together during menstruation be avoided?,"Changing pads frequently is better; wearing two pads together can increase moisture, raising the chance of bacterial growth.",https://www.plannedparenthood.org/learn/health-and-wellness/vaginal-health,B
1813,Vaginal & Personal Hygiene,Hygiene Products and Practices,Should underwear be washed in hot water?,"Washing in hot water kills germs, which is a good practice for better hygiene.",https://www.plannedparenthood.org/learn/health-and-wellness/vaginal-health,B
1814,Vaginal & Personal Hygiene,Hygiene Products and Practices,Is it necessary to dispose of used tampons or pads properly?,"Yes, they should be wrapped and thrown in the trash, and not flushed down the toilet, to avoid clogging pipes.",https://www.plannedparenthood.org/learn/health-and-wellness/vaginal-health,B
1815,Vaginal & Personal Hygiene,Hygiene Products and Practices,Should ingredients be checked before buying vaginal hygiene products?,"Yes, choosing products free of fragrance, alcohol, or harsh chemicals helps reduce the risk of irritation.",https://www.plannedparenthood.org/learn/health-and-wellness/vaginal-health,B
1816,Vaginal & Personal Hygiene,Hygiene Products and Practices,Does repeated shaving of the genital area change hair or make it coarser?,"Shaving doesn't change hair texture, but regrowing hair can temporarily feel coarser because its tip is cut straight across.",https://www.plannedparenthood.org/learn/health-and-wellness/vaginal-health,B
1817,Vaginal & Personal Hygiene,Hygiene Products and Practices,Can using a menstrual cup affect the hymen?,"The hymen is a flexible membrane that can change with various activities, and its state is not reliable evidence of virginity.",https://www.plannedparenthood.org/learn/health-and-wellness/vaginal-health,B
1818,Vaginal & Personal Hygiene,Hygiene Products and Practices,What hygiene items should be packed for travel during menstruation?,"Extra pads or tampons, unscented wipes, hand sanitizer, and small disposal bags are helpful for travel.",https://www.plannedparenthood.org/learn/health-and-wellness/vaginal-health,B
1819,Vaginal & Personal Hygiene,Hygiene Products and Practices,Should essential oils be used on the vaginal area?,"No, essential oils are strong and concentrated and can cause irritation or allergic reactions when applied directly to sensitive vaginal skin.",https://www.plannedparenthood.org/learn/health-and-wellness/vaginal-health,B
1820,Vaginal & Personal Hygiene,Hygiene Products and Practices,Can switching tampon or pad brands every month cause allergies?,"Some people may be allergic to the materials or fragrance of different brands, so it's best to stick with a brand that suits you.",https://www.plannedparenthood.org/learn/health-and-wellness/vaginal-health,B
1821,Vaginal & Personal Hygiene,Hygiene Products and Practices,Can a sanitary pad be worn as long at night as during the day?,"A pad specifically designed for overnight use can be worn for up to 8 hours, but a regular pad should still be changed on time at night too.",https://www.plannedparenthood.org/learn/health-and-wellness/vaginal-health,B
1822,Vaginal & Personal Hygiene,Yeast Infections and Bacterial Vaginosis,What causes a yeast infection?,"A yeast infection is usually caused by overgrowth of the fungus Candida, often triggered by antibiotics, hormonal changes, high blood sugar, or a weakened immune system.",https://www.mayoclinic.org/diseases-conditions/yeast-infection/symptoms-causes/syc-20378999,B
1823,Vaginal & Personal Hygiene,Yeast Infections and Bacterial Vaginosis,What are the common symptoms of a yeast infection?,"Symptoms typically include intense itching, thick white discharge, often cottage-cheese-like, and redness or swelling of the vulva.",https://www.mayoclinic.org/diseases-conditions/yeast-infection/symptoms-causes/syc-20378999,B
1824,Vaginal & Personal Hygiene,Yeast Infections and Bacterial Vaginosis,What is bacterial vaginosis (BV)?,"BV occurs due to an imbalance of the normal bacteria in the vagina, resulting in symptoms like thin gray discharge and a strong fishy odor.",https://www.cdc.gov/std/bv/default.htm,B
1825,Vaginal & Personal Hygiene,Yeast Infections and Bacterial Vaginosis,Is bacterial vaginosis considered an STI?,"BV is not classified as an STI, but sexual activity can affect the vagina's bacterial balance and increase the risk.",https://www.cdc.gov/std/bv/default.htm,B
1826,Vaginal & Personal Hygiene,Yeast Infections and Bacterial Vaginosis,Can a yeast infection be treated without seeing a doctor?,"A straightforward yeast infection can sometimes be treated with over-the-counter antifungal medication, but recurrent or uncertain cases should be evaluated by a doctor.",https://www.mayoclinic.org/diseases-conditions/yeast-infection/symptoms-causes/syc-20378999,B
1827,Vaginal & Personal Hygiene,Yeast Infections and Bacterial Vaginosis,How is bacterial vaginosis usually treated?,"BV is usually treated with prescription antibiotics, either oral pills or a vaginal gel/cream, prescribed by a healthcare provider.",https://www.cdc.gov/std/bv/default.htm,B
1828,Vaginal & Personal Hygiene,Yeast Infections and Bacterial Vaginosis,Can a yeast infection recur?,"Yes, some people experience recurrent yeast infections, which may need longer treatment or evaluation for an underlying cause such as diabetes.",https://www.mayoclinic.org/diseases-conditions/yeast-infection/symptoms-causes/syc-20378999,B
1829,Vaginal & Personal Hygiene,Yeast Infections and Bacterial Vaginosis,Does taking antibiotics increase the risk of a yeast infection?,"Yes, antibiotics can kill protective bacteria along with harmful ones, allowing yeast to overgrow and cause infection.",https://www.mayoclinic.org/diseases-conditions/yeast-infection/symptoms-causes/syc-20378999,B
1830,Vaginal & Personal Hygiene,Yeast Infections and Bacterial Vaginosis,Can shaving or waxing the genital area cause irritation or infection?,"Yes, hair removal can cause micro-cuts or ingrown hairs, which can become irritated or infected if not properly cared for.",https://www.nhs.uk/live-well/sexual-health/,B
1831,Vaginal & Personal Hygiene,Yeast Infections and Bacterial Vaginosis,What are the common symptoms of a yeast infection?,"Itching, redness and swelling, and thick white discharge (like cottage cheese) are common symptoms of a yeast infection.",https://www.mayoclinic.org/diseases-conditions/yeast-infection/symptoms-causes/syc-20378999,B
1832,Vaginal & Personal Hygiene,Yeast Infections and Bacterial Vaginosis,Does the risk of a yeast infection increase after taking antibiotics?,"Yes, antibiotics can eliminate not just harmful bacteria but also beneficial ones, which can lead to abnormal yeast growth and infection.",https://www.mayoclinic.org/diseases-conditions/yeast-infection/symptoms-causes/syc-20378999,B
1833,Vaginal & Personal Hygiene,Yeast Infections and Bacterial Vaginosis,What's the difference between bacterial vaginosis and a yeast infection?,"Bacterial vaginosis usually causes thin, grayish discharge with a fishy odor, while a yeast infection causes thick white discharge and intense itching, usually without a strong odor.",https://www.cdc.gov/std/bv/default.htm,B
1834,Vaginal & Personal Hygiene,Yeast Infections and Bacterial Vaginosis,Is a yeast infection sexually transmitted?,"A yeast infection is not generally considered a sexually transmitted infection, but sexual activity can sometimes increase the risk.",https://www.mayoclinic.org/diseases-conditions/yeast-infection/symptoms-causes/syc-20378999,B
1835,Vaginal & Personal Hygiene,Yeast Infections and Bacterial Vaginosis,Is a yeast infection common during pregnancy?,"Yes, hormonal changes during pregnancy increase the risk of yeast infections, so treatment should use a medication that is safe as advised by a doctor.",https://www.mayoclinic.org/diseases-conditions/yeast-infection/symptoms-causes/syc-20378999,B
1836,Vaginal & Personal Hygiene,Yeast Infections and Bacterial Vaginosis,What fungus most commonly causes yeast infections?,"The fungus Candida albicans is the most common cause of yeast infections, and it is normally present in small amounts in the vagina.",https://www.mayoclinic.org/diseases-conditions/yeast-infection/symptoms-causes/syc-20378999,B
1837,Vaginal & Personal Hygiene,Yeast Infections and Bacterial Vaginosis,Can antifungal cream be bought without a prescription?,"Yes, many antifungal creams and suppositories are available over the counter at a pharmacy, but seeing a doctor for the first diagnosis is best.",https://www.mayoclinic.org/diseases-conditions/yeast-infection/symptoms-causes/syc-20378999,B
1838,Vaginal & Personal Hygiene,Yeast Infections and Bacterial Vaginosis,Are women with diabetes at higher risk of yeast infections?,"Yes, uncontrolled diabetes raises sugar levels in blood and secretions, creating a favorable environment for fungal growth.",https://www.mayoclinic.org/diseases-conditions/yeast-infection/symptoms-causes/syc-20378999,B
1839,Vaginal & Personal Hygiene,Yeast Infections and Bacterial Vaginosis,What are the common symptoms of bacterial vaginosis?,"Thin gray or white discharge, a fishy odor (especially after intercourse), and sometimes mild irritation are common symptoms of BV.",https://www.cdc.gov/std/bv/,B
1840,Vaginal & Personal Hygiene,Yeast Infections and Bacterial Vaginosis,Is it common for BV to come back after treatment?,"Yes, BV can recur in many women, so if it keeps recurring, discuss longer-term management with a doctor.",https://www.cdc.gov/std/bv/,B
1841,Vaginal & Personal Hygiene,Yeast Infections and Bacterial Vaginosis,Can BV be harmful during pregnancy?,"Yes, untreated BV during pregnancy can increase the risk of preterm birth or other complications, so treatment is important.",https://www.cdc.gov/std/bv/,B
1842,Vaginal & Personal Hygiene,Yeast Infections and Bacterial Vaginosis,Is a yeast infection treated with an oral pill or only with cream?,A yeast infection can be treated with an internal cream/suppository or an oral antifungal pill; a doctor recommends the approach based on the situation.,https://www.mayoclinic.org/diseases-conditions/yeast-infection/symptoms-causes/syc-20378999,B
1843,Vaginal & Personal Hygiene,Yeast Infections and Bacterial Vaginosis,Does eating a lot of sugar increase the risk of a yeast infection?,"Eating a lot of sugar can raise blood sugar levels, which can favor the growth of Candida fungus.",https://www.mayoclinic.org/diseases-conditions/yeast-infection/symptoms-causes/syc-20378999,B
1844,Vaginal & Personal Hygiene,Yeast Infections and Bacterial Vaginosis,Does BV cause an odor?,"Yes, a common symptom of BV is a strong fishy odor, which is especially noticeable after intercourse.",https://www.cdc.gov/std/bv/,B
1845,Vaginal & Personal Hygiene,Yeast Infections and Bacterial Vaginosis,How can you tell the difference between yeast infection and BV symptoms?,"A yeast infection has thick, curd-like discharge and intense itching, while BV has thin, grayish discharge and a fishy odor; see a doctor for an accurate diagnosis.",https://www.cdc.gov/std/bv/,B
1846,Vaginal & Personal Hygiene,Yeast Infections and Bacterial Vaginosis,Can untreated BV affect fertility?,"Yes, untreated BV can increase the risk of pelvic inflammatory disease (PID), which can affect fertility.",https://www.cdc.gov/std/bv/,B
1847,Vaginal & Personal Hygiene,Yeast Infections and Bacterial Vaginosis,Are probiotics helpful in preventing yeast infections?,"Some research suggests probiotics can help maintain a healthy bacterial balance, but more research on their effectiveness is ongoing.",https://www.mayoclinic.org/diseases-conditions/yeast-infection/symptoms-causes/syc-20378999,B
1848,Vaginal & Personal Hygiene,Yeast Infections and Bacterial Vaginosis,Do yeast infection symptoms differ from UTI symptoms?,"Yes, a yeast infection involves itching and thick discharge, while a UTI involves pain during urination and a frequent urge to urinate.",https://www.nhs.uk/conditions/urinary-tract-infections-utis/,B
1849,Vaginal & Personal Hygiene,Yeast Infections and Bacterial Vaginosis,How does a weakened immune system increase yeast infection risk?,"A weakened immune system makes it harder for the body to keep Candida fungus growth in check, increasing the risk of a yeast infection.",https://www.mayoclinic.org/diseases-conditions/yeast-infection/symptoms-causes/syc-20378999,B
1850,Vaginal & Personal Hygiene,Yeast Infections and Bacterial Vaginosis,Are yeast infections more common before a period?,"Yes, hormonal changes before menstruation increase the risk of yeast infections in some women.",https://www.mayoclinic.org/diseases-conditions/yeast-infection/symptoms-causes/syc-20378999,B
1851,Vaginal & Personal Hygiene,Yeast Infections and Bacterial Vaginosis,Can not completing yeast infection treatment cause problems?,"Yes, not completing the full course of treatment can allow the infection to return or worsen.",https://www.mayoclinic.org/diseases-conditions/yeast-infection/symptoms-causes/syc-20378999,B
1852,Vaginal & Personal Hygiene,Yeast Infections and Bacterial Vaginosis,Is BV related to having multiple sexual partners?,"Yes, new or multiple sexual partners can change the vagina's bacterial balance, increasing the risk of BV.",https://www.cdc.gov/std/bv/,B
1853,Vaginal & Personal Hygiene,Yeast Infections and Bacterial Vaginosis,Does stress increase the risk of a yeast infection?,"Yes, more stress can weaken the immune system, increasing the risk of a yeast infection.",https://www.mayoclinic.org/diseases-conditions/yeast-infection/symptoms-causes/syc-20378999,B
1854,Vaginal & Personal Hygiene,Yeast Infections and Bacterial Vaginosis,Should intercourse be avoided during a yeast infection?,"It's better to avoid intercourse until treatment is complete, as it can increase irritation or be passed to a partner.",https://www.mayoclinic.org/diseases-conditions/yeast-infection/symptoms-causes/syc-20378999,B
1855,Vaginal & Personal Hygiene,Yeast Infections and Bacterial Vaginosis,Does douching increase the risk of BV?,"Yes, douching disrupts the vagina's natural bacterial balance, increasing the risk of BV.",https://www.cdc.gov/std/bv/,B
1856,Vaginal & Personal Hygiene,Yeast Infections and Bacterial Vaginosis,Should you see a doctor again if symptoms persist after yeast infection treatment?,"Yes, if symptoms persist after treatment, see a doctor for an accurate diagnosis and a new treatment plan.",https://www.mayoclinic.org/diseases-conditions/yeast-infection/symptoms-causes/syc-20378999,B
1857,Vaginal & Personal Hygiene,Yeast Infections and Bacterial Vaginosis,Can BV and a yeast infection happen at the same time?,"Yes, in some cases a woman can have both BV and a yeast infection at once, and a doctor's exam is needed to diagnose this.",https://www.cdc.gov/std/bv/,B
1858,Vaginal & Personal Hygiene,Daily Intimate Hygiene Basics,How often should the genital area be washed?,"Once a day with warm water is generally enough. The vulva (external area) can be washed easily, but the vagina itself is self-cleaning and doesn't need internal washing.",https://www.nhs.uk/live-well/sexual-health/,B
1859,Vaginal & Personal Hygiene,Daily Intimate Hygiene Basics,Is it necessary to use soap inside the vagina?,"No, the vagina cleans itself, and using soap or other products inside it can disrupt its natural pH and bacterial balance.",https://www.plannedparenthood.org/learn/health-and-wellness/vaginal-health,B
1860,Vaginal & Personal Hygiene,Daily Intimate Hygiene Basics,What type of underwear is best for vaginal health?,Breathable cotton underwear is generally recommended because it allows airflow and reduces the moisture buildup that can encourage infection.,https://www.plannedparenthood.org/learn/health-and-wellness/vaginal-health,B
1861,Vaginal & Personal Hygiene,Daily Intimate Hygiene Basics,Should the genital area be wiped from front to back?,"Yes, always wipe from front to back after urinating or a bowel movement, as this prevents bacteria near the anus from spreading toward the urethra or vagina, reducing infection risk.",https://www.nhs.uk/live-well/sexual-health/,B
1862,Vaginal & Personal Hygiene,Daily Intimate Hygiene Basics,How often should underwear be changed?,"Underwear should ideally be changed daily, or more often if sweating heavily or after exercise, to reduce moisture and bacterial buildup.",https://www.nhs.uk/live-well/sexual-health/,B
1863,Vaginal & Personal Hygiene,Daily Intimate Hygiene Basics,"Is it healthy to regularly wear tight, non-breathable clothing?","No, regularly wearing tight, non-breathable fabric (like nylon or lycra) traps heat and moisture against the body, which can create conditions favorable for bacterial and yeast growth.",https://www.mayoclinic.org/diseases-conditions/vaginitis/symptoms-causes/syc-20354707,B
1864,Vaginal & Personal Hygiene,Daily Intimate Hygiene Basics,Should the vaginal area be fully dried after bathing or swimming?,"Yes, staying in wet clothing for a long time (such as a swimsuit) creates a moist environment that can encourage infection, so drying off and changing promptly is recommended.",https://www.mayoclinic.org/diseases-conditions/yeast-infection/symptoms-causes/syc-20378999,B
1865,Vaginal & Personal Hygiene,Daily Intimate Hygiene Basics,Is showering better than bathing in a tub for cleanliness?,"Showering is generally considered better than a bath, because sitting in tub water along with residue from soap or bubble bath products can irritate the vaginal area.",https://www.plannedparenthood.org/learn/health-and-wellness/vaginal-health,B
1866,Vaginal & Personal Hygiene,Daily Intimate Hygiene Basics,Can wearing a panty liner every day cause irritation?,"Daily use of panty liners can trap moisture against the skin for some people and cause irritation, so a breathable, unscented option is best if used regularly.",https://www.plannedparenthood.org/learn/health-and-wellness/vaginal-health,B
1867,Vaginal & Personal Hygiene,Daily Intimate Hygiene Basics,How can recurrent urinary tract infections be prevented?,"Staying hydrated, urinating after intercourse, wiping front to back, and not holding in urine for long periods can all help reduce the risk of recurrent UTIs.",https://www.cdc.gov/antibiotic-use/uti.html,B
1868,Vaginal & Personal Hygiene,Daily Intimate Hygiene Basics,Is extra hygiene care needed during menstruation?,"Yes, pads or tampons should be changed every 4-6 hours during menstruation, and the external area should be kept clean with warm water; avoiding scented products is best.",https://www.nhs.uk/live-well/sexual-health/,B
1869,Vaginal & Personal Hygiene,Daily Intimate Hygiene Basics,"Should scented soaps, sprays, or douches be used?","No, scented products and douching can disrupt the vagina's natural pH and bacterial balance, which can increase the risk of irritation or infection.",https://www.plannedparenthood.org/learn/health-and-wellness/vaginal-health,B
1870,Vaginal & Personal Hygiene,Daily Intimate Hygiene Basics,What hygiene should be observed before and after intercourse?,"Gently cleaning with warm water before and after intercourse, and urinating soon after, helps prevent bacteria from entering the urethra, reducing the risk of a UTI.",https://www.cdc.gov/antibiotic-use/uti.html,B
1871,Vaginal & Personal Hygiene,Daily Intimate Hygiene Basics,Is hot water or cold water better to use while bathing?,"Lukewarm water (neither too hot nor too cold) is best, since very hot water can strip away natural oils and moisture, causing dryness and irritation.",https://www.nhs.uk/live-well/sexual-health/,B
1872,Vaginal & Personal Hygiene,Daily Intimate Hygiene Basics,What kind of washing should be avoided during hygiene routines?,"Avoid washing inside the vagina (douching), because the vagina cleans itself naturally and internal washing can remove beneficial bacteria.",https://www.plannedparenthood.org/learn/health-and-wellness/vaginal-health,B
1873,Vaginal & Personal Hygiene,Daily Intimate Hygiene Basics,Is it necessary to wear underwear while sleeping at night?,It isn't necessary; some experts recommend sleeping without underwear at night so the area stays airier and moisture is reduced.,https://www.plannedparenthood.org/learn/health-and-wellness/vaginal-health,B
1874,Vaginal & Personal Hygiene,Daily Intimate Hygiene Basics,How soon after exercise should sweaty workout clothes be changed?,"As soon as possible after exercise, sweaty clothes should be changed for dry, clean clothing so that moisture doesn't encourage bacterial growth.",https://www.plannedparenthood.org/learn/health-and-wellness/vaginal-health,B
1875,Vaginal & Personal Hygiene,Daily Intimate Hygiene Basics,Is touching the genital area without washing hands harmful?,"Yes, dirty hands can transfer germs, so hands should be washed with soap before touching the genital area.",https://www.nhs.uk/live-well/sexual-health/,B
1876,Vaginal & Personal Hygiene,Daily Intimate Hygiene Basics,Is using a washcloth better than soap?,"Plain lukewarm water is generally enough; if a washcloth is used, it should be clean and personal so bacteria don't spread.",https://www.plannedparenthood.org/learn/health-and-wellness/vaginal-health,B
1877,Vaginal & Personal Hygiene,Daily Intimate Hygiene Basics,At what age should girls be taught intimate hygiene?,"Basic hygiene knowledge can start being taught before puberty, generally around age 8 to 10, so girls are prepared before menstruation begins.",https://www.nhs.uk/live-well/sexual-health/,B
1878,Vaginal & Personal Hygiene,Daily Intimate Hygiene Basics,How many hours apart should a pad or tampon be changed during menstruation?,Pads and tampons should be changed every 4 to 8 hours to avoid bacterial growth and odor.,https://www.plannedparenthood.org/learn/health-and-wellness/vaginal-health,B
1879,Vaginal & Personal Hygiene,Daily Intimate Hygiene Basics,Is it safe to use a menstrual cup?,"Yes, a menstrual cup that is properly cleaned and boiled between uses is a safe, eco-friendly alternative.",https://www.plannedparenthood.org/learn/health-and-wellness/vaginal-health,B
1880,Vaginal & Personal Hygiene,Daily Intimate Hygiene Basics,Should athletic support be used during yoga or exercise?,"Wearing breathable, properly fitted athletic underwear during exercise reduces moisture and increases comfort.",https://www.plannedparenthood.org/learn/health-and-wellness/vaginal-health,B
1881,Vaginal & Personal Hygiene,Daily Intimate Hygiene Basics,What precautions should be taken to maintain hygiene while traveling?,"Drinking enough water, wearing clean and breathable underwear, and, when possible, cleaning with unscented wipes or clean water are all helpful.",https://www.plannedparenthood.org/learn/health-and-wellness/vaginal-health,B
1882,Vaginal & Personal Hygiene,Daily Intimate Hygiene Basics,Can a towel washed in a washing machine be used to clean the vaginal area?,"A clean, dry, personal towel should be used each time; excess detergent residue can cause irritation, so use a well-rinsed, dry towel.",https://www.nhs.uk/live-well/sexual-health/,B
1883,Vaginal & Personal Hygiene,Daily Intimate Hygiene Basics,Is it necessary to wipe after every urination?,"Wiping gently from front to back after urinating is a good habit, but generally light tissue or water is enough.",https://www.nhs.uk/live-well/sexual-health/,B
1884,Vaginal & Personal Hygiene,Daily Intimate Hygiene Basics,Does the intimate hygiene routine change during pregnancy?,"Discharge may increase during pregnancy due to hormonal changes, but the basic hygiene routine (cleaning the external area without harsh soap) stays the same.",https://www.plannedparenthood.org/learn/health-and-wellness/vaginal-health,B
1885,Vaginal & Personal Hygiene,Daily Intimate Hygiene Basics,What are the basic hygiene needs for young (pre-puberty) girls?,"Daily cleaning of the external area with plain water, clean cotton underwear, and avoiding scented products are important.",https://www.nhs.uk/live-well/sexual-health/,B
1886,Vaginal & Personal Hygiene,Daily Intimate Hygiene Basics,"Is cleaning with just water, without soap, enough?","Yes, most experts say plain lukewarm water is enough to clean the vulva and is gentler than soap.",https://www.plannedparenthood.org/learn/health-and-wellness/vaginal-health,B
1887,Vaginal & Personal Hygiene,Daily Intimate Hygiene Basics,Should the hygiene routine change in hot weather?,"Sweating increases in hot weather, so changing underwear more often and wearing breathable cotton clothing is beneficial.",https://www.plannedparenthood.org/learn/health-and-wellness/vaginal-health,B
1888,Vaginal & Personal Hygiene,Daily Intimate Hygiene Basics,Should the vaginal area be rubbed hard with a towel?,"No, pat gently to dry; rubbing hard can damage the skin and cause irritation.",https://www.nhs.uk/live-well/sexual-health/,B
1889,Vaginal & Personal Hygiene,Daily Intimate Hygiene Basics,Should special hygiene care be taken with certain contraceptive methods (such as a diaphragm)?,"Yes, a diaphragm or similar device should be kept clean and dry before and after use and storage, to avoid increasing infection risk.",https://www.plannedparenthood.org/learn/health-and-wellness/vaginal-health,B
1890,Vaginal & Personal Hygiene,Daily Intimate Hygiene Basics,Should nail polish or chemical-laden soaps be avoided?,"Yes, soaps and products with strong fragrance or chemicals can cause irritation and allergies; unscented, gentle products are better.",https://www.mayoclinic.org/symptoms/vaginal-discharge/basics/definition/sym-20050825,B
1891,Vaginal & Personal Hygiene,Daily Intimate Hygiene Basics,"Besides urinating after intercourse, what other hygiene habits help?",Gently washing the external area with clean water after intercourse and wearing clean underwear also helps prevent UTIs and irritation.,https://www.nhs.uk/conditions/urinary-tract-infections-utis/,B
1892,Vaginal & Personal Hygiene,Daily Intimate Hygiene Basics,Can baby wipes be used for vaginal cleaning?,"Gentle, unscented wipes can sometimes be used, but avoid daily use or scented wipes, as they can cause irritation.",https://www.plannedparenthood.org/learn/health-and-wellness/vaginal-health,B
1893,Vaginal & Personal Hygiene,Daily Intimate Hygiene Basics,Does the daily hygiene routine change with age?,"Yes, after menopause, declining estrogen increases dryness, so gentler, unscented products and a moisturizer may be needed.",https://www.plannedparenthood.org/learn/health-and-wellness/vaginal-health,B
1894,Vaginal & Personal Hygiene,Vaginal Discharge (Normal and Abnormal),What does normal vaginal discharge look like?,"Normal discharge is generally clear to white, can vary in consistency throughout the cycle, and usually has little or no strong odor.",https://www.acog.org/womens-health/faqs/vaginitis,B
1895,Vaginal & Personal Hygiene,Vaginal Discharge (Normal and Abnormal),How does discharge change throughout the menstrual cycle?,"Discharge tends to be drier after the period, becomes clearer and stretchier near ovulation, and turns thicker and white later due to hormonal shifts.",https://www.mayoclinic.org/diseases-conditions/vaginitis/symptoms-causes/syc-20354707,B
1896,Vaginal & Personal Hygiene,Vaginal Discharge (Normal and Abnormal),When is vaginal discharge considered abnormal?,"Discharge is considered abnormal when it turns green, gray, or yellow, has a strong or foul odor, or is accompanied by itching, irritation, or an unusual texture; a doctor should be consulted.",https://www.mayoclinic.org/diseases-conditions/vaginitis/symptoms-causes/syc-20354707,B
1897,Vaginal & Personal Hygiene,Vaginal Discharge (Normal and Abnormal),Can changes in discharge indicate an infection?,"Yes, sudden changes in the color, consistency, amount, or odor of discharge can signal an infection such as a yeast infection or bacterial vaginosis.",https://www.mayoclinic.org/diseases-conditions/vaginitis/symptoms-causes/syc-20354707,B
1898,Vaginal & Personal Hygiene,Vaginal Discharge (Normal and Abnormal),Is an increase in discharge during pregnancy normal?,"Some increase in discharge during pregnancy is normal due to hormonal changes, but discharge with odor, itching, or an unusual color should still be checked by a doctor.",https://www.acog.org/womens-health/faqs/vaginitis,B
1899,Vaginal & Personal Hygiene,Vaginal Discharge (Normal and Abnormal),Does stress affect vaginal discharge?,"Stress can indirectly affect hormone levels and immune function, which can influence discharge patterns and increase susceptibility to infection.",https://www.ncbi.nlm.nih.gov/pmc/?term=vaginal+microbiome+hygiene,B
1900,Vaginal & Personal Hygiene,Vaginal Discharge (Normal and Abnormal),Does diet affect vaginal health?,"A balanced diet including probiotic-containing foods can support a healthy vaginal microbiome, while excess sugar may contribute to yeast overgrowth in some people.",https://www.ncbi.nlm.nih.gov/pmc/?term=vaginal+microbiome+hygiene,B
1901,Vaginal & Personal Hygiene,Vaginal Discharge (Normal and Abnormal),Does menopause affect vaginal health and hygiene needs?,"Yes, after menopause, declining estrogen can cause vaginal dryness and thinning tissue, which can change hygiene and comfort needs and increase infection risk.",https://www.ncbi.nlm.nih.gov/pmc/?term=vaginal+microbiome+hygiene,B
1902,Vaginal & Personal Hygiene,Vaginal Discharge (Normal and Abnormal),What color and texture does healthy vaginal discharge usually have?,"Healthy discharge is generally clear to milky white, without a strong odor, and its amount and texture change somewhat throughout the menstrual cycle.",https://www.ncbi.nlm.nih.gov/pmc/?term=vaginal+microbiome+hygiene,B
1903,Vaginal & Personal Hygiene,Vaginal Discharge (Normal and Abnormal),What color or odor of discharge should be shown to a doctor?,"Green, gray, or yellow discharge, a strong fishy odor, or bleeding outside of a period are all signs that should be discussed with a doctor.",https://www.mayoclinic.org/diseases-conditions/vaginitis/symptoms-causes/syc-20354707,B
1904,Vaginal & Personal Hygiene,Vaginal Discharge (Normal and Abnormal),Is an increase in the amount of discharge always a cause for concern?,"Not always; discharge can naturally increase during ovulation, pregnancy, or sexual arousal, but if it's accompanied by odor or itching, it's worth checking.",https://www.acog.org/womens-health/faqs/vaginitis,B
1905,Vaginal & Personal Hygiene,Vaginal Discharge (Normal and Abnormal),How does discharge change during ovulation?,"Near ovulation, discharge usually becomes more abundant, clear, and stretchy like egg white, which is a sign of fertility.",https://www.mayoclinic.org/symptoms/vaginal-discharge/basics/definition/sym-20050825,B
1906,Vaginal & Personal Hygiene,Vaginal Discharge (Normal and Abnormal),Is thick white discharge always a sign of infection?,"No, thick white discharge is common at the start and end of the cycle; it's a sign of infection only when accompanied by itching, odor, or irritation.",https://www.plannedparenthood.org/learn/health-and-wellness/vaginal-health,B
1907,Vaginal & Personal Hygiene,Vaginal Discharge (Normal and Abnormal),Should yellow or green discharge be shown to a doctor?,"Yes, yellow or green discharge, especially with odor or irritation, can be a sign of infection and should be evaluated by a doctor.",https://www.mayoclinic.org/symptoms/vaginal-discharge/basics/definition/sym-20050825,B
1908,Vaginal & Personal Hygiene,Vaginal Discharge (Normal and Abnormal),How does discharge change before a period?,"Discharge before a period can become thicker and somewhat yellowish, usually due to hormonal changes.",https://www.mayoclinic.org/symptoms/vaginal-discharge/basics/definition/sym-20050825,B
1909,Vaginal & Personal Hygiene,Vaginal Discharge (Normal and Abnormal),Does discharge increase during sexual arousal?,"Yes, discharge temporarily increases during sexual arousal due to increased blood flow, which is completely normal.",https://www.plannedparenthood.org/learn/health-and-wellness/vaginal-health,B
1910,Vaginal & Personal Hygiene,Vaginal Discharge (Normal and Abnormal),Do hormonal birth control pills affect discharge?,"Yes, hormonal birth control pills can change the amount and consistency of discharge, usually reducing it.",https://www.plannedparenthood.org/learn/health-and-wellness/vaginal-health,B
1911,Vaginal & Personal Hygiene,Vaginal Discharge (Normal and Abnormal),Is discharge common in newborn baby girls?,"Yes, due to the effect of the mother's hormones, mild white or reddish discharge is common in newborn girls for a few days and resolves on its own.",https://www.mayoclinic.org/symptoms/vaginal-discharge/basics/definition/sym-20050825,B
1912,Vaginal & Personal Hygiene,Vaginal Discharge (Normal and Abnormal),Is blood in discharge always a cause for concern?,"Light spotting near ovulation can be common, but regular or non-menstrual bleeding should be checked by a doctor.",https://www.mayoclinic.org/symptoms/vaginal-discharge/basics/definition/sym-20050825,B
1913,Vaginal & Personal Hygiene,Vaginal Discharge (Normal and Abnormal),Does discharge normally have a strong odor?,"No, healthy discharge has a mild, non-offensive odor; a strong or fishy odor can be a sign of a problem.",https://www.plannedparenthood.org/learn/health-and-wellness/vaginal-health,B
1914,Vaginal & Personal Hygiene,Vaginal Discharge (Normal and Abnormal),How much discharge is considered 'a lot'?,"The amount of discharge varies from woman to woman; a sudden and noticeable increase, especially with an odor or color change, warrants evaluation.",https://www.plannedparenthood.org/learn/health-and-wellness/vaginal-health,B
1915,Vaginal & Personal Hygiene,Vaginal Discharge (Normal and Abnormal),Does using a hormonal IUD change discharge?,"Yes, using a hormonal IUD can change the amount of discharge; for some it decreases.",https://www.plannedparenthood.org/learn/health-and-wellness/vaginal-health,B
1916,Vaginal & Personal Hygiene,Vaginal Discharge (Normal and Abnormal),Is curd-like or cottage-cheese-like discharge a sign of a yeast infection?,"Yes, thick, curd- or cottage-cheese-like discharge is typically a common symptom of a yeast infection.",https://www.mayoclinic.org/diseases-conditions/yeast-infection/symptoms-causes/syc-20378999,B
1917,Vaginal & Personal Hygiene,Vaginal Discharge (Normal and Abnormal),Should healthy discharge have no odor at all?,"It's normal for healthy discharge to have a mild, ordinary (musky) odor; it doesn't need to be completely odorless.",https://www.plannedparenthood.org/learn/health-and-wellness/vaginal-health,B
1918,Vaginal & Personal Hygiene,Vaginal Discharge (Normal and Abnormal),Does sexual activity affect the amount of discharge?,"Yes, sexual activity and arousal can temporarily increase the amount of discharge.",https://www.plannedparenthood.org/learn/health-and-wellness/vaginal-health,B
1919,Vaginal & Personal Hygiene,Vaginal Discharge (Normal and Abnormal),Does dehydration affect discharge?,Dehydration can cause a slight difference in the amount and consistency of discharge; overall proper hydration is important for general health.,https://www.plannedparenthood.org/learn/health-and-wellness/vaginal-health,B
1920,Vaginal & Personal Hygiene,Vaginal Discharge (Normal and Abnormal),Should a sudden change in discharge be reported to a doctor?,"Yes, a sudden and unusual change in the color, texture, amount, or odor of discharge should be reported to a doctor.",https://www.mayoclinic.org/symptoms/vaginal-discharge/basics/definition/sym-20050825,B
1921,Vaginal & Personal Hygiene,Vaginal Discharge (Normal and Abnormal),Is there a difference between spotting and discharge?,"Yes, spotting is light bleeding separate from a period, while discharge is a normal fluid the vagina produces to keep itself clean.",https://www.mayoclinic.org/symptoms/vaginal-discharge/basics/definition/sym-20050825,B
1922,Vaginal & Personal Hygiene,Vaginal Discharge (Normal and Abnormal),Can using products that cause allergies affect discharge?,"Yes, using scented soaps or douches can cause irritation and an unusual change in discharge.",https://www.plannedparenthood.org/learn/health-and-wellness/vaginal-health,B
1923,Vaginal & Personal Hygiene,Vaginal Discharge (Normal and Abnormal),What does discharge look like in the early weeks of pregnancy?,"Discharge in early pregnancy is usually white, light, and odorless, and can increase as the pregnancy progresses.",https://www.mayoclinic.org/symptoms/vaginal-discharge/basics/definition/sym-20050825,B
1924,Vaginal & Personal Hygiene,Vaginal Discharge (Normal and Abnormal),Is the texture of discharge the same for every woman?,"No, the texture and amount of discharge vary from woman to woman and across different phases of the cycle.",https://www.plannedparenthood.org/learn/health-and-wellness/vaginal-health,B
1925,Vaginal & Personal Hygiene,Vaginal Discharge (Normal and Abnormal),Does losing or gaining weight affect discharge?,"A large change in weight can affect hormonal balance, which can also cause a difference in the amount of discharge.",https://www.plannedparenthood.org/learn/health-and-wellness/vaginal-health,B
1926,Vaginal & Personal Hygiene,Vaginal Discharge (Normal and Abnormal),Does discharge along with itching need urgent medical attention?,"Yes, discharge accompanied by itching, swelling, or irritation should be evaluated by a doctor.",https://www.mayoclinic.org/diseases-conditions/yeast-infection/symptoms-causes/syc-20378999,B
1927,Vaginal & Personal Hygiene,Vaginal Discharge (Normal and Abnormal),Is a small amount of daily discharge from a healthy vagina normal?,"Yes, a small amount of clear or white discharge daily is part of the vagina's natural self-cleaning process and is a sign of health.",https://www.plannedparenthood.org/learn/health-and-wellness/vaginal-health,B
1928,Vaginal & Personal Hygiene,Vaginal Discharge (Normal and Abnormal),Can discharge change after taking antibiotics?,"Yes, antibiotics can also reduce beneficial bacteria, which can cause a yeast infection and a change in discharge.",https://www.mayoclinic.org/diseases-conditions/yeast-infection/symptoms-causes/syc-20378999,B
1929,Vaginal & Personal Hygiene,Vaginal Discharge (Normal and Abnormal),Does discharge start before the first period in adolescence?,"Yes, it's common for mild white discharge to begin 6 months to a year before the first period, as a sign that puberty is starting.",https://www.mayoclinic.org/symptoms/vaginal-discharge/basics/definition/sym-20050825,B
1930,Vaginal & Personal Hygiene,Urinary Tract Infections,What causes a urinary tract infection?,"A urinary tract infection is usually caused by bacteria, commonly E. coli, entering the urinary tract through the urethra, often linked to sexual activity or improper wiping technique.",https://www.mayoclinic.org/diseases-conditions/urinary-tract-infection/symptoms-causes/syc-20353447,B
1931,Vaginal & Personal Hygiene,Urinary Tract Infections,What are the common symptoms of a urinary tract infection?,"Common symptoms include a burning sensation while urinating, a frequent urge to urinate, cloudy or strong-smelling urine, and lower abdominal discomfort.",https://www.mayoclinic.org/diseases-conditions/urinary-tract-infection/symptoms-causes/syc-20353447,B
1932,Vaginal & Personal Hygiene,Urinary Tract Infections,Why are women more prone to urinary tract infections than men?,"Women have a shorter urethra than men, which allows bacteria easier access to the bladder, making UTIs more common in women.",https://www.who.int/news-room/fact-sheets/detail/urinary-tract-infections,B
1933,Vaginal & Personal Hygiene,Urinary Tract Infections,Does drinking more water help prevent urinary tract infections?,"Yes, staying well hydrated helps flush bacteria out of the urinary tract, which can reduce the risk of a UTI.",https://www.cdc.gov/antibiotic-use/uti.html,B
1934,Vaginal & Personal Hygiene,Urinary Tract Infections,Does urinating after intercourse help prevent urinary tract infections?,"Yes, urinating shortly after intercourse can help flush out bacteria that may have entered the urethra during intercourse.",https://www.mayoclinic.org/diseases-conditions/urinary-tract-infection/symptoms-causes/syc-20353447,B
1935,Vaginal & Personal Hygiene,Urinary Tract Infections,Can a urinary tract infection go away without antibiotics?,"Some mild UTIs can resolve on their own, but most need antibiotics to fully clear the infection and prevent it from spreading to the kidneys.",https://www.cdc.gov/antibiotic-use/uti.html,B
1936,Vaginal & Personal Hygiene,Urinary Tract Infections,Are urinary tract infections contagious?,"No, urinary tract infections are not sexually transmitted infections in the traditional sense and do not spread from person to person like an STI.",https://www.who.int/news-room/fact-sheets/detail/urinary-tract-infections,B
1937,Vaginal & Personal Hygiene,Urinary Tract Infections,Should a sexual partner be treated if a person has BV?,"Bacterial vaginosis is generally not treated in male partners since it is not classified as an STI, though recurring BV should be discussed with a doctor.",https://www.cdc.gov/std/bv/default.htm,B
1938,Vaginal & Personal Hygiene,Urinary Tract Infections,What are the common symptoms of a urinary tract infection?,"Burning while urinating, a frequent urge to urinate, foul-smelling or cloudy urine, and lower abdominal pain are common symptoms of a UTI.",https://www.cdc.gov/antibiotic-use/uti.html,B
1939,Vaginal & Personal Hygiene,Urinary Tract Infections,How much water should be drunk to prevent a urinary tract infection?,"About 6-8 glasses of water daily is recommended, since drinking enough water helps flush bacteria from the urinary tract and reduces UTI risk.",https://www.who.int/news-room/fact-sheets/detail/urinary-tract-infections,B
1940,Vaginal & Personal Hygiene,Urinary Tract Infections,Can an untreated urinary tract infection be dangerous?,"Yes, if a UTI is left untreated it can spread to the kidneys and cause a more serious infection, so timely treatment is important.",https://www.mayoclinic.org/diseases-conditions/urinary-tract-infection/symptoms-causes/syc-20353447,B
1941,Vaginal & Personal Hygiene,Urinary Tract Infections,Do men and women have an equal risk of urinary tract infections?,"No, because women have a shorter urethra, bacteria can reach the bladder more easily, so women have a higher risk of UTIs than men.",https://www.cdc.gov/antibiotic-use/uti.html,B
1942,Vaginal & Personal Hygiene,Urinary Tract Infections,Is cranberry juice helpful in preventing urinary tract infections?,"Some research suggests cranberry juice may reduce the risk of recurrent UTIs in some people, but it is not a substitute for treatment, and a doctor should be consulted when needed.",https://www.ncbi.nlm.nih.gov/pmc/?term=vaginal+microbiome+hygiene,B
1943,Vaginal & Personal Hygiene,Urinary Tract Infections,Can UTI symptoms include fever?,"Yes, if a UTI spreads to the kidneys, symptoms like fever, chills, and back pain can appear, requiring prompt treatment.",https://www.mayoclinic.org/diseases-conditions/urinary-tract-infection/symptoms-causes/syc-20353447,B
1944,Vaginal & Personal Hygiene,Urinary Tract Infections,Can a UTI spread to the kidneys?,"Yes, an untreated UTI can spread from the bladder to the kidneys, which is a serious condition requiring prompt medical treatment.",https://www.mayoclinic.org/diseases-conditions/urinary-tract-infection/symptoms-causes/syc-20353447,B
1945,Vaginal & Personal Hygiene,Urinary Tract Infections,Does the risk of a UTI increase during pregnancy?,"Yes, hormonal and physical changes during pregnancy increase the risk of urinary tract infection, so regular checkups are important.",https://www.mayoclinic.org/diseases-conditions/urinary-tract-infection/symptoms-causes/syc-20353447,B
1946,Vaginal & Personal Hygiene,Urinary Tract Infections,Is a urine test enough to diagnose a UTI?,"A urine test is generally enough to diagnose a UTI, but recurrent cases may require additional testing.",https://www.nhs.uk/conditions/urinary-tract-infections-utis/,B
1947,Vaginal & Personal Hygiene,Urinary Tract Infections,Does the risk of UTI increase after menopause?,"Yes, declining estrogen after menopause weakens the protective lining of the urinary tract, increasing UTI risk.",https://www.mayoclinic.org/diseases-conditions/urinary-tract-infection/symptoms-causes/syc-20353447,B
1948,Vaginal & Personal Hygiene,Urinary Tract Infections,Does using a diaphragm or spermicide increase UTI risk?,"Yes, using a diaphragm or spermicide can change the vagina's bacterial balance, increasing UTI risk.",https://www.mayoclinic.org/diseases-conditions/urinary-tract-infection/symptoms-causes/syc-20353447,B
1949,Vaginal & Personal Hygiene,Urinary Tract Infections,Is it harmful to hold in the urge to urinate?,"Yes, not urinating when needed can allow bacteria to multiply in the bladder, increasing UTI risk.",https://www.nhs.uk/conditions/urinary-tract-infections-utis/,B
1950,Vaginal & Personal Hygiene,Urinary Tract Infections,What antibiotics are typically given to treat a UTI?,Doctors typically prescribe a short course of antibiotics; the specific medication and duration depend on the severity and type of infection.,https://www.nhs.uk/conditions/urinary-tract-infections-utis/,B
1951,Vaginal & Personal Hygiene,Urinary Tract Infections,Do UTI symptoms go away on their own?,"A few very mild UTIs may resolve on their own, but leaving one untreated can allow the infection to worsen, so a doctor's advice is important.",https://www.mayoclinic.org/diseases-conditions/urinary-tract-infection/symptoms-causes/syc-20353447,B
1952,Vaginal & Personal Hygiene,Urinary Tract Infections,Does recurring UTI need further investigation?,"Yes, having a UTI three or more times a year warrants further testing and specialist consultation to find the underlying cause.",https://www.mayoclinic.org/diseases-conditions/urinary-tract-infection/symptoms-causes/syc-20353447,B
1953,Vaginal & Personal Hygiene,Urinary Tract Infections,Does fully emptying the bladder help prevent a UTI?,"Yes, fully emptying the bladder each time reduces the chance for bacteria to grow.",https://www.nhs.uk/conditions/urinary-tract-infections-utis/,B
1954,Vaginal & Personal Hygiene,Urinary Tract Infections,Can cycling or horseback riding increase UTI risk?,"Prolonged pressure and friction from these activities can increase irritation and UTI risk in some women, especially if hygiene isn't well maintained.",https://www.nhs.uk/conditions/urinary-tract-infections-utis/,B
1955,Vaginal & Personal Hygiene,Urinary Tract Infections,Is it necessary to complete the full course of UTI treatment?,"Yes, the full course of medication should be completed even after symptoms improve, so the infection is fully cleared and doesn't return.",https://www.nhs.uk/conditions/urinary-tract-infections-utis/,B
1956,Vaginal & Personal Hygiene,Urinary Tract Infections,Is a foul smell from urine common with a UTI?,"Yes, a strong or unusual odor from urine during a UTI is one of the common symptoms.",https://www.mayoclinic.org/diseases-conditions/urinary-tract-infection/symptoms-causes/syc-20353447,B
1957,Vaginal & Personal Hygiene,Urinary Tract Infections,Can caffeine or spicy food worsen UTI symptoms?,"Yes, caffeine, spicy food, and alcohol can irritate the bladder and worsen symptoms, so avoid them during treatment.",https://www.nhs.uk/conditions/urinary-tract-infections-utis/,B
1958,Vaginal & Personal Hygiene,Urinary Tract Infections,What specific symptoms of a UTI occur in young children?,"In young children, fever, fussiness, and refusing to eat can be signs of a UTI, requiring prompt medical evaluation.",https://www.mayoclinic.org/diseases-conditions/urinary-tract-infection/symptoms-causes/syc-20353447,B
1959,Vaginal & Personal Hygiene,Urinary Tract Infections,Can an untreated UTI affect a pregnancy?,"Yes, an untreated UTI during pregnancy can increase the risk of preterm birth or other complications.",https://www.mayoclinic.org/diseases-conditions/urinary-tract-infection/symptoms-causes/syc-20353447,B
1960,Vaginal & Personal Hygiene,Urinary Tract Infections,Is UTI common in women with diabetes?,"Yes, in women with diabetes higher sugar levels in urine create a favorable environment for bacterial growth, increasing UTI risk.",https://www.mayoclinic.org/diseases-conditions/urinary-tract-infection/symptoms-causes/syc-20353447,B
1961,Vaginal & Personal Hygiene,Urinary Tract Infections,Does using talcum powder near the vagina increase UTI risk?,"Scented powder or spray can cause irritation and encourage bacterial growth, so it's best to avoid them.",https://www.nhs.uk/conditions/urinary-tract-infections-utis/,B
1962,Vaginal & Personal Hygiene,Urinary Tract Infections,Do UTI and yeast infection share similar symptoms?,"Some symptoms (burning) can be similar, but a UTI prominently involves pain during urination, while a yeast infection involves itching and thick discharge.",https://www.mayoclinic.org/diseases-conditions/urinary-tract-infection/symptoms-causes/syc-20353447,B
1963,Vaginal & Personal Hygiene,Urinary Tract Infections,Is blood in the urine a serious sign of a UTI?,"Yes, blood in the urine is a serious sign of a UTI and should be seen by a doctor right away.",https://www.mayoclinic.org/diseases-conditions/urinary-tract-infection/symptoms-causes/syc-20353447,B
1964,Vaginal & Personal Hygiene,Urinary Tract Infections,Are older women at higher risk of UTI?,"Yes, with age, declining estrogen and changes in bladder function increase the risk of UTI.",https://www.mayoclinic.org/diseases-conditions/urinary-tract-infection/symptoms-causes/syc-20353447,B
1965,Vaginal & Personal Hygiene,Myths and Taboos Around Menstrual Health,Myth: The vagina needs regular internal cleaning to stay healthy. Is this true?,"This is a myth; the vagina cleans itself naturally, and internal washing or douching can actually do more harm than good.",https://www.plannedparenthood.org/learn/health-and-wellness/vaginal-health,B
1966,Vaginal & Personal Hygiene,Myths and Taboos Around Menstrual Health,Myth: Any vaginal odor means there's an infection. Is this true?,"This is false; a mild natural odor is normal, and only a strong, foul, or fishy odor usually indicates a problem.",https://www.acog.org/womens-health/faqs/vaginitis,B
1967,Vaginal & Personal Hygiene,Myths and Taboos Around Menstrual Health,Myth: Yeast infections are always sexually transmitted. Is this true?,This is a myth; yeast infections are usually caused by overgrowth of a naturally occurring fungus and are not classified as an STI.,https://www.mayoclinic.org/diseases-conditions/yeast-infection/symptoms-causes/syc-20378999,B
1968,Vaginal & Personal Hygiene,Myths and Taboos Around Menstrual Health,Myth: Wearing a pad or tampon between periods for cleanliness is helpful. Is this true?,"This is incorrect and unnecessary; there's no hygiene need to use period products outside of menstruation, and doing so can trap moisture.",https://www.nhs.uk/live-well/sexual-health/,B
1969,Vaginal & Personal Hygiene,Myths and Taboos Around Menstrual Health,Myth: Only sexually active people get urinary tract infections. Is this true?,"This is a myth; while sexual activity is a risk factor, UTIs can occur in anyone, including children and people who are not sexually active.",https://www.mayoclinic.org/diseases-conditions/urinary-tract-infection/symptoms-causes/syc-20353447,B
1970,Vaginal & Personal Hygiene,Myths and Taboos Around Menstrual Health,Is vaginal itching always a sign of infection?,"Not always; it can also be caused by irritation from products, allergies, or skin conditions unrelated to infection.",https://www.mayoclinic.org/diseases-conditions/vaginitis/symptoms-causes/syc-20354707,B
1971,Vaginal & Personal Hygiene,Myths and Taboos Around Menstrual Health,Is douching necessary to keep the vagina clean inside?,"No, this is a common misconception; douching disrupts the vagina's natural bacteria and pH balance and can increase, rather than decrease, infection risk.",https://www.acog.org/womens-health/faqs/vaginitis,B
1972,Vaginal & Personal Hygiene,Myths and Taboos Around Menstrual Health,Is the hymen always proof that someone hasn't had intercourse?,"No, the hymen can also tear or stretch from non-sexual activities like exercise, cycling, or tampon use, so it is not considered reliable evidence.",https://www.plannedparenthood.org/learn/health-and-wellness/vaginal-health,B
1973,Vaginal & Personal Hygiene,Myths and Taboos Around Menstrual Health,Should the vagina always be kept fragrant?,"This is a myth; having a natural vaginal odor is normal, and trying to mask it with scented products can cause irritation or infection.",https://www.ncbi.nlm.nih.gov/pmc/?term=vaginal+microbiome+hygiene,B
1974,Vaginal & Personal Hygiene,Myths and Taboos Around Menstrual Health,Is frequent urination always a sign of illness?,"Not always; drinking a lot of water or caffeine can also cause frequent urination, but if it's accompanied by burning or pain, it can be a sign of infection and should be checked.",https://www.cdc.gov/antibiotic-use/uti.html,B
1975,Vaginal & Personal Hygiene,Myths and Taboos Around Menstrual Health,Myth: Washing your hair during menstruation is harmful. Is this true?,"No, this is a myth; there is no medical harm in washing your hair or bathing during menstruation.",https://www.nhs.uk/live-well/sexual-health/,B
1976,Vaginal & Personal Hygiene,Myths and Taboos Around Menstrual Health,Myth: Not going to a place of worship during menstruation is medically necessary. Is this true?,"This is a cultural or religious practice; medically, menstrual blood is not dirty or dangerous.",https://www.nhs.uk/live-well/sexual-health/,B
1977,Vaginal & Personal Hygiene,Myths and Taboos Around Menstrual Health,Myth: Using a tampon once ends virginity. Is this true?,"No, using a tampon doesn't end virginity; the hymen is a flexible membrane that can change in various ways and is not proof of virginity.",https://www.plannedparenthood.org/learn/health-and-wellness/vaginal-health,B
1978,Vaginal & Personal Hygiene,Myths and Taboos Around Menstrual Health,Myth: Menstrual blood is dirty or toxic. Is this true?,"No, menstrual blood is a natural part of the uterine lining and is not toxic; it's simply a normal biological process.",https://www.nhs.uk/live-well/sexual-health/,B
1979,Vaginal & Personal Hygiene,Myths and Taboos Around Menstrual Health,Myth: Pickled food spoils if a menstruating woman touches it. Is this true?,"No, this is a cultural belief with no scientific basis; menstruation has no connection to food spoiling.",https://www.nhs.uk/live-well/sexual-health/,B
1980,Vaginal & Personal Hygiene,Myths and Taboos Around Menstrual Health,Myth: Special exercises are needed to keep the vagina 'tight'. Is this true?,"Pelvic floor exercises (like Kegels) can be helpful for general health, but special products or exercises for 'tightness' aren't necessary and can even harm tissue.",https://www.plannedparenthood.org/learn/health-and-wellness/vaginal-health,B
1981,Vaginal & Personal Hygiene,Myths and Taboos Around Menstrual Health,Myth: Every menstrual cycle should be 28 days. Is this true?,"No, a healthy menstrual cycle can range from 21 to 35 days and varies from woman to woman.",https://www.mayoclinic.org/diseases-conditions/yeast-infection/symptoms-causes/syc-20378999,B
1982,Vaginal & Personal Hygiene,Myths and Taboos Around Menstrual Health,Myth: Drinking cold water during menstruation is harmful. Is this true?,"No, drinking cold water has no medical harm during menstruation; drinking an adequate amount of water is important for health.",https://www.nhs.uk/live-well/sexual-health/,B
1983,Vaginal & Personal Hygiene,Myths and Taboos Around Menstrual Health,Myth: Women shouldn't exercise during menstruation. Is this true?,"No, exercise is generally safe and can even reduce menstrual cramps for some women.",https://www.nhs.uk/live-well/sexual-health/,B
1984,Vaginal & Personal Hygiene,Myths and Taboos Around Menstrual Health,Myth: Infections are always due to poor hygiene. Is this true?,"No, bacterial vaginosis and yeast infections can also occur due to hormonal changes, antibiotics, or other causes, not just a lack of hygiene.",https://www.mayoclinic.org/diseases-conditions/yeast-infection/symptoms-causes/syc-20378999,B
1985,Vaginal & Personal Hygiene,Myths and Taboos Around Menstrual Health,Myth: Special products should be used to keep the vagina 'tight'. Is this true?,"No, this is a myth; such products are not medically necessary and often can cause irritation or infection.",https://www.plannedparenthood.org/learn/health-and-wellness/vaginal-health,B
1986,Vaginal & Personal Hygiene,Myths and Taboos Around Menstrual Health,Myth: The vagina is permanently loosened after childbirth. Is this true?,"No, pelvic floor exercises and time usually allow the vaginal muscles to return to their prior state.",https://www.plannedparenthood.org/learn/health-and-wellness/vaginal-health,B
1987,Vaginal & Personal Hygiene,Myths and Taboos Around Menstrual Health,Myth: Cutting your hair during menstruation is harmful. Is this true?,"No, cutting your hair during menstruation has no medical effect; it's purely a cultural belief.",https://www.nhs.uk/live-well/sexual-health/,B
1988,Vaginal & Personal Hygiene,Myths and Taboos Around Menstrual Health,Myth: Using a tampon can cause it to get lost inside the body. Is this true?,"No, the cervix blocks the passage, so a tampon cannot get 'lost' inside the uterus or body.",https://www.plannedparenthood.org/learn/health-and-wellness/vaginal-health,B
1989,Vaginal & Personal Hygiene,Myths and Taboos Around Menstrual Health,Myth: Menstruation is an illness. Is this true?,"No, menstruation is a natural biological process and part of a healthy reproductive system, not an illness.",https://www.nhs.uk/live-well/sexual-health/,B
1990,Vaginal & Personal Hygiene,Myths and Taboos Around Menstrual Health,Myth: Women expel toxins through the vagina during menstruation. Is this true?,"No, menstruation is the natural shedding of the uterine lining, not the elimination of toxins.",https://www.nhs.uk/live-well/sexual-health/,B
1991,Vaginal & Personal Hygiene,Myths and Taboos Around Menstrual Health,Myth: Every woman's vaginal odor and color should be the same. Is this true?,"No, every woman's vaginal odor and discharge texture is different, and this natural variation is normal.",https://www.plannedparenthood.org/learn/health-and-wellness/vaginal-health,B
1992,Vaginal & Personal Hygiene,Myths and Taboos Around Menstrual Health,Myth: A woman can't feel sexual pleasure after childbirth. Is this true?,"No, many women enjoy a normal sex life after physical recovery from childbirth, though some may notice changes early on.",https://www.plannedparenthood.org/learn/health-and-wellness/vaginal-health,B
1993,Vaginal & Personal Hygiene,Myths and Taboos Around Menstrual Health,Myth: The need for hygiene ends after menopause. Is this true?,"No, basic hygiene and attention to dryness remain important even after menopause.",https://www.plannedparenthood.org/learn/health-and-wellness/vaginal-health,B
1994,Vaginal & Personal Hygiene,Myths and Taboos Around Menstrual Health,Myth: Frequent urination is always due to drinking a lot of water. Is this true?,"No, frequent urination can also be a sign of a UTI, diabetes, or other conditions, not just a result of water intake.",https://www.nhs.uk/conditions/urinary-tract-infections-utis/,B
1995,Vaginal & Personal Hygiene,Myths and Taboos Around Menstrual Health,Myth: Only married women can get vaginal infections. Is this true?,"No, a vaginal infection can happen to a woman of any age or status; it doesn't depend on marital or sexual status.",https://www.plannedparenthood.org/learn/health-and-wellness/vaginal-health,B
1996,Vaginal & Personal Hygiene,Myths and Taboos Around Menstrual Health,Myth: Sleeping without underwear is harmful. Is this true?,"No, some experts actually consider sleeping without underwear at night beneficial for keeping the area airy.",https://www.plannedparenthood.org/learn/health-and-wellness/vaginal-health,B
1997,Vaginal & Personal Hygiene,Myths and Taboos Around Menstrual Health,Myth: Yeast infections only happen in hot weather. Is this true?,"No, yeast infections can occur in any season, though heat and moisture can increase the risk.",https://www.mayoclinic.org/diseases-conditions/yeast-infection/symptoms-causes/syc-20378999,B
1998,Vaginal & Personal Hygiene,Myths and Taboos Around Menstrual Health,Myth: Any odor is a sign of poor hygiene. Is this true?,"No, a mild natural vaginal odor is normal and doesn't mean poor hygiene.",https://www.plannedparenthood.org/learn/health-and-wellness/vaginal-health,B
1999,Vaginal & Personal Hygiene,Myths and Taboos Around Menstrual Health,Myth: Bathing during menstruation is harmful. Is this true?,"No, bathing during menstruation is not only safe but can also help maintain cleanliness and reduce cramps.",https://www.nhs.uk/live-well/sexual-health/,B
2000,Menstrual Health & Periods,Cycle Basics & What's Normal,Which day counts as day 1 of the menstrual cycle?,Day 1 of the menstrual cycle is the day bleeding starts. Cycle length is counted from that day until the first day of the next period.,NHS - https://www.nhs.uk/conditions/periods/,B
